ISO-10303-21;
HEADER;
FILE_DESCRIPTION (( 'STEP AP203' ),
    '1' );
FILE_NAME ('20533-E0W.STEP',
    '2016-09-30T18:02:21',
    ( 'admin' ),
    ( '' ),
    'SwSTEP 2.0',
    'SolidWorks 2016',
    '' );
FILE_SCHEMA (( 'CONFIG_CONTROL_DESIGN' ));
ENDSEC;

DATA;
#1 = ORIENTED_EDGE ( 'NONE', *, *, #1821, .T. ) ;
#2 = ORIENTED_EDGE ( 'NONE', *, *, #1807, .F. ) ;
#3 = CARTESIAN_POINT ( 'NONE',  ( -0.1229920475294871400, 0.4846369324636293200, -0.06065881984280668800 ) ) ;
#4 = CARTESIAN_POINT ( 'NONE',  ( -0.08898990294713565700, 0.4920189273013813600, -0.03675624900541268900 ) ) ;
#5 = CARTESIAN_POINT ( 'NONE',  ( -0.1154430767749389100, 0.4864903864303459200, -0.06937274013235723800 ) ) ;
#6 = CARTESIAN_POINT ( 'NONE',  ( -0.1519262422993161700, 0.4763602148711585900, -0.03885258816378860800 ) ) ;
#7 = CARTESIAN_POINT ( 'NONE',  ( 0.09348173310734467200, 0.4911834370539630600, -0.05386014328766750000 ) ) ;
#8 = B_SPLINE_CURVE_WITH_KNOTS ( 'NONE', 3,
 ( #1633, #2859, #453, #2129, #684, #2362, #917, #2619, #1172, #2869, #1418, #3107, #1643, #231, #1892, #463, #2135 ),
 .UNSPECIFIED., .F., .F.,
 ( 4, 1, 2, 2, 2, 2, 2, 2, 4 ),
 ( 0.0000000000000000000, 0.1249999999999985800, 0.1874999999999967200, 0.2499999999999948400, 0.4999999999999940000, 0.7499999999999931200, 0.8124999999999957800, 0.8749999999999984500, 1.000000000000000000 ),
 .UNSPECIFIED. ) ;
#9 = AXIS2_PLACEMENT_3D ( 'NONE', #2853, #1401, #3086 ) ;
#10 = CARTESIAN_POINT ( 'NONE',  ( 0.1379510336321121400, 0.4805929193863750500, -0.05004390604201934500 ) ) ;
#11 = ADVANCED_FACE ( 'NONE', ( #1400 ), #1321, .T. ) ;
#12 = CARTESIAN_POINT ( 'NONE',  ( -0.1258164638915398300, 0.4839113788641520900, -0.04567307936163453300 ) ) ;
#13 = CARTESIAN_POINT ( 'NONE',  ( 0.2318292581638389200, 0.4430759297421500400, -0.07444997671605758900 ) ) ;
#14 = CARTESIAN_POINT ( 'NONE',  ( -0.1126008288312614100, 0.4871560926082734700, -0.08432395197309129600 ) ) ;
#15 = CARTESIAN_POINT ( 'NONE',  ( -0.07841510084475995800, 0.4938127903968326200, -0.06500967538353184800 ) ) ;
#16 = CARTESIAN_POINT ( 'NONE',  ( -0.1585389233420541300, 0.4741997583698143200, -0.05416450065732174300 ) ) ;
#17 = CARTESIAN_POINT ( 'NONE',  ( 0.09933334715717079300, 0.4900339613538266500, -0.06593133292327499300 ) ) ;
#18 = CARTESIAN_POINT ( 'NONE',  ( 0.1386999869812379200, 0.4803773780214311600, -0.08255258463493125900 ) ) ;
#19 = FACE_OUTER_BOUND ( 'NONE', #1215, .T. ) ;
#20 = CARTESIAN_POINT ( 'NONE',  ( -0.08589307218170634500, 0.4925671327336768000, -0.06647258532299804600 ) ) ;
#21 = CARTESIAN_POINT ( 'NONE',  ( -0.1411497147234121200, 0.4796631714375196900, -0.08807808089534287200 ) ) ;
#22 = VECTOR ( 'NONE', #2314, 39.37007874015748100 ) ;
#23 = CARTESIAN_POINT ( 'NONE',  ( -0.09934666454256840800, 0.4900311699333685400, -0.08781765501454338900 ) ) ;
#24 = CARTESIAN_POINT ( 'NONE',  ( -0.1393385286035138400, 0.4801928302653170100, -0.03514003561619745400 ) ) ;
#25 = CARTESIAN_POINT ( 'NONE',  ( -0.05159306170599363400, 0.4973310325968022200, -0.09489213298498552800 ) ) ;
#26 = ORIENTED_EDGE ( 'NONE', *, *, #1764, .T. ) ;
#27 = CARTESIAN_POINT ( 'NONE',  ( -0.09990619748419464500, 0.4899171300044550800, -0.09471158870418568100 ) ) ;
#28 = CARTESIAN_POINT ( 'NONE',  ( -0.2311580720914048200, 0.4434264653408178700, -0.07444997671605758900 ) ) ;
#29 = DIRECTION ( 'NONE',  ( 0.0000000000000000000, 1.000000000000000000, 0.0000000000000000000 ) ) ;
#30 = CARTESIAN_POINT ( 'NONE',  ( 0.0000000000000000000, 7.771911190400282700E-016, -6.385826771653542600 ) ) ;
#31 = EDGE_CURVE ( 'NONE', #1125, #1694, #1970, .T. ) ;
#32 = EDGE_CURVE ( 'NONE', #2295, #2347, #523, .T. ) ;
#33 = CARTESIAN_POINT ( 'NONE',  ( -0.1503828346895339200, 0.4768490541195030100, -0.08042477544288317800 ) ) ;
#34 = ORIENTED_EDGE ( 'NONE', *, *, #1670, .T. ) ;
#35 = ORIENTED_EDGE ( 'NONE', *, *, #2396, .T. ) ;
#36 = ORIENTED_EDGE ( 'NONE', *, *, #725, .T. ) ;
#37 = B_SPLINE_CURVE_WITH_KNOTS ( 'NONE', 3,
 ( #1475, #57, #293, #1962, #524, #2197, #760, #2441, #995, #2703, #1249, #2937, #1485, #67, #1728, #302 ),
 .UNSPECIFIED., .F., .F.,
 ( 4, 1, 2, 2, 2, 1, 2, 2, 4 ),
 ( 0.0000000000000000000, 0.1250000000000032500, 0.1875000000000039100, 0.2500000000000046100, 0.5000000000000055500, 0.6250000000000064400, 0.6875000000000061100, 0.7500000000000056600, 1.000000000000000000 ),
 .UNSPECIFIED. ) ;
#38 = CARTESIAN_POINT ( 'NONE',  ( -0.1307953993562390200, 0.4825894991748417900, -0.07558590134516325600 ) ) ;
#39 = CARTESIAN_POINT ( 'NONE',  ( -0.08716853386920972400, 0.4923430571659846400, -0.05112308856536106800 ) ) ;
#40 = CARTESIAN_POINT ( 'NONE',  ( 0.07272924519909143600, 0.4946829013082289000, -0.06329969223825483700 ) ) ;
#41 = CARTESIAN_POINT ( 'NONE',  ( 0.0000000000000000000, 0.0000000000000000000, -0.03937007874015751400 ) ) ;
#42 = B_SPLINE_CURVE_WITH_KNOTS ( 'NONE', 3,
 ( #1867, #1879, #2127, #682, #2359, #915, #2618, #1165, #2866, #1415, #3105, #1639, #229, #1889, #460, #2131, #692, #2368, #924, #2622, #1179, #2875, #1422, #4, #1652, #237, #1900, #468, #2145, #700, #2383, #934, #2633 ),
 .UNSPECIFIED., .F., .F.,
 ( 4, 1, 1, 2, 2, 1, 2, 2, 1, 1, 1, 2, 2, 2, 2, 2, 1, 2, 2, 4 ),
 ( 0.0000000000000000000, 0.06249999999999722400, 0.09374999999999580900, 0.1093749999999951300, 0.1249999999999944500, 0.1874999999999918400, 0.2187499999999908100, 0.2499999999999897900, 0.3749999999999855700, 0.4374999999999836200, 0.4687499999999831200, 0.4843749999999831200, 0.4999999999999831200, 0.6249999999999860100, 0.7499999999999889000, 0.8749999999999917800, 0.9062499999999933400, 0.9218749999999943400, 0.9374999999999953400, 1.000000000000000000 ),
 .UNSPECIFIED. ) ;
#43 = CARTESIAN_POINT ( 'NONE',  ( -0.03479155604459306700, 0.4987881334084332000, -0.08434291820652903300 ) ) ;
#44 = ADVANCED_BREP_SHAPE_REPRESENTATION ( '20533-E0W', ( #1411, #211, #212 ), #2685 ) ;
#45 = CARTESIAN_POINT ( 'NONE',  ( -0.1520072025094221200, 0.4763337174557975000, -0.06498601548044281900 ) ) ;
#46 = EDGE_LOOP ( 'NONE', ( #1893, #3074, #2242, #625 ) ) ;
#47 = CARTESIAN_POINT ( 'NONE',  ( -0.2107518793877470300, 0.4534133366969914600, -0.04933055151173106100 ) ) ;
#48 = CARTESIAN_POINT ( 'NONE',  ( -0.05125181227117068400, 0.4973663154445832600, -0.03507989797590010900 ) ) ;
#49 = EDGE_CURVE ( 'NONE', #1370, #499, #1961, .T. ) ;
#50 = CARTESIAN_POINT ( 'NONE',  ( -0.1358201121176297300, 0.4811996938809851000, -0.08627101136354578500 ) ) ;
#51 = CARTESIAN_POINT ( 'NONE',  ( -0.08588330552205757100, 0.4925688356286915300, -0.06498601548044281900 ) ) ;
#52 = CARTESIAN_POINT ( 'NONE',  ( 0.1950747872933190400, 0.4604420830247089000, -0.07444997671605757500 ) ) ;
#53 = CARTESIAN_POINT ( 'NONE',  ( -0.5000000000000000000, 6.123233995736766000E-017, -0.03937007874015751400 ) ) ;
#54 = CARTESIAN_POINT ( 'NONE',  ( -0.1518179471445170700, 0.4763940716109563700, -0.05864407278324266400 ) ) ;
#55 = CARTESIAN_POINT ( 'NONE',  ( 0.1049321676024102500, 0.4888657442415911300, -0.06111381390636147500 ) ) ;
#56 = FACE_OUTER_BOUND ( 'NONE', #3099, .T. ) ;
#57 = CARTESIAN_POINT ( 'NONE',  ( -0.06083796411298727400, 0.4962857650050033800, -0.06203112746539520000 ) ) ;
#58 = FACE_OUTER_BOUND ( 'NONE', #1478, .T. ) ;
#59 = CARTESIAN_POINT ( 'NONE',  ( 0.1216628107360845200, 0.4849742800336704400, -0.03754912946159601200 ) ) ;
#60 = CARTESIAN_POINT ( 'NONE',  ( -0.05148715930079015400, 0.4973420075030210400, -0.04189395006554275100 ) ) ;
#61 = CARTESIAN_POINT ( 'NONE',  ( -0.08647104325976849600, 0.4924660596266001200, -0.07558590134531496800 ) ) ;
#62 = CARTESIAN_POINT ( 'NONE',  ( -0.04941571567962769300, 0.4975520948040216800, -0.05939044839988556800 ) ) ;
#63 = CIRCLE ( 'NONE', #2100, 0.5000000000000000000 ) ;
#64 = CARTESIAN_POINT ( 'NONE',  ( 0.1705410522156311200, 0.4700175450656372000, -0.03682760002380453000 ) ) ;
#65 = CARTESIAN_POINT ( 'NONE',  ( -0.1499171278091288300, 0.4769957034677107000, -0.04826524746861785700 ) ) ;
#66 = VERTEX_POINT ( 'NONE', #528 ) ;
#67 = CARTESIAN_POINT ( 'NONE',  ( -0.07068303290444370700, 0.4949788486631442300, -0.07282402205918145400 ) ) ;
#68 = CARTESIAN_POINT ( 'NONE',  ( 0.0000000000000000000, 0.0000000000000000000, -0.02224309206721150600 ) ) ;
#69 = CARTESIAN_POINT ( 'NONE',  ( 0.06617132919729340500, 0.4956020129017470500, -0.06157898943562149800 ) ) ;
#70 = CARTESIAN_POINT ( 'NONE',  ( -0.1069331777739687100, 0.4884314654720692800, -0.05114647009019238800 ) ) ;
#71 = CARTESIAN_POINT ( 'NONE',  ( -0.05819683778081512900, 0.4966030621526508200, -0.05639466441415813500 ) ) ;
#72 = AXIS2_PLACEMENT_3D ( 'NONE', #1688, #272, #1940 ) ;
#73 = DATE_AND_TIME ( #683, #1332 ) ;
#74 = CARTESIAN_POINT ( 'NONE',  ( 0.0000000000000000000, -6.609499411240539500E-016, 5.357874015748031100 ) ) ;
#75 = ORIENTED_EDGE ( 'NONE', *, *, #1087, .T. ) ;
#76 = EDGE_CURVE ( 'NONE', #1413, #1571, #2609, .T. ) ;
#77 = CARTESIAN_POINT ( 'NONE',  ( -0.2086589527926642500, 0.4543802828242755600, -0.03507989797590011600 ) ) ;
#78 = B_SPLINE_CURVE_WITH_KNOTS ( 'NONE', 3,
 ( #2149, #1666, #1193, #938 ),
 .UNSPECIFIED., .F., .F.,
 ( 4, 4 ),
 ( 0.0000000000000000000, 1.000000000000000000 ),
 .UNSPECIFIED. ) ;
#79 = CARTESIAN_POINT ( 'NONE',  ( -0.09704815644879287400, 0.4904912387901445600, -0.09489213298498552800 ) ) ;
#80 = ORIENTED_EDGE ( 'NONE', *, *, #2533, .T. ) ;
#81 = DIRECTION ( 'NONE',  ( 0.1851758038360771200, 0.9827054094049053600, 0.0000000000000000000 ) ) ;
#82 = CARTESIAN_POINT ( 'NONE',  ( -0.09932272630892823000, 0.4900357318304497400, -0.04217255446609395600 ) ) ;
#83 = CARTESIAN_POINT ( 'NONE',  ( -0.1592023064511586000, 0.4739774526500510300, -0.06500967538353186200 ) ) ;
#84 = CARTESIAN_POINT ( 'NONE',  ( 0.0000000000000000000, 0.0000000000000000000, -0.03937007874015751400 ) ) ;
#85 = CARTESIAN_POINT ( 'NONE',  ( 0.06620650671736250100, 0.4955973148315917000, -0.08807808089534287200 ) ) ;
#86 = EDGE_CURVE ( 'NONE', #446, #2002, #2526, .T. ) ;
#87 = CARTESIAN_POINT ( 'NONE',  ( 0.1590901593902417900, 0.4740151064947060200, -0.09489213298498552800 ) ) ;
#88 = CARTESIAN_POINT ( 'NONE',  ( -0.07034632635396306800, 0.4950267205276887600, -0.08133167046296029000 ) ) ;
#89 = CARTESIAN_POINT ( 'NONE',  ( -0.06784688909522033900, 0.4953754129954973700, -0.05149122175888763000 ) ) ;
#90 = CARTESIAN_POINT ( 'NONE',  ( -0.09227898877334574100, 0.4914109387766411600, -0.04312705301902278200 ) ) ;
#91 = CARTESIAN_POINT ( 'NONE',  ( 0.05524795452110781200, 0.4969383349473611700, -0.08018660834456220500 ) ) ;
#92 = CIRCLE ( 'NONE', #1922, 0.4999999999999999400 ) ;
#93 = CYLINDRICAL_SURFACE ( 'NONE', #903, 0.5000000000000000000 ) ;
#94 = CARTESIAN_POINT ( 'NONE',  ( 0.2226715353639885700, 0.4476800055158191600, -0.06915015842411331700 ) ) ;
#95 = VERTEX_POINT ( 'NONE', #1084 ) ;
#96 = CARTESIAN_POINT ( 'NONE',  ( 0.0000000000000000000, 7.771911190400282700E-016, -6.385826771653542600 ) ) ;
#97 = CARTESIAN_POINT ( 'NONE',  ( -0.04557462538151717300, 0.4979193795790903800, -0.04357081610502146900 ) ) ;
#98 = CARTESIAN_POINT ( 'NONE',  ( -0.05159306170599363400, 0.4973310325968022200, -0.09489213298498552800 ) ) ;
#99 = CARTESIAN_POINT ( 'NONE',  ( -0.06169115503352008700, 0.4961796142488034700, -0.06088417195510283100 ) ) ;
#100 = CARTESIAN_POINT ( 'NONE',  ( 0.07657047101935127200, 0.4941021796805250000, -0.07929063744568325100 ) ) ;
#101 = DIRECTION ( 'NONE',  ( 1.000000000000000000, 0.0000000000000000000, 0.0000000000000000000 ) ) ;
#102 = B_SPLINE_CURVE_WITH_KNOTS ( 'NONE', 3,
 ( #1530, #2004, #582, #2258, #814, #2503, #1063, #2767, #1309, #3001, #1540, #126, #1787, #358, #2033, #589, #2269, #825 ),
 .UNSPECIFIED., .F., .F.,
 ( 4, 1, 2, 2, 2, 2, 1, 2, 2, 4 ),
 ( 0.0000000000000000000, 0.1250000000000009700, 0.1875000000000014400, 0.2500000000000019400, 0.4999999999999984500, 0.7499999999999948900, 0.8124999999999950000, 0.8437499999999956700, 0.8749999999999963400, 1.000000000000000000 ),
 .UNSPECIFIED. ) ;
#103 = CARTESIAN_POINT ( 'NONE',  ( -0.1067999506717032800, 0.4884606141077259000, -0.07938800443542481900 ) ) ;
#104 = EDGE_CURVE ( 'NONE', #1577, #925, #133, .T. ) ;
#105 = VERTEX_POINT ( 'NONE', #169 ) ;
#106 = CARTESIAN_POINT ( 'NONE',  ( 0.06052328247596599300, 0.4963256422465521800, -0.09418260996311825200 ) ) ;
#107 = CARTESIAN_POINT ( 'NONE',  ( 0.1283035255999798200, 0.4832579396231745900, -0.08595627728227228600 ) ) ;
#108 = EDGE_LOOP ( 'NONE', ( #1641, #2651, #1452 ) ) ;
#109 = CARTESIAN_POINT ( 'NONE',  ( 0.2308949602245615700, 0.4434946643905630100, -0.09413501608613632200 ) ) ;
#110 = AXIS2_PLACEMENT_3D ( 'NONE', #2777, #1076, #2044 ) ;
#111 = CARTESIAN_POINT ( 'NONE',  ( 0.06780017958810578800, 0.4953820450285570400, -0.08799848648455338400 ) ) ;
#112 = ORIENTED_EDGE ( 'NONE', *, *, #2719, .F. ) ;
#113 = CARTESIAN_POINT ( 'NONE',  ( -0.1410702712988623200, 0.4796865419788899900, -0.04189395006554276500 ) ) ;
#114 = CARTESIAN_POINT ( 'NONE',  ( -0.1579011610617449000, 0.4744128504128067300, -0.07950809269365183300 ) ) ;
#115 = CARTESIAN_POINT ( 'NONE',  ( 0.1510458353360509800, 0.4766398563481202300, -0.04383373696084572800 ) ) ;
#116 = EDGE_LOOP ( 'NONE', ( #2816, #541, #214, #1006, #2565, #2492, #3067, #1550, #882, #1937 ) ) ;
#117 = ORIENTED_EDGE ( 'NONE', *, *, #227, .F. ) ;
#118 = CARTESIAN_POINT ( 'NONE',  ( 0.0000000000000000000, 0.0000000000000000000, -0.07217862601951004200 ) ) ;
#119 = CARTESIAN_POINT ( 'NONE',  ( -0.1280734491844546000, 0.4833190891688645100, -0.08864260802726829600 ) ) ;
#120 = CARTESIAN_POINT ( 'NONE',  ( 0.0000000000000000000, 0.0000000000000000000, -0.03937007874015751400 ) ) ;
#121 = CARTESIAN_POINT ( 'NONE',  ( 0.1007774711314896900, 0.4897386054525496600, -0.05070552938039274400 ) ) ;
#122 = CARTESIAN_POINT ( 'NONE',  ( 0.07049562988037419400, 0.4950061694138764800, -0.05616242329581465400 ) ) ;
#123 = CARTESIAN_POINT ( 'NONE',  ( -0.1466824957679812900, 0.4780009477944662800, -0.09411087745074957200 ) ) ;
#124 = FACE_BOUND ( 'NONE', #2878, .T. ) ;
#125 = AXIS2_PLACEMENT_3D ( 'NONE', #543, #2213, #775 ) ;
#126 = CARTESIAN_POINT ( 'NONE',  ( 0.1217434150701647700, 0.4849521159274923200, -0.04909521807344879900 ) ) ;
#127 = CARTESIAN_POINT ( 'NONE',  ( -0.1256513498252250200, 0.4839542806905240400, -0.08387724030569093700 ) ) ;
#128 = EDGE_CURVE ( 'NONE', #404, #536, #3089, .T. ) ;
#129 = CARTESIAN_POINT ( 'NONE',  ( -0.1050071015967167200, 0.4888512664006511300, -0.03673696422387494300 ) ) ;
#130 = CIRCLE ( 'NONE', #72, 21.94488188976378500 ) ;
#131 = CARTESIAN_POINT ( 'NONE',  ( 0.01438323662709293000, 0.4997930796881135400, -0.03583701487474929400 ) ) ;
#132 = CARTESIAN_POINT ( 'NONE',  ( 0.1087124771245114900, 0.4880385848949589900, -0.03518987250814880500 ) ) ;
#133 = LINE ( 'NONE', #1042, #2525 ) ;
#134 = ORIENTED_EDGE ( 'NONE', *, *, #1903, .T. ) ;
#135 = CARTESIAN_POINT ( 'NONE',  ( -0.05125181227117068400, 0.4973663154445832600, -0.03507989797590010900 ) ) ;
#136 = CARTESIAN_POINT ( 'NONE',  ( -0.1229330801481269000, 0.4846518950330728200, -0.06771849255794928900 ) ) ;
#137 = VERTEX_POINT ( 'NONE', #944 ) ;
#138 = CARTESIAN_POINT ( 'NONE',  ( -0.1144956865776055900, 0.4867142743821855100, -0.05208729894590200700 ) ) ;
#139 = CARTESIAN_POINT ( 'NONE',  ( 0.1044556160588608100, 0.4889675561332651500, -0.04394935039540558100 ) ) ;
#140 = CARTESIAN_POINT ( 'NONE',  ( 0.0000000000000000000, 0.0000000000000000000, -0.03937007874015751400 ) ) ;
#141 = CARTESIAN_POINT ( 'NONE',  ( -0.06311726400523133600, 0.4960002259436402900, -0.07936490557887798700 ) ) ;
#142 = CARTESIAN_POINT ( 'NONE',  ( 0.09421353642898468200, 0.4910438013664694100, -0.04572679425209414500 ) ) ;
#143 = PERSON_AND_ORGANIZATION ( #1606, #2417 ) ;
#144 = ORIENTED_EDGE ( 'NONE', *, *, #544, .T. ) ;
#145 = ORIENTED_EDGE ( 'NONE', *, *, #2356, .F. ) ;
#146 = EDGE_CURVE ( 'NONE', #3083, #2991, #837, .T. ) ;
#147 = VERTEX_POINT ( 'NONE', #1286 ) ;
#148 = CARTESIAN_POINT ( 'NONE',  ( 0.0000000000000000000, 0.0000000000000000000, -0.03937007874015751400 ) ) ;
#149 = CARTESIAN_POINT ( 'NONE',  ( 0.1632298037641108900, 0.4726057054217232000, -0.04144828167227793100 ) ) ;
#150 = ADVANCED_FACE ( 'NONE', ( #1875, #675 ), #3095, .T. ) ;
#151 = ORIENTED_EDGE ( 'NONE', *, *, #2719, .T. ) ;
#152 = CARTESIAN_POINT ( 'NONE',  ( -0.02648668806112212900, 0.4992979624988998500, -0.06990727532296250900 ) ) ;
#153 = CARTESIAN_POINT ( 'NONE',  ( -0.04313189529296928400, 0.4981369786969417300, -0.03683992350543473900 ) ) ;
#154 = CARTESIAN_POINT ( 'NONE',  ( 0.1587153666222398400, 0.4741421902941434000, -0.08805340909249491400 ) ) ;
#155 = CARTESIAN_POINT ( 'NONE',  ( -0.08407634175840249200, 0.4928804812087046500, -0.08920192629207214500 ) ) ;
#156 = CARTESIAN_POINT ( 'NONE',  ( 0.06694794500514485200, 0.4954981974337438500, -0.09487787977851980200 ) ) ;
#157 = CARTESIAN_POINT ( 'NONE',  ( 0.1615169108171096200, 0.4731937547887940000, -0.09481894604595934900 ) ) ;
#158 = CARTESIAN_POINT ( 'NONE',  ( 0.1759905388247367800, 0.4680035856046518300, -0.05515091343224071800 ) ) ;
#159 = CARTESIAN_POINT ( 'NONE',  ( 0.05843309623909905000, 0.4965750298341182800, -0.06379699196923492600 ) ) ;
#160 = CARTESIAN_POINT ( 'NONE',  ( 0.1153679622050609300, 0.4865082051177571100, -0.08072977844861919900 ) ) ;
#161 = CARTESIAN_POINT ( 'NONE',  ( 0.1450847607836068300, 0.4784877046081286700, -0.07715267988116388000 ) ) ;
#162 = CARTESIAN_POINT ( 'NONE',  ( 0.08295334266946244300, 0.4930707780254093800, -0.08437825771579668400 ) ) ;
#163 = SPHERICAL_SURFACE ( 'NONE', #629, 21.94488188976378500 ) ;
#164 = AXIS2_PLACEMENT_3D ( 'NONE', #2210, #769, #2454 ) ;
#165 = FACE_BOUND ( 'NONE', #907, .T. ) ;
#166 = CARTESIAN_POINT ( 'NONE',  ( 0.1779627701578327100, 0.4672572750063639400, -0.08688907730987667500 ) ) ;
#167 = CARTESIAN_POINT ( 'NONE',  ( 0.07691924750054775200, 0.4940480030968139600, -0.07747844431145432800 ) ) ;
#168 = B_SPLINE_CURVE_WITH_KNOTS ( 'NONE', 3,
 ( #85, #2958, #1270, #1745, #316, #1989, #552, #2227, #782, #2468, #1024, #2726, #1280, #2970, #1509, #91, #1752, #325, #2000, #559, #2234 ),
 .UNSPECIFIED., .F., .F.,
 ( 4, 1, 2, 2, 2, 2, 2, 2, 2, 2, 4 ),
 ( 0.0000000000000000000, 0.06249999999999923700, 0.09374999999999957000, 0.1249999999999999200, 0.2499999999999997200, 0.3749999999999995000, 0.4999999999999993300, 0.6249999999999991100, 0.7499999999999988900, 0.8749999999999987800, 1.000000000000000000 ),
 .UNSPECIFIED. ) ;
#169 = CARTESIAN_POINT ( 'NONE',  ( -6.055048479497823500E-017, 0.4944322300694032300, -0.01667532213660855700 ) ) ;
#170 = ORIENTED_EDGE ( 'NONE', *, *, #1554, .T. ) ;
#171 = CARTESIAN_POINT ( 'NONE',  ( 0.1375140929753827500, 0.4807180818662408200, -0.05148804076814723200 ) ) ;
#172 = ORIENTED_EDGE ( 'NONE', *, *, #1742, .T. ) ;
#173 = CARTESIAN_POINT ( 'NONE',  ( 0.1846395259448336800, 0.4646592793139938700, -0.06801579019828378500 ) ) ;
#174 = CARTESIAN_POINT ( 'NONE',  ( -0.05125181227117068400, 0.4973663154445832600, -0.03507989797590010900 ) ) ;
#175 = CARTESIAN_POINT ( 'NONE',  ( -0.1073984519167973900, 0.4883294256434324000, -0.07676143722471709400 ) ) ;
#176 =( CONVERSION_BASED_UNIT ( 'INCH', #2583 ) LENGTH_UNIT ( ) NAMED_UNIT ( #1929 ) );
#177 = CARTESIAN_POINT ( 'NONE',  ( -0.06035463944001349300, 0.4963439601124133300, -0.04908025081120448400 ) ) ;
#178 = ORIENTED_EDGE ( 'NONE', *, *, #3022, .F. ) ;
#179 = CARTESIAN_POINT ( 'NONE',  ( 0.04699070759266935100, 0.4977869944007582400, -0.07120741580851283600 ) ) ;
#180 = ORIENTED_EDGE ( 'NONE', *, *, #1894, .F. ) ;
#181 = ADVANCED_FACE ( 'NONE', ( #753, #599 ), #1162, .T. ) ;
#182 = EDGE_CURVE ( 'NONE', #1211, #1260, #1248, .T. ) ;
#183 = CARTESIAN_POINT ( 'NONE',  ( 0.0000000000000000000, -1.698034309221998900E-017, 0.09928952431693144300 ) ) ;
#184 = VERTEX_POINT ( 'NONE', #832 ) ;
#185 = EDGE_CURVE ( 'NONE', #1037, #2588, #301, .T. ) ;
#186 = ORIENTED_EDGE ( 'NONE', *, *, #542, .T. ) ;
#187 = CARTESIAN_POINT ( 'NONE',  ( 0.04730950846899811800, 0.4977568111942365400, -0.07881843378865172100 ) ) ;
#188 = CARTESIAN_POINT ( 'NONE',  ( -0.06680672810584822900, 0.4955168168019136700, -0.04451758673526782400 ) ) ;
#189 = ORIENTED_EDGE ( 'NONE', *, *, #759, .T. ) ;
#190 = ORIENTED_EDGE ( 'NONE', *, *, #378, .T. ) ;
#191 = APPROVAL_STATUS ( 'not_yet_approved' ) ;
#192 = CARTESIAN_POINT ( 'NONE',  ( 0.0000000000000000000, 0.0000000000000000000, -0.03937007874015751400 ) ) ;
#193 = CARTESIAN_POINT ( 'NONE',  ( 0.2141770319112626900, 0.4518054911480375300, -0.04438504587690912700 ) ) ;
#194 = DIRECTION ( 'NONE',  ( -0.0000000000000000000, 1.224606353822377300E-016, -1.000000000000000000 ) ) ;
#195 = CARTESIAN_POINT ( 'NONE',  ( 0.04722306177654821100, 0.4977649904155561100, -0.06966531205485145000 ) ) ;
#196 = ORIENTED_EDGE ( 'NONE', *, *, #1245, .F. ) ;
#197 = CARTESIAN_POINT ( 'NONE',  ( -0.04833257230760635400, 0.4976584797369879000, -0.05930763873907395100 ) ) ;
#198 = CARTESIAN_POINT ( 'NONE',  ( 0.1769747641133862500, 0.4676322642086907000, -0.06630387276746205200 ) ) ;
#199 = CARTESIAN_POINT ( 'NONE',  ( -0.2129176709120647600, 0.4524003375478202200, -0.04189395006554276500 ) ) ;
#200 = CARTESIAN_POINT ( 'NONE',  ( 0.0000000000000000000, 0.0000000000000000000, -0.02224309206721150600 ) ) ;
#201 = ORIENTED_EDGE ( 'NONE', *, *, #1963, .F. ) ;
#202 = FACE_BOUND ( 'NONE', #46, .T. ) ;
#203 = CARTESIAN_POINT ( 'NONE',  ( -0.1317903004644946100, 0.4823186920980005500, -0.04999110806484673800 ) ) ;
#204 = CARTESIAN_POINT ( 'NONE',  ( 0.1843372462153339300, 0.4647792987493425400, -0.05752838115800980300 ) ) ;
#205 = CIRCLE ( 'NONE', #375, 0.4944322300693972900 ) ;
#206 = CARTESIAN_POINT ( 'NONE',  ( -0.08760163882602542400, 0.4922661856639920000, -0.08058953763737317100 ) ) ;
#207 = EDGE_CURVE ( 'NONE', #184, #642, #534, .T. ) ;
#208 = VERTEX_POINT ( 'NONE', #1004 ) ;
#209 = CARTESIAN_POINT ( 'NONE',  ( 0.1740619869364428400, 0.4687242781039430200, -0.07942787267972144200 ) ) ;
#210 = ORIENTED_EDGE ( 'NONE', *, *, #968, .F. ) ;
#211 = MANIFOLD_SOLID_BREP ( '20533-001-1-solid2', #394 ) ;
#212 = AXIS2_PLACEMENT_3D ( 'NONE', #1831, #2580, #1123 ) ;
#213 = CARTESIAN_POINT ( 'NONE',  ( 0.04687232202082076300, 0.4977981372287129100, -0.07388213904192070200 ) ) ;
#214 = ORIENTED_EDGE ( 'NONE', *, *, #86, .T. ) ;
#215 = CARTESIAN_POINT ( 'NONE',  ( -0.1302823149135734500, 0.4827282066390205000, -0.06120563023013748200 ) ) ;
#216 = DIRECTION ( 'NONE',  ( 0.0000000000000000000, 1.000000000000000000, 0.0000000000000000000 ) ) ;
#217 = CARTESIAN_POINT ( 'NONE',  ( 0.06337280207395135100, 0.4959681629298145500, -0.05478403033063328200 ) ) ;
#218 = CARTESIAN_POINT ( 'NONE',  ( 0.1661061738550716500, 0.4716031376070475800, -0.08686150575159030900 ) ) ;
#219 = PERSON_AND_ORGANIZATION ( #1606, #2417 ) ;
#220 = CARTESIAN_POINT ( 'NONE',  ( -0.1374936598146629100, 0.4807244362254266000, -0.04257255026934563700 ) ) ;
#221 = CARTESIAN_POINT ( 'NONE',  ( -0.1302194104504575100, 0.4827451761974792500, -0.06498601548044281900 ) ) ;
#222 = CARTESIAN_POINT ( 'NONE',  ( 0.0000000000000000000, 0.0000000000000000000, -0.03937007874015751400 ) ) ;
#223 = ORIENTED_EDGE ( 'NONE', *, *, #3022, .T. ) ;
#224 = ORIENTED_EDGE ( 'NONE', *, *, #1513, .F. ) ;
#225 = CARTESIAN_POINT ( 'NONE',  ( 0.04997885203081412600, 0.4974961952039534400, -0.06243859650359322900 ) ) ;
#226 = AXIS2_PLACEMENT_3D ( 'NONE', #230, #722, #1182 ) ;
#227 = EDGE_CURVE ( 'NONE', #896, #369, #2863, .T. ) ;
#228 = CARTESIAN_POINT ( 'NONE',  ( 0.0000000000000000000, 0.0000000000000000000, -0.03583701487474929400 ) ) ;
#229 = CARTESIAN_POINT ( 'NONE',  ( -0.07926783351289076700, 0.4936766911516987700, -0.05311367445099163300 ) ) ;
#230 = CARTESIAN_POINT ( 'NONE',  ( 0.0000000000000000000, 0.0000000000000000000, -0.03937007874015751400 ) ) ;
#231 = CARTESIAN_POINT ( 'NONE',  ( -0.08547687214994206800, 0.4926395504329044200, -0.09069831592896837600 ) ) ;
#232 = CARTESIAN_POINT ( 'NONE',  ( 0.05507349784576409000, 0.4969585639541802000, -0.05732545838501721500 ) ) ;
#233 = CARTESIAN_POINT ( 'NONE',  ( 0.1566058621216353000, 0.4748430196903638500, -0.03443398187319205600 ) ) ;
#234 = ORIENTED_EDGE ( 'NONE', *, *, #2659, .F. ) ;
#235 = CIRCLE ( 'NONE', #2628, 0.4944322300693974000 ) ;
#236 = CARTESIAN_POINT ( 'NONE',  ( -0.1230129096837344600, 0.4846316376209252000, -0.06020303930159936300 ) ) ;
#237 = CARTESIAN_POINT ( 'NONE',  ( -0.09257229818491648200, 0.4913558151561145900, -0.03556158151261625700 ) ) ;
#238 = CARTESIAN_POINT ( 'NONE',  ( -0.1154232834120002700, 0.4864950830319748100, -0.06979416781426611700 ) ) ;
#239 = ADVANCED_FACE ( 'NONE', ( #1806 ), #1085, .T. ) ;
#240 = CARTESIAN_POINT ( 'NONE',  ( -0.1385685400440160000, 0.4804152698210529800, -0.09472836059141406800 ) ) ;
#241 = VECTOR ( 'NONE', #2206, 39.37007874015748100 ) ;
#242 = CARTESIAN_POINT ( 'NONE',  ( -0.1532979912846066900, 0.4759199559463981300, -0.04035247779501999900 ) ) ;
#243 = CARTESIAN_POINT ( 'NONE',  ( 0.09383739909478433500, 0.4911156273962303800, -0.05576635644165722800 ) ) ;
#244 = VERTEX_POINT ( 'NONE', #2333 ) ;
#245 = EDGE_CURVE ( 'NONE', #2493, #2748, #2286, .T. ) ;
#246 = ORIENTED_EDGE ( 'NONE', *, *, #1348, .T. ) ;
#247 = CARTESIAN_POINT ( 'NONE',  ( 0.1375140929753827500, 0.4807180818662408200, -0.05148804076814723200 ) ) ;
#248 = ORIENTED_EDGE ( 'NONE', *, *, #2276, .T. ) ;
#249 = CARTESIAN_POINT ( 'NONE',  ( -0.1267065167212718900, 0.4836797020885707500, -0.04361725053056371400 ) ) ;
#250 = CARTESIAN_POINT ( 'NONE',  ( -0.1117087419763455900, 0.4873620269555301000, -0.08636810938805561400 ) ) ;
#251 = CARTESIAN_POINT ( 'NONE',  ( -0.04196762672427151200, 0.4982356106993058900, -0.08134993576124344200 ) ) ;
#252 = CARTESIAN_POINT ( 'NONE',  ( -0.1586362579025812300, 0.4741672048657795700, -0.05484469708978349800 ) ) ;
#253 = CARTESIAN_POINT ( 'NONE',  ( 0.1020338717867052300, 0.4894788310321380700, -0.06884768668109241000 ) ) ;
#254 = CARTESIAN_POINT ( 'NONE',  ( 0.1420844539387586000, 0.4793919160113207500, -0.08783151382815059000 ) ) ;
#255 = ORIENTED_EDGE ( 'NONE', *, *, #2003, .F. ) ;
#256 = ORIENTED_EDGE ( 'NONE', *, *, #2402, .F. ) ;
#257 = CARTESIAN_POINT ( 'NONE',  ( -0.1426001971426288700, 0.4792340353004816400, -0.08796897521274792100 ) ) ;
#258 = CARTESIAN_POINT ( 'NONE',  ( -0.1411497147234121200, 0.4796631714375196900, -0.03507989797590011600 ) ) ;
#259 = CARTESIAN_POINT ( 'NONE',  ( -0.09889611419965478600, 0.4901223711506491600, -0.09483297491247119600 ) ) ;
#260 = EDGE_CURVE ( 'NONE', #2962, #367, #1736, .T. ) ;
#261 = B_SPLINE_CURVE_WITH_KNOTS ( 'NONE', 3,
 ( #381, #1810, #2056, #613, #2294, #853, #2547, #1094, #2802, #1350, #3033, #1576, #160, #1824, #390, #2069, #623, #2305, #862, #2559, #1105, #2812, #1359, #3043 ),
 .UNSPECIFIED., .F., .F.,
 ( 4, 1, 1, 2, 2, 2, 1, 1, 1, 2, 2, 1, 2, 2, 4 ),
 ( 0.0000000000000000000, 0.1250000000000212600, 0.1875000000000330800, 0.2187500000000381100, 0.2500000000000430800, 0.3750000000000584000, 0.4375000000000658400, 0.4687500000000676100, 0.4843750000000653400, 0.4921875000000645600, 0.5000000000000637300, 0.6250000000000474100, 0.6875000000000404100, 0.7500000000000334200, 1.000000000000000000 ),
 .UNSPECIFIED. ) ;
#262 = CARTESIAN_POINT ( 'NONE',  ( -0.08899272380740086400, 0.4920166289012838900, -0.04637576916318554600 ) ) ;
#263 = DIRECTION ( 'NONE',  ( 0.0000000000000000000, -1.000000000000000000, -1.680119589323784100E-016 ) ) ;
#264 = CARTESIAN_POINT ( 'NONE',  ( -0.08611761106446023900, 0.4925279253815130800, -0.07199611889090784500 ) ) ;
#265 = B_SPLINE_CURVE_WITH_KNOTS ( 'NONE', 3,
 ( #1757, #780, #2744, #1294, #2982, #1522, #107, #1769, #338, #2015, #574, #2250, #805, #2495, #1054, #2755, #1302, #2993, #1531 ),
 .UNSPECIFIED., .F., .F.,
 ( 4, 1, 2, 2, 2, 2, 1, 1, 2, 2, 4 ),
 ( 0.0000000000000000000, 0.06250000000000599500, 0.09375000000000791000, 0.1250000000000098300, 0.1875000000000113200, 0.2500000000000128200, 0.3750000000000145400, 0.4375000000000144300, 0.4687500000000143800, 0.5000000000000143200, 1.000000000000000000 ),
 .UNSPECIFIED. ) ;
#266 = ORIENTED_EDGE ( 'NONE', *, *, #2600, .F. ) ;
#267 = B_SPLINE_CURVE_WITH_KNOTS ( 'NONE', 3,
 ( #62, #1480, #1969, #530, #2202, #763, #2447, #1002, #2707, #1254, #2942, #1488, #71, #1734, #307, #1979, #539, #2212, #771, #2457, #1011, #2713 ),
 .UNSPECIFIED., .F., .F.,
 ( 4, 1, 2, 2, 2, 2, 2, 2, 1, 2, 2, 4 ),
 ( 0.0000000000000000000, 0.06250000000000167900, 0.09375000000000310900, 0.1250000000000045200, 0.2500000000000043900, 0.3750000000000042200, 0.5000000000000041100, 0.7500000000000018900, 0.8125000000000010000, 0.8437500000000000000, 0.8749999999999991100, 1.000000000000000000 ),
 .UNSPECIFIED. ) ;
#268 = AXIS2_PLACEMENT_3D ( 'NONE', #228, #1888, #459 ) ;
#269 = CARTESIAN_POINT ( 'NONE',  ( -0.1506166145512692300, 0.4767752487095652200, -0.07961381441998272000 ) ) ;
#270 = ORIENTED_EDGE ( 'NONE', *, *, #1407, .T. ) ;
#271 = CARTESIAN_POINT ( 'NONE',  ( -0.04913889566758648800, 0.4975795731492561000, -0.09476278594881366900 ) ) ;
#272 = DIRECTION ( 'NONE',  ( 1.000000000000000000, 0.0000000000000000000, 0.0000000000000000000 ) ) ;
#273 = CARTESIAN_POINT ( 'NONE',  ( -0.1313260547965476300, 0.4824453061272928100, -0.07843919988046267600 ) ) ;
#274 = CARTESIAN_POINT ( 'NONE',  ( -0.08668777624778838100, 0.4924278974369300000, -0.05348453869580742400 ) ) ;
#275 = CARTESIAN_POINT ( 'NONE',  ( 0.07466057996497681100, 0.4943945136002201900, -0.06495259864101955700 ) ) ;
#276 = FACE_BOUND ( 'NONE', #2716, .T. ) ;
#277 = CARTESIAN_POINT ( 'NONE',  ( -0.03420134857423552000, 0.4988289036390645700, -0.08274828390297019100 ) ) ;
#278 = CARTESIAN_POINT ( 'NONE',  ( 0.1142066056593332200, 0.4867866983453615300, -0.07027526567057733300 ) ) ;
#279 = CYLINDRICAL_SURFACE ( 'NONE', #2861, 0.5000000000000000000 ) ;
#280 = ORIENTED_EDGE ( 'NONE', *, *, #1015, .T. ) ;
#281 = CARTESIAN_POINT ( 'NONE',  ( -0.2104758676677437600, 0.4535415235282204100, -0.05003055827986897800 ) ) ;
#282 = ORIENTED_EDGE ( 'NONE', *, *, #493, .T. ) ;
#283 = CARTESIAN_POINT ( 'NONE',  ( -0.1372309428880096300, 0.4807993235067118400, -0.08718027928450289300 ) ) ;
#284 = CARTESIAN_POINT ( 'NONE',  ( 0.0000000000000000000, -3.304640558974581700E-016, -0.03937007874015751400 ) ) ;
#285 = CARTESIAN_POINT ( 'NONE',  ( 0.08115667577644074300, 0.4933760869303243600, -0.06637406312833298000 ) ) ;
#286 = AXIS2_PLACEMENT_3D ( 'NONE', #2977, #1519, #101 ) ;
#287 = CARTESIAN_POINT ( 'NONE',  ( -0.1517745657681969200, 0.4764078937966605400, -0.05801926139161410500 ) ) ;
#288 = EDGE_CURVE ( 'NONE', #488, #350, #1169, .T. ) ;
#289 = CARTESIAN_POINT ( 'NONE',  ( 0.1034598713844353800, 0.4891790974178215600, -0.05917253302371550100 ) ) ;
#290 = CALENDAR_DATE ( 2016, 30, 9 ) ;
#291 = VERTEX_POINT ( 'NONE', #412 ) ;
#292 = ORIENTED_EDGE ( 'NONE', *, *, #395, .F. ) ;
#293 = CARTESIAN_POINT ( 'NONE',  ( -0.06208276200384672100, 0.4961317667017310400, -0.06243233486466907800 ) ) ;
#294 = CARTESIAN_POINT ( 'NONE',  ( 0.0000000000000000000, 0.0000000000000000000, -0.04340818386324111300 ) ) ;
#295 = CARTESIAN_POINT ( 'NONE',  ( 0.1190318822174576300, 0.4856250789570021300, -0.03636190909032478700 ) ) ;
#296 = CARTESIAN_POINT ( 'NONE',  ( -0.1081629420542428300, 0.4881606067332455700, -0.06498601548044281900 ) ) ;
#297 = CARTESIAN_POINT ( 'NONE',  ( 0.0000000000000000000, 0.0000000000000000000, -0.01667532213660848800 ) ) ;
#298 = CARTESIAN_POINT ( 'NONE',  ( 0.1676700444214443700, 0.4710501097383637000, -0.03563259349180689100 ) ) ;
#299 = CARTESIAN_POINT ( 'NONE',  ( -0.1489254887477811700, 0.4773065117827600700, -0.04629209495106624600 ) ) ;
#300 = CARTESIAN_POINT ( 'NONE',  ( 0.07353166570764729800, 0.4945645532647434100, -0.05360560209461604600 ) ) ;
#301 = B_SPLINE_CURVE_WITH_KNOTS ( 'NONE', 3,
 ( #1489, #1842, #1782, #2070, #635, #2352, #2560, #1192, #2652, #2715, #2667, #2944, #153, #315, #2548, #2521, #2453, #2370, #602, #2283, #324, #48 ),
 .UNSPECIFIED., .F., .F.,
 ( 4, 1, 2, 2, 2, 2, 2, 2, 1, 2, 2, 4 ),
 ( 0.0000000000000000000, 0.06249999999999945900, 0.09374999999999925100, 0.1249999999999990600, 0.2499999999999991700, 0.4999999999999992200, 0.6249999999999992200, 0.7499999999999992200, 0.8124999999999998900, 0.8437500000000000000, 0.8750000000000002200, 1.000000000000000000 ),
 .UNSPECIFIED. ) ;
#302 = CARTESIAN_POINT ( 'NONE',  ( -0.07092891668121838200, 0.4949435207964932900, -0.07636642886626958400 ) ) ;
#303 = EDGE_CURVE ( 'NONE', #642, #184, #63, .T. ) ;
#304 = DIRECTION ( 'NONE',  ( 1.000000000000000000, 0.0000000000000000000, 0.0000000000000000000 ) ) ;
#305 = CARTESIAN_POINT ( 'NONE',  ( 0.09333181835819567800, 0.4912119417135059100, -0.05138157120424656500 ) ) ;
#306 = CARTESIAN_POINT ( 'NONE',  ( -0.1068534556880020600, 0.4884489134106860300, -0.05082510468484992300 ) ) ;
#307 = CARTESIAN_POINT ( 'NONE',  ( -0.05976591022981837100, 0.4964152050538985200, -0.05395158826953855300 ) ) ;
#308 = DIRECTION ( 'NONE',  ( 0.0000000000000000000, 0.0000000000000000000, -1.000000000000000000 ) ) ;
#309 = CARTESIAN_POINT ( 'NONE',  ( 0.08165430740792518900, 0.4932916483739606700, -0.05602679884406081700 ) ) ;
#310 = FACE_OUTER_BOUND ( 'NONE', #2775, .T. ) ;
#311 = CARTESIAN_POINT ( 'NONE',  ( -0.2242377927008958900, 0.4468975411933142600, -0.07596421051375595900 ) ) ;
#312 = CARTESIAN_POINT ( 'NONE',  ( -0.09883392058648339500, 0.4901345405617123500, -0.04206498539562560100 ) ) ;
#313 = LINE ( 'NONE', #1726, #1501 ) ;
#314 = DIRECTION ( 'NONE',  ( 1.000000000000000000, 0.0000000000000000000, 0.0000000000000000000 ) ) ;
#315 = CARTESIAN_POINT ( 'NONE',  ( -0.04414262767309092000, 0.4980485066063705100, -0.03637988794458667900 ) ) ;
#316 = CARTESIAN_POINT ( 'NONE',  ( 0.06400992328063982700, 0.4958858385334197800, -0.08791391469448588100 ) ) ;
#317 = ORIENTED_EDGE ( 'NONE', *, *, #2102, .T. ) ;
#318 = DIRECTION ( 'NONE',  ( -1.000000000000000000, 1.224646799147353200E-016, 0.0000000000000000000 ) ) ;
#319 = CARTESIAN_POINT ( 'NONE',  ( -0.05159306170599363400, 0.4973310325968022200, -0.09489213298498552800 ) ) ;
#320 = CARTESIAN_POINT ( 'NONE',  ( -0.06854850504828338700, 0.4952797323042246700, -0.08591442636086646400 ) ) ;
#321 = CARTESIAN_POINT ( 'NONE',  ( -0.06781524822343046300, 0.4953797457868790400, -0.05181869034030926700 ) ) ;
#322 = AXIS2_PLACEMENT_3D ( 'NONE', #1624, #649, #216 ) ;
#323 = CARTESIAN_POINT ( 'NONE',  ( -0.09133855897110033900, 0.4915865027092912200, -0.04376548008442982000 ) ) ;
#324 = CARTESIAN_POINT ( 'NONE',  ( -0.05000762569916845200, 0.4974945244017208700, -0.03510182146424369000 ) ) ;
#325 = CARTESIAN_POINT ( 'NONE',  ( 0.05465221993673843900, 0.4970041680047659300, -0.07771386197142800300 ) ) ;
#326 = B_SPLINE_CURVE_WITH_KNOTS ( 'NONE', 3,
 ( #1994, #2230, #787, #2471, #1030, #2732, #1284, #2973, #1514, #97, #1755, #330, #2005, #563, #2237, #794, #2485, #1040, #2743 ),
 .UNSPECIFIED., .F., .F.,
 ( 4, 1, 2, 2, 2, 2, 2, 2, 2, 4 ),
 ( 0.0000000000000000000, 0.06250000000000044400, 0.09375000000000145700, 0.1250000000000024700, 0.2500000000000020500, 0.5000000000000012200, 0.7500000000000004400, 0.8125000000000002200, 0.8750000000000000000, 1.000000000000000000 ),
 .UNSPECIFIED. ) ;
#327 = ORIENTED_EDGE ( 'NONE', *, *, #2019, .T. ) ;
#328 = ORIENTED_EDGE ( 'NONE', *, *, #1477, .T. ) ;
#329 = DIRECTION ( 'NONE',  ( 0.0000000000000000000, 0.0000000000000000000, -1.000000000000000000 ) ) ;
#330 = CARTESIAN_POINT ( 'NONE',  ( -0.04314013901528149900, 0.4981357302173026200, -0.04622433594214864200 ) ) ;
#331 = CARTESIAN_POINT ( 'NONE',  ( 0.03304352980168360300, 0.4989943077649266500, -0.06006475563792312200 ) ) ;
#332 = CARTESIAN_POINT ( 'NONE',  ( -0.06068795051554506900, 0.4963038792129781900, -0.06143373178128641600 ) ) ;
#333 = ORIENTED_EDGE ( 'NONE', *, *, #2315, .F. ) ;
#334 = CARTESIAN_POINT ( 'NONE',  ( 0.07635095953971020300, 0.4941361731141872800, -0.08019613181762592900 ) ) ;
#335 = CARTESIAN_POINT ( 'NONE',  ( -0.1591701250968003100, 0.4739882616534279400, -0.06748905830053710000 ) ) ;
#336 = EDGE_CURVE ( 'NONE', #3094, #2295, #608, .T. ) ;
#337 = CARTESIAN_POINT ( 'NONE',  ( 0.06290884393158877000, 0.4960269118318081400, -0.09465705482295427900 ) ) ;
#338 = CARTESIAN_POINT ( 'NONE',  ( 0.1276946851356550200, 0.4834191911606465200, -0.08476124162895257200 ) ) ;
#339 = EDGE_CURVE ( 'NONE', #567, #2964, #3019, .T. ) ;
#340 = CARTESIAN_POINT ( 'NONE',  ( -0.04833257230760635400, 0.4976584797369879000, -0.05930763873907395100 ) ) ;
#341 = CARTESIAN_POINT ( 'NONE',  ( 0.06620650671736250100, 0.4955973148315917000, -0.08807808089534287200 ) ) ;
#342 = EDGE_CURVE ( 'NONE', #2188, #2964, #78, .T. ) ;
#343 = DIRECTION ( 'NONE',  ( -0.0000000000000000000, -0.0000000000000000000, 1.000000000000000000 ) ) ;
#344 = CARTESIAN_POINT ( 'NONE',  ( -0.1566748919346056300, 0.4748189259537650100, -0.08346180110683712500 ) ) ;
#345 = FACE_OUTER_BOUND ( 'NONE', #1335, .T. ) ;
#346 = VECTOR ( 'NONE', #1409, 39.37007874015748100 ) ;
#347 = EDGE_LOOP ( 'NONE', ( #1499, #2207, #2766, #186, #1 ) ) ;
#348 = DIRECTION ( 'NONE',  ( 0.003028462966074566700, 0.9999954141955167400, 0.0000000000000000000 ) ) ;
#349 = CARTESIAN_POINT ( 'NONE',  ( 0.08439118520106565800, 0.4928266712144944700, -0.07823556121030349200 ) ) ;
#350 = VERTEX_POINT ( 'NONE', #15 ) ;
#351 = CARTESIAN_POINT ( 'NONE',  ( 0.04988657485315109400, 0.4975051051491039000, -0.03583701487474929400 ) ) ;
#352 = ORIENTED_EDGE ( 'NONE', *, *, #32, .F. ) ;
#353 = CARTESIAN_POINT ( 'NONE',  ( 0.06784267166452952200, 0.4953769184730457100, -0.05521760142587841400 ) ) ;
#354 = CARTESIAN_POINT ( 'NONE',  ( -0.1449300761383045000, 0.4785348142311151000, -0.09454877214415419200 ) ) ;
#355 = B_SPLINE_CURVE_WITH_KNOTS ( 'NONE', 3,
 ( #578, #2017, #1059, #2758, #1306, #2996, #1536, #122, #1783, #353, #2025, #586, #2264, #820, #2511 ),
 .UNSPECIFIED., .F., .F.,
 ( 4, 1, 2, 2, 2, 2, 2, 4 ),
 ( 0.0000000000000000000, 0.1250000000000007800, 0.1875000000000010000, 0.2500000000000012200, 0.5000000000000010000, 0.7500000000000007800, 0.8750000000000004400, 1.000000000000000000 ),
 .UNSPECIFIED. ) ;
#356 = EDGE_CURVE ( 'NONE', #2690, #2183, #2620, .T. ) ;
#357 = DATE_AND_TIME ( #983, #1619 ) ;
#358 = CARTESIAN_POINT ( 'NONE',  ( 0.1219372148729237900, 0.4849034099778945000, -0.04997214041761527400 ) ) ;
#359 = CARTESIAN_POINT ( 'NONE',  ( -0.1247745943995437500, 0.4841812006195456200, -0.08133268668145902900 ) ) ;
#360 = CARTESIAN_POINT ( 'NONE',  ( -0.1080799116692160400, 0.4881796494169554600, -0.03885258816379196700 ) ) ;
#361 = CC_DESIGN_PERSON_AND_ORGANIZATION_ASSIGNMENT ( #1777, #1379, ( #1695 ) ) ;
#362 = ORIENTED_EDGE ( 'NONE', *, *, #2741, .F. ) ;
#363 = ORIENTED_EDGE ( 'NONE', *, *, #883, .T. ) ;
#364 = DIRECTION ( 'NONE',  ( 0.0000000000000000000, 0.0000000000000000000, -1.000000000000000000 ) ) ;
#365 = CARTESIAN_POINT ( 'NONE',  ( -0.05396730838850847400, 0.4970799848423035300, -0.08796030018631069400 ) ) ;
#366 = CARTESIAN_POINT ( 'NONE',  ( 0.1080728736146795400, 0.4881806458034973500, -0.03525275506268163400 ) ) ;
#367 = VERTEX_POINT ( 'NONE', #2749 ) ;
#368 = DIRECTION ( 'NONE',  ( 1.000000000000000000, 0.0000000000000000000, 0.0000000000000000000 ) ) ;
#369 = VERTEX_POINT ( 'NONE', #2607 ) ;
#370 = CARTESIAN_POINT ( 'NONE',  ( -0.1148613356906134400, 0.4866280659968313400, -0.05416450065739850100 ) ) ;
#371 = CARTESIAN_POINT ( 'NONE',  ( 0.1061388236925721600, 0.4886047984457316800, -0.04294650356241853200 ) ) ;
#372 = CARTESIAN_POINT ( 'NONE',  ( -0.06340992992185418000, 0.4959628827496445600, -0.07719309290689797800 ) ) ;
#373 = CARTESIAN_POINT ( 'NONE',  ( 0.09359005784502808000, 0.4911628088441708000, -0.04828058542370927700 ) ) ;
#374 = CONICAL_SURFACE ( 'NONE', #2023, 0.4944322300693972900, 0.7853981633974482800 ) ;
#375 = AXIS2_PLACEMENT_3D ( 'NONE', #1982, #545, #2216 ) ;
#376 = CARTESIAN_POINT ( 'NONE',  ( 0.04234775314436867900, 0.4982034401764239300, -0.07217862601951004200 ) ) ;
#377 = CARTESIAN_POINT ( 'NONE',  ( 0.1661340182780533800, 0.4715941299382478400, -0.04221245794526144700 ) ) ;
#378 = EDGE_CURVE ( 'NONE', #1139, #1849, #458, .T. ) ;
#379 = CARTESIAN_POINT ( 'NONE',  ( 0.05443924527944866300, 0.4970275342432704500, -0.07242359490281495600 ) ) ;
#380 = FACE_OUTER_BOUND ( 'NONE', #1256, .T. ) ;
#381 = CARTESIAN_POINT ( 'NONE',  ( 0.1093753394605396500, 0.4878903925246855200, -0.07560931196742040600 ) ) ;
#382 = CARTESIAN_POINT ( 'NONE',  ( 0.06869365419398386400, 0.4952587666843841800, -0.09476785566105737400 ) ) ;
#383 = CARTESIAN_POINT ( 'NONE',  ( 0.1563242913148889000, 0.4749344836107093900, -0.04144907044433397700 ) ) ;
#384 = FACE_OUTER_BOUND ( 'NONE', #385, .T. ) ;
#385 = EDGE_LOOP ( 'NONE', ( #2598, #1686, #2235, #1584, #1808, #2959, #2841, #2806, #984, #621, #2753, #2541, #624, #2508, #2911, #1712 ) ) ;
#386 = CARTESIAN_POINT ( 'NONE',  ( 0.1627578901915995300, 0.4727692750586861000, -0.09473420449259879700 ) ) ;
#387 = CARTESIAN_POINT ( 'NONE',  ( 0.1764884277280507300, 0.4678160514826853500, -0.05759215466237049100 ) ) ;
#388 = VERTEX_POINT ( 'NONE', #94 ) ;
#389 = CARTESIAN_POINT ( 'NONE',  ( 0.06203261129278671300, 0.4961376057323455000, -0.06207851985840147400 ) ) ;
#390 = CARTESIAN_POINT ( 'NONE',  ( 0.1153983741437019100, 0.4865009920624373000, -0.08075653742798315200 ) ) ;
#391 = CARTESIAN_POINT ( 'NONE',  ( 0.1443147664493316700, 0.4787205064060711700, -0.07450503339352433600 ) ) ;
#392 = CARTESIAN_POINT ( 'NONE',  ( 0.08351687468389695800, 0.4929755964656827300, -0.08277239819249178300 ) ) ;
#393 = ORIENTED_EDGE ( 'NONE', *, *, #725, .F. ) ;
#394 = CLOSED_SHELL ( 'NONE', ( #2054, #2888, #2624, #2148, #2872, #11, #181, #1665, #1647, #1835, #1186, #3028, #2377, #408, #1910, #1122, #2645, #694, #851, #239, #2575, #936, #884, #150, #1424, #1592 ) ) ;
#395 = EDGE_CURVE ( 'NONE', #105, #1502, #1642, .T. ) ;
#396 = VERTEX_POINT ( 'NONE', #930 ) ;
#397 = CARTESIAN_POINT ( 'NONE',  ( 0.1795923460305621800, 0.4666345762512260100, -0.08467991418017427300 ) ) ;
#398 = CARTESIAN_POINT ( 'NONE',  ( 0.0000000000000000000, 0.4944322300694028400, -0.01667532213660855700 ) ) ;
#399 = CARTESIAN_POINT ( 'NONE',  ( 0.0000000000000000000, 0.0000000000000000000, -0.03507989797590010300 ) ) ;
#400 = CARTESIAN_POINT ( 'NONE',  ( -0.4944322300693974000, 0.0000000000000000000, -0.01667532213660848800 ) ) ;
#401 = CARTESIAN_POINT ( 'NONE',  ( 0.01665349113075037900, 0.4997225842736728300, -0.07217862601951004200 ) ) ;
#402 = DIRECTION ( 'NONE',  ( 0.0000000000000000000, 0.0000000000000000000, -1.000000000000000000 ) ) ;
#403 = CARTESIAN_POINT ( 'NONE',  ( 0.04775747855821109400, 0.4977140295330487200, -0.06732038607862719800 ) ) ;
#404 = VERTEX_POINT ( 'NONE', #1163 ) ;
#405 = CARTESIAN_POINT ( 'NONE',  ( -0.04550539314580867600, 0.4979255638705893900, -0.08631867966963464900 ) ) ;
#406 = ORIENTED_EDGE ( 'NONE', *, *, #3082, .T. ) ;
#407 = CARTESIAN_POINT ( 'NONE',  ( 0.1846958516598500600, 0.4646368931751236300, -0.06725608587547854400 ) ) ;
#408 = ADVANCED_FACE ( 'NONE', ( #384 ), #2215, .T. ) ;
#409 =( NAMED_UNIT ( * ) SI_UNIT ( $, .STERADIAN. ) SOLID_ANGLE_UNIT ( ) );
#410 = VERTEX_POINT ( 'NONE', #651 ) ;
#411 = CARTESIAN_POINT ( 'NONE',  ( -0.05999963225985543300, 0.4963870394995156800, -0.04748645956728013400 ) ) ;
#412 = CARTESIAN_POINT ( 'NONE',  ( 0.06625340955855869900, 0.4955910468540223900, -0.09489213298498552800 ) ) ;
#413 = CARTESIAN_POINT ( 'NONE',  ( 0.2136024664316381300, 0.4520774118824351100, -0.04189395006554274400 ) ) ;
#414 = EDGE_CURVE ( 'NONE', #1796, #1854, #2061, .T. ) ;
#415 = CYLINDRICAL_SURFACE ( 'NONE', #3059, 0.5000000000000000000 ) ;
#416 = CARTESIAN_POINT ( 'NONE',  ( 0.4944322300693974000, 6.055048479497752000E-017, -0.01667532213660848800 ) ) ;
#417 = B_SPLINE_CURVE_WITH_KNOTS ( 'NONE', 3,
 ( #908, #441, #2855, #1408, #3091, #1631, #220, #1877, #448, #2126, #681, #2358, #914, #2617, #1164 ),
 .UNSPECIFIED., .F., .F.,
 ( 4, 2, 2, 2, 1, 2, 2, 4 ),
 ( 0.0000000000000000000, 0.1249999999999971100, 0.2499999999999942300, 0.4999999999999936700, 0.6249999999999879000, 0.6874999999999850100, 0.7499999999999821300, 1.000000000000000000 ),
 .UNSPECIFIED. ) ;
#418 = ORIENTED_EDGE ( 'NONE', *, *, #1177, .T. ) ;
#419 = AXIS2_PLACEMENT_3D ( 'NONE', #2601, #1145, #2849 ) ;
#420 = VECTOR ( 'NONE', #2311, 39.37007874015748100 ) ;
#421 = CARTESIAN_POINT ( 'NONE',  ( 0.04813963366851149000, 0.4976772154418666600, -0.08178179586471101500 ) ) ;
#422 = CARTESIAN_POINT ( 'NONE',  ( -0.06734034211994688300, 0.4954445309757133900, -0.04600087044721726200 ) ) ;
#423 = PERSON_AND_ORGANIZATION_ROLE ( 'creator' ) ;
#424 = VERTEX_POINT ( 'NONE', #1374 ) ;
#425 = CARTESIAN_POINT ( 'NONE',  ( 0.2144864510171319300, 0.4516587468734788400, -0.04556324829001433300 ) ) ;
#426 = CARTESIAN_POINT ( 'NONE',  ( 0.1768938557498381000, 0.4676628741877490400, -0.06786985655048478900 ) ) ;
#427 = ORIENTED_EDGE ( 'NONE', *, *, #607, .T. ) ;
#428 = CARTESIAN_POINT ( 'NONE',  ( -0.06342646950878996800, 0.4959607675670027500, -0.07630727910854699600 ) ) ;
#429 = DIRECTION ( 'NONE',  ( 1.000000000000000000, 0.0000000000000000000, 0.0000000000000000000 ) ) ;
#430 = EDGE_LOOP ( 'NONE', ( #2681, #2573, #2483, #467 ) ) ;
#431 = CARTESIAN_POINT ( 'NONE',  ( -0.1314788533420485100, 0.4824037213375488900, -0.05112308856535549600 ) ) ;
#432 = APPROVAL_DATE_TIME ( #1062, #671 ) ;
#433 = CARTESIAN_POINT ( 'NONE',  ( 0.1847906837189692300, 0.4645991855467203600, -0.06416974882387104000 ) ) ;
#434 = CARTESIAN_POINT ( 'NONE',  ( 0.1838138606386326400, 0.4649865635804640900, -0.05472979461576451400 ) ) ;
#435 = CARTESIAN_POINT ( 'NONE',  ( -0.08252072640065422100, 0.4931433276014703400, -0.08674007641762571100 ) ) ;
#436 = EDGE_LOOP ( 'NONE', ( #3097, #2380, #327, #2430 ) ) ;
#437 = AXIS2_PLACEMENT_3D ( 'NONE', #1738, #1490, #1016 ) ;
#438 = CARTESIAN_POINT ( 'NONE',  ( 0.1736438468672747400, 0.4688793566048236600, -0.08021642488332259000 ) ) ;
#439 = ORIENTED_EDGE ( 'NONE', *, *, #1795, .T. ) ;
#440 = EDGE_CURVE ( 'NONE', #931, #1936, #1735, .T. ) ;
#441 = CARTESIAN_POINT ( 'NONE',  ( -0.1406290804421953500, 0.4798162911137894800, -0.04190588836163584900 ) ) ;
#442 = VERTEX_POINT ( 'NONE', #1846 ) ;
#443 = EDGE_CURVE ( 'NONE', #2408, #1151, #1572, .T. ) ;
#444 = CARTESIAN_POINT ( 'NONE',  ( -0.1081629420542428300, 0.4881606067332455700, -0.06498601548044281900 ) ) ;
#445 = CARTESIAN_POINT ( 'NONE',  ( -0.1302194104504575100, 0.4827451761974792500, -0.06498601548044281900 ) ) ;
#446 = VERTEX_POINT ( 'NONE', #1596 ) ;
#447 = CARTESIAN_POINT ( 'NONE',  ( 0.1644948199181307000, 0.4721668915818941800, -0.08741330773001369800 ) ) ;
#448 = CARTESIAN_POINT ( 'NONE',  ( -0.1360041780652976900, 0.4811476212017356500, -0.04342828276978411700 ) ) ;
#449 = CARTESIAN_POINT ( 'NONE',  ( 0.0000000000000000000, 0.4944322300693972900, 0.09928952431693151300 ) ) ;
#450 = CYLINDRICAL_SURFACE ( 'NONE', #2340, 0.5000000000000000000 ) ;
#451 = DIRECTION ( 'NONE',  ( -0.0000000000000000000, -0.0000000000000000000, 1.000000000000000000 ) ) ;
#452 = VERTEX_POINT ( 'NONE', #2837 ) ;
#453 = CARTESIAN_POINT ( 'NONE',  ( -0.09525808659872329900, 0.4908426725300760700, -0.09481521579125362600 ) ) ;
#454 = ORIENTED_EDGE ( 'NONE', *, *, #2983, .F. ) ;
#455 = LINE ( 'NONE', #449, #1637 ) ;
#456 = EDGE_CURVE ( 'NONE', #1921, #396, #1496, .T. ) ;
#457 = CARTESIAN_POINT ( 'NONE',  ( -0.03907833265689095900, 0.4984769333625366200, -0.05072698055211655200 ) ) ;
#458 = LINE ( 'NONE', #1564, #2361 ) ;
#459 = DIRECTION ( 'NONE',  ( 0.09977314970630041200, 0.9950102102982080200, 0.0000000000000000000 ) ) ;
#460 = CARTESIAN_POINT ( 'NONE',  ( -0.08058137668046903800, 0.4934640396091075600, -0.04779053572336841600 ) ) ;
#461 = VERTEX_POINT ( 'NONE', #1608 ) ;
#462 = CARTESIAN_POINT ( 'NONE',  ( -0.1423802571189615200, 0.4792996416765715200, -0.03512581540302933000 ) ) ;
#463 = CARTESIAN_POINT ( 'NONE',  ( -0.08461750101376179500, 0.4927881693963407400, -0.08981907764638696900 ) ) ;
#464 = CARTESIAN_POINT ( 'NONE',  ( 0.1531807588022123200, 0.4759592238365143400, -0.03498476973869688000 ) ) ;
#465 = ADVANCED_FACE ( 'NONE', ( #2805 ), #858, .T. ) ;
#466 = CARTESIAN_POINT ( 'NONE',  ( -0.1231596249983121400, 0.4845943851123636300, -0.05792328544518016800 ) ) ;
#467 = ORIENTED_EDGE ( 'NONE', *, *, #1015, .F. ) ;
#468 = CARTESIAN_POINT ( 'NONE',  ( -0.09378239930730748700, 0.4911261588593739400, -0.03532372150294715900 ) ) ;
#469 = ORIENTED_EDGE ( 'NONE', *, *, #1087, .F. ) ;
#470 = CARTESIAN_POINT ( 'NONE',  ( -0.1152654939950501800, 0.4865325033744578000, -0.07221060547841683100 ) ) ;
#471 = ORIENTED_EDGE ( 'NONE', *, *, #667, .T. ) ;
#472 = DIRECTION ( 'NONE',  ( -0.0000000000000000000, -0.0000000000000000000, 1.000000000000000000 ) ) ;
#473 = CARTESIAN_POINT ( 'NONE',  ( -0.1542150146817534200, 0.4756237215296870700, -0.04159289168094102600 ) ) ;
#474 = CARTESIAN_POINT ( 'NONE',  ( 0.09436023547430746900, 0.4910154589166531600, -0.05758298483435041200 ) ) ;
#475 = CARTESIAN_POINT ( 'NONE',  ( -0.08259857339566195600, 0.4931302958052823900, -0.08687848731367688000 ) ) ;
#476 = AXIS2_PLACEMENT_3D ( 'NONE', #2119, #901, #1412 ) ;
#477 = CARTESIAN_POINT ( 'NONE',  ( 0.1596283839517475800, 0.4738341260788984700, -0.04113683316669357300 ) ) ;
#478 = CARTESIAN_POINT ( 'NONE',  ( -0.1295806273243007800, 0.4829181423213097000, -0.03954828700302484600 ) ) ;
#479 = CARTESIAN_POINT ( 'NONE',  ( -0.2171576038476028300, 0.4503804781417235500, -0.03507989797590011600 ) ) ;
#480 = CARTESIAN_POINT ( 'NONE',  ( -0.1088110810388513000, 0.4880176428900309100, -0.09042588979879216700 ) ) ;
#481 = B_SPLINE_CURVE_WITH_KNOTS ( 'NONE', 3,
 ( #1845, #2088, #1141, #2844, #1392, #3078, #1617, #204, #1861, #434, #2110, #664, #2345, #2815, #2697, #1243, #2933, #1482, #64, #1723, #298, #1971, #531, #2204, #765, #2449, #1003 ),
 .UNSPECIFIED., .F., .F.,
 ( 4, 1, 1, 2, 2, 2, 2, 2, 2, 2, 2, 1, 2, 2, 4 ),
 ( 0.0000000000000000000, 0.06249999999999916700, 0.09374999999999902900, 0.1093749999999990700, 0.1249999999999991100, 0.1874999999999987500, 0.2499999999999983900, 0.4999999999999982200, 0.6249999999999983300, 0.6874999999999987800, 0.7499999999999993300, 0.8124999999999997800, 0.8437499999999998900, 0.8749999999999998900, 1.000000000000000000 ),
 .UNSPECIFIED. ) ;
#482 = CARTESIAN_POINT ( 'NONE',  ( -0.1591753038998366700, 0.4739865224242069100, -0.06090909462046221300 ) ) ;
#483 = CARTESIAN_POINT ( 'NONE',  ( 0.1033010803681928000, 0.4892125357243164400, -0.07009107186793038500 ) ) ;
#484 = CARTESIAN_POINT ( 'NONE',  ( 0.1486157652898484100, 0.4774102061150656800, -0.09279263856258185300 ) ) ;
#485 = B_SPLINE_CURVE_WITH_KNOTS ( 'NONE', 3,
 ( #728, #497, #1934, #964, #2670, #1219, #2910, #1455, #40, #1692, #275, #1944, #507, #2180, #739 ),
 .UNSPECIFIED., .F., .F.,
 ( 4, 1, 2, 2, 2, 2, 2, 4 ),
 ( 0.0000000000000000000, 0.1249999999999994200, 0.1875000000000001700, 0.2500000000000009400, 0.5000000000000011100, 0.7500000000000012200, 0.8750000000000005600, 1.000000000000000000 ),
 .UNSPECIFIED. ) ;
#486 = ORIENTED_EDGE ( 'NONE', *, *, #2475, .T. ) ;
#487 = CARTESIAN_POINT ( 'NONE',  ( -0.1439998265260537500, 0.4788155555302093800, -0.08762153704865179000 ) ) ;
#488 = VERTEX_POINT ( 'NONE', #1414 ) ;
#489 = CIRCLE ( 'NONE', #2577, 0.4999999999999999400 ) ;
#490 = CARTESIAN_POINT ( 'NONE',  ( -0.05158664851537780900, 0.4973318686921697200, -0.06535512801641063500 ) ) ;
#491 = CARTESIAN_POINT ( 'NONE',  ( -0.09704815644879287400, 0.4904912387901445600, -0.09489213298498552800 ) ) ;
#492 = VECTOR ( 'NONE', #2024, 39.37007874015748100 ) ;
#493 = EDGE_CURVE ( 'NONE', #1577, #1260, #2143, .T. ) ;
#494 = DIRECTION ( 'NONE',  ( 1.000000000000000000, 0.0000000000000000000, 0.0000000000000000000 ) ) ;
#495 = CARTESIAN_POINT ( 'NONE',  ( -0.1302194104504575100, 0.4827451761974792500, -0.06498601548044281900 ) ) ;
#496 = CARTESIAN_POINT ( 'NONE',  ( 0.1294042373820611900, 0.4829643371069231600, -0.05099527145036767500 ) ) ;
#497 = CARTESIAN_POINT ( 'NONE',  ( 0.06679500024566235900, 0.4955187421700345500, -0.06159798348790853500 ) ) ;
#498 = EDGE_CURVE ( 'NONE', #2971, #1037, #2097, .T. ) ;
#499 = VERTEX_POINT ( 'NONE', #2130 ) ;
#500 = EDGE_CURVE ( 'NONE', #1166, #1649, #2379, .T. ) ;
#501 = ORIENTED_EDGE ( 'NONE', *, *, #2677, .T. ) ;
#502 = CARTESIAN_POINT ( 'NONE',  ( -0.1509481460565194600, 0.4766704533244060500, -0.07834443012990914600 ) ) ;
#503 = CARTESIAN_POINT ( 'NONE',  ( -0.04847863992591067200, 0.4976443544887179100, -0.09468931266164108700 ) ) ;
#504 = CARTESIAN_POINT ( 'NONE',  ( -0.1331049465837875200, 0.4819587973258230900, -0.09312088048817233900 ) ) ;
#505 = CARTESIAN_POINT ( 'NONE',  ( -0.1314710183163054800, 0.4824058169889239300, -0.07904410338222919700 ) ) ;
#506 = CARTESIAN_POINT ( 'NONE',  ( -0.08648334283689723700, 0.4924638404390529500, -0.05481986438257498800 ) ) ;
#507 = CARTESIAN_POINT ( 'NONE',  ( 0.07550353127943951200, 0.4942664077125344900, -0.06592709980136758600 ) ) ;
#508 = APPROVAL_PERSON_ORGANIZATION ( #1138, #671, #1850 ) ;
#509 = CARTESIAN_POINT ( 'NONE',  ( -0.03393011505942231100, 0.4988474219495699900, -0.08182543323215292500 ) ) ;
#510 = CARTESIAN_POINT ( 'NONE',  ( 0.1162556328261432800, 0.4862968515589967100, -0.07204849655252033900 ) ) ;
#511 = ORIENTED_EDGE ( 'NONE', *, *, #2205, .T. ) ;
#512 = VERTEX_POINT ( 'NONE', #2154 ) ;
#513 = CARTESIAN_POINT ( 'NONE',  ( -0.2097890996111911300, 0.4538599696494937100, -0.05164162588118000100 ) ) ;
#514 = EDGE_CURVE ( 'NONE', #1181, #2884, #2948, .T. ) ;
#515 = CARTESIAN_POINT ( 'NONE',  ( -0.1383222849408593500, 0.4804862411946860800, -0.08762642942818289800 ) ) ;
#516 = CARTESIAN_POINT ( 'NONE',  ( 0.1292741461013018100, 0.4829991824669729900, -0.05000447074033806400 ) ) ;
#517 = CARTESIAN_POINT ( 'NONE',  ( 0.0000000000000000000, 0.0000000000000000000, -0.01667532213660848800 ) ) ;
#518 = CARTESIAN_POINT ( 'NONE',  ( -0.08593149679912119600, 0.4925604338285595700, -0.06848629324172476900 ) ) ;
#519 = CARTESIAN_POINT ( 'NONE',  ( -0.1516458917417034800, 0.4764488817324841800, -0.05636081225835992000 ) ) ;
#520 = ORIENTED_EDGE ( 'NONE', *, *, #1650, .T. ) ;
#521 = PRODUCT_DEFINITION ( 'UNKNOWN', '', #1325, #3039 ) ;
#522 = CARTESIAN_POINT ( 'NONE',  ( 0.1028212716994146400, 0.4893136028442624000, -0.05817552804807343100 ) ) ;
#523 = B_SPLINE_CURVE_WITH_KNOTS ( 'NONE', 3,
 ( #1361, #2627, #2363, #1050, #1097, #23, #666, #1038, #1707, #1055, #669, #1222, #2040, #1376, #548, #1678, #570, #1315, #103, #1383, #175, #1968, #3079, #921, #2564, #1099, #2706, #627, #444 ),
 .UNSPECIFIED., .F., .F.,
 ( 4, 2, 2, 2, 2, 2, 2, 1, 1, 2, 2, 1, 1, 1, 2, 2, 4 ),
 ( 0.0000000000000000000, 0.03124999999999945900, 0.06249999999999891800, 0.1249999999999993100, 0.2500000000000010500, 0.3125000000000030500, 0.3750000000000051100, 0.4375000000000071100, 0.4687500000000081000, 0.4843750000000083300, 0.5000000000000085500, 0.6250000000000062200, 0.6875000000000043300, 0.7187500000000034400, 0.7343750000000030000, 0.7500000000000026600, 1.000000000000000000 ),
 .UNSPECIFIED. ) ;
#524 = CARTESIAN_POINT ( 'NONE',  ( -0.06386775880892922600, 0.4959042565009811300, -0.06327145012208310000 ) ) ;
#525 = DIRECTION ( 'NONE',  ( 0.09977314970630221700, 0.9950102102982079100, 0.0000000000000000000 ) ) ;
#526 = CARTESIAN_POINT ( 'NONE',  ( 0.1173802070822961800, 0.4860269275252157600, -0.03583753444796337900 ) ) ;
#527 = CARTESIAN_POINT ( 'NONE',  ( -0.1080249583611272900, 0.4881911613824618800, -0.05956360336389613500 ) ) ;
#528 = CARTESIAN_POINT ( 'NONE',  ( 0.07154950748641564200, 0.4948541886035232000, -0.04340818386324111300 ) ) ;
#529 = VECTOR ( 'NONE', #2756, 39.37007874015748100 ) ;
#530 = CARTESIAN_POINT ( 'NONE',  ( -0.05089948236399370600, 0.4974025150720138300, -0.05930722437400074600 ) ) ;
#531 = CARTESIAN_POINT ( 'NONE',  ( 0.1654941538742303300, 0.4718176566322038200, -0.03503448605401333900 ) ) ;
#532 = CARTESIAN_POINT ( 'NONE',  ( 0.2386967924118972600, 0.4393447863492539500, -0.09413501608613632200 ) ) ;
#533 = CIRCLE ( 'NONE', #1175, 0.5000000000000001100 ) ;
#534 = CIRCLE ( 'NONE', #1456, 0.5000000000000000000 ) ;
#535 = CARTESIAN_POINT ( 'NONE',  ( 0.009084902827491889800, 0.4999174577273882700, -0.09413501608613632200 ) ) ;
#536 = VERTEX_POINT ( 'NONE', #477 ) ;
#537 = CARTESIAN_POINT ( 'NONE',  ( -0.03832347752404785500, 0.4985355355922235200, -0.07773081661107071600 ) ) ;
#538 = CARTESIAN_POINT ( 'NONE',  ( -0.1064421185286718000, 0.4885387617582895900, -0.04938511180696208300 ) ) ;
#539 = CARTESIAN_POINT ( 'NONE',  ( -0.06008732881273522200, 0.4963763841051164700, -0.05300650324659621200 ) ) ;
#540 = AXIS2_PLACEMENT_3D ( 'NONE', #705, #2389, #941 ) ;
#541 = ORIENTED_EDGE ( 'NONE', *, *, #1894, .T. ) ;
#542 = EDGE_CURVE ( 'NONE', #2438, #2729, #1827, .T. ) ;
#543 = CARTESIAN_POINT ( 'NONE',  ( 0.0000000000000000000, 0.0000000000000000000, -0.07596421051375595900 ) ) ;
#544 = EDGE_CURVE ( 'NONE', #1317, #2727, #1278, .T. ) ;
#545 = DIRECTION ( 'NONE',  ( -0.0000000000000000000, 1.224606353822377300E-016, -1.000000000000000000 ) ) ;
#546 = CARTESIAN_POINT ( 'NONE',  ( 0.0000000000000000000, -3.461046956879563400E-018, -0.01110755220600587200 ) ) ;
#547 = CARTESIAN_POINT ( 'NONE',  ( -0.09771664900932139400, 0.4903590934878485100, -0.04191730415726176200 ) ) ;
#548 = CARTESIAN_POINT ( 'NONE',  ( -0.1061460694666528100, 0.4886032021692205400, -0.08146164397719321500 ) ) ;
#549 = CARTESIAN_POINT ( 'NONE',  ( -0.06791246309225103300, 0.4953664276701855200, -0.05051146065023997400 ) ) ;
#550 = CARTESIAN_POINT ( 'NONE',  ( -0.09651577705737675300, 0.4905964902679396100, -0.04190588836163303800 ) ) ;
#551 = CARTESIAN_POINT ( 'NONE',  ( -0.1307958941680539800, 0.4825893770745006100, -0.09154312146670713600 ) ) ;
#552 = CARTESIAN_POINT ( 'NONE',  ( 0.06278979725359873400, 0.4960425778794646500, -0.08768697351409805700 ) ) ;
#553 = B_SPLINE_CURVE_WITH_KNOTS ( 'NONE', 3,
 ( #1150, #1871, #2353, #911 ),
 .UNSPECIFIED., .F., .F.,
 ( 4, 4 ),
 ( 0.0000000000000000000, 1.000000000000000000 ),
 .UNSPECIFIED. ) ;
#554 = EDGE_CURVE ( 'NONE', #66, #1880, #702, .T. ) ;
#555 = CARTESIAN_POINT ( 'NONE',  ( -0.06335031284834244400, 0.4959740345224758500, -0.09150718747862766900 ) ) ;
#556 = CARTESIAN_POINT ( 'NONE',  ( -0.06757419632122743700, 0.4954127213029425600, -0.05320488499062200900 ) ) ;
#557 = VERTEX_POINT ( 'NONE', #2935 ) ;
#558 = CARTESIAN_POINT ( 'NONE',  ( -0.09087104334340311000, 0.4916731275960853900, -0.04414983347997047900 ) ) ;
#559 = CARTESIAN_POINT ( 'NONE',  ( 0.05442000312282873500, 0.4970296404679642200, -0.07534353064686216700 ) ) ;
#560 = CARTESIAN_POINT ( 'NONE',  ( -0.04101799563026013000, 0.4983147161911387100, -0.07828718120133618100 ) ) ;
#561 = VECTOR ( 'NONE', #768, 39.37007874015748100 ) ;
#562 = CARTESIAN_POINT ( 'NONE',  ( 0.05206940789732532300, 0.4972814758311033300, -0.08858067666148222700 ) ) ;
#563 = CARTESIAN_POINT ( 'NONE',  ( -0.04236604647255783800, 0.4982018960937507100, -0.04801267650921915000 ) ) ;
#564 = CARTESIAN_POINT ( 'NONE',  ( 0.02371714736223321300, 0.4995244648308541100, -0.04795088525633620800 ) ) ;
#565 = CIRCLE ( 'NONE', #1547, 0.4999999999999999400 ) ;
#566 = CARTESIAN_POINT ( 'NONE',  ( 0.07535108914710517100, 0.4942898939803209200, -0.08290266484612932000 ) ) ;
#567 = VERTEX_POINT ( 'NONE', #532 ) ;
#568 = CARTESIAN_POINT ( 'NONE',  ( -0.1464647943224848800, 0.4780678758465768400, -0.04361116630642521100 ) ) ;
#569 = CARTESIAN_POINT ( 'NONE',  ( -0.1591057735584309700, 0.4740098658095471300, -0.06937274013245237100 ) ) ;
#570 = CARTESIAN_POINT ( 'NONE',  ( -0.1066430885390893000, 0.4884948863885857400, -0.07994316405072020300 ) ) ;
#571 = ORIENTED_EDGE ( 'NONE', *, *, #1152, .T. ) ;
#572 = EDGE_CURVE ( 'NONE', #982, #2266, #313, .T. ) ;
#573 = CARTESIAN_POINT ( 'NONE',  ( 0.06377698867646514100, 0.4959158456194158700, -0.09476733414479990300 ) ) ;
#574 = CARTESIAN_POINT ( 'NONE',  ( 0.1267869433273588800, 0.4836582137900740100, -0.08317243004389079900 ) ) ;
#575 = AXIS2_PLACEMENT_3D ( 'NONE', #148, #2052, #368 ) ;
#576 = DIRECTION ( 'NONE',  ( 1.000000000000000000, 0.0000000000000000000, 0.0000000000000000000 ) ) ;
#577 = B_SPLINE_CURVE_WITH_KNOTS ( 'NONE', 3,
 ( #2431, #745, #1236, #2928 ),
 .UNSPECIFIED., .F., .F.,
 ( 4, 4 ),
 ( 0.0000000000000000000, 1.000000000000000000 ),
 .UNSPECIFIED. ) ;
#578 = CARTESIAN_POINT ( 'NONE',  ( 0.07452208091247529400, 0.4944152702500950200, -0.05870431121030350600 ) ) ;
#579 = CARTESIAN_POINT ( 'NONE',  ( -0.1563356470650058600, 0.4749307009192117500, -0.08432395197316380800 ) ) ;
#580 = B_SPLINE_CURVE_WITH_KNOTS ( 'NONE', 3,
 ( #909, #2115, #1156, #2856 ),
 .UNSPECIFIED., .F., .F.,
 ( 4, 4 ),
 ( 0.0000000000000000000, 1.000000000000000000 ),
 .UNSPECIFIED. ) ;
#581 = UNCERTAINTY_MEASURE_WITH_UNIT (LENGTH_MEASURE( 1.000000000000000100E-005 ), #176, 'distance_accuracy_value', 'NONE');
#582 = CARTESIAN_POINT ( 'NONE',  ( 0.1132789679388245700, 0.4869997320017842600, -0.04200513023657339400 ) ) ;
#583 = DIRECTION ( 'NONE',  ( 1.000000000000000000, 0.0000000000000000000, 0.0000000000000000000 ) ) ;
#584 = CARTESIAN_POINT ( 'NONE',  ( 0.0000000000000000000, -1.698034309221998900E-017, 0.09928952431693144300 ) ) ;
#585 = ORIENTED_EDGE ( 'NONE', *, *, #1465, .F. ) ;
#586 = CARTESIAN_POINT ( 'NONE',  ( 0.06596142335145456500, 0.4956301391521367700, -0.05487126911934329200 ) ) ;
#587 = CARTESIAN_POINT ( 'NONE',  ( -0.1439438797195523900, 0.4788321230440121800, -0.09471158870418280900 ) ) ;
#588 = AXIS2_PLACEMENT_3D ( 'NONE', #3045, #2078, #637 ) ;
#589 = CARTESIAN_POINT ( 'NONE',  ( 0.1220740440876597500, 0.4848689867527954400, -0.05083777325070552200 ) ) ;
#590 = CARTESIAN_POINT ( 'NONE',  ( -0.1241431247575381400, 0.4843433703024112600, -0.07869658501934749500 ) ) ;
#591 = EDGE_CURVE ( 'NONE', #1898, #603, #2290, .T. ) ;
#592 = CARTESIAN_POINT ( 'NONE',  ( -0.1094859473187165500, 0.4878656638252379400, -0.04035247779502136600 ) ) ;
#593 = CARTESIAN_POINT ( 'NONE',  ( 0.1008452221844223100, 0.4897246730778623300, -0.05002963973056963300 ) ) ;
#594 = CARTESIAN_POINT ( 'NONE',  ( -0.05574748671337395600, 0.4968826214429841700, -0.08754277487120909500 ) ) ;
#595 = CARTESIAN_POINT ( 'NONE',  ( 0.1066351846901101600, 0.4884969283119324800, -0.03547448320187303300 ) ) ;
#596 = ORIENTED_EDGE ( 'NONE', *, *, #2318, .F. ) ;
#597 = LINE ( 'NONE', #1056, #529 ) ;
#598 = FACE_OUTER_BOUND ( 'NONE', #863, .T. ) ;
#599 = FACE_OUTER_BOUND ( 'NONE', #1088, .T. ) ;
#600 = CARTESIAN_POINT ( 'NONE',  ( -0.1149612223552420000, 0.4866044778319956700, -0.05484469708974028900 ) ) ;
#601 = CARTESIAN_POINT ( 'NONE',  ( 0.1071344164012498100, 0.4883874394556826400, -0.04254314710343577700 ) ) ;
#602 = CARTESIAN_POINT ( 'NONE',  ( -0.04791615861567013300, 0.4976987906413052900, -0.03534145874691317600 ) ) ;
#603 = VERTEX_POINT ( 'NONE', #2946 ) ;
#604 = DIRECTION ( 'NONE',  ( 0.0000000000000000000, -1.224606353822377300E-016, 1.000000000000000000 ) ) ;
#605 = CARTESIAN_POINT ( 'NONE',  ( 0.09345691232902979300, 0.4911881587573475000, -0.04913953148526852700 ) ) ;
#606 = ORIENTED_EDGE ( 'NONE', *, *, #1419, .T. ) ;
#607 = EDGE_CURVE ( 'NONE', #452, #2451, #2873, .T. ) ;
#608 = B_SPLINE_CURVE_WITH_KNOTS ( 'NONE', 3,
 ( #954, #20, #518, #678, #2696, #2954, #2424, #264, #1935, #61, #845, #1240, #2657, #918, #2364, #1721, #206, #3036, #990, #2412, #2550, #1904, #1194, #2653, #2638, #2625, #2397, #2159, #2133, #1930, #1426, #949 ),
 .UNSPECIFIED., .F., .F.,
 ( 4, 1, 1, 1, 2, 2, 1, 1, 1, 2, 2, 2, 2, 2, 2, 2, 2, 2, 4 ),
 ( 0.0000000000000000000, 0.1249999999999961700, 0.1874999999999938700, 0.2187499999999926400, 0.2343749999999926200, 0.2499999999999926200, 0.3749999999999896700, 0.4374999999999882900, 0.4687499999999876200, 0.4843749999999869000, 0.4999999999999861200, 0.5624999999999883400, 0.6249999999999904500, 0.7499999999999940000, 0.8124999999999953400, 0.8749999999999965600, 0.9062499999999975600, 0.9374999999999984500, 1.000000000000000000 ),
 .UNSPECIFIED. ) ;
#609 = CARTESIAN_POINT ( 'NONE',  ( -0.2155338456908276200, 0.4511621169181354600, -0.04971749135365097900 ) ) ;
#610 = CARTESIAN_POINT ( 'NONE',  ( 0.1717493362606034000, 0.4695791571455317800, -0.04592278113876407200 ) ) ;
#611 = CARTESIAN_POINT ( 'NONE',  ( 0.0000000000000000000, 0.0000000000000000000, -0.1125395919254232500 ) ) ;
#612 = ORIENTED_EDGE ( 'NONE', *, *, #689, .T. ) ;
#613 = CARTESIAN_POINT ( 'NONE',  ( 0.1112664422208958800, 0.4874627654722514800, -0.07720685980037009200 ) ) ;
#614 = CARTESIAN_POINT ( 'NONE',  ( 0.1571964638626774900, 0.4746480914799756100, -0.08791915165283753500 ) ) ;
#615 = CARTESIAN_POINT ( 'NONE',  ( -0.07868766427511962600, 0.4937694321124522800, -0.07186710619502684200 ) ) ;
#616 = CARTESIAN_POINT ( 'NONE',  ( 0.06935172996759271500, 0.4951670701808052500, -0.09469732615398443500 ) ) ;
#617 = VERTEX_POINT ( 'NONE', #77 ) ;
#618 = ORIENTED_EDGE ( 'NONE', *, *, #498, .T. ) ;
#619 = CARTESIAN_POINT ( 'NONE',  ( 0.1655712014078135100, 0.4717915384293601700, -0.09431091317705515800 ) ) ;
#620 = CARTESIAN_POINT ( 'NONE',  ( 0.1767335296341648900, 0.4677234887535022800, -0.05929282074910281100 ) ) ;
#621 = ORIENTED_EDGE ( 'NONE', *, *, #1320, .F. ) ;
#622 = CARTESIAN_POINT ( 'NONE',  ( 0.06427047175053882100, 0.4958525490403236600, -0.06167083403729334300 ) ) ;
#623 = CARTESIAN_POINT ( 'NONE',  ( 0.1160775007481181600, 0.4863398901784292700, -0.08136327399299639300 ) ) ;
#624 = ORIENTED_EDGE ( 'NONE', *, *, #3056, .F. ) ;
#625 = ORIENTED_EDGE ( 'NONE', *, *, #755, .T. ) ;
#626 = CARTESIAN_POINT ( 'NONE',  ( 0.08378049991832080300, 0.4929308581430578700, -0.08184123173157391300 ) ) ;
#627 = CARTESIAN_POINT ( 'NONE',  ( -0.1081439426703977600, 0.4881648164732893000, -0.06794999881063079600 ) ) ;
#628 = ORIENTED_EDGE ( 'NONE', *, *, #245, .F. ) ;
#629 = AXIS2_PLACEMENT_3D ( 'NONE', #1882, #1447, #29 ) ;
#630 = CARTESIAN_POINT ( 'NONE',  ( 0.1816964318689232600, 0.4658181913268190100, -0.08049520508661692200 ) ) ;
#631 = CARTESIAN_POINT ( 'NONE',  ( 0.01665349113075037900, 0.4997225842736728300, -0.09413501608613632200 ) ) ;
#632 = DIRECTION ( 'NONE',  ( 0.4186935025871246200, 0.9081276071628510100, 0.0000000000000000000 ) ) ;
#633 = CIRCLE ( 'NONE', #1289, 0.5000000000000000000 ) ;
#634 = CARTESIAN_POINT ( 'NONE',  ( -0.2037554365464989100, 0.4566001774832612000, -0.06915015842411333100 ) ) ;
#635 = CARTESIAN_POINT ( 'NONE',  ( -0.03466628763089080200, 0.4987968044444434100, -0.04755378437583755700 ) ) ;
#636 = CARTESIAN_POINT ( 'NONE',  ( 0.0000000000000000000, 0.5000000000000000000, 0.09372175438632884800 ) ) ;
#637 = DIRECTION ( 'NONE',  ( 0.0000000000000000000, -1.000000000000000000, -2.024624379285791500E-016 ) ) ;
#638 = ORIENTED_EDGE ( 'NONE', *, *, #227, .T. ) ;
#639 = LINE ( 'NONE', #1369, #22 ) ;
#640 = ADVANCED_FACE ( 'NONE', ( #2724 ), #1431, .T. ) ;
#641 = CARTESIAN_POINT ( 'NONE',  ( -0.04704953450113938400, 0.4977815207992649600, -0.08716067241541239400 ) ) ;
#642 = VERTEX_POINT ( 'NONE', #1258 ) ;
#643 = B_SPLINE_CURVE_WITH_KNOTS ( 'NONE', 3,
 ( #778, #1283, #562, #2236, #793, #2484, #1039, #2742, #1293, #2981, #1520, #106, #1768, #337, #2014, #573, #2249, #804, #2494, #1053 ),
 .UNSPECIFIED., .F., .F.,
 ( 4, 1, 2, 2, 2, 2, 2, 1, 2, 2, 4 ),
 ( 0.0000000000000000000, 0.06249999999999608600, 0.09374999999999526800, 0.1249999999999944500, 0.2499999999999942300, 0.4999999999999948900, 0.7499999999999954500, 0.8124999999999971100, 0.8437499999999971100, 0.8749999999999971100, 1.000000000000000000 ),
 .UNSPECIFIED. ) ;
#644 = CARTESIAN_POINT ( 'NONE',  ( 0.1847749243225796400, 0.4646054537230848200, -0.06542963479295491000 ) ) ;
#645 = CARTESIAN_POINT ( 'NONE',  ( -0.05353337828012896800, 0.4971259669984404200, -0.03521368751794831700 ) ) ;
#646 = APPLICATION_PROTOCOL_DEFINITION ( 'international standard', 'config_control_design', 1994, #879 ) ;
#647 = ORIENTED_EDGE ( 'NONE', *, *, #1348, .F. ) ;
#648 = CARTESIAN_POINT ( 'NONE',  ( -0.05869678120359135600, 0.4965435401388949000, -0.04498106692947802900 ) ) ;
#649 = DIRECTION ( 'NONE',  ( -1.000000000000000000, 0.0000000000000000000, 0.0000000000000000000 ) ) ;
#650 = EDGE_CURVE ( 'NONE', #2904, #2112, #168, .T. ) ;
#651 = CARTESIAN_POINT ( 'NONE',  ( 0.1878315803145100800, 0.4633781365543197000, -0.09413501608613632200 ) ) ;
#652 = EDGE_CURVE ( 'NONE', #2884, #1262, #784, .T. ) ;
#653 = DIRECTION ( 'NONE',  ( -0.0000000000000000000, 1.224606353822377300E-016, -1.000000000000000000 ) ) ;
#654 = EDGE_CURVE ( 'NONE', #2924, #2493, #2730, .T. ) ;
#655 = CARTESIAN_POINT ( 'NONE',  ( 0.04882408652312014000, 0.4976105555875098300, -0.08350163075600643100 ) ) ;
#656 = CARTESIAN_POINT ( 'NONE',  ( -0.06755314609256819800, 0.4954155572217341900, -0.04678371701222666000 ) ) ;
#657 = APPROVAL_STATUS ( 'not_yet_approved' ) ;
#658 = CARTESIAN_POINT ( 'NONE',  ( 0.2152647118370455700, 0.4512883079059682400, -0.04796728770243675900 ) ) ;
#659 = CARTESIAN_POINT ( 'NONE',  ( 0.0000000000000000000, 0.0000000000000000000, -0.07596421051375594500 ) ) ;
#660 = CARTESIAN_POINT ( 'NONE',  ( 0.1768708362664121700, 0.4676715808357256900, -0.06820824549057337400 ) ) ;
#661 = CARTESIAN_POINT ( 'NONE',  ( -0.1310077760324420100, 0.4825318303946132300, -0.05348453869579983900 ) ) ;
#662 = VERTEX_POINT ( 'NONE', #1291 ) ;
#663 = DIRECTION ( 'NONE',  ( -0.0000000000000000000, -0.0000000000000000000, 1.000000000000000000 ) ) ;
#664 = CARTESIAN_POINT ( 'NONE',  ( 0.1822755894246511900, 0.4655931003094948000, -0.04913775622379339800 ) ) ;
#665 = CARTESIAN_POINT ( 'NONE',  ( 0.06154587042878926400, 0.4961977192038444800, -0.05494352625498538600 ) ) ;
#666 = CARTESIAN_POINT ( 'NONE',  ( -0.09996341669972541600, 0.4899057068242352900, -0.08762153704865059700 ) ) ;
#667 = EDGE_CURVE ( 'NONE', #1404, #2228, #2155, .T. ) ;
#668 = CIRCLE ( 'NONE', #1857, 0.5000000000000000000 ) ;
#669 = CARTESIAN_POINT ( 'NONE',  ( -0.1042786315071614200, 0.4890052191573321400, -0.08454671123495344200 ) ) ;
#670 = CARTESIAN_POINT ( 'NONE',  ( 0.1727125335637477200, 0.4692233879775591900, -0.08169828122123291800 ) ) ;
#671 = APPROVAL ( #191, 'UNSPECIFIED' ) ;
#672 = FACE_OUTER_BOUND ( 'NONE', #108, .T. ) ;
#673 = CARTESIAN_POINT ( 'NONE',  ( -0.2086589527926642500, 0.4543802828242755600, -0.03507989797590011600 ) ) ;
#674 = CARTESIAN_POINT ( 'NONE',  ( 0.0000000000000000000, -0.5000000000000000000, -0.01110755220600593400 ) ) ;
#675 = FACE_OUTER_BOUND ( 'NONE', #2032, .T. ) ;
#676 = CARTESIAN_POINT ( 'NONE',  ( 0.03302881650745640600, 0.4989079046077710700, -0.07217862601951004200 ) ) ;
#677 = DIRECTION ( 'NONE',  ( -0.0000000000000000000, -0.0000000000000000000, 1.000000000000000000 ) ) ;
#678 = CARTESIAN_POINT ( 'NONE',  ( -0.08601792768310122200, 0.4925453457665628900, -0.07045736216797012000 ) ) ;
#679 = VERTEX_POINT ( 'NONE', #1981 ) ;
#680 = CARTESIAN_POINT ( 'NONE',  ( 0.1627638990238222100, 0.4727675658317439000, -0.08787548538181232100 ) ) ;
#681 = CARTESIAN_POINT ( 'NONE',  ( -0.1352774720056311200, 0.4813522904990013000, -0.04399827108616750200 ) ) ;
#682 = CARTESIAN_POINT ( 'NONE',  ( -0.07849173559349284500, 0.4938006154410167200, -0.06118949260367840400 ) ) ;
#683 = CALENDAR_DATE ( 2016, 30, 9 ) ;
#684 = CARTESIAN_POINT ( 'NONE',  ( -0.09388318609840452800, 0.4911069324853575300, -0.09466331591720772400 ) ) ;
#685 = CARTESIAN_POINT ( 'NONE',  ( -0.07865859062087521300, 0.4937740640509474300, -0.07150806951339581900 ) ) ;
#686 = AXIS2_PLACEMENT_3D ( 'NONE', #517, #1677, #2695 ) ;
#687 = CARTESIAN_POINT ( 'NONE',  ( 0.0000000000000000000, 0.0000000000000000000, -0.09413501608613632200 ) ) ;
#688 = EDGE_LOOP ( 'NONE', ( #317, #2186, #1948, #223, #418 ) ) ;
#689 = EDGE_CURVE ( 'NONE', #291, #1115, #1586, .T. ) ;
#690 = ORIENTED_EDGE ( 'NONE', *, *, #1198, .F. ) ;
#691 = CARTESIAN_POINT ( 'NONE',  ( -0.1229039914483216100, 0.4846592710086261600, -0.06396921460790532000 ) ) ;
#692 = CARTESIAN_POINT ( 'NONE',  ( -0.08125067696531712600, 0.4933541655576183500, -0.04601470977705610800 ) ) ;
#693 = DIRECTION ( 'NONE',  ( -0.0000000000000000000, -0.0000000000000000000, 1.000000000000000000 ) ) ;
#694 = ADVANCED_FACE ( 'NONE', ( #165, #2636 ), #93, .T. ) ;
#695 = CARTESIAN_POINT ( 'NONE',  ( -0.1432640894722376200, 0.4790359391516465500, -0.03519205468322191700 ) ) ;
#696 = CARTESIAN_POINT ( 'NONE',  ( 0.05607729149108536800, 0.4968465358359877000, -0.05671846396499059800 ) ) ;
#697 = DIRECTION ( 'NONE',  ( 8.659560562354878600E-017, 0.7071067811865430200, 0.7071067811865520100 ) ) ;
#698 = CARTESIAN_POINT ( 'NONE',  ( 0.1473989266756269300, 0.4777841846762126400, -0.03721342457958688000 ) ) ;
#699 = CARTESIAN_POINT ( 'NONE',  ( -0.1233799561845527200, 0.4845383253293345500, -0.05583971084462451000 ) ) ;
#700 = CARTESIAN_POINT ( 'NONE',  ( -0.09443995531481763600, 0.4910001207506072300, -0.03522880513089995900 ) ) ;
#701 = CARTESIAN_POINT ( 'NONE',  ( -0.1150534227099555700, 0.4865826877288597100, -0.07423191274930129900 ) ) ;
#702 = B_SPLINE_CURVE_WITH_KNOTS ( 'NONE', 3,
 ( #1909, #1698, #300, #1973 ),
 .UNSPECIFIED., .F., .F.,
 ( 4, 4 ),
 ( 0.0000000000000000000, 1.000000000000000000 ),
 .UNSPECIFIED. ) ;
#703 = CARTESIAN_POINT ( 'NONE',  ( -0.1553919992007874200, 0.4752403233614038200, -0.04371910930880498800 ) ) ;
#704 = CARTESIAN_POINT ( 'NONE',  ( 0.09523981858644645100, 0.4908457678455350700, -0.05977065348066890000 ) ) ;
#705 = CARTESIAN_POINT ( 'NONE',  ( 0.0000000000000000000, 0.0000000000000000000, -0.01667532213660848800 ) ) ;
#706 = CIRCLE ( 'NONE', #943, 0.5000000000000000000 ) ;
#707 = EDGE_CURVE ( 'NONE', #2867, #1100, #2073, .T. ) ;
#708 = CARTESIAN_POINT ( 'NONE',  ( -0.1415191818017224300, 0.4795544489509739300, -0.08806338373844971300 ) ) ;
#709 = ADVANCED_FACE ( 'NONE', ( #1915 ), #710, .T. ) ;
#710 = SPHERICAL_SURFACE ( 'NONE', #588, 5.397244094488188500 ) ;
#711 = CARTESIAN_POINT ( 'NONE',  ( -0.1332633023786298800, 0.4819156771557496200, -0.03675624900537200600 ) ) ;
#712 = CARTESIAN_POINT ( 'NONE',  ( 0.0000000000000000000, 0.0000000000000000000, -0.09413501608613633600 ) ) ;
#713 = VERTEX_POINT ( 'NONE', #1565 ) ;
#714 = CARTESIAN_POINT ( 'NONE',  ( -0.1057403949959690300, 0.4886915391459811200, -0.09278934117843776200 ) ) ;
#715 = CARTESIAN_POINT ( 'NONE',  ( -0.1363894599605821000, 0.4810400112977888900, -0.09436859764855956600 ) ) ;
#716 = CARTESIAN_POINT ( 'NONE',  ( 0.0000000000000000000, -3.461046956879563400E-018, -0.01110755220600587200 ) ) ;
#717 = CARTESIAN_POINT ( 'NONE',  ( 0.1037474752040532500, 0.4891180528420691100, -0.07051916459384154100 ) ) ;
#718 = CARTESIAN_POINT ( 'NONE',  ( 0.1537352959588198200, 0.4757808858962049300, -0.09439006985084569300 ) ) ;
#719 = CARTESIAN_POINT ( 'NONE',  ( -0.1464794325996448300, 0.4780634322018533800, -0.08631289452680641900 ) ) ;
#720 = VERTEX_POINT ( 'NONE', #873 ) ;
#721 = CARTESIAN_POINT ( 'NONE',  ( -0.05028703400624234800, 0.4974648901483791400, -0.06550648473602255200 ) ) ;
#722 = DIRECTION ( 'NONE',  ( -0.0000000000000000000, -0.0000000000000000000, 1.000000000000000000 ) ) ;
#723 = CARTESIAN_POINT ( 'NONE',  ( -0.1300908917911090800, 0.4827798842021266400, -0.09095020462635414200 ) ) ;
#724 = ORIENTED_EDGE ( 'NONE', *, *, #1527, .T. ) ;
#725 = EDGE_CURVE ( 'NONE', #2926, #1170, #1034, .T. ) ;
#726 = CARTESIAN_POINT ( 'NONE',  ( -0.1302666406802990000, 0.4827324366990333200, -0.06848629324210310500 ) ) ;
#727 = CARTESIAN_POINT ( 'NONE',  ( -0.08839961017380638900, 0.4921235054417586500, -0.04749609178739869200 ) ) ;
#728 = CARTESIAN_POINT ( 'NONE',  ( 0.06617132919729340500, 0.4956020129017470500, -0.06157898943562149800 ) ) ;
#729 = CARTESIAN_POINT ( 'NONE',  ( 0.1468205995337579000, 0.4779579079961306400, -0.04963818947157786600 ) ) ;
#730 = AXIS2_PLACEMENT_3D ( 'NONE', #781, #2464, #1021 ) ;
#731 = CARTESIAN_POINT ( 'NONE',  ( -0.1515417564425820300, 0.4764820098023054300, -0.07457938129806862500 ) ) ;
#732 = CARTESIAN_POINT ( 'NONE',  ( -0.04596101451933554800, 0.4978842736718389600, -0.09419426607332702400 ) ) ;
#733 = CARTESIAN_POINT ( 'NONE',  ( -0.05404950652744412700, 0.4970703670691298800, -0.06539322108263219400 ) ) ;
#734 = CARTESIAN_POINT ( 'NONE',  ( -0.2124386692750993600, 0.4526254683802739500, -0.04399415164716800900 ) ) ;
#735 = CARTESIAN_POINT ( 'NONE',  ( -0.1289787265655186500, 0.4830784506354511300, -0.08981907764696940600 ) ) ;
#736 = CARTESIAN_POINT ( 'NONE',  ( -0.05332805724783865100, 0.4971488073342911800, -0.06533758300350686600 ) ) ;
#737 = CARTESIAN_POINT ( 'NONE',  ( -0.1317112167159466600, 0.4823403261586972600, -0.07996560311030445600 ) ) ;
#738 = CARTESIAN_POINT ( 'NONE',  ( -0.08619809664498145900, 0.4925138541214211200, -0.05723057774238225800 ) ) ;
#739 = CARTESIAN_POINT ( 'NONE',  ( 0.07617105541825382200, 0.4941639103743507000, -0.06687880772756577000 ) ) ;
#740 = ORIENTED_EDGE ( 'NONE', *, *, #1381, .T. ) ;
#741 = ORIENTED_EDGE ( 'NONE', *, *, #1670, .F. ) ;
#742 = CARTESIAN_POINT ( 'NONE',  ( -0.03345727451199425500, 0.4988793836119493300, -0.07962522331038000800 ) ) ;
#743 = CARTESIAN_POINT ( 'NONE',  ( 0.1088585580492804200, 0.4880068251162497700, -0.06530240995461833500 ) ) ;
#744 = FACE_BOUND ( 'NONE', #1308, .T. ) ;
#745 = CARTESIAN_POINT ( 'NONE',  ( -0.2202797164726995000, 0.4488657975394689800, -0.06397652628197723900 ) ) ;
#746 = CARTESIAN_POINT ( 'NONE',  ( -0.1284481746273784300, 0.4832194806036843000, -0.08920192629207214500 ) ) ;
#747 = CIRCLE ( 'NONE', #2708, 0.5000000000000000000 ) ;
#748 = CARTESIAN_POINT ( 'NONE',  ( -0.1392253478106661700, 0.4802253102257083600, -0.08787801291204180900 ) ) ;
#749 = CARTESIAN_POINT ( 'NONE',  ( 0.1290458788760720500, 0.4830602068250977600, -0.04869596032111642900 ) ) ;
#750 = CARTESIAN_POINT ( 'NONE',  ( -0.04905470662638689700, 0.4975879493827060100, -0.05936284517961503600 ) ) ;
#751 = DIRECTION ( 'NONE',  ( -0.0000000000000000000, -0.0000000000000000000, 1.000000000000000000 ) ) ;
#752 = AXIS2_PLACEMENT_3D ( 'NONE', #2585, #1127, #2834 ) ;
#753 = FACE_BOUND ( 'NONE', #1753, .T. ) ;
#754 = CARTESIAN_POINT ( 'NONE',  ( -0.1510878524191810700, 0.4766261458852609800, -0.05243339476164349900 ) ) ;
#755 = EDGE_CURVE ( 'NONE', #963, #3003, #639, .T. ) ;
#756 = ORIENTED_EDGE ( 'NONE', *, *, #2824, .F. ) ;
#757 = CARTESIAN_POINT ( 'NONE',  ( 0.1020564208633822400, 0.4894739960488479500, -0.05683669237190065000 ) ) ;
#758 = ORIENTED_EDGE ( 'NONE', *, *, #2276, .F. ) ;
#759 = EDGE_CURVE ( 'NONE', #2408, #1571, #1362, .T. ) ;
#760 = CARTESIAN_POINT ( 'NONE',  ( -0.06594643085433248000, 0.4956341047351670000, -0.06453959143167219100 ) ) ;
#761 = CARTESIAN_POINT ( 'NONE',  ( 0.1157162018664661100, 0.4864255843451895100, -0.03547298965270460200 ) ) ;
#762 = CARTESIAN_POINT ( 'NONE',  ( -0.1079426337103135700, 0.4882093689326085200, -0.05826692739536999700 ) ) ;
#763 = CARTESIAN_POINT ( 'NONE',  ( -0.05124595013420734500, 0.4973669469455298000, -0.05927646267638532500 ) ) ;
#764 = DATE_AND_TIME ( #1410, #2043 ) ;
#765 = CARTESIAN_POINT ( 'NONE',  ( 0.1630800789109343700, 0.4726600054065947000, -0.03453681235872162200 ) ) ;
#766 = CARTESIAN_POINT ( 'NONE',  ( 0.09258790191803856200, 0.4913527047024526800, -0.08656384709764450300 ) ) ;
#767 = EDGE_CURVE ( 'NONE', #105, #2858, #2567, .T. ) ;
#768 = DIRECTION ( 'NONE',  ( -0.0000000000000000000, 1.224606353822377300E-016, -1.000000000000000000 ) ) ;
#769 = DIRECTION ( 'NONE',  ( -0.0000000000000000000, -0.0000000000000000000, 1.000000000000000000 ) ) ;
#770 = CARTESIAN_POINT ( 'NONE',  ( -0.1058185772302907800, 0.4886742325519166700, -0.04780364285980680300 ) ) ;
#771 = CARTESIAN_POINT ( 'NONE',  ( -0.06021845060847851700, 0.4963604927048564400, -0.05245731445883176900 ) ) ;
#772 = CARTESIAN_POINT ( 'NONE',  ( 0.1980520973648297000, 0.4591082480767069200, -0.08807808089534287200 ) ) ;
#773 = ORIENTED_EDGE ( 'NONE', *, *, #1610, .F. ) ;
#774 = CARTESIAN_POINT ( 'NONE',  ( -0.1320977682720921900, 0.4822357767311955500, -0.09253296062068999700 ) ) ;
#775 = DIRECTION ( 'NONE',  ( -0.4484755854017917800, 0.8937950823866285300, 0.0000000000000000000 ) ) ;
#776 = ORIENTED_EDGE ( 'NONE', *, *, #3038, .F. ) ;
#777 = CARTESIAN_POINT ( 'NONE',  ( 0.08364483393386312700, 0.4929538941485059300, -0.06612169082871657800 ) ) ;
#778 = CARTESIAN_POINT ( 'NONE',  ( 0.05136948722378889600, 0.4973541753945220400, -0.08772318234900730600 ) ) ;
#779 = DIRECTION ( 'NONE',  ( 0.0000000000000000000, 1.000000000000000000, 1.237868622129119300E-016 ) ) ;
#780 = CARTESIAN_POINT ( 'NONE',  ( 0.1292583287679069100, 0.4830034425129288200, -0.08832194533495688100 ) ) ;
#781 = CARTESIAN_POINT ( 'NONE',  ( 0.0000000000000000000, 0.0000000000000000000, -0.06915015842411333100 ) ) ;
#782 = CARTESIAN_POINT ( 'NONE',  ( 0.06048025461212364100, 0.4963292524091901200, -0.08679183237320475800 ) ) ;
#783 = FACE_OUTER_BOUND ( 'NONE', #1786, .T. ) ;
#784 = CIRCLE ( 'NONE', #286, 0.4944322300693972900 ) ;
#785 = ORIENTED_EDGE ( 'NONE', *, *, #1131, .F. ) ;
#786 = CARTESIAN_POINT ( 'NONE',  ( 0.0000000000000000000, -6.609499411240539500E-016, 5.357874015748031100 ) ) ;
#787 = CARTESIAN_POINT ( 'NONE',  ( -0.05053749306692843100, 0.4974395612026457600, -0.04193915265370414700 ) ) ;
#788 = CARTESIAN_POINT ( 'NONE',  ( -0.05833749021736795600, 0.4965854178336557800, -0.09388533095146171800 ) ) ;
#789 = CARTESIAN_POINT ( 'NONE',  ( -0.06642908550494695800, 0.4955680212689708200, -0.05618294984561633000 ) ) ;
#790 = AXIS2_PLACEMENT_3D ( 'NONE', #1265, #2952, #1493 ) ;
#791 = CARTESIAN_POINT ( 'NONE',  ( -0.08985099652162473200, 0.4918609278631874100, -0.04518150319875291500 ) ) ;
#792 = EDGE_CURVE ( 'NONE', #2188, #1558, #1290, .T. ) ;
#793 = CARTESIAN_POINT ( 'NONE',  ( 0.05258832210817256100, 0.4972267875031039500, -0.08917939554562408200 ) ) ;
#794 = CARTESIAN_POINT ( 'NONE',  ( -0.04204365076011609000, 0.4982291993114744100, -0.04895055734029593600 ) ) ;
#795 = CARTESIAN_POINT ( 'NONE',  ( 0.07277108048741559600, 0.4946769522561242400, -0.08613528239924007900 ) ) ;
#796 = B_SPLINE_CURVE_WITH_KNOTS ( 'NONE', 3,
 ( #1338, #2793, #1079, #3024 ),
 .UNSPECIFIED., .F., .F.,
 ( 4, 4 ),
 ( 0.0000000000000000000, 1.000000000000000000 ),
 .UNSPECIFIED. ) ;
#797 = CARTESIAN_POINT ( 'NONE',  ( -0.1441968574413863800, 0.4787560321152624600, -0.04242425631413923600 ) ) ;
#798 = CARTESIAN_POINT ( 'NONE',  ( -0.1590864879494101900, 0.4740163388743232600, -0.06979416781419614500 ) ) ;
#799 = B_SPLINE_CURVE_WITH_KNOTS ( 'NONE', 3,
 ( #2463, #331, #564, #2238 ),
 .UNSPECIFIED., .F., .F.,
 ( 4, 4 ),
 ( 0.0000000000000000000, 1.000000000000000000 ),
 .UNSPECIFIED. ) ;
#800 = B_SPLINE_CURVE_WITH_KNOTS ( 'NONE', 3,
 ( #1469, #1709, #285, #1955 ),
 .UNSPECIFIED., .F., .F.,
 ( 4, 4 ),
 ( 0.0000000000000000000, 1.000000000000000000 ),
 .UNSPECIFIED. ) ;
#801 = ORIENTED_EDGE ( 'NONE', *, *, #2488, .F. ) ;
#802 = ORIENTED_EDGE ( 'NONE', *, *, #707, .F. ) ;
#803 = EDGE_CURVE ( 'NONE', #2051, #1166, #481, .T. ) ;
#804 = CARTESIAN_POINT ( 'NONE',  ( 0.06458854080185935700, 0.4958109998441228600, -0.09483972743701077300 ) ) ;
#805 = CARTESIAN_POINT ( 'NONE',  ( 0.1251220659299042700, 0.4840915413048170200, -0.08077027140262534000 ) ) ;
#806 = EDGE_CURVE ( 'NONE', #2858, #2692, #1838, .T. ) ;
#807 = DIRECTION ( 'NONE',  ( -0.0000000000000000000, 1.224606353822377300E-016, -1.000000000000000000 ) ) ;
#808 = VERTEX_POINT ( 'NONE', #2943 ) ;
#809 = CARTESIAN_POINT ( 'NONE',  ( 0.0000000000000000000, 0.0000000000000000000, -0.1069718219948248700 ) ) ;
#810 = CARTESIAN_POINT ( 'NONE',  ( 0.07452208091247529400, 0.4944152702500950200, -0.05870431121030350600 ) ) ;
#811 = CARTESIAN_POINT ( 'NONE',  ( -0.1554659237586866200, 0.4752167241396276800, -0.08636810938808868500 ) ) ;
#812 = VERTEX_POINT ( 'NONE', #1255 ) ;
#813 = VECTOR ( 'NONE', #751, 39.37007874015748100 ) ;
#814 = CARTESIAN_POINT ( 'NONE',  ( 0.1148942825572400300, 0.4866203927492272500, -0.04233102514162075800 ) ) ;
#815 = CARTESIAN_POINT ( 'NONE',  ( -0.1272194384330959700, 0.4835444420658474000, -0.08726575017997935400 ) ) ;
#816 = CARTESIAN_POINT ( 'NONE',  ( 0.1570090479680875100, 0.4747085270927642900, -0.04132771366142760200 ) ) ;
#817 = CARTESIAN_POINT ( 'NONE',  ( -0.09830660633244298100, 0.4902408543562538100, -0.03512581540302980900 ) ) ;
#818 = VECTOR ( 'NONE', #1416, 39.37007874015748100 ) ;
#819 = DIRECTION ( 'NONE',  ( 0.0000000000000000000, 1.000000000000000000, 1.381305580180739600E-016 ) ) ;
#820 = CARTESIAN_POINT ( 'NONE',  ( 0.06471197866368444400, 0.4957950650212576400, -0.05477861168565181100 ) ) ;
#821 = CARTESIAN_POINT ( 'NONE',  ( -0.1429565837532888700, 0.4791281616308050700, -0.09483297491247130700 ) ) ;
#822 = ORIENTED_EDGE ( 'NONE', *, *, #985, .T. ) ;
#823 = EDGE_CURVE ( 'NONE', #2374, #720, #565, .T. ) ;
#824 = ORIENTED_EDGE ( 'NONE', *, *, #960, .T. ) ;
#825 = CARTESIAN_POINT ( 'NONE',  ( 0.1221608388721730500, 0.4848471196635563700, -0.05249358664943130200 ) ) ;
#826 = CARTESIAN_POINT ( 'NONE',  ( -0.1237369672462650900, 0.4844473136979415300, -0.07658907680062572400 ) ) ;
#827 = CARTESIAN_POINT ( 'NONE',  ( -0.1104260656330530900, 0.4876538518907107000, -0.04159289168094356500 ) ) ;
#828 = CC_DESIGN_APPROVAL ( #671, ( #521 ) ) ;
#829 = CARTESIAN_POINT ( 'NONE',  ( 0.1010954633676211500, 0.4896730727033690700, -0.04882253179026099800 ) ) ;
#830 = CARTESIAN_POINT ( 'NONE',  ( -0.05784716791472701400, 0.4966445824906592400, -0.08676156468252424500 ) ) ;
#831 = CARTESIAN_POINT ( 'NONE',  ( 0.1050678642001903800, 0.4888364457941577500, -0.03583515732972603100 ) ) ;
#832 = CARTESIAN_POINT ( 'NONE',  ( -0.5000000000000000000, 6.123233995736766000E-017, -0.1069718219948248700 ) ) ;
#833 = PERSON_AND_ORGANIZATION ( #1606, #2417 ) ;
#834 = ORIENTED_EDGE ( 'NONE', *, *, #500, .F. ) ;
#835 = ORIENTED_EDGE ( 'NONE', *, *, #336, .T. ) ;
#836 = CARTESIAN_POINT ( 'NONE',  ( -0.04807353217676207200, 0.4976836377044784900, -0.06157898943562149800 ) ) ;
#837 = B_SPLINE_CURVE_WITH_KNOTS ( 'NONE', 3,
 ( #2256, #2960, #836, #197 ),
 .UNSPECIFIED., .F., .F.,
 ( 4, 4 ),
 ( 0.0000000000000000000, 1.000000000000000000 ),
 .UNSPECIFIED. ) ;
#838 = ORIENTED_EDGE ( 'NONE', *, *, #866, .T. ) ;
#839 = DIRECTION ( 'NONE',  ( -0.0000000000000000000, -0.0000000000000000000, 1.000000000000000000 ) ) ;
#840 = CARTESIAN_POINT ( 'NONE',  ( 0.0000000000000000000, 0.0000000000000000000, -0.07974979500800187500 ) ) ;
#841 = CARTESIAN_POINT ( 'NONE',  ( 0.0000000000000000000, 0.0000000000000000000, -0.03937007874015751400 ) ) ;
#842 = CARTESIAN_POINT ( 'NONE',  ( -0.1155144382702427300, 0.4864734477466460800, -0.06090909462115225200 ) ) ;
#843 = CARTESIAN_POINT ( 'NONE',  ( 0.1097579002853373400, 0.4878069681611066400, -0.04193162511117389700 ) ) ;
#844 = DIRECTION ( 'NONE',  ( 0.0000000000000000000, -1.000000000000000000, -1.237868622129119300E-016 ) ) ;
#845 = CARTESIAN_POINT ( 'NONE',  ( -0.08681769033306791000, 0.4924050261460206600, -0.07754444340086022500 ) ) ;
#846 = CARTESIAN_POINT ( 'NONE',  ( 0.09336982835498969200, 0.4912047192829503400, -0.05004099424922247400 ) ) ;
#847 = AXIS2_PLACEMENT_3D ( 'NONE', #30, #2152, #263 ) ;
#848 = CARTESIAN_POINT ( 'NONE',  ( 0.04688745254997800400, 0.4977967125487433600, -0.07462860545075539200 ) ) ;
#849 = CARTESIAN_POINT ( 'NONE',  ( 0.1740742314985367600, 0.4687198934875157500, -0.04960320035815679600 ) ) ;
#850 = EDGE_CURVE ( 'NONE', #2647, #1558, #3049, .T. ) ;
#851 = ADVANCED_FACE ( 'NONE', ( #1766 ), #1119, .T. ) ;
#852 = DIRECTION ( 'NONE',  ( 1.000000000000000000, 0.0000000000000000000, 0.0000000000000000000 ) ) ;
#853 = CARTESIAN_POINT ( 'NONE',  ( 0.1120586494030498400, 0.4872811167419390200, -0.07788442069649141600 ) ) ;
#854 = CARTESIAN_POINT ( 'NONE',  ( 0.1551023365096435600, 0.4753350874123533100, -0.08741984833648329400 ) ) ;
#855 = CARTESIAN_POINT ( 'NONE',  ( 0.07188175494164790500, 0.4948072275189583900, -0.09423123365987902400 ) ) ;
#856 = CARTESIAN_POINT ( 'NONE',  ( -0.06134772952906535100, 0.4962232943509807300, -0.06945294476657602700 ) ) ;
#857 = SPHERICAL_SURFACE ( 'NONE', #476, 6.503937007874015700 ) ;
#858 = CONICAL_SURFACE ( 'NONE', #2425, 0.4944322300693972900, 0.7853981633974482800 ) ;
#859 = CARTESIAN_POINT ( 'NONE',  ( 0.1682742492697637300, 0.4708340041040393100, -0.09362053914342684200 ) ) ;
#860 = CARTESIAN_POINT ( 'NONE',  ( 0.1769212819755112100, 0.4676525139972256300, -0.06098000612843659100 ) ) ;
#861 = CARTESIAN_POINT ( 'NONE',  ( 0.06617132919729340500, 0.4956020129017470500, -0.06157898943562149800 ) ) ;
#862 = CARTESIAN_POINT ( 'NONE',  ( 0.1175946155837133300, 0.4859748411860245200, -0.08277486444841544700 ) ) ;
#863 = EDGE_LOOP ( 'NONE', ( #922, #2245, #280, #1664 ) ) ;
#864 = CARTESIAN_POINT ( 'NONE',  ( 0.08423922137837178100, 0.4928526933595077700, -0.07962396500437438100 ) ) ;
#865 = ORIENTED_EDGE ( 'NONE', *, *, #1855, .F. ) ;
#866 = EDGE_CURVE ( 'NONE', #208, #1781, #2480, .T. ) ;
#867 = B_SPLINE_CURVE_WITH_KNOTS ( 'NONE', 3,
 ( #1743, #1977, #2462, #2721 ),
 .UNSPECIFIED., .F., .F.,
 ( 4, 4 ),
 ( 0.0000000000000000000, 1.000000000000000000 ),
 .UNSPECIFIED. ) ;
#868 = CARTESIAN_POINT ( 'NONE',  ( 0.1827235188394501800, 0.4654160959119188500, -0.07768765886865208700 ) ) ;
#869 = CARTESIAN_POINT ( 'NONE',  ( 0.0000000000000000000, 0.0000000000000000000, -0.03937007874015751400 ) ) ;
#870 = CARTESIAN_POINT ( 'NONE',  ( 0.02211589634762735000, 0.4995405470400264300, -0.05799845743481390300 ) ) ;
#871 = CARTESIAN_POINT ( 'NONE',  ( -0.06042132220724479000, 0.4963358377376434500, -0.05034053546832894400 ) ) ;
#872 = CARTESIAN_POINT ( 'NONE',  ( 0.1401831313867135900, 0.4799545774130158400, -0.05208348166255465800 ) ) ;
#873 = CARTESIAN_POINT ( 'NONE',  ( -0.2380312482874369600, 0.4397057252739887700, -0.09413501608613633600 ) ) ;
#874 = CARTESIAN_POINT ( 'NONE',  ( 0.04829126432191961600, 0.4976626182457752900, -0.06569150824720368400 ) ) ;
#875 = ORIENTED_EDGE ( 'NONE', *, *, #1028, .F. ) ;
#876 = EDGE_CURVE ( 'NONE', #1337, #2904, #1924, .T. ) ;
#877 = CARTESIAN_POINT ( 'NONE',  ( -0.04884933757306704500, 0.4976093096599005800, -0.08783474222008110000 ) ) ;
#878 = CARTESIAN_POINT ( 'NONE',  ( -0.05410493401402664800, 0.4970641040212878700, -0.03527757931170775300 ) ) ;
#879 = APPLICATION_CONTEXT ( 'configuration controlled 3d designs of mechanical parts and assemblies' ) ;
#880 = CARTESIAN_POINT ( 'NONE',  ( -0.05595017866491078900, 0.4968609156671612300, -0.04279947043420622600 ) ) ;
#881 = ORIENTED_EDGE ( 'NONE', *, *, #607, .F. ) ;
#882 = ORIENTED_EDGE ( 'NONE', *, *, #128, .T. ) ;
#883 = EDGE_CURVE ( 'NONE', #617, #1793, #2479, .T. ) ;
#884 = ADVANCED_FACE ( 'NONE', ( #3055 ), #1049, .T. ) ;
#885 = AXIS2_PLACEMENT_3D ( 'NONE', #2683, #1231, #2919 ) ;
#886 = CARTESIAN_POINT ( 'NONE',  ( 0.04986435693464912700, 0.4975075785254818300, -0.08555371798408843700 ) ) ;
#887 = CARTESIAN_POINT ( 'NONE',  ( -0.06787940421773185100, 0.4953709610684035000, -0.04878128521111970600 ) ) ;
#888 = PERSON_AND_ORGANIZATION_ROLE ( 'creator' ) ;
#889 = CIRCLE ( 'NONE', #885, 0.5000000000000000000 ) ;
#890 = DIRECTION ( 'NONE',  ( 0.0000000000000000000, 1.000000000000000000, 1.195183497228115000E-016 ) ) ;
#891 = CARTESIAN_POINT ( 'NONE',  ( 0.2157618443621533200, 0.4510508120795359600, -0.04933055151130760800 ) ) ;
#892 = DIRECTION ( 'NONE',  ( 0.4043106589289660600, 0.9146217202081007300, 0.0000000000000000000 ) ) ;
#893 = FACE_OUTER_BOUND ( 'NONE', #1117, .T. ) ;
#894 = CARTESIAN_POINT ( 'NONE',  ( 0.1766812949054301900, 0.4677432409640325800, -0.07016348357763146900 ) ) ;
#895 = B_SPLINE_CURVE_WITH_KNOTS ( 'NONE', 3,
 ( #2684, #980, #2923, #1471, #54, #1710, #287, #1956, #519, #2194, #754, #2437, #991, #2698, #1244, #2934, #1483, #65, #1724, #299, #2010, #568, #2243, #797, #2490, #1045, #2750, #1298, #2987, #1525, #113 ),
 .UNSPECIFIED., .F., .F.,
 ( 4, 1, 1, 1, 2, 2, 1, 1, 1, 2, 2, 2, 2, 2, 2, 1, 2, 2, 4 ),
 ( 0.0000000000000000000, 0.1249999999999983900, 0.1874999999999975900, 0.2187499999999977200, 0.2343749999999976700, 0.2499999999999976100, 0.3749999999999972200, 0.4374999999999965600, 0.4687499999999958400, 0.4843749999999959500, 0.4999999999999960000, 0.5624999999999984500, 0.6250000000000007800, 0.7500000000000045500, 0.8750000000000082200, 0.9062500000000073300, 0.9218750000000067700, 0.9375000000000062200, 1.000000000000000000 ),
 .UNSPECIFIED. ) ;
#896 = VERTEX_POINT ( 'NONE', #2995 ) ;
#897 = CARTESIAN_POINT ( 'NONE',  ( -0.1943773469519262900, 0.4607369438731792100, -0.07444997671605760300 ) ) ;
#898 = DIRECTION ( 'NONE',  ( -0.0000000000000000000, -0.0000000000000000000, 1.000000000000000000 ) ) ;
#899 = ORIENTED_EDGE ( 'NONE', *, *, #947, .F. ) ;
#900 = CARTESIAN_POINT ( 'NONE',  ( -0.1308074468602389600, 0.4825861732106825300, -0.05481986438263464200 ) ) ;
#901 = DIRECTION ( 'NONE',  ( -1.000000000000000000, 0.0000000000000000000, -0.0000000000000000000 ) ) ;
#902 = ORIENTED_EDGE ( 'NONE', *, *, #185, .T. ) ;
#903 = AXIS2_PLACEMENT_3D ( 'NONE', #1762, #2814, #2795 ) ;
#904 = CARTESIAN_POINT ( 'NONE',  ( 0.1713516902758353800, 0.4697220754353282900, -0.08333423112155395600 ) ) ;
#905 = LOCAL_TIME ( 14, 2, 21.00000000000000000, #1545 ) ;
#906 = EDGE_CURVE ( 'NONE', #2079, #499, #2326, .T. ) ;
#907 = EDGE_LOOP ( 'NONE', ( #2218, #2699, #1083, #352, #2886 ) ) ;
#908 = CARTESIAN_POINT ( 'NONE',  ( -0.1410702712988623200, 0.4796865419788899900, -0.04189395006554276500 ) ) ;
#909 = CARTESIAN_POINT ( 'NONE',  ( 0.2096689916984778600, 0.4539150954971024600, -0.05362926199770506900 ) ) ;
#910 = CARTESIAN_POINT ( 'NONE',  ( -0.1854939833856521500, 0.4643188367143028000, -0.06990727532296250900 ) ) ;
#911 = CARTESIAN_POINT ( 'NONE',  ( -0.1952947881975155000, 0.4602824629538773700, -0.09413501608613633600 ) ) ;
#912 = CARTESIAN_POINT ( 'NONE',  ( 0.1598301651206240100, 0.4737661008530623100, -0.08807808089534287200 ) ) ;
#913 = ORIENTED_EDGE ( 'NONE', *, *, #303, .F. ) ;
#914 = CARTESIAN_POINT ( 'NONE',  ( -0.1346022587942744300, 0.4815416976985910600, -0.04461592245944268800 ) ) ;
#915 = CARTESIAN_POINT ( 'NONE',  ( -0.07852982261205579400, 0.4937945595323741100, -0.06031784173651560200 ) ) ;
#916 = CARTESIAN_POINT ( 'NONE',  ( 0.1592471627805146500, 0.4739623836828786300, -0.03432278107705092500 ) ) ;
#917 = CARTESIAN_POINT ( 'NONE',  ( -0.09218261540389582900, 0.4914305064554022600, -0.09436859764859685500 ) ) ;
#918 = CARTESIAN_POINT ( 'NONE',  ( -0.08716054102162136600, 0.4923444333093405200, -0.07904410338224984700 ) ) ;
#919 = EDGE_CURVE ( 'NONE', #424, #1609, #2406, .T. ) ;
#920 = DIRECTION ( 'NONE',  ( 0.01816980565498378000, 0.9998349154547765400, 0.0000000000000000000 ) ) ;
#921 = CARTESIAN_POINT ( 'NONE',  ( -0.1078557282353080500, 0.4882285757049124000, -0.07288308581401571600 ) ) ;
#922 = ORIENTED_EDGE ( 'NONE', *, *, #2864, .F. ) ;
#923 = CIRCLE ( 'NONE', #2808, 0.4999999999999999400 ) ;
#924 = CARTESIAN_POINT ( 'NONE',  ( -0.08144351977170534400, 0.4933223716732525500, -0.04555309146775954300 ) ) ;
#925 = VERTEX_POINT ( 'NONE', #2509 ) ;
#926 = VECTOR ( 'NONE', #2587, 39.37007874015748900 ) ;
#927 = CARTESIAN_POINT ( 'NONE',  ( -0.1443289842772033100, 0.4787168352604759300, -0.03531450445245979500 ) ) ;
#928 = CARTESIAN_POINT ( 'NONE',  ( 0.09333181835819567800, 0.4912119417135059100, -0.05138157120424656500 ) ) ;
#929 = CARTESIAN_POINT ( 'NONE',  ( 0.06084355922581773100, 0.4962843494022659000, -0.05504931631393493500 ) ) ;
#930 = CARTESIAN_POINT ( 'NONE',  ( 0.1598301651206240100, 0.4737661008530623100, -0.08807808089534287200 ) ) ;
#931 = VERTEX_POINT ( 'NONE', #2771 ) ;
#932 = CARTESIAN_POINT ( 'NONE',  ( 0.1418492245390417500, 0.4794588564859397800, -0.04220504296042947700 ) ) ;
#933 = CARTESIAN_POINT ( 'NONE',  ( -0.1237317379419236700, 0.4844486782335029600, -0.05311367445103565300 ) ) ;
#934 = CARTESIAN_POINT ( 'NONE',  ( -0.09601556938698785300, 0.4906955455397782900, -0.03509631786551074100 ) ) ;
#935 = CARTESIAN_POINT ( 'NONE',  ( -0.1147060214092846800, 0.4866647657415379400, -0.07688918233797341400 ) ) ;
#936 = ADVANCED_FACE ( 'NONE', ( #1682 ), #1206, .T. ) ;
#937 = CARTESIAN_POINT ( 'NONE',  ( 0.2044466021072772800, 0.4562911207625989200, -0.06915015842411331700 ) ) ;
#938 = CARTESIAN_POINT ( 'NONE',  ( 0.2308949602245615700, 0.4434946643905630100, -0.09413501608613632200 ) ) ;
#939 = CARTESIAN_POINT ( 'NONE',  ( -0.1559686775214962100, 0.4750513641275557800, -0.04498943330369588300 ) ) ;
#940 = CARTESIAN_POINT ( 'NONE',  ( 0.09728586108410687500, 0.4904444204519802800, -0.06322711660565208400 ) ) ;
#941 = DIRECTION ( 'NONE',  ( 1.000000000000000000, 0.0000000000000000000, 0.0000000000000000000 ) ) ;
#942 = ORIENTED_EDGE ( 'NONE', *, *, #1152, .F. ) ;
#943 = AXIS2_PLACEMENT_3D ( 'NONE', #546, #2220, #779 ) ;
#944 = CARTESIAN_POINT ( 'NONE',  ( -0.004542638897484199700, 0.4999793640060027400, -0.07672132741260515000 ) ) ;
#945 = CARTESIAN_POINT ( 'NONE',  ( -0.1367707588649440000, 0.4809302724912150100, -0.03556158151261315500 ) ) ;
#946 = DIRECTION ( 'NONE',  ( -0.3905895763950310000, 0.9205649259077549600, 0.0000000000000000000 ) ) ;
#947 = EDGE_CURVE ( 'NONE', #2727, #1373, #1371, .T. ) ;
#948 = CARTESIAN_POINT ( 'NONE',  ( -0.1035440068133765800, 0.4891617548920970700, -0.09382891055118508500 ) ) ;
#949 = CARTESIAN_POINT ( 'NONE',  ( -0.09704815644879287400, 0.4904912387901445600, -0.08807808089534287200 ) ) ;
#950 = DIRECTION ( 'NONE',  ( 0.0000000000000000000, -1.000000000000000000, -1.237868622129119300E-016 ) ) ;
#951 = CARTESIAN_POINT ( 'NONE',  ( 0.1071033065857814700, 0.4883997371864162700, -0.07362138518921262900 ) ) ;
#952 = CARTESIAN_POINT ( 'NONE',  ( 0.1562348411400723800, 0.4749643444068344400, -0.09474931176767070800 ) ) ;
#953 = CARTESIAN_POINT ( 'NONE',  ( 0.1551283122481627000, 0.4753265852620937000, -0.04174604995865377500 ) ) ;
#954 = CARTESIAN_POINT ( 'NONE',  ( -0.08588330552205757100, 0.4925688356286915300, -0.06498601548044281900 ) ) ;
#955 = ORIENTED_EDGE ( 'NONE', *, *, #356, .T. ) ;
#956 = CARTESIAN_POINT ( 'NONE',  ( -0.1482155432845113400, 0.4775272663220330200, -0.08454671123508267200 ) ) ;
#957 = ORIENTED_EDGE ( 'NONE', *, *, #2677, .F. ) ;
#958 = CARTESIAN_POINT ( 'NONE',  ( -0.04852617807265049300, 0.4976405942723845000, -0.06586292438191450300 ) ) ;
#959 = B_SPLINE_CURVE_WITH_KNOTS ( 'NONE', 3,
 ( #1621, #897, #2114, #673 ),
 .UNSPECIFIED., .F., .F.,
 ( 4, 4 ),
 ( 0.0000000000000000000, 1.000000000000000000 ),
 .UNSPECIFIED. ) ;
#960 = EDGE_CURVE ( 'NONE', #2586, #992, #796, .T. ) ;
#961 = CARTESIAN_POINT ( 'NONE',  ( -0.1304038902200943300, 0.4826953758865042400, -0.07134833238652445200 ) ) ;
#962 = CARTESIAN_POINT ( 'NONE',  ( -0.08799912791663007400, 0.4921952582174014000, -0.04843965610535019100 ) ) ;
#963 = VERTEX_POINT ( 'NONE', #152 ) ;
#964 = CARTESIAN_POINT ( 'NONE',  ( 0.06831614389316155400, 0.4953109631841324800, -0.06172650583884549400 ) ) ;
#965 = LINE ( 'NONE', #3072, #2173 ) ;
#966 = AXIS2_PLACEMENT_3D ( 'NONE', #1114, #1330, #2596 ) ;
#967 = CARTESIAN_POINT ( 'NONE',  ( -0.04077686894714237200, 0.4983374161834028800, -0.09186963422777030800 ) ) ;
#968 = EDGE_CURVE ( 'NONE', #2579, #1896, #261, .T. ) ;
#969 = VERTEX_POINT ( 'NONE', #131 ) ;
#970 = CARTESIAN_POINT ( 'NONE',  ( -0.1517074225225684100, 0.4764292793265072500, -0.07288308581405954200 ) ) ;
#971 = LINE ( 'NONE', #1593, #2176 ) ;
#972 = ORIENTED_EDGE ( 'NONE', *, *, #2318, .T. ) ;
#973 = CARTESIAN_POINT ( 'NONE',  ( -0.05486478081715624000, 0.4969808150919011200, -0.06552964200028177400 ) ) ;
#974 = CARTESIAN_POINT ( 'NONE',  ( -0.2123124994000034600, 0.4526846655560595200, -0.04450458185915595600 ) ) ;
#975 = ORIENTED_EDGE ( 'NONE', *, *, #1947, .F. ) ;
#976 = VERTEX_POINT ( 'NONE', #1583 ) ;
#977 = CARTESIAN_POINT ( 'NONE',  ( -0.1323108963708988500, 0.4821761829193874100, -0.08170929618010601400 ) ) ;
#978 = CARTESIAN_POINT ( 'NONE',  ( -0.08604729878630886000, 0.4925402141158294300, -0.05927162469537469000 ) ) ;
#979 = CARTESIAN_POINT ( 'NONE',  ( 0.009084902827491889800, 0.4999174577273882700, -0.03583701487474929400 ) ) ;
#980 = CARTESIAN_POINT ( 'NONE',  ( -0.1519982671073304700, 0.4763365689135580200, -0.06354364088678282600 ) ) ;
#981 = CARTESIAN_POINT ( 'NONE',  ( 0.1071608895925726100, 0.4883815980695734900, -0.06357080508264219300 ) ) ;
#982 = VERTEX_POINT ( 'NONE', #400 ) ;
#983 = CALENDAR_DATE ( 2016, 30, 9 ) ;
#984 = ORIENTED_EDGE ( 'NONE', *, *, #2789, .F. ) ;
#985 = EDGE_CURVE ( 'NONE', #1936, #1502, #2907, .T. ) ;
#986 = CARTESIAN_POINT ( 'NONE',  ( -0.1404165456169653400, 0.4798789199385124500, -0.08804953353720408600 ) ) ;
#987 = CARTESIAN_POINT ( 'NONE',  ( 0.1286882284446442800, 0.4831556832403520700, -0.04709396228101533900 ) ) ;
#988 = CARTESIAN_POINT ( 'NONE',  ( -0.07091206267948202400, 0.4949459360944710200, -0.07711731171326383100 ) ) ;
#989 = ORIENTED_EDGE ( 'NONE', *, *, #906, .F. ) ;
#990 = CARTESIAN_POINT ( 'NONE',  ( -0.08820478083995646200, 0.4921585003056671000, -0.08214339684722998800 ) ) ;
#991 = CARTESIAN_POINT ( 'NONE',  ( -0.1508070850216428300, 0.4767150344590650500, -0.05114647009009988500 ) ) ;
#992 = VERTEX_POINT ( 'NONE', #634 ) ;
#993 = CC_DESIGN_PERSON_AND_ORGANIZATION_ASSIGNMENT ( #2921, #423, ( #521 ) ) ;
#994 = CARTESIAN_POINT ( 'NONE',  ( 0.1009419830792384200, 0.4897048368843078800, -0.05367271829327123500 ) ) ;
#995 = CARTESIAN_POINT ( 'NONE',  ( -0.06863145359683904500, 0.4952675763392218600, -0.06765938247944640300 ) ) ;
#996 = ORIENTED_EDGE ( 'NONE', *, *, #2574, .T. ) ;
#997 = CARTESIAN_POINT ( 'NONE',  ( 0.1300434736193610300, 0.4827929860957875200, -0.09078487228319033500 ) ) ;
#998 = CARTESIAN_POINT ( 'NONE',  ( -0.04941571567962769300, 0.4975520948040216800, -0.05939044839988556800 ) ) ;
#999 = CARTESIAN_POINT ( 'NONE',  ( 0.1147598984356035800, 0.4866520470583113900, -0.03532135255010229700 ) ) ;
#1000 = CARTESIAN_POINT ( 'NONE',  ( -0.1079197669157398200, 0.4882144243239981400, -0.05795429545902982400 ) ) ;
#1001 = CARTESIAN_POINT ( 'NONE',  ( -0.08134930712790554300, 0.4933379183633291900, -0.08419392045652636400 ) ) ;
#1002 = CARTESIAN_POINT ( 'NONE',  ( -0.05269733432660769100, 0.4972156921011323700, -0.05904989605342177800 ) ) ;
#1003 = CARTESIAN_POINT ( 'NONE',  ( 0.1592471627805146500, 0.4739623836828786300, -0.03432278107705092500 ) ) ;
#1004 = CARTESIAN_POINT ( 'NONE',  ( -0.09696692029193028400, 0.4905073051128784300, -0.04189395006554275100 ) ) ;
#1005 = ORIENTED_EDGE ( 'NONE', *, *, #1569, .F. ) ;
#1006 = ORIENTED_EDGE ( 'NONE', *, *, #1364, .T. ) ;
#1007 = DIRECTION ( 'NONE',  ( -0.7071067811865257000, 0.0000000000000000000, -0.7071067811865691100 ) ) ;
#1008 = VECTOR ( 'NONE', #1585, 39.37007874015748900 ) ;
#1009 = CARTESIAN_POINT ( 'NONE',  ( -0.1042686552736491700, 0.4890080545551480600, -0.04533682974961541400 ) ) ;
#1010 = CARTESIAN_POINT ( 'NONE',  ( -0.08369412443480348000, 0.4929456804518275200, -0.08864260802743473300 ) ) ;
#1011 = CARTESIAN_POINT ( 'NONE',  ( -0.06039088768700751100, 0.4963395426765450100, -0.05120398347181547700 ) ) ;
#1012 = AXIS2_PLACEMENT_3D ( 'NONE', #840, #2531, #1077 ) ;
#1013 = VECTOR ( 'NONE', #697, 39.37007874015748100 ) ;
#1014 = DIRECTION ( 'NONE',  ( -0.0000000000000000000, -0.0000000000000000000, 1.000000000000000000 ) ) ;
#1015 = EDGE_CURVE ( 'NONE', #642, #1151, #1605, .T. ) ;
#1016 = DIRECTION ( 'NONE',  ( 0.0000000000000000000, -1.000000000000000000, -2.024624379285791500E-016 ) ) ;
#1017 = ORIENTED_EDGE ( 'NONE', *, *, #2881, .F. ) ;
#1018 = ORIENTED_EDGE ( 'NONE', *, *, #1207, .T. ) ;
#1019 = CARTESIAN_POINT ( 'NONE',  ( 0.07966173510223086000, 0.4936173459616966000, -0.04593190685940504900 ) ) ;
#1020 = CARTESIAN_POINT ( 'NONE',  ( 0.4944322300693972900, 0.0000000000000000000, -0.1125395919254232500 ) ) ;
#1021 = DIRECTION ( 'NONE',  ( -0.4439867762919253400, 0.8960333378161238200, 0.0000000000000000000 ) ) ;
#1022 = CARTESIAN_POINT ( 'NONE',  ( -0.09610375405183417500, 0.4906773000241283500, -0.04193225275475301300 ) ) ;
#1023 = EDGE_LOOP ( 'NONE', ( #2041, #1512, #454, #1168 ) ) ;
#1024 = CARTESIAN_POINT ( 'NONE',  ( 0.05845004892690692400, 0.4965722841286767100, -0.08531611001687229600 ) ) ;
#1025 = ORIENTED_EDGE ( 'NONE', *, *, #31, .T. ) ;
#1026 = ORIENTED_EDGE ( 'NONE', *, *, #2925, .F. ) ;
#1027 = CARTESIAN_POINT ( 'NONE',  ( 0.1577866519012585700, 0.4744510532147895300, -0.04121632498223170400 ) ) ;
#1028 = EDGE_CURVE ( 'NONE', #812, #1450, #2828, .T. ) ;
#1029 = DIRECTION ( 'NONE',  ( 1.224646799147353200E-016, -1.000000000000000000, 0.0000000000000000000 ) ) ;
#1030 = CARTESIAN_POINT ( 'NONE',  ( -0.04986071846646612100, 0.4975077136976236400, -0.04200157877366553200 ) ) ;
#1031 = CARTESIAN_POINT ( 'NONE',  ( -0.05654323610630232500, 0.4967926702355809900, -0.09437610691628722800 ) ) ;
#1032 = CARTESIAN_POINT ( 'NONE',  ( -0.06414985323889244000, 0.4958687397678115900, -0.05910342281235431100 ) ) ;
#1033 = CARTESIAN_POINT ( 'NONE',  ( 0.07691924750054775200, 0.4940480030968139600, -0.07747844431145432800 ) ) ;
#1034 = B_SPLINE_CURVE_WITH_KNOTS ( 'NONE', 3,
 ( #2823, #1113, #2572, #3054 ),
 .UNSPECIFIED., .F., .F.,
 ( 4, 4 ),
 ( 0.0000000000000000000, 1.000000000000000000 ),
 .UNSPECIFIED. ) ;
#1035 = CARTESIAN_POINT ( 'NONE',  ( -0.1591930669259807900, 0.4739805560755633900, -0.06606870773170883700 ) ) ;
#1036 = B_SPLINE_CURVE_WITH_KNOTS ( 'NONE', 3,
 ( #1271, #1907, #2642, #1197, #2892, #1439, #18, #1669, #254, #1918, #484, #2162, #718, #2400, #952, #2656, #1209, #2900 ),
 .UNSPECIFIED., .F., .F.,
 ( 4, 2, 2, 2, 2, 2, 2, 2, 4 ),
 ( 0.0000000000000000000, 0.1250000000000004400, 0.1874999999999998300, 0.2499999999999992200, 0.5000000000000000000, 0.7500000000000007800, 0.8750000000000002200, 0.9375000000000001100, 1.000000000000000000 ),
 .UNSPECIFIED. ) ;
#1037 = VERTEX_POINT ( 'NONE', #3051 ) ;
#1038 = CARTESIAN_POINT ( 'NONE',  ( -0.1015357573911950500, 0.4895831236878402400, -0.08695768645568492700 ) ) ;
#1039 = CARTESIAN_POINT ( 'NONE',  ( 0.05323533200517756300, 0.4971581521020618800, -0.08987972877468593200 ) ) ;
#1040 = CARTESIAN_POINT ( 'NONE',  ( -0.04173375304496214400, 0.4982552696348810400, -0.05019615530511133800 ) ) ;
#1041 = CARTESIAN_POINT ( 'NONE',  ( -0.1284481746273784300, 0.4832194806036843000, -0.08920192629207214500 ) ) ;
#1042 = CARTESIAN_POINT ( 'NONE',  ( 0.01665349113075037900, 0.4997225842736728300, -0.09413501608613632200 ) ) ;
#1043 = CARTESIAN_POINT ( 'NONE',  ( 0.06997354978329345400, 0.4950795953550702900, -0.08751807864680127800 ) ) ;
#1044 = CARTESIAN_POINT ( 'NONE',  ( -0.1380536592690652400, 0.4805634806449467500, -0.09466331591720687800 ) ) ;
#1045 = CARTESIAN_POINT ( 'NONE',  ( -0.1433735756418096900, 0.4790031735173838100, -0.04217255446609360200 ) ) ;
#1046 = CARTESIAN_POINT ( 'NONE',  ( -0.1589327444308952000, 0.4740679209706175100, -0.07221060547890612000 ) ) ;
#1047 = FACE_OUTER_BOUND ( 'NONE', #2381, .T. ) ;
#1048 = VERTEX_POINT ( 'NONE', #1602 ) ;
#1049 = CONICAL_SURFACE ( 'NONE', #1722, 0.5000000000000000000, 0.7853981633978347500 ) ;
#1050 = CARTESIAN_POINT ( 'NONE',  ( -0.09834610695190934600, 0.4902327327190647000, -0.08798955776472769400 ) ) ;
#1051 = EDGE_CURVE ( 'NONE', #2079, #931, #971, .T. ) ;
#1052 = ORIENTED_EDGE ( 'NONE', *, *, #2938, .T. ) ;
#1053 = CARTESIAN_POINT ( 'NONE',  ( 0.06625340955855869900, 0.4955910468540223900, -0.09489213298498552800 ) ) ;
#1054 = CARTESIAN_POINT ( 'NONE',  ( 0.1243927259852571900, 0.4842793335969888300, -0.07984854870756506700 ) ) ;
#1055 = CARTESIAN_POINT ( 'NONE',  ( -0.1038694049991949800, 0.4890923880525496800, -0.08499966510126018300 ) ) ;
#1056 = CARTESIAN_POINT ( 'NONE',  ( 0.04234775314436868600, 0.4982034401764239300, -0.07974979500800187500 ) ) ;
#1057 = AXIS2_PLACEMENT_3D ( 'NONE', #3104, #2865, #1638 ) ;
#1058 = DIRECTION ( 'NONE',  ( -0.0000000000000000000, -0.0000000000000000000, 1.000000000000000000 ) ) ;
#1059 = CARTESIAN_POINT ( 'NONE',  ( 0.07340693192850929200, 0.4945823318153826900, -0.05787708451599816300 ) ) ;
#1060 = CARTESIAN_POINT ( 'NONE',  ( -0.1526396973375884200, 0.4761325381923340900, -0.09042588979884175200 ) ) ;
#1061 = ORIENTED_EDGE ( 'NONE', *, *, #182, .T. ) ;
#1062 = DATE_AND_TIME ( #1700, #2338 ) ;
#1063 = CARTESIAN_POINT ( 'NONE',  ( 0.1168638512294201700, 0.4861531766915591100, -0.04297057420223290800 ) ) ;
#1064 = CARTESIAN_POINT ( 'NONE',  ( -0.1269228230458785700, 0.4836223824779074000, -0.08674007641763584200 ) ) ;
#1065 = CARTESIAN_POINT ( 'NONE',  ( -0.09921071890681040800, 0.4900584287462089700, -0.03519205468322212500 ) ) ;
#1066 = CARTESIAN_POINT ( 'NONE',  ( -0.1411497147234121200, 0.4796631714375196900, -0.09489213298498552800 ) ) ;
#1067 = CARTESIAN_POINT ( 'NONE',  ( 0.04715948626957458500, 0.4977710156331445200, -0.07005683116039644600 ) ) ;
#1068 = AXIS2_PLACEMENT_3D ( 'NONE', #1604, #194, #1853 ) ;
#1069 = CARTESIAN_POINT ( 'NONE',  ( -0.1232857330003261800, 0.4845623109656203000, -0.07321562598392983300 ) ) ;
#1070 = EDGE_CURVE ( 'NONE', #147, #1716, #2246, .T. ) ;
#1071 = CARTESIAN_POINT ( 'NONE',  ( -0.1116329811761547500, 0.4873788217372535000, -0.04371910930880869300 ) ) ;
#1072 = CARTESIAN_POINT ( 'NONE',  ( 0.1014429880353137900, 0.4896012032995404900, -0.04783385051595154300 ) ) ;
#1073 = CARTESIAN_POINT ( 'NONE',  ( -0.06075669659604683600, 0.4962952065927621600, -0.08418031881806074800 ) ) ;
#1074 = CARTESIAN_POINT ( 'NONE',  ( 0.1023440352497372600, 0.4894146397248676000, -0.03679786917512201800 ) ) ;
#1075 = CIRCLE ( 'NONE', #2184, 0.4944322300693972900 ) ;
#1076 = DIRECTION ( 'NONE',  ( -0.0000000000000000000, -0.0000000000000000000, 1.000000000000000000 ) ) ;
#1077 = DIRECTION ( 'NONE',  ( 0.03330698226150075700, 0.9994451685473456600, 0.0000000000000000000 ) ) ;
#1078 = VECTOR ( 'NONE', #2349, 39.37007874015748900 ) ;
#1079 = CARTESIAN_POINT ( 'NONE',  ( -0.2055955672965963900, 0.4557790287785993300, -0.06370049407927180800 ) ) ;
#1080 = CARTESIAN_POINT ( 'NONE',  ( 0.0000000000000000000, -6.609499411240539500E-016, 5.357874015748031100 ) ) ;
#1081 = CARTESIAN_POINT ( 'NONE',  ( 0.09333181835819567800, 0.4912119417135059100, -0.05138157120424656500 ) ) ;
#1082 = CARTESIAN_POINT ( 'NONE',  ( -0.06215773929920281200, 0.4961216513385103800, -0.07067820783540089400 ) ) ;
#1083 = ORIENTED_EDGE ( 'NONE', *, *, #1458, .F. ) ;
#1084 = CARTESIAN_POINT ( 'NONE',  ( -0.1155421523448528500, 0.4864668652966189200, -0.06500967538353184800 ) ) ;
#1085 = CYLINDRICAL_SURFACE ( 'NONE', #2257, 0.5000000000000000000 ) ;
#1086 = ADVANCED_FACE ( 'NONE', ( #2838 ), #279, .T. ) ;
#1087 = EDGE_CURVE ( 'NONE', #1389, #1300, #1535, .T. ) ;
#1088 = EDGE_LOOP ( 'NONE', ( #1644, #1296, #1878, #2665, #1885, #1508, #1799, #1546 ) ) ;
#1089 = CARTESIAN_POINT ( 'NONE',  ( 0.04687232202082076300, 0.4977981372287129100, -0.07388213904192070200 ) ) ;
#1090 = CARTESIAN_POINT ( 'NONE',  ( 0.1747787859594604200, 0.4684574656688367800, -0.05118782954404051800 ) ) ;
#1091 = ORIENTED_EDGE ( 'NONE', *, *, #2428, .T. ) ;
#1092 = CARTESIAN_POINT ( 'NONE',  ( 0.05457750836329954000, 0.4970125978494697700, -0.07102115529641850300 ) ) ;
#1093 = ORIENTED_EDGE ( 'NONE', *, *, #1551, .F. ) ;
#1094 = CARTESIAN_POINT ( 'NONE',  ( 0.1133417491555279000, 0.4869851955179614900, -0.07898471550741935400 ) ) ;
#1095 = CARTESIAN_POINT ( 'NONE',  ( 0.1523229250606890100, 0.4762367139770309300, -0.08638263128028536600 ) ) ;
#1096 = CARTESIAN_POINT ( 'NONE',  ( 0.07705658615561207500, 0.4940296318505350000, -0.09195578788651621900 ) ) ;
#1097 = CARTESIAN_POINT ( 'NONE',  ( -0.09853159164455706200, 0.4901954735240731100, -0.08796897521274255100 ) ) ;
#1098 = EDGE_CURVE ( 'NONE', #2304, #1964, #2985, .T. ) ;
#1099 = CARTESIAN_POINT ( 'NONE',  ( -0.1079065763992503500, 0.4882173397749582400, -0.07228808177596149400 ) ) ;
#1100 = VERTEX_POINT ( 'NONE', #3093 ) ;
#1101 = B_SPLINE_CURVE_WITH_KNOTS ( 'NONE', 3,
 ( #413, #2324, #3065, #1603, #193, #1852, #425, #2095, #658, #2334, #891, #2595, #1140, #2843, #1391, #3077 ),
 .UNSPECIFIED., .F., .F.,
 ( 4, 1, 2, 2, 2, 1, 2, 2, 4 ),
 ( 0.0000000000000000000, 0.1250000000000053300, 0.1875000000000069400, 0.2500000000000085500, 0.5000000000000103300, 0.6250000000000098800, 0.6875000000000106600, 0.7500000000000114400, 1.000000000000000000 ),
 .UNSPECIFIED. ) ;
#1102 = CARTESIAN_POINT ( 'NONE',  ( 0.1716246241647490000, 0.4696257478831364900, -0.09230460693636015300 ) ) ;
#1103 = CARTESIAN_POINT ( 'NONE',  ( 0.1770267781707161900, 0.4676125744785912300, -0.06413425896923748100 ) ) ;
#1104 = DIRECTION ( 'NONE',  ( -0.0000000000000000000, 1.224606353822377300E-016, -1.000000000000000000 ) ) ;
#1105 = CARTESIAN_POINT ( 'NONE',  ( 0.1181205773529218900, 0.4858472635343837900, -0.08329051235354288700 ) ) ;
#1106 = CARTESIAN_POINT ( 'NONE',  ( 0.2190577468679988600, 0.4494638627336888800, -0.05825082973443028400 ) ) ;
#1107 = AXIS2_PLACEMENT_3D ( 'NONE', #716, #2398, #950 ) ;
#1108 = CARTESIAN_POINT ( 'NONE',  ( 0.1831855406078366200, 0.4652344303486915000, -0.07615018716419237600 ) ) ;
#1109 = CARTESIAN_POINT ( 'NONE',  ( 0.0000000000000000000, -6.609499411240539500E-016, 5.357874015748031100 ) ) ;
#1110 = CARTESIAN_POINT ( 'NONE',  ( 0.02757531645235748400, 0.4992689384799139900, -0.06508854172716196900 ) ) ;
#1111 = CARTESIAN_POINT ( 'NONE',  ( 0.5000000000000000000, 0.0000000000000000000, -0.03937007874015751400 ) ) ;
#1112 = CARTESIAN_POINT ( 'NONE',  ( 0.1428458109642482500, 0.4791688439319250500, -0.05267892255696209100 ) ) ;
#1113 = CARTESIAN_POINT ( 'NONE',  ( 0.1246080785232106800, 0.4842305194269716000, -0.05224121434981491400 ) ) ;
#1114 = CARTESIAN_POINT ( 'NONE',  ( 0.0000000000000000000, -6.609499411240539500E-016, 5.357874015748031100 ) ) ;
#1115 = VERTEX_POINT ( 'NONE', #1881 ) ;
#1116 = CIRCLE ( 'NONE', #2746, 0.4944322300693974000 ) ;
#1117 = EDGE_LOOP ( 'NONE', ( #1281, #1267, #151 ) ) ;
#1118 = CARTESIAN_POINT ( 'NONE',  ( -0.05186369054631581600, 0.4973028831636872600, -0.08807808089534287200 ) ) ;
#1119 = CYLINDRICAL_SURFACE ( 'NONE', #2042, 0.5000000000000000000 ) ;
#1120 = CARTESIAN_POINT ( 'NONE',  ( 0.1007589315133252500, 0.4897424197680787000, -0.05145255091351367400 ) ) ;
#1121 = CARTESIAN_POINT ( 'NONE',  ( -0.05637871611402126700, 0.4968123207529183100, -0.03571839330518466300 ) ) ;
#1122 = ADVANCED_FACE ( 'NONE', ( #2762 ), #2687, .T. ) ;
#1123 = DIRECTION ( 'NONE',  ( 1.000000000000000000, 0.0000000000000000000, 0.0000000000000000000 ) ) ;
#1124 = CARTESIAN_POINT ( 'NONE',  ( -0.05370380671504691700, 0.4971077860595287100, -0.04209730728472399500 ) ) ;
#1125 = VERTEX_POINT ( 'NONE', #2360 ) ;
#1126 = DIRECTION ( 'NONE',  ( -0.0000000000000000000, -0.0000000000000000000, 1.000000000000000000 ) ) ;
#1127 = DIRECTION ( 'NONE',  ( -0.0000000000000000000, -0.0000000000000000000, 1.000000000000000000 ) ) ;
#1128 = B_SPLINE_CURVE_WITH_KNOTS ( 'NONE', 3,
 ( #2666, #2409, #2175, #734, #2420, #974, #2675, #1227, #2916, #1463, #47, #1703, #281, #1949, #513, #2187 ),
 .UNSPECIFIED., .F., .F.,
 ( 4, 1, 2, 2, 2, 1, 2, 2, 4 ),
 ( 0.0000000000000000000, 0.1250000000000009400, 0.1875000000000003600, 0.2499999999999997800, 0.4999999999999997800, 0.6249999999999975600, 0.6874999999999975600, 0.7499999999999974500, 1.000000000000000000 ),
 .UNSPECIFIED. ) ;
#1129 = AXIS2_PLACEMENT_3D ( 'NONE', #1919, #1570, #2292 ) ;
#1130 = B_SPLINE_CURVE_WITH_KNOTS ( 'NONE', 3,
 ( #174, #1356, #2085, #645, #2320, #878, #2578, #1121, #2827, #1378, #3061, #1599, #188, #1848, #422, #2092, #656, #2330, #887, #2590 ),
 .UNSPECIFIED., .F., .F.,
 ( 4, 1, 2, 2, 2, 2, 2, 1, 2, 2, 4 ),
 ( 0.0000000000000000000, 0.06250000000000130500, 0.09375000000000101300, 0.1250000000000007200, 0.2500000000000005000, 0.4999999999999999400, 0.7499999999999996700, 0.8124999999999998900, 0.8437500000000000000, 0.8750000000000000000, 1.000000000000000000 ),
 .UNSPECIFIED. ) ;
#1131 = EDGE_CURVE ( 'NONE', #137, #662, #1464, .T. ) ;
#1132 = B_SPLINE_CURVE_WITH_KNOTS ( 'NONE', 3,
 ( #3042, #870, #1110, #2820 ),
 .UNSPECIFIED., .F., .F.,
 ( 4, 4 ),
 ( 0.0000000000000000000, 1.000000000000000000 ),
 .UNSPECIFIED. ) ;
#1133 = CARTESIAN_POINT ( 'NONE',  ( 0.05136948722378889600, 0.4973541753945220400, -0.08772318234900730600 ) ) ;
#1134 = CARTESIAN_POINT ( 'NONE',  ( 0.04234775314436868600, 0.4982034401764239300, -0.07974979500800187500 ) ) ;
#1135 = ORIENTED_EDGE ( 'NONE', *, *, #182, .F. ) ;
#1136 = SECURITY_CLASSIFICATION_LEVEL ( 'unclassified' ) ;
#1137 = CARTESIAN_POINT ( 'NONE',  ( -0.1326849324815558600, 0.4820733807000033800, -0.04749609178724718100 ) ) ;
#1138 = PERSON_AND_ORGANIZATION ( #1606, #2417 ) ;
#1139 = VERTEX_POINT ( 'NONE', #1167 ) ;
#1140 = CARTESIAN_POINT ( 'NONE',  ( 0.2160363356050638800, 0.4509194009278433800, -0.05003055827924165300 ) ) ;
#1141 = CARTESIAN_POINT ( 'NONE',  ( 0.1847155273149969900, 0.4646290781939139700, -0.06143396404383908600 ) ) ;
#1142 = ORIENTED_EDGE ( 'NONE', *, *, #2046, .T. ) ;
#1143 = CARTESIAN_POINT ( 'NONE',  ( -0.04233583739856060900, 0.4982045405857040100, -0.08225014057475106600 ) ) ;
#1144 = CARTESIAN_POINT ( 'NONE',  ( 0.1764042072693086400, 0.4678477952764862900, -0.07190573478110071100 ) ) ;
#1145 = DIRECTION ( 'NONE',  ( -0.0000000000000000000, -0.0000000000000000000, 1.000000000000000000 ) ) ;
#1146 = EDGE_LOOP ( 'NONE', ( #2, #585, #196, #1026, #773, #2351, #2181, #333, #875, #1017, #1696, #1765, #2016, #1975, #865, #1727, #256 ) ) ;
#1147 = DIRECTION ( 'NONE',  ( 1.000000000000000000, 0.0000000000000000000, 0.0000000000000000000 ) ) ;
#1148 = CARTESIAN_POINT ( 'NONE',  ( -0.1305279148303776800, 0.4826618607439247500, -0.05723057774217417400 ) ) ;
#1149 = CARTESIAN_POINT ( 'NONE',  ( 0.0000000000000000000, 0.0000000000000000000, -0.1069718219948248700 ) ) ;
#1150 = CARTESIAN_POINT ( 'NONE',  ( -0.2014626224073519700, 0.4576164461344813800, -0.07596421051375595900 ) ) ;
#1151 = VERTEX_POINT ( 'NONE', #1632 ) ;
#1152 = EDGE_CURVE ( 'NONE', #1262, #2277, #2029, .T. ) ;
#1153 = ORIENTED_EDGE ( 'NONE', *, *, #2375, .F. ) ;
#1154 = CARTESIAN_POINT ( 'NONE',  ( 0.1696981460055886600, 0.4703223950139389700, -0.08482346914436492100 ) ) ;
#1155 = CC_DESIGN_DATE_AND_TIME_ASSIGNMENT ( #357, #2093, ( #521 ) ) ;
#1156 = CARTESIAN_POINT ( 'NONE',  ( 0.2122939759164133300, 0.4526956617529398500, -0.04580572070959684800 ) ) ;
#1157 = FACE_OUTER_BOUND ( 'NONE', #2785, .T. ) ;
#1158 = CARTESIAN_POINT ( 'NONE',  ( -0.1352235004784993800, 0.4813686882662477900, -0.09402045898929349600 ) ) ;
#1159 = CARTESIAN_POINT ( 'NONE',  ( 6.089141237617258400E-017, -0.4944322300693972900, 0.09928952431693138800 ) ) ;
#1160 = LINE ( 'NONE', #674, #1078 ) ;
#1161 = CARTESIAN_POINT ( 'NONE',  ( 0.1123799343015299100, 0.4872098630763933000, -0.06863652749507784300 ) ) ;
#1162 = CYLINDRICAL_SURFACE ( 'NONE', #1945, 0.5000000000000000000 ) ;
#1163 = CARTESIAN_POINT ( 'NONE',  ( 0.1455017623546051900, 0.4783609904159242800, -0.05327436345136951600 ) ) ;
#1164 = CARTESIAN_POINT ( 'NONE',  ( -0.1335172130623950000, 0.4818434951475956100, -0.04593979349376808200 ) ) ;
#1165 = CARTESIAN_POINT ( 'NONE',  ( -0.07859210226435461900, 0.4937846530357575300, -0.05916818895277133100 ) ) ;
#1166 = VERTEX_POINT ( 'NONE', #916 ) ;
#1167 = CARTESIAN_POINT ( 'NONE',  ( -0.1649321864524121700, 0.4720141670247056100, -0.07672132741260515000 ) ) ;
#1168 = ORIENTED_EDGE ( 'NONE', *, *, #1742, .F. ) ;
#1169 = B_SPLINE_CURVE_WITH_KNOTS ( 'NONE', 3,
 ( #155, #1010, #1920, #1174, #475, #435, #2111, #2435, #2860, #1001, #1883, #1813, #2120, #2153, #1863, #1440, #1402, #1341, #2456, #1625, #615, #685, #2606, #1210, #2201 ),
 .UNSPECIFIED., .F., .F.,
 ( 4, 1, 2, 2, 1, 2, 2, 1, 2, 2, 1, 1, 2, 2, 4 ),
 ( 0.0000000000000000000, 0.06250000000000212300, 0.09375000000000231800, 0.1250000000000025300, 0.1875000000000036400, 0.2187500000000030300, 0.2500000000000023900, 0.3749999999999990600, 0.4374999999999983300, 0.4999999999999975600, 0.6249999999999957800, 0.6874999999999948900, 0.7187499999999950000, 0.7499999999999950000, 1.000000000000000000 ),
 .UNSPECIFIED. ) ;
#1170 = VERTEX_POINT ( 'NONE', #3106 ) ;
#1171 = ORIENTED_EDGE ( 'NONE', *, *, #883, .F. ) ;
#1172 = CARTESIAN_POINT ( 'NONE',  ( -0.08882828801964899600, 0.4920475021502751000, -0.09312088048820897600 ) ) ;
#1173 = CARTESIAN_POINT ( 'NONE',  ( 0.1539326677249993900, 0.4757151460959430600, -0.04217612098600740500 ) ) ;
#1174 = CARTESIAN_POINT ( 'NONE',  ( -0.08282318989324678700, 0.4930926202894452800, -0.08726575018020819900 ) ) ;
#1175 = AXIS2_PLACEMENT_3D ( 'NONE', #200, #1859, #429 ) ;
#1176 = CARTESIAN_POINT ( 'NONE',  ( -0.03656176739880581000, 0.4986678316699774100, -0.05047460825250014300 ) ) ;
#1177 = EDGE_CURVE ( 'NONE', #95, #1327, #1683, .T. ) ;
#1178 = CARTESIAN_POINT ( 'NONE',  ( 0.001514231483037283100, 0.4999977070977583100, -0.07217862601951004200 ) ) ;
#1179 = CARTESIAN_POINT ( 'NONE',  ( -0.08319109522882045500, 0.4930317564168188400, -0.04211515882529238300 ) ) ;
#1180 = ORIENTED_EDGE ( 'NONE', *, *, #1177, .F. ) ;
#1181 = VERTEX_POINT ( 'NONE', #2168 ) ;
#1182 = DIRECTION ( 'NONE',  ( 1.000000000000000000, 0.0000000000000000000, 0.0000000000000000000 ) ) ;
#1183 = CARTESIAN_POINT ( 'NONE',  ( -0.1475162084896523000, 0.4777465895983568100, -0.03611794775532569500 ) ) ;
#1184 = CARTESIAN_POINT ( 'NONE',  ( 0.09335643135496621300, 0.4912072647854328600, -0.05216609694614719700 ) ) ;
#1185 = CARTESIAN_POINT ( 'NONE',  ( 0.1392798954910964600, 0.4802097438252998500, -0.04657907662919465900 ) ) ;
#1186 = ADVANCED_FACE ( 'NONE', ( #893 ), #2605, .T. ) ;
#1187 = CARTESIAN_POINT ( 'NONE',  ( -0.1250205698660749300, 0.4841177271753435200, -0.04779053572342625800 ) ) ;
#1188 = CARTESIAN_POINT ( 'NONE',  ( 0.2386967924118972600, 0.4393447863492539500, -0.09413501608613632200 ) ) ;
#1189 = CARTESIAN_POINT ( 'NONE',  ( -0.1134048224450164300, 0.4869696744274590900, -0.08220383970288021300 ) ) ;
#1190 = CARTESIAN_POINT ( 'NONE',  ( -0.04193112987930394700, 0.4982386810475301600, -0.08125491847031034200 ) ) ;
#1191 = ORIENTED_EDGE ( 'NONE', *, *, #2925, .T. ) ;
#1192 = CARTESIAN_POINT ( 'NONE',  ( -0.03545563122109191700, 0.4987415565965321900, -0.04522376765559034400 ) ) ;
#1193 = CARTESIAN_POINT ( 'NONE',  ( 0.2289082778368843100, 0.4445289833750133400, -0.08807808089534287200 ) ) ;
#1194 = CARTESIAN_POINT ( 'NONE',  ( -0.09160112791772739800, 0.4915378740351544200, -0.08627101136358483700 ) ) ;
#1195 = CARTESIAN_POINT ( 'NONE',  ( -0.1575320802140058300, 0.4745355121520326000, -0.04924119130668768600 ) ) ;
#1196 = CARTESIAN_POINT ( 'NONE',  ( 0.09828806807158456400, 0.4902442934604466800, -0.06459518483771892200 ) ) ;
#1197 = CARTESIAN_POINT ( 'NONE',  ( 0.1375219760354471400, 0.4807158774091281900, -0.07992281208988096000 ) ) ;
#1198 = EDGE_CURVE ( 'NONE', #1561, #1181, #130, .T. ) ;
#1199 = DIRECTION ( 'NONE',  ( -0.0000000000000000000, -0.0000000000000000000, 1.000000000000000000 ) ) ;
#1200 = CIRCLE ( 'NONE', #2083, 21.94488188976378500 ) ;
#1201 = CARTESIAN_POINT ( 'NONE',  ( -0.1379550325533342400, 0.4805917720155087300, -0.03532372150294303700 ) ) ;
#1202 = ORIENTED_EDGE ( 'NONE', *, *, #1963, .T. ) ;
#1203 = CARTESIAN_POINT ( 'NONE',  ( 0.2248742244563430900, 0.4466460205048566300, -0.05476493734597884900 ) ) ;
#1204 = B_SPLINE_CURVE_WITH_KNOTS ( 'NONE', 3,
 ( #2939, #1486, #537, #2209 ),
 .UNSPECIFIED., .F., .F.,
 ( 4, 4 ),
 ( 0.0000000000000000000, 1.000000000000000000 ),
 .UNSPECIFIED. ) ;
#1205 = CARTESIAN_POINT ( 'NONE',  ( -0.1015153127799487500, 0.4895863625913942600, -0.09441640582714028200 ) ) ;
#1206 = SPHERICAL_SURFACE ( 'NONE', #2529, 21.94488188976378500 ) ;
#1207 = EDGE_CURVE ( 'NONE', #2936, #2586, #1128, .T. ) ;
#1208 = CARTESIAN_POINT ( 'NONE',  ( -0.1081629420542428300, 0.4881606067332455700, -0.06498601548044281900 ) ) ;
#1209 = CARTESIAN_POINT ( 'NONE',  ( 0.1582531099063628200, 0.4742960391780390300, -0.09487297806005062800 ) ) ;
#1210 = CARTESIAN_POINT ( 'NONE',  ( -0.07845403201959755300, 0.4938066083131355500, -0.06771849255791551100 ) ) ;
#1211 = VERTEX_POINT ( 'NONE', #1451 ) ;
#1212 = CARTESIAN_POINT ( 'NONE',  ( -0.1492690857811704000, 0.4771989055959211000, -0.08305540961373539300 ) ) ;
#1213 = CARTESIAN_POINT ( 'NONE',  ( 0.0000000000000000000, 0.0000000000000000000, -0.03937007874015751400 ) ) ;
#1214 = ORIENTED_EDGE ( 'NONE', *, *, #1689, .T. ) ;
#1215 = EDGE_LOOP ( 'NONE', ( #785, #2225, #1699, #266 ) ) ;
#1216 = EDGE_CURVE ( 'NONE', #557, #976, #577, .T. ) ;
#1217 = CARTESIAN_POINT ( 'NONE',  ( -0.1304455464151979800, 0.4826841197901004500, -0.07194646368143953200 ) ) ;
#1218 = CARTESIAN_POINT ( 'NONE',  ( -0.08761162565680230600, 0.4922643670766957400, -0.04957887967819867700 ) ) ;
#1219 = CARTESIAN_POINT ( 'NONE',  ( 0.06886249199400518200, 0.4952353194463058300, -0.06180475723653958800 ) ) ;
#1220 = CARTESIAN_POINT ( 'NONE',  ( -0.03745161079143049400, 0.4985958622952497100, -0.08868136697771898700 ) ) ;
#1221 = ORIENTED_EDGE ( 'NONE', *, *, #2789, .T. ) ;
#1222 = CARTESIAN_POINT ( 'NONE',  ( -0.1050034383322031200, 0.4888500949069478100, -0.08361038205353940600 ) ) ;
#1223 = AXIS2_PLACEMENT_3D ( 'NONE', #297, #2955, #1268 ) ;
#1224 = CARTESIAN_POINT ( 'NONE',  ( -0.1517570415432258600, 0.4764134763303741200, -0.07228808177597383100 ) ) ;
#1225 = ORIENTED_EDGE ( 'NONE', *, *, #876, .T. ) ;
#1226 = CARTESIAN_POINT ( 'NONE',  ( -0.05530423158058193900, 0.4969321535743854200, -0.06562138187757640700 ) ) ;
#1227 = CARTESIAN_POINT ( 'NONE',  ( -0.2117453513248847000, 0.4529503706279241500, -0.04650466561271267300 ) ) ;
#1228 = CARTESIAN_POINT ( 'NONE',  ( -0.1332743996322957300, 0.4819110141377173600, -0.08362387317657481200 ) ) ;
#1229 = CARTESIAN_POINT ( 'NONE',  ( -0.08600883631096736800, 0.4925469319002107600, -0.05995459754049448100 ) ) ;
#1230 = CARTESIAN_POINT ( 'NONE',  ( 0.2093467512935623100, 0.4540638035814255100, -0.03507989797590010300 ) ) ;
#1231 = DIRECTION ( 'NONE',  ( -0.0000000000000000000, -0.0000000000000000000, 1.000000000000000000 ) ) ;
#1232 = DIRECTION ( 'NONE',  ( 1.000000000000000000, 0.0000000000000000000, 0.0000000000000000000 ) ) ;
#1233 = ORIENTED_EDGE ( 'NONE', *, *, #2938, .F. ) ;
#1234 = CARTESIAN_POINT ( 'NONE',  ( 0.1067892476970444400, 0.4884629589676459700, -0.06317795660734033800 ) ) ;
#1235 = EDGE_LOOP ( 'NONE', ( #2229, #1434, #112 ) ) ;
#1236 = CARTESIAN_POINT ( 'NONE',  ( -0.2185611728484488100, 0.4497050938261060700, -0.05880289413984116100 ) ) ;
#1237 = DIRECTION ( 'NONE',  ( -0.0000000000000000000, -0.0000000000000000000, 1.000000000000000000 ) ) ;
#1238 = CARTESIAN_POINT ( 'NONE',  ( 0.1269624302514130700, 0.4836129308046946400, -0.04266809516575753600 ) ) ;
#1239 = CYLINDRICAL_SURFACE ( 'NONE', #1385, 0.5000000000000000000 ) ;
#1240 = CARTESIAN_POINT ( 'NONE',  ( -0.08701259257430103700, 0.4923706071712462600, -0.07843919988052874800 ) ) ;
#1241 = DIRECTION ( 'NONE',  ( 1.000000000000000000, 0.0000000000000000000, 0.0000000000000000000 ) ) ;
#1242 = AXIS2_PLACEMENT_3D ( 'NONE', #659, #2335, #892 ) ;
#1243 = CARTESIAN_POINT ( 'NONE',  ( 0.1738174691653586500, 0.4688156086128284500, -0.03873373269234166300 ) ) ;
#1244 = CARTESIAN_POINT ( 'NONE',  ( -0.1507292747761402900, 0.4767396435477190300, -0.05082510468487216900 ) ) ;
#1245 = EDGE_CURVE ( 'NONE', #1950, #442, #37, .T. ) ;
#1246 = CARTESIAN_POINT ( 'NONE',  ( 0.1007589315133252500, 0.4897424197680787000, -0.05145255091351367400 ) ) ;
#1247 = FACE_OUTER_BOUND ( 'NONE', #436, .T. ) ;
#1248 = LINE ( 'NONE', #3070, #2448 ) ;
#1249 = CARTESIAN_POINT ( 'NONE',  ( -0.06976152427763050700, 0.4951094339849690400, -0.06985843177567145600 ) ) ;
#1250 = ORIENTED_EDGE ( 'NONE', *, *, #572, .T. ) ;
#1251 = CARTESIAN_POINT ( 'NONE',  ( -0.1411497147234121200, 0.4796631714375196900, -0.08807808089534287200 ) ) ;
#1252 = CARTESIAN_POINT ( 'NONE',  ( 0.1125387372142992000, 0.4871726150923454400, -0.03511009590242271400 ) ) ;
#1253 = CARTESIAN_POINT ( 'NONE',  ( -0.1075709742824008200, 0.4882914584994533800, -0.05440875822509214800 ) ) ;
#1254 = CARTESIAN_POINT ( 'NONE',  ( -0.05467328764672272500, 0.4970022142224429500, -0.05842669930248101100 ) ) ;
#1255 = CARTESIAN_POINT ( 'NONE',  ( -0.06042132220724479000, 0.4963358377376434500, -0.05034053546832894400 ) ) ;
#1256 = EDGE_LOOP ( 'NONE', ( #292, #2646, #34, #2582 ) ) ;
#1257 = ORIENTED_EDGE ( 'NONE', *, *, #443, .T. ) ;
#1258 = CARTESIAN_POINT ( 'NONE',  ( 0.5000000000000000000, 0.0000000000000000000, -0.1069718219948248700 ) ) ;
#1259 = EDGE_LOOP ( 'NONE', ( #201, #2527, #571, #2992, #2787 ) ) ;
#1260 = VERTEX_POINT ( 'NONE', #535 ) ;
#1261 = DIRECTION ( 'NONE',  ( -0.0000000000000000000, -0.0000000000000000000, 1.000000000000000000 ) ) ;
#1262 = VERTEX_POINT ( 'NONE', #1715 ) ;
#1263 = EDGE_CURVE ( 'NONE', #2124, #1927, #747, .T. ) ;
#1264 = CARTESIAN_POINT ( 'NONE',  ( 6.123233995736766000E-017, -0.5000000000000000000, -0.03937007874015757700 ) ) ;
#1265 = CARTESIAN_POINT ( 'NONE',  ( 0.0000000000000000000, -3.461046956879563400E-018, -0.01110755220600587200 ) ) ;
#1266 = CARTESIAN_POINT ( 'NONE',  ( -0.1014791770445433300, 0.4895948614414897300, -0.04295361360130343900 ) ) ;
#1267 = ORIENTED_EDGE ( 'NONE', *, *, #1263, .T. ) ;
#1268 = DIRECTION ( 'NONE',  ( -1.000000000000000000, 0.0000000000000000000, 0.0000000000000000000 ) ) ;
#1269 = CARTESIAN_POINT ( 'NONE',  ( 0.1959915392970010600, 0.4599862134064368600, -0.09413501608613632200 ) ) ;
#1270 = CARTESIAN_POINT ( 'NONE',  ( 0.06497693397734229100, 0.4957603259846347600, -0.08802776074131191100 ) ) ;
#1271 = CARTESIAN_POINT ( 'NONE',  ( 0.1360576254545840800, 0.4811323337249951400, -0.07523075351799581000 ) ) ;
#1272 = DIRECTION ( 'NONE',  ( -0.0000000000000000000, -0.0000000000000000000, 1.000000000000000000 ) ) ;
#1273 = CARTESIAN_POINT ( 'NONE',  ( -0.1854939833856521500, 0.4643188367143028000, -0.06990727532296250900 ) ) ;
#1274 = CARTESIAN_POINT ( 'NONE',  ( -0.07075666026446893200, 0.4949681772917458600, -0.07903177835270347500 ) ) ;
#1275 = CARTESIAN_POINT ( 'NONE',  ( -0.06792979312105400200, 0.4953640511851165600, -0.05009210648589405200 ) ) ;
#1276 = EDGE_LOOP ( 'NONE', ( #1339, #2781, #2740 ) ) ;
#1277 = CARTESIAN_POINT ( 'NONE',  ( -0.09509415564535167500, 0.4908739544252022100, -0.04205255208964896200 ) ) ;
#1278 = B_SPLINE_CURVE_WITH_KNOTS ( 'NONE', 3,
 ( #510, #278, #1161, #2185, #743, #2429, #981, #2686, #1234, #2927, #1472, #55, #1711, #289, #1958, #522, #2196, #757, #2439, #994, #2700, #1246 ),
 .UNSPECIFIED., .F., .F.,
 ( 4, 2, 1, 1, 1, 2, 2, 2, 1, 2, 2, 2, 4 ),
 ( 0.0000000000000000000, 0.2499999999999855700, 0.3749999999999776800, 0.4374999999999719100, 0.4687499999999698600, 0.4843749999999700200, 0.4999999999999702500, 0.6249999999999750200, 0.6874999999999772400, 0.7187499999999789100, 0.7499999999999805700, 0.8749999999999902300, 1.000000000000000000 ),
 .UNSPECIFIED. ) ;
#1279 = VERTEX_POINT ( 'NONE', #1976 ) ;
#1280 = CARTESIAN_POINT ( 'NONE',  ( 0.05676769801560222600, 0.4967672460969667600, -0.08331606703218481800 ) ) ;
#1281 = ORIENTED_EDGE ( 'NONE', *, *, #3098, .T. ) ;
#1282 = CIRCLE ( 'NONE', #1441, 0.5000000000000000000 ) ;
#1283 = CARTESIAN_POINT ( 'NONE',  ( 0.05167015053476088600, 0.4973231212265352100, -0.08809575440866387900 ) ) ;
#1284 = CARTESIAN_POINT ( 'NONE',  ( -0.04904518633203924800, 0.4975891202413206300, -0.04211627495291130100 ) ) ;
#1285 = CARTESIAN_POINT ( 'NONE',  ( -0.05554609024200172400, 0.4969051091717667800, -0.09457451531996752300 ) ) ;
#1286 = CARTESIAN_POINT ( 'NONE',  ( -0.1335172130623950000, 0.4818434951475956100, -0.04593979349376808200 ) ) ;
#1287 = ORIENTED_EDGE ( 'NONE', *, *, #128, .F. ) ;
#1288 = CARTESIAN_POINT ( 'NONE',  ( -0.06252231368258646900, 0.4960756794063016500, -0.06035811104881952400 ) ) ;
#1289 = AXIS2_PLACEMENT_3D ( 'NONE', #294, #1965, #525 ) ;
#1290 = CIRCLE ( 'NONE', #1242, 0.4999999999999999400 ) ;
#1291 = CARTESIAN_POINT ( 'NONE',  ( -0.004542638897484070500, 0.4999793640060028500, -0.06990727532296250900 ) ) ;
#1292 = ORIENTED_EDGE ( 'NONE', *, *, #2121, .T. ) ;
#1293 = CARTESIAN_POINT ( 'NONE',  ( 0.05545945426044125700, 0.4969160401535300800, -0.09177993303082460100 ) ) ;
#1294 = CARTESIAN_POINT ( 'NONE',  ( 0.1287559198168747600, 0.4831375776345404000, -0.08699564509784334100 ) ) ;
#1295 = CARTESIAN_POINT ( 'NONE',  ( 0.0000000000000000000, 0.0000000000000000000, -0.03583701487474929400 ) ) ;
#1296 = ORIENTED_EDGE ( 'NONE', *, *, #339, .T. ) ;
#1297 = CARTESIAN_POINT ( 'NONE',  ( 0.06897407828174836900, 0.4952197558978076500, -0.08779072689319988900 ) ) ;
#1298 = CARTESIAN_POINT ( 'NONE',  ( -0.1428957507703394500, 0.4791459236202653100, -0.04206498539562537200 ) ) ;
#1299 = CARTESIAN_POINT ( 'NONE',  ( -0.1587261009909748100, 0.4741371393794413000, -0.07423191274954583900 ) ) ;
#1300 = VERTEX_POINT ( 'NONE', #2691 ) ;
#1301 = AXIS2_PLACEMENT_3D ( 'NONE', #1353, #2845, #2136 ) ;
#1302 = CARTESIAN_POINT ( 'NONE',  ( 0.1222870048305703900, 0.4848188818589952400, -0.07731672451260329600 ) ) ;
#1303 = EDGE_CURVE ( 'NONE', #499, #2079, #205, .T. ) ;
#1304 = CARTESIAN_POINT ( 'NONE',  ( 0.0000000000000000000, -1.629851044885626700E-017, 0.09372175438632877900 ) ) ;
#1305 = EDGE_LOOP ( 'NONE', ( #2611, #1354, #1870, #3076, #145 ) ) ;
#1306 = CARTESIAN_POINT ( 'NONE',  ( 0.07250524869411839600, 0.4947150896469735800, -0.05727776048858534300 ) ) ;
#1307 = CARTESIAN_POINT ( 'NONE',  ( -0.1496428179909883600, 0.4770822555812439500, -0.09278934117841812500 ) ) ;
#1308 = EDGE_LOOP ( 'NONE', ( #1729, #1661, #3102, #2116, #2415, #955, #439, #3071, #606, #2835, #1908, #2478, #618, #902, #2689, #1191, #2850 ) ) ;
#1309 = CARTESIAN_POINT ( 'NONE',  ( 0.1201626093313685200, 0.4853474191100128900, -0.04562852639561614000 ) ) ;
#1310 = CARTESIAN_POINT ( 'NONE',  ( -0.1262928476340979300, 0.4837873475440389600, -0.08545378648630329300 ) ) ;
#1311 = CARTESIAN_POINT ( 'NONE',  ( -0.1003001736763254300, 0.4898372578977568900, -0.03531450445246515200 ) ) ;
#1312 = CARTESIAN_POINT ( 'NONE',  ( 0.0000000000000000000, 0.0000000000000000000, 21.82677165354331100 ) ) ;
#1313 = CARTESIAN_POINT ( 'NONE',  ( -0.05186369054631581600, 0.4973028831636872600, -0.08807808089534287200 ) ) ;
#1314 = FACE_OUTER_BOUND ( 'NONE', #430, .T. ) ;
#1315 = CARTESIAN_POINT ( 'NONE',  ( -0.1067380296939136700, 0.4884741501635626000, -0.07961381441990331200 ) ) ;
#1316 = CARTESIAN_POINT ( 'NONE',  ( -0.04375805594242838900, 0.4980817821889163000, -0.08459940874683298500 ) ) ;
#1317 = VERTEX_POINT ( 'NONE', #1491 ) ;
#1318 = EDGE_LOOP ( 'NONE', ( #2287, #2739, #172, #1443 ) ) ;
#1319 = CIRCLE ( 'NONE', #540, 0.4944322300693974000 ) ;
#1320 = EDGE_CURVE ( 'NONE', #3031, #244, #1588, .T. ) ;
#1321 = CYLINDRICAL_SURFACE ( 'NONE', #1301, 0.5000000000000000000 ) ;
#1322 = CARTESIAN_POINT ( 'NONE',  ( 0.1093753394605396500, 0.4878903925246855200, -0.07560931196742040600 ) ) ;
#1323 = CARTESIAN_POINT ( 'NONE',  ( -0.1231623758505766100, 0.4845936749201012500, -0.07186710619502680000 ) ) ;
#1324 = CARTESIAN_POINT ( 'NONE',  ( -0.1122244251500382500, 0.4872429633427245400, -0.04498943330365378500 ) ) ;
#1325 = PRODUCT_DEFINITION_FORMATION_WITH_SPECIFIED_SOURCE ( 'ANY', '', #1695, .NOT_KNOWN. ) ;
#1326 = CARTESIAN_POINT ( 'NONE',  ( 0.1021694761661272300, 0.4894502676658293300, -0.04641141455574882000 ) ) ;
#1327 = VERTEX_POINT ( 'NONE', #79 ) ;
#1328 = CARTESIAN_POINT ( 'NONE',  ( -0.06205371725348726700, 0.4961345641006252300, -0.08226524712930564900 ) ) ;
#1329 = CARTESIAN_POINT ( 'NONE',  ( 0.09954309729981424000, 0.4899918193688592700, -0.03848029094122409200 ) ) ;
#1330 = DIRECTION ( 'NONE',  ( 1.000000000000000000, 0.0000000000000000000, 0.0000000000000000000 ) ) ;
#1331 = ORIENTED_EDGE ( 'NONE', *, *, #2062, .F. ) ;
#1332 = LOCAL_TIME ( 14, 2, 21.00000000000000000, #1974 ) ;
#1333 = CARTESIAN_POINT ( 'NONE',  ( 0.0000000000000000000, 0.0000000000000000000, -0.01667532213660848800 ) ) ;
#1334 = CARTESIAN_POINT ( 'NONE',  ( 0.1614209498592853700, 0.4732273207258024800, -0.04120402845941179000 ) ) ;
#1335 = EDGE_LOOP ( 'NONE', ( #1629, #2316, #2672, #2764 ) ) ;
#1336 = CARTESIAN_POINT ( 'NONE',  ( 0.05440448801972651300, 0.4970313387335967800, -0.07433167720061240000 ) ) ;
#1337 = VERTEX_POINT ( 'NONE', #2963 ) ;
#1338 = CARTESIAN_POINT ( 'NONE',  ( -0.2092608026992709100, 0.4541034204381825300, -0.05280116538958879600 ) ) ;
#1339 = ORIENTED_EDGE ( 'NONE', *, *, #2980, .T. ) ;
#1340 = DIRECTION ( 'NONE',  ( -1.224646799147353200E-016, -1.000000000000000000, 0.0000000000000000000 ) ) ;
#1341 = CARTESIAN_POINT ( 'NONE',  ( -0.07902880252718406900, 0.4937149774843843100, -0.07506417369961677900 ) ) ;
#1342 = CARTESIAN_POINT ( 'NONE',  ( 0.06625340955855869900, 0.4955910468540223900, -0.09489213298498552800 ) ) ;
#1343 = CARTESIAN_POINT ( 'NONE',  ( -0.06294165389391949400, 0.4960225978476259800, -0.07270049564589489700 ) ) ;
#1344 = ORIENTED_EDGE ( 'NONE', *, *, #2741, .T. ) ;
#1345 = AXIS2_PLACEMENT_3D ( 'NONE', #1109, #2818, #1367 ) ;
#1346 = CARTESIAN_POINT ( 'NONE',  ( 0.1590901593902417900, 0.4740151064947060200, -0.09489213298498552800 ) ) ;
#1347 = CARTESIAN_POINT ( 'NONE',  ( 0.1752363333140227700, 0.4682865327504125400, -0.05242570916262366500 ) ) ;
#1348 = EDGE_CURVE ( 'NONE', #1714, #2408, #1319, .T. ) ;
#1349 = CARTESIAN_POINT ( 'NONE',  ( 0.05558640869588760800, 0.4969006772863714400, -0.06779003026206341400 ) ) ;
#1350 = CARTESIAN_POINT ( 'NONE',  ( 0.1148137182658043500, 0.4866393698569040900, -0.08025044920028584500 ) ) ;
#1351 = CARTESIAN_POINT ( 'NONE',  ( 0.1478751234029172500, 0.4776348977061672900, -0.08259625884510596300 ) ) ;
#1352 = CARTESIAN_POINT ( 'NONE',  ( 0.08037776668973174700, 0.4934975825170804200, -0.08875652770998074300 ) ) ;
#1353 = CARTESIAN_POINT ( 'NONE',  ( 0.0000000000000000000, 0.0000000000000000000, -0.03937007874015751400 ) ) ;
#1354 = ORIENTED_EDGE ( 'NONE', *, *, #2769, .F. ) ;
#1355 = CARTESIAN_POINT ( 'NONE',  ( 0.1753678980446903800, 0.4682378582311153600, -0.08964877706775717400 ) ) ;
#1356 = CARTESIAN_POINT ( 'NONE',  ( -0.05192128043072879300, 0.4972973291554644300, -0.03510134377216934200 ) ) ;
#1357 = CARTESIAN_POINT ( 'NONE',  ( -0.04266594015269894300, 0.4981764268058837000, -0.08290937156122388200 ) ) ;
#1358 = CIRCLE ( 'NONE', #164, 0.4999999999999999400 ) ;
#1359 = CARTESIAN_POINT ( 'NONE',  ( 0.1198555851889405900, 0.4854231138628545800, -0.08525245848828373600 ) ) ;
#1360 = CARTESIAN_POINT ( 'NONE',  ( 0.2226715353639885700, 0.4476800055158191600, -0.06915015842411331700 ) ) ;
#1361 = CARTESIAN_POINT ( 'NONE',  ( -0.09704815644879287400, 0.4904912387901445600, -0.08807808089534287200 ) ) ;
#1362 = CIRCLE ( 'NONE', #752, 0.4944322300693974000 ) ;
#1363 = EDGE_LOOP ( 'NONE', ( #1953, #511, #2570, #2658 ) ) ;
#1364 = EDGE_CURVE ( 'NONE', #2002, #2289, #1036, .T. ) ;
#1365 = ORIENTED_EDGE ( 'NONE', *, *, #2662, .T. ) ;
#1366 = CARTESIAN_POINT ( 'NONE',  ( 0.1841628550996921000, 0.4648484950297774900, -0.07202580989706830500 ) ) ;
#1367 = DIRECTION ( 'NONE',  ( 0.0000000000000000000, 1.000000000000000000, 0.0000000000000000000 ) ) ;
#1368 = CARTESIAN_POINT ( 'NONE',  ( -0.06040867693150447200, 0.4963373771072030500, -0.04967369355090887200 ) ) ;
#1369 = CARTESIAN_POINT ( 'NONE',  ( -0.02648668806112212900, 0.4992979624988998500, -0.06990727532296250900 ) ) ;
#1370 = VERTEX_POINT ( 'NONE', #1448 ) ;
#1371 = B_SPLINE_CURVE_WITH_KNOTS ( 'NONE', 3,
 ( #1790, #121, #593, #2272, #829, #2520, #1072, #2782, #1326, #3013, #1553, #139, #1803, #371, #2048, #601, #2282, #843, #2536 ),
 .UNSPECIFIED., .F., .F.,
 ( 4, 2, 2, 2, 2, 2, 1, 2, 2, 4 ),
 ( 0.0000000000000000000, 0.1250000000000046600, 0.1875000000000066600, 0.2500000000000086600, 0.3750000000000086600, 0.5000000000000086600, 0.6250000000000086600, 0.6875000000000086600, 0.7500000000000086600, 1.000000000000000000 ),
 .UNSPECIFIED. ) ;
#1372 = ADVANCED_FACE ( 'NONE', ( #672 ), #1959, .T. ) ;
#1373 = VERTEX_POINT ( 'NONE', #2460 ) ;
#1374 = CARTESIAN_POINT ( 'NONE',  ( 0.04988657485315109400, 0.4975051051491039000, -0.03583701487474929400 ) ) ;
#1375 = B_SPLINE_CURVE_WITH_KNOTS ( 'NONE', 3,
 ( #2931, #988, #2722, #1274, #2967, #1505, #88, #1749, #320, #1996, #555, #2231, #788, #2472, #1031, #2733, #1285, #2974, #1515, #98 ),
 .UNSPECIFIED., .F., .F.,
 ( 4, 1, 2, 2, 2, 2, 2, 1, 2, 2, 4 ),
 ( 0.0000000000000000000, 0.06249999999999683600, 0.09374999999999610000, 0.1249999999999953600, 0.2499999999999942800, 0.4999999999999944500, 0.7499999999999946700, 0.8124999999999954500, 0.8437499999999961100, 0.8749999999999967800, 1.000000000000000000 ),
 .UNSPECIFIED. ) ;
#1376 = CARTESIAN_POINT ( 'NONE',  ( -0.1058180470356812900, 0.4886743254903472300, -0.08220143178394412300 ) ) ;
#1377 = CARTESIAN_POINT ( 'NONE',  ( 0.04700565708162073700, 0.4977855652932142200, -0.07652615438601040300 ) ) ;
#1378 = CARTESIAN_POINT ( 'NONE',  ( -0.06122897811047829700, 0.4962394541758622400, -0.03773478711595853300 ) ) ;
#1379 = PERSON_AND_ORGANIZATION_ROLE ( 'design_owner' ) ;
#1380 = CARTESIAN_POINT ( 'NONE',  ( -0.05213665303604880100, 0.4972747688887322900, -0.04190378549416242500 ) ) ;
#1381 = EDGE_CURVE ( 'NONE', #2255, #2496, #485, .T. ) ;
#1382 = ORIENTED_EDGE ( 'NONE', *, *, #2102, .F. ) ;
#1383 = CARTESIAN_POINT ( 'NONE',  ( -0.1070777018239275800, 0.4883998665463590300, -0.07834443012981386100 ) ) ;
#1384 = CARTESIAN_POINT ( 'NONE',  ( 0.1770092354182703200, 0.4676192157391456100, -0.06507027917259714000 ) ) ;
#1385 = AXIS2_PLACEMENT_3D ( 'NONE', #2436, #2192, #1241 ) ;
#1386 = CARTESIAN_POINT ( 'NONE',  ( -0.2168378704171738400, 0.4505345025111227600, -0.05362926199770509000 ) ) ;
#1387 = CARTESIAN_POINT ( 'NONE',  ( 0.0000000000000000000, 0.0000000000000000000, -0.03937007874015751400 ) ) ;
#1388 = DATE_TIME_ROLE ( 'classification_date' ) ;
#1389 = VERTEX_POINT ( 'NONE', #979 ) ;
#1390 = CARTESIAN_POINT ( 'NONE',  ( -0.1322926120328168600, 0.4821811729291350900, -0.04843965610518702300 ) ) ;
#1391 = CARTESIAN_POINT ( 'NONE',  ( 0.2167189297560027100, 0.4505921036273549700, -0.05164162588368993000 ) ) ;
#1392 = CARTESIAN_POINT ( 'NONE',  ( 0.1845440706566339700, 0.4646971986999342000, -0.05926162881476061000 ) ) ;
#1393 = FACE_BOUND ( 'NONE', #688, .T. ) ;
#1394 = CARTESIAN_POINT ( 'NONE',  ( 0.1759580414965265800, 0.4680158980889931900, -0.07418803644409577300 ) ) ;
#1395 = CIRCLE ( 'NONE', #1012, 0.5000000000000000000 ) ;
#1396 = CARTESIAN_POINT ( 'NONE',  ( -0.1520072025094221200, 0.4763337174557975000, -0.06498601548044281900 ) ) ;
#1397 = CARTESIAN_POINT ( 'NONE',  ( 0.0000000000000000000, 0.0000000000000000000, -0.06990727532296250900 ) ) ;
#1398 = CARTESIAN_POINT ( 'NONE',  ( -0.1303801305389611100, 0.4827017937716109300, -0.05927162469527434000 ) ) ;
#1399 = CARTESIAN_POINT ( 'NONE',  ( 0.1302237752031617000, 0.4827439988153904800, -0.09210395474367774600 ) ) ;
#1400 = FACE_OUTER_BOUND ( 'NONE', #2074, .T. ) ;
#1401 = DIRECTION ( 'NONE',  ( -0.0000000000000000000, -0.0000000000000000000, 1.000000000000000000 ) ) ;
#1402 = CARTESIAN_POINT ( 'NONE',  ( -0.07927316505255449500, 0.4936758066940342700, -0.07658907680062593300 ) ) ;
#1403 = CARTESIAN_POINT ( 'NONE',  ( -0.04339717658148444000, 0.4981132599509344200, -0.08410596780550305700 ) ) ;
#1404 = VERTEX_POINT ( 'NONE', #2680 ) ;
#1405 = AXIS2_PLACEMENT_3D ( 'NONE', #74, #1737, #308 ) ;
#1406 = CARTESIAN_POINT ( 'NONE',  ( 0.1682270184631798600, 0.4708500537211293100, -0.08577382128783445100 ) ) ;
#1407 = EDGE_CURVE ( 'NONE', #2037, #410, #3053, .T. ) ;
#1408 = CARTESIAN_POINT ( 'NONE',  ( -0.1394966752411141700, 0.4801466670700725900, -0.04201383373505652300 ) ) ;
#1409 = DIRECTION ( 'NONE',  ( 0.0000000000000000000, 0.0000000000000000000, -1.000000000000000000 ) ) ;
#1410 = CALENDAR_DATE ( 2016, 30, 9 ) ;
#1411 = MANIFOLD_SOLID_BREP ( '20533-001-1-solid1', #1817 ) ;
#1412 = DIRECTION ( 'NONE',  ( 0.0000000000000000000, -1.000000000000000000, -1.680119589323784100E-016 ) ) ;
#1413 = VERTEX_POINT ( 'NONE', #284 ) ;
#1414 = CARTESIAN_POINT ( 'NONE',  ( -0.08407634175840249200, 0.4928804812087046500, -0.08920192629207214500 ) ) ;
#1415 = CARTESIAN_POINT ( 'NONE',  ( -0.07881463118883218200, 0.4937491835047696500, -0.05667375730236094700 ) ) ;
#1416 = DIRECTION ( 'NONE',  ( 0.0000000000000000000, 0.0000000000000000000, 1.000000000000000000 ) ) ;
#1417 = CARTESIAN_POINT ( 'NONE',  ( -0.1298210692570500300, 0.4828524746754724300, -0.09069831592867723400 ) ) ;
#1418 = CARTESIAN_POINT ( 'NONE',  ( -0.08647154710878408900, 0.4924659829236826500, -0.09154312146665016800 ) ) ;
#1419 = EDGE_CURVE ( 'NONE', #2991, #2390, #2482, .T. ) ;
#1420 = CARTESIAN_POINT ( 'NONE',  ( 0.1578464595400541300, 0.4744330075648998100, -0.03434931639967493000 ) ) ;
#1421 = CARTESIAN_POINT ( 'NONE',  ( -0.1229700844899895300, 0.4846425060670291300, -0.06118949260378302900 ) ) ;
#1422 = CARTESIAN_POINT ( 'NONE',  ( -0.08632796826585857600, 0.4924929538018098000, -0.03851851612238220400 ) ) ;
#1423 = CARTESIAN_POINT ( 'NONE',  ( -0.1154653379500180000, 0.4864851036836320100, -0.06885178754550699800 ) ) ;
#1424 = ADVANCED_FACE ( 'NONE', ( #2519 ), #2443, .T. ) ;
#1425 = CARTESIAN_POINT ( 'NONE',  ( 0.1302194104504577900, 0.4827451761974791400, -0.09413501608613633600 ) ) ;
#1426 = CARTESIAN_POINT ( 'NONE',  ( -0.09629843655224847000, 0.4906395776962423300, -0.08804953353720614000 ) ) ;
#1427 = CARTESIAN_POINT ( 'NONE',  ( -0.1509764164492037000, 0.4766619710947921400, -0.03809252784613730700 ) ) ;
#1428 = CARTESIAN_POINT ( 'NONE',  ( 0.09339758526947782000, 0.4911994420610176200, -0.05297455765623113700 ) ) ;
#1429 = FACE_OUTER_BOUND ( 'NONE', #1887, .T. ) ;
#1430 = CARTESIAN_POINT ( 'NONE',  ( 0.1383442262958415900, 0.4804798818838224600, -0.04888113580076165100 ) ) ;
#1431 = SPHERICAL_SURFACE ( 'NONE', #437, 5.397244094488188500 ) ;
#1432 = CARTESIAN_POINT ( 'NONE',  ( -0.1256771409238065800, 0.4839475812829257000, -0.04601470977707638300 ) ) ;
#1433 = CARTESIAN_POINT ( 'NONE',  ( -0.06792979312105400200, 0.4953640511851165600, -0.05009210648589405200 ) ) ;
#1434 = ORIENTED_EDGE ( 'NONE', *, *, #3098, .F. ) ;
#1435 = B_SPLINE_CURVE_WITH_KNOTS ( 'NONE', 3,
 ( #1676, #496, #516, #2190, #749, #2433, #987, #2694, #1238, #2930, #1479, #59, #1718, #295, #1966, #526, #2199, #761, #2445, #999, #2704, #1252, #2940 ),
 .UNSPECIFIED., .F., .F.,
 ( 4, 1, 2, 2, 2, 2, 1, 2, 2, 1, 2, 2, 4 ),
 ( 0.0000000000000000000, 0.06250000000000190100, 0.09375000000000224800, 0.1250000000000026100, 0.2500000000000010500, 0.4999999999999986100, 0.6249999999999983300, 0.6874999999999982200, 0.7499999999999981100, 0.8124999999999981100, 0.8437499999999980000, 0.8749999999999980000, 1.000000000000000000 ),
 .UNSPECIFIED. ) ;
#1436 = CARTESIAN_POINT ( 'NONE',  ( -0.1127415958563255800, 0.4871235344166985900, -0.08398166054367356400 ) ) ;
#1437 = CARTESIAN_POINT ( 'NONE',  ( -0.1584419154039100600, 0.4742321879604064500, -0.05353729831183250100 ) ) ;
#1438 = CARTESIAN_POINT ( 'NONE',  ( 0.09863833974288605000, 0.4901739325362391400, -0.06504918172493966100 ) ) ;
#1439 = CARTESIAN_POINT ( 'NONE',  ( 0.1383927849245474900, 0.4804659511710286900, -0.08192805885141833700 ) ) ;
#1440 = CARTESIAN_POINT ( 'NONE',  ( -0.07955730589477012800, 0.4936300682513977700, -0.07807426898858205200 ) ) ;
#1441 = AXIS2_PLACEMENT_3D ( 'NONE', #2951, #1492, #81 ) ;
#1442 = CARTESIAN_POINT ( 'NONE',  ( -0.1418468738786013700, 0.4794575615762739500, -0.08804273968094750200 ) ) ;
#1443 = ORIENTED_EDGE ( 'NONE', *, *, #440, .F. ) ;
#1444 = CARTESIAN_POINT ( 'NONE',  ( -0.1385984412214448800, 0.4804065942802630000, -0.03522880513089977200 ) ) ;
#1445 = CARTESIAN_POINT ( 'NONE',  ( -0.1003104803526899500, 0.4898345129724585600, -0.09465054165441107200 ) ) ;
#1446 = CARTESIAN_POINT ( 'NONE',  ( -0.2171576038476028300, 0.4503804781417235500, -0.03507989797590011600 ) ) ;
#1447 = DIRECTION ( 'NONE',  ( -1.000000000000000000, 0.0000000000000000000, 0.0000000000000000000 ) ) ;
#1448 = CARTESIAN_POINT ( 'NONE',  ( 0.0000000000000000000, -4.175364213577202200E-016, 0.1181102362204725500 ) ) ;
#1449 = CARTESIAN_POINT ( 'NONE',  ( -0.1500388045688896600, 0.4769574764659571000, -0.08146164397748995000 ) ) ;
#1450 = VERTEX_POINT ( 'NONE', #60 ) ;
#1451 = CARTESIAN_POINT ( 'NONE',  ( 0.009084902827491889800, 0.4999174577273882700, -0.07974979500800187500 ) ) ;
#1452 = ORIENTED_EDGE ( 'NONE', *, *, #1303, .F. ) ;
#1453 = CARTESIAN_POINT ( 'NONE',  ( -0.1305767480493065000, 0.4826486576145836400, -0.07361738684697527500 ) ) ;
#1454 = CARTESIAN_POINT ( 'NONE',  ( -0.08741232740161566900, 0.4922997943027309100, -0.05024776382026635600 ) ) ;
#1455 = CARTESIAN_POINT ( 'NONE',  ( 0.07105454823273331400, 0.4949262239257468700, -0.06239925294351456000 ) ) ;
#1456 = AXIS2_PLACEMENT_3D ( 'NONE', #1149, #1476, #2442 ) ;
#1457 = CARTESIAN_POINT ( 'NONE',  ( -0.03548955837107822800, 0.4987391190300977700, -0.08581669709066155900 ) ) ;
#1458 = EDGE_CURVE ( 'NONE', #2347, #208, #1926, .T. ) ;
#1459 = CARTESIAN_POINT ( 'NONE',  ( -0.1519886634322922500, 0.4763396336300010400, -0.06794999881043137200 ) ) ;
#1460 = LINE ( 'NONE', #53, #813 ) ;
#1461 = B_SPLINE_CURVE_WITH_KNOTS ( 'NONE', 3,
 ( #25, #2906, #1684, #271, #1939, #503, #2174, #732, #2413, #967, #2671, #1220, #2912, #1457, #43, #1693, #277, #1946, #509, #2182, #742, #2426 ),
 .UNSPECIFIED., .F., .F.,
 ( 4, 1, 2, 2, 2, 2, 2, 2, 1, 2, 2, 4 ),
 ( 0.0000000000000000000, 0.06250000000000123500, 0.09375000000000108200, 0.1250000000000009400, 0.2499999999999996100, 0.4999999999999963400, 0.6249999999999948900, 0.7499999999999934500, 0.8124999999999926700, 0.8437499999999930100, 0.8749999999999934500, 1.000000000000000000 ),
 .UNSPECIFIED. ) ;
#1462 = CARTESIAN_POINT ( 'NONE',  ( -0.05600211232238415400, 0.4968539893190213600, -0.06581098241771554700 ) ) ;
#1463 = CARTESIAN_POINT ( 'NONE',  ( -0.2110028127823566100, 0.4532966713981572700, -0.04867021066746192400 ) ) ;
#1464 = LINE ( 'NONE', #2868, #818 ) ;
#1465 = EDGE_CURVE ( 'NONE', #442, #2298, #1375, .T. ) ;
#1466 = CARTESIAN_POINT ( 'NONE',  ( -0.1353534546149574600, 0.4813311381266012200, -0.08588638730833066100 ) ) ;
#1467 = CARTESIAN_POINT ( 'NONE',  ( -0.08590791802856485900, 0.4925645442418576900, -0.06283643499989674500 ) ) ;
#1468 = CARTESIAN_POINT ( 'NONE',  ( 0.2022491395344456200, 0.4573361674034133200, -0.05476493734597883600 ) ) ;
#1469 = CARTESIAN_POINT ( 'NONE',  ( 0.07617105541825382200, 0.4941639103743507000, -0.06687880772756577000 ) ) ;
#1470 = ORIENTED_EDGE ( 'NONE', *, *, #654, .T. ) ;
#1471 = CARTESIAN_POINT ( 'NONE',  ( -0.1518725601101772500, 0.4763766652203493800, -0.05956360336390313600 ) ) ;
#1472 = CARTESIAN_POINT ( 'NONE',  ( 0.1057278538166323100, 0.4886946907943227100, -0.06204087479851903100 ) ) ;
#1473 = ORIENTED_EDGE ( 'NONE', *, *, #591, .T. ) ;
#1474 = ORIENTED_EDGE ( 'NONE', *, *, #650, .T. ) ;
#1475 = CARTESIAN_POINT ( 'NONE',  ( -0.05993982028362399000, 0.4963942162680452500, -0.06180375851496734000 ) ) ;
#1476 = DIRECTION ( 'NONE',  ( -0.0000000000000000000, -0.0000000000000000000, 1.000000000000000000 ) ) ;
#1477 = EDGE_CURVE ( 'NONE', #2643, #969, #799, .T. ) ;
#1478 = EDGE_LOOP ( 'NONE', ( #180, #2876, #1093, #1287, #975, #834, #2075, #234, #1658, #2137 ) ) ;
#1479 = CARTESIAN_POINT ( 'NONE',  ( 0.1230514015806723200, 0.4846226626550859700, -0.03851925665895562100 ) ) ;
#1480 = CARTESIAN_POINT ( 'NONE',  ( -0.04986019142470921700, 0.4975079505078267000, -0.05937253051984298800 ) ) ;
#1481 = PERSON_AND_ORGANIZATION ( #1606, #2417 ) ;
#1482 = CARTESIAN_POINT ( 'NONE',  ( 0.1714563209036880400, 0.4696844235871168700, -0.03729088002419433900 ) ) ;
#1483 = CARTESIAN_POINT ( 'NONE',  ( -0.1503277859897780800, 0.4768664415710194300, -0.04938511180682637900 ) ) ;
#1484 = APPROVAL ( #657, 'UNSPECIFIED' ) ;
#1485 = CARTESIAN_POINT ( 'NONE',  ( -0.07020090779809135000, 0.4950473129202930800, -0.07109227737789075600 ) ) ;
#1486 = CARTESIAN_POINT ( 'NONE',  ( -0.03580662608652468400, 0.4987226230140970300, -0.07798318891068710400 ) ) ;
#1487 = CARTESIAN_POINT ( 'NONE',  ( -0.1070229125406148100, 0.4884118165837571000, -0.05152122125761181300 ) ) ;
#1488 = CARTESIAN_POINT ( 'NONE',  ( -0.05638803022530448200, 0.4968105860024313900, -0.05759946401594709400 ) ) ;
#1489 = CARTESIAN_POINT ( 'NONE',  ( -0.03404390112370862100, 0.4988396664222675100, -0.05022223595288375500 ) ) ;
#1490 = DIRECTION ( 'NONE',  ( -1.000000000000000000, 0.0000000000000000000, -0.0000000000000000000 ) ) ;
#1491 = CARTESIAN_POINT ( 'NONE',  ( 0.1162556328261432800, 0.4862968515589967100, -0.07204849655252033900 ) ) ;
#1492 = DIRECTION ( 'NONE',  ( -0.0000000000000000000, -0.0000000000000000000, 1.000000000000000000 ) ) ;
#1493 = DIRECTION ( 'NONE',  ( 0.0000000000000000000, 1.000000000000000000, 1.237868622129119300E-016 ) ) ;
#1494 = CARTESIAN_POINT ( 'NONE',  ( -0.09975542114295819800, 0.4899479601099532800, -0.04228428127777676000 ) ) ;
#1495 = AXIS2_PLACEMENT_3D ( 'NONE', #3026, #604, #844 ) ;
#1496 = B_SPLINE_CURVE_WITH_KNOTS ( 'NONE', 3,
 ( #3068, #1384, #198, #1856, #426, #2101, #660, #2337, #894, #2599, #1144, #2848, #1394, #3081, #1618, #209, #1865, #438, #2113, #670, #2346, #904, #2608, #1154, #2854, #1406, #3088, #1628, #218, #1874, #447, #2122, #680, #2355, #912 ),
 .UNSPECIFIED., .F., .F.,
 ( 4, 1, 1, 2, 2, 1, 2, 2, 1, 1, 2, 2, 2, 2, 1, 2, 2, 1, 2, 2, 4 ),
 ( 0.0000000000000000000, 0.06249999999999608600, 0.09374999999999446300, 0.1093749999999940900, 0.1249999999999937300, 0.1874999999999914500, 0.2187499999999902900, 0.2499999999999891800, 0.3749999999999870700, 0.4374999999999870700, 0.4687499999999876200, 0.4999999999999882300, 0.5624999999999894500, 0.6249999999999905600, 0.6874999999999917800, 0.7187499999999944500, 0.7499999999999970000, 0.8124999999999978900, 0.8437499999999993300, 0.8750000000000007800, 1.000000000000000000 ),
 .UNSPECIFIED. ) ;
#1497 = CARTESIAN_POINT ( 'NONE',  ( 0.2021553294644830000, 0.4573108601040503100, -0.07596421051375594500 ) ) ;
#1498 = EDGE_CURVE ( 'NONE', #369, #1317, #265, .T. ) ;
#1499 = ORIENTED_EDGE ( 'NONE', *, *, #2769, .T. ) ;
#1500 = CONICAL_SURFACE ( 'NONE', #1495, 0.5000000000000000000, 0.7853981633974420600 ) ;
#1501 = VECTOR ( 'NONE', #1007, 39.37007874015748900 ) ;
#1502 = VERTEX_POINT ( 'NONE', #2006 ) ;
#1503 = ORIENTED_EDGE ( 'NONE', *, *, #2177, .F. ) ;
#1504 = CARTESIAN_POINT ( 'NONE',  ( -0.1411497147234121200, 0.4796631714375196900, -0.03507989797590011600 ) ) ;
#1505 = CARTESIAN_POINT ( 'NONE',  ( -0.07064860589911585400, 0.4949836140861180200, -0.07979050581514481000 ) ) ;
#1506 = CARTESIAN_POINT ( 'NONE',  ( -0.06788258701427865600, 0.4953705232493577100, -0.05106097721550453100 ) ) ;
#1507 = CARTESIAN_POINT ( 'NONE',  ( -0.09331089294656612400, 0.4912164159828119000, -0.04257255026934492900 ) ) ;
#1508 = ORIENTED_EDGE ( 'NONE', *, *, #2709, .T. ) ;
#1509 = CARTESIAN_POINT ( 'NONE',  ( 0.05557461356181456200, 0.4969020066423318100, -0.08108140979833293500 ) ) ;
#1510 = VERTEX_POINT ( 'NONE', #2486 ) ;
#1511 = CARTESIAN_POINT ( 'NONE',  ( -0.04130273189481178200, 0.4982912361708726200, -0.07940017542030887400 ) ) ;
#1512 = ORIENTED_EDGE ( 'NONE', *, *, #1051, .T. ) ;
#1513 = EDGE_CURVE ( 'NONE', #2748, #1739, #2831, .T. ) ;
#1514 = CARTESIAN_POINT ( 'NONE',  ( -0.04665544427738518900, 0.4978199643800126900, -0.04290386389817628400 ) ) ;
#1515 = CARTESIAN_POINT ( 'NONE',  ( -0.05313440334658598600, 0.4971711339997694800, -0.09485734769658418800 ) ) ;
#1516 = CARTESIAN_POINT ( 'NONE',  ( 0.1482702214906833900, 0.4775110290577442300, -0.04680876218676504500 ) ) ;
#1517 = CARTESIAN_POINT ( 'NONE',  ( -0.06186787820935416000, 0.4961576193400985500, -0.06077860918958713500 ) ) ;
#1518 = CARTESIAN_POINT ( 'NONE',  ( 0.07663288148295131800, 0.4940925039633685100, -0.07900263429763289300 ) ) ;
#1519 = DIRECTION ( 'NONE',  ( -0.0000000000000000000, -0.0000000000000000000, 1.000000000000000000 ) ) ;
#1520 = CARTESIAN_POINT ( 'NONE',  ( 0.05914549601166500800, 0.4964909890400329200, -0.09373537323671997400 ) ) ;
#1521 = B_SPLINE_CURVE_WITH_KNOTS ( 'NONE', 3,
 ( #1386, #609, #1611, #199 ),
 .UNSPECIFIED., .F., .F.,
 ( 4, 4 ),
 ( 0.0000000000000000000, 1.000000000000000000 ),
 .UNSPECIFIED. ) ;
#1522 = CARTESIAN_POINT ( 'NONE',  ( 0.1285583084381155000, 0.4831901996668452300, -0.08651905843056130500 ) ) ;
#1523 = DIRECTION ( 'NONE',  ( 0.01816980565498378000, 0.9998349154547765400, 0.0000000000000000000 ) ) ;
#1524 = CARTESIAN_POINT ( 'NONE',  ( 0.06840032079677334200, 0.4952993143498706200, -0.08790303507997261600 ) ) ;
#1525 = CARTESIAN_POINT ( 'NONE',  ( -0.1418034607378768100, 0.4794709194336995700, -0.04191730415726197000 ) ) ;
#1526 = CARTESIAN_POINT ( 'NONE',  ( -0.1583875793715310600, 0.4742503982735707900, -0.07688918233827279900 ) ) ;
#1527 = EDGE_CURVE ( 'NONE', #1620, #925, #1395, .T. ) ;
#1528 = ORIENTED_EDGE ( 'NONE', *, *, #1837, .T. ) ;
#1529 = FACE_BOUND ( 'NONE', #2847, .T. ) ;
#1530 = CARTESIAN_POINT ( 'NONE',  ( 0.1112791686684470300, 0.4874596871747030000, -0.04189395006554275100 ) ) ;
#1531 = CARTESIAN_POINT ( 'NONE',  ( 0.1162556328261432800, 0.4862968515589967100, -0.07204849655252033900 ) ) ;
#1532 = ORIENTED_EDGE ( 'NONE', *, *, #1876, .T. ) ;
#1533 = DIRECTION ( 'NONE',  ( 0.0000000000000000000, 1.000000000000000000, 1.365923996832131600E-016 ) ) ;
#1534 = AXIS2_PLACEMENT_3D ( 'NONE', #1295, #2984, #1523 ) ;
#1535 = LINE ( 'NONE', #2857, #346 ) ;
#1536 = CARTESIAN_POINT ( 'NONE',  ( 0.07134769745052159400, 0.4948840530977678400, -0.05658357445301704500 ) ) ;
#1537 = CARTESIAN_POINT ( 'NONE',  ( -0.1474981508132750000, 0.4777498082707609100, -0.09382891055115549800 ) ) ;
#1538 = EDGE_LOOP ( 'NONE', ( #362, #26, #1331, #427, #758, #1597, #2285, #1171 ) ) ;
#1539 = ORIENTED_EDGE ( 'NONE', *, *, #76, .F. ) ;
#1540 = CARTESIAN_POINT ( 'NONE',  ( 0.1215804870812905300, 0.4849929919908829700, -0.04857116427824161000 ) ) ;
#1541 = CARTESIAN_POINT ( 'NONE',  ( -0.1257738902041431500, 0.4839224524737094100, -0.08419392045650844800 ) ) ;
#1542 = CARTESIAN_POINT ( 'NONE',  ( -0.1035622820401406600, 0.4891601878512412700, -0.03611794775532572300 ) ) ;
#1543 = DIRECTION ( 'NONE',  ( 0.0000000000000000000, 1.000000000000000000, 0.0000000000000000000 ) ) ;
#1544 = CARTESIAN_POINT ( 'NONE',  ( 0.1094971637266941300, 0.4878636226922853900, -0.03512771509523384500 ) ) ;
#1545 = COORDINATED_UNIVERSAL_TIME_OFFSET ( 5, 0, .BEHIND. ) ;
#1546 = ORIENTED_EDGE ( 'NONE', *, *, #3082, .F. ) ;
#1547 = AXIS2_PLACEMENT_3D ( 'NONE', #2458, #1014, #2714 ) ;
#1548 = CARTESIAN_POINT ( 'NONE',  ( -0.2092608026992709100, 0.4541034204381825300, -0.05280116538958879600 ) ) ;
#1549 = CARTESIAN_POINT ( 'NONE',  ( -0.1230080840801470200, 0.4846328760550941400, -0.06982218371999912600 ) ) ;
#1550 = ORIENTED_EDGE ( 'NONE', *, *, #1947, .T. ) ;
#1551 = EDGE_CURVE ( 'NONE', #536, #1921, #2248, .T. ) ;
#1552 = CARTESIAN_POINT ( 'NONE',  ( -0.1138281825409932500, 0.4868710850413673900, -0.04924119130697920300 ) ) ;
#1553 = CARTESIAN_POINT ( 'NONE',  ( 0.1034839965268297100, 0.4891741092290241000, -0.04481234144379904500 ) ) ;
#1554 = EDGE_CURVE ( 'NONE', #1115, #1337, #1685, .T. ) ;
#1555 = CARTESIAN_POINT ( 'NONE',  ( -0.06290757404205597800, 0.4960269154302876500, -0.08018821222250276100 ) ) ;
#1556 = CARTESIAN_POINT ( 'NONE',  ( 0.09554827856160270900, 0.4907864583415751400, -0.04268273471119854400 ) ) ;
#1557 = CARTESIAN_POINT ( 'NONE',  ( 0.05226272096585051600, 0.4972617500562266900, -0.05964049496438001600 ) ) ;
#1558 = VERTEX_POINT ( 'NONE', #3041 ) ;
#1559 = DIRECTION ( 'NONE',  ( 1.000000000000000000, 0.0000000000000000000, 0.0000000000000000000 ) ) ;
#1560 = CARTESIAN_POINT ( 'NONE',  ( 0.1629814494147400500, 0.4726913914137403400, -0.04140673875381878400 ) ) ;
#1561 = VERTEX_POINT ( 'NONE', #2810 ) ;
#1562 = CARTESIAN_POINT ( 'NONE',  ( -0.1293881773320798000, 0.4829687245151267900, -0.09027031897548283600 ) ) ;
#1563 = CARTESIAN_POINT ( 'NONE',  ( 0.09258790191803856200, 0.4913527047024526800, -0.08656384709764450300 ) ) ;
#1564 = CARTESIAN_POINT ( 'NONE',  ( -0.1649321864524121700, 0.4720141670247056100, -0.07672132741260515000 ) ) ;
#1565 = CARTESIAN_POINT ( 'NONE',  ( 0.0000000000000000000, -0.5000000000000000000, -0.01110755220600593400 ) ) ;
#1566 = CARTESIAN_POINT ( 'NONE',  ( -0.06309279212575985600, 0.4960033420204377800, -0.07328676788146525100 ) ) ;
#1567 = CARTESIAN_POINT ( 'NONE',  ( 0.1472841085855355600, 0.4778152409727657900, -0.04867230515644342000 ) ) ;
#1568 = CYLINDRICAL_SURFACE ( 'NONE', #2465, 0.5000000000000000000 ) ;
#1569 = EDGE_CURVE ( 'NONE', #2277, #642, #3090, .T. ) ;
#1570 = DIRECTION ( 'NONE',  ( -1.000000000000000000, -1.224646799147353200E-016, -1.499710251424085300E-032 ) ) ;
#1571 = VERTEX_POINT ( 'NONE', #398 ) ;
#1572 = LINE ( 'NONE', #416, #926 ) ;
#1573 = CARTESIAN_POINT ( 'NONE',  ( 0.1611287175668362200, 0.4733260804416826200, -0.09483788577737845000 ) ) ;
#1574 = CARTESIAN_POINT ( 'NONE',  ( 0.1758039110876168100, 0.4680737378638900000, -0.05438051851825066000 ) ) ;
#1575 = CARTESIAN_POINT ( 'NONE',  ( 0.05680964557261138800, 0.4967624793778463400, -0.06566282422475285000 ) ) ;
#1576 = CARTESIAN_POINT ( 'NONE',  ( 0.1153049760617050600, 0.4865231395633553600, -0.08067483713992640300 ) ) ;
#1577 = VERTEX_POINT ( 'NONE', #631 ) ;
#1578 = CARTESIAN_POINT ( 'NONE',  ( 0.1454924932852479100, 0.4783640018923868700, -0.07822064162938090200 ) ) ;
#1579 = CARTESIAN_POINT ( 'NONE',  ( 0.08229706601378541900, 0.4931808894675481800, -0.08585783594344773000 ) ) ;
#1580 = CARTESIAN_POINT ( 'NONE',  ( 0.04752281685487046900, 0.4977364885060451300, -0.06816629569754978400 ) ) ;
#1581 = CARTESIAN_POINT ( 'NONE',  ( 0.1773466618900635900, 0.4674914652965054800, -0.08763099754380629400 ) ) ;
#1582 = CARTESIAN_POINT ( 'NONE',  ( 0.07941292811379645200, 0.4936597573492844100, -0.07773081661107071600 ) ) ;
#1583 = CARTESIAN_POINT ( 'NONE',  ( -0.2168378704171738400, 0.4505345025111227600, -0.05362926199770509000 ) ) ;
#1584 = ORIENTED_EDGE ( 'NONE', *, *, #31, .F. ) ;
#1585 = DIRECTION ( 'NONE',  ( -0.7071067811868206900, 8.659560562358278100E-017, 0.7071067811862741200 ) ) ;
#1586 = B_SPLINE_CURVE_WITH_KNOTS ( 'NONE', 3,
 ( #1342, #156, #1814, #382, #2060, #616, #2297, #855, #2551, #1096, #2804, #1352, #3037, #1579, #162, #1826, #392, #2072, #626, #2307, #864, #2563 ),
 .UNSPECIFIED., .F., .F.,
 ( 4, 1, 2, 2, 2, 2, 2, 2, 1, 2, 2, 4 ),
 ( 0.0000000000000000000, 0.06249999999999890400, 0.09374999999999880700, 0.1249999999999987200, 0.2499999999999993300, 0.4999999999999992200, 0.6249999999999997800, 0.7500000000000003300, 0.8125000000000001100, 0.8437499999999998900, 0.8749999999999996700, 1.000000000000000000 ),
 .UNSPECIFIED. ) ;
#1587 = EDGE_LOOP ( 'NONE', ( #2001, #1344, #363, #2513, #2393, #248, #881, #2630 ) ) ;
#1588 = B_SPLINE_CURVE_WITH_KNOTS ( 'NONE', 3,
 ( #777, #309, #1019, #2717 ),
 .UNSPECIFIED., .F., .F.,
 ( 4, 4 ),
 ( 0.0000000000000000000, 1.000000000000000000 ),
 .UNSPECIFIED. ) ;
#1589 = AXIS2_PLACEMENT_3D ( 'NONE', #68, #1731, #304 ) ;
#1590 = CARTESIAN_POINT ( 'NONE',  ( 0.1845769426080226300, 0.4646841467643743100, -0.06873111387850536200 ) ) ;
#1591 = CARTESIAN_POINT ( 'NONE',  ( 0.04988657485315110800, 0.4975051051491039500, -0.04340818386324111300 ) ) ;
#1592 = ADVANCED_FACE ( 'NONE', ( #1247 ), #1802, .F. ) ;
#1593 = CARTESIAN_POINT ( 'NONE',  ( 6.055048479497752000E-017, -0.4944322300693972900, 0.09928952431693138800 ) ) ;
#1594 = CARTESIAN_POINT ( 'NONE',  ( -0.1854939833856521500, 0.4643188367143028000, -0.07672132741260515000 ) ) ;
#1595 = CARTESIAN_POINT ( 'NONE',  ( 0.04687232202082076300, 0.4977981372287129100, -0.07388213904192070200 ) ) ;
#1596 = CARTESIAN_POINT ( 'NONE',  ( 0.1440523965680814100, 0.4787994434447394000, -0.07329064146469478600 ) ) ;
#1597 = ORIENTED_EDGE ( 'NONE', *, *, #823, .T. ) ;
#1598 = CARTESIAN_POINT ( 'NONE',  ( 0.04708453811550446200, 0.4977781115246675000, -0.07726984830364357100 ) ) ;
#1599 = CARTESIAN_POINT ( 'NONE',  ( -0.06564822953308303800, 0.4956724567882814200, -0.04200702139258575400 ) ) ;
#1600 = APPLICATION_PROTOCOL_DEFINITION ( 'international standard', 'config_control_design', 1994, #3063 ) ;
#1601 = CIRCLE ( 'NONE', #268, 0.5000000000000000000 ) ;
#1602 = CARTESIAN_POINT ( 'NONE',  ( -0.1410702712988623200, 0.4796865419788899900, -0.04189395006554276500 ) ) ;
#1603 = CARTESIAN_POINT ( 'NONE',  ( 0.2140808896936717000, 0.4518510545498409800, -0.04399415164631926400 ) ) ;
#1604 = CARTESIAN_POINT ( 'NONE',  ( 0.0000000000000000000, -2.779214313515842000E-018, -0.01667532213660854700 ) ) ;
#1605 = LINE ( 'NONE', #1111, #2253 ) ;
#1606 = PERSON ( 'UNSPECIFIED', 'UNSPECIFIED', 'UNSPECIFIED', ('UNSPECIFIED'), ('UNSPECIFIED'), ('UNSPECIFIED') ) ;
#1607 = AXIS2_PLACEMENT_3D ( 'NONE', #2889, #2637, #2385 ) ;
#1608 = CARTESIAN_POINT ( 'NONE',  ( 0.2136024664316381300, 0.4520774118824351100, -0.04189395006554274400 ) ) ;
#1609 = VERTEX_POINT ( 'NONE', #1591 ) ;
#1610 = EDGE_CURVE ( 'NONE', #2588, #1740, #1130, .T. ) ;
#1611 = CARTESIAN_POINT ( 'NONE',  ( -0.2142270961016598000, 0.4517840697459141200, -0.04580572070959686900 ) ) ;
#1612 = DIRECTION ( 'NONE',  ( -0.0000000000000000000, -0.0000000000000000000, 1.000000000000000000 ) ) ;
#1613 = ORIENTED_EDGE ( 'NONE', *, *, #759, .F. ) ;
#1614 = APPROVAL_ROLE ( '' ) ;
#1615 = CARTESIAN_POINT ( 'NONE',  ( -0.1319129781668076100, 0.4822851544831241500, -0.04957887967797423200 ) ) ;
#1616 = CARTESIAN_POINT ( 'NONE',  ( 0.2093467512935623100, 0.4540638035814255100, -0.03507989797590010300 ) ) ;
#1617 = CARTESIAN_POINT ( 'NONE',  ( 0.1844882310930136000, 0.4647193708504975800, -0.05873637786565445000 ) ) ;
#1618 = CARTESIAN_POINT ( 'NONE',  ( 0.1744849423427196600, 0.4685671298023895100, -0.07856480195994965100 ) ) ;
#1619 = LOCAL_TIME ( 14, 2, 21.00000000000000000, #2267 ) ;
#1620 = VERTEX_POINT ( 'NONE', #1134 ) ;
#1621 = CARTESIAN_POINT ( 'NONE',  ( -0.1871297024073174900, 0.4636620261321264800, -0.09413501608613633600 ) ) ;
#1622 = DIRECTION ( 'NONE',  ( -0.3709879667713043600, 0.9286376734286057000, 0.0000000000000000000 ) ) ;
#1623 = CARTESIAN_POINT ( 'NONE',  ( -0.1303424361962628200, 0.4827119735145388200, -0.05995459754055999100 ) ) ;
#1624 = CARTESIAN_POINT ( 'NONE',  ( 0.0000000000000000000, -6.609499411240539500E-016, 5.357874015748031100 ) ) ;
#1625 = CARTESIAN_POINT ( 'NONE',  ( -0.07873595152520135300, 0.4937617345796945200, -0.07240849965624077100 ) ) ;
#1626 = EDGE_CURVE ( 'NONE', #2266, #1151, #533, .T. ) ;
#1627 = ORIENTED_EDGE ( 'NONE', *, *, #2019, .F. ) ;
#1628 = CARTESIAN_POINT ( 'NONE',  ( 0.1670084545472927700, 0.4712839380720425500, -0.08644459498804539500 ) ) ;
#1629 = ORIENTED_EDGE ( 'NONE', *, *, #2983, .T. ) ;
#1630 = CC_DESIGN_APPROVAL ( #1484, ( #1325 ) ) ;
#1631 = CARTESIAN_POINT ( 'NONE',  ( -0.1381695659783571400, 0.4805306663690718200, -0.04231097484006361700 ) ) ;
#1632 = CARTESIAN_POINT ( 'NONE',  ( 0.5000000000000001100, 0.0000000000000000000, -0.02224309206721150600 ) ) ;
#1633 = CARTESIAN_POINT ( 'NONE',  ( -0.09704815644879287400, 0.4904912387901445600, -0.09489213298498552800 ) ) ;
#1634 = CARTESIAN_POINT ( 'NONE',  ( -0.04182297666174984000, 0.4982477712625399400, -0.08096734632719448900 ) ) ;
#1635 = CIRCLE ( 'NONE', #2507, 0.5000000000000000000 ) ;
#1636 = CARTESIAN_POINT ( 'NONE',  ( -0.04159330839576010100, 0.4982669933847667100, -0.05097935285173294000 ) ) ;
#1637 = VECTOR ( 'NONE', #2610, 39.37007874015748100 ) ;
#1638 = DIRECTION ( 'NONE',  ( 0.0000000000000000000, 1.000000000000000000, 1.195183497228115000E-016 ) ) ;
#1639 = CARTESIAN_POINT ( 'NONE',  ( -0.07895359442950182500, 0.4937269832383902000, -0.05547673493929471800 ) ) ;
#1640 = CARTESIAN_POINT ( 'NONE',  ( -0.1155421523448528500, 0.4864668652966189200, -0.06500967538353184800 ) ) ;
#1641 = ORIENTED_EDGE ( 'NONE', *, *, #49, .F. ) ;
#1642 = LINE ( 'NONE', #2058, #1013 ) ;
#1643 = CARTESIAN_POINT ( 'NONE',  ( -0.08575216789793835300, 0.4925917401033322900, -0.09095020462626889100 ) ) ;
#1644 = ORIENTED_EDGE ( 'NONE', *, *, #1779, .F. ) ;
#1645 = AXIS2_PLACEMENT_3D ( 'NONE', #1397, #3084, #1622 ) ;
#1646 = CARTESIAN_POINT ( 'NONE',  ( 0.1592471627805146500, 0.4739623836828786300, -0.03432278107705092500 ) ) ;
#1647 = ADVANCED_FACE ( 'NONE', ( #58 ), #1730, .T. ) ;
#1648 = ORIENTED_EDGE ( 'NONE', *, *, #288, .F. ) ;
#1649 = VERTEX_POINT ( 'NONE', #2341 ) ;
#1650 = EDGE_CURVE ( 'NONE', #1849, #2304, #2357, .T. ) ;
#1651 = CARTESIAN_POINT ( 'NONE',  ( -0.1230074649758109300, 0.4846330195348611000, -0.06031784173655294800 ) ) ;
#1652 = CARTESIAN_POINT ( 'NONE',  ( -0.09056115537515808900, 0.4917330137387429500, -0.03608160003650386800 ) ) ;
#1653 = B_SPLINE_CURVE_WITH_KNOTS ( 'NONE', 3,
 ( #171, #872, #1112, #2822 ),
 .UNSPECIFIED., .F., .F.,
 ( 4, 4 ),
 ( 0.0000000000000000000, 1.000000000000000000 ),
 .UNSPECIFIED. ) ;
#1654 = CARTESIAN_POINT ( 'NONE',  ( -0.1154274590458659000, 0.4864940922175997600, -0.06970602536081131600 ) ) ;
#1655 = CARTESIAN_POINT ( 'NONE',  ( 0.1294539929829632800, 0.4829509951338404900, -0.08888251760037013700 ) ) ;
#1656 = CARTESIAN_POINT ( 'NONE',  ( -0.1527641855379900400, 0.4760915691511784000, -0.03973606624122304200 ) ) ;
#1657 = CARTESIAN_POINT ( 'NONE',  ( 0.09358169164250376700, 0.4911644163933234800, -0.05450891963065184600 ) ) ;
#1658 = ORIENTED_EDGE ( 'NONE', *, *, #1364, .F. ) ;
#1659 = PRODUCT_DEFINITION_SHAPE ( 'NONE', 'NONE',  #521 ) ;
#1660 = CARTESIAN_POINT ( 'NONE',  ( 0.1377398600730723700, 0.4806534989873486600, -0.05071907932427158900 ) ) ;
#1661 = ORIENTED_EDGE ( 'NONE', *, *, #1807, .T. ) ;
#1662 = CARTESIAN_POINT ( 'NONE',  ( -0.1258663037413443300, 0.4838984220770086200, -0.04555309146777051400 ) ) ;
#1663 = CARTESIAN_POINT ( 'NONE',  ( -0.1125495543914623300, 0.4871679453733438500, -0.08444628507475904200 ) ) ;
#1664 = ORIENTED_EDGE ( 'NONE', *, *, #1626, .F. ) ;
#1665 = ADVANCED_FACE ( 'NONE', ( #598 ), #2947, .T. ) ;
#1666 = CARTESIAN_POINT ( 'NONE',  ( 0.2269146453298003800, 0.4455499528195710500, -0.08202114570454939500 ) ) ;
#1667 = CARTESIAN_POINT ( 'NONE',  ( -0.1586004569295750300, 0.4741791814432369500, -0.05458391867558367400 ) ) ;
#1668 = CARTESIAN_POINT ( 'NONE',  ( 0.1004371136812233100, 0.4898099118556882800, -0.06720147076683240200 ) ) ;
#1669 = CARTESIAN_POINT ( 'NONE',  ( 0.1403051960587345700, 0.4799127412482073800, -0.08552734937725042800 ) ) ;
#1670 = EDGE_CURVE ( 'NONE', #2858, #713, #1160, .T. ) ;
#1671 = CARTESIAN_POINT ( 'NONE',  ( -0.1424188579538137000, 0.4792879696809943500, -0.08798955776472523700 ) ) ;
#1672 = CARTESIAN_POINT ( 'NONE',  ( -0.1401399230172994400, 0.4799603212287381600, -0.03509631786551106100 ) ) ;
#1673 = CARTESIAN_POINT ( 'NONE',  ( -0.05242843160413189500, 0.4972436621612495400, -0.06531725412368932800 ) ) ;
#1674 = CARTESIAN_POINT ( 'NONE',  ( -0.09965135986456667700, 0.4899690094626145100, -0.09474480229484572000 ) ) ;
#1675 = CARTESIAN_POINT ( 'NONE',  ( -0.2380312482874369600, 0.4397057252739887700, -0.09413501608613633600 ) ) ;
#1676 = CARTESIAN_POINT ( 'NONE',  ( 0.1294882723780563800, 0.4829418053104807000, -0.05173646975058212400 ) ) ;
#1677 = DIRECTION ( 'NONE',  ( 0.0000000000000000000, 0.0000000000000000000, -1.000000000000000000 ) ) ;
#1678 = CARTESIAN_POINT ( 'NONE',  ( -0.1064985177338107900, 0.4885264405376901200, -0.08042477544266063400 ) ) ;
#1679 = CIRCLE ( 'NONE', #2902, 0.5000000000000000000 ) ;
#1680 = DIRECTION ( 'NONE',  ( 1.000000000000000000, 0.0000000000000000000, 0.0000000000000000000 ) ) ;
#1681 = CARTESIAN_POINT ( 'NONE',  ( -0.1505239463494490400, 0.4768045133347014200, -0.07994316405086328300 ) ) ;
#1682 = FACE_OUTER_BOUND ( 'NONE', #2788, .T. ) ;
#1683 = B_SPLINE_CURVE_WITH_KNOTS ( 'NONE', 3,
 ( #1640, #2623, #2877, #1423, #5, #1654, #238, #1901, #470, #2147, #701, #2384, #935, #2634, #1189, #2887, #1436, #14, #1663, #250, #1914, #480, #2158, #714, #2395, #948, #2650, #1205, #2897, #1445, #27, #1674, #259, #1928, #491 ),
 .UNSPECIFIED., .F., .F.,
 ( 4, 1, 1, 2, 2, 1, 2, 2, 1, 1, 1, 2, 2, 2, 2, 2, 2, 1, 2, 2, 4 ),
 ( 0.0000000000000000000, 0.06249999999999536500, 0.09374999999999340800, 0.1093749999999927800, 0.1249999999999921700, 0.1874999999999897600, 0.2187499999999884800, 0.2499999999999872300, 0.3749999999999845700, 0.4374999999999841200, 0.4687499999999844000, 0.4843749999999842900, 0.4999999999999841200, 0.6249999999999895600, 0.7499999999999951200, 0.8124999999999972200, 0.8749999999999993300, 0.9062499999999998900, 0.9218749999999998900, 0.9375000000000000000, 1.000000000000000000 ),
 .UNSPECIFIED. ) ;
#1684 = CARTESIAN_POINT ( 'NONE',  ( -0.04993762329274845800, 0.4975005284195877000, -0.09483428689628774200 ) ) ;
#1685 = B_SPLINE_CURVE_WITH_KNOTS ( 'NONE', 3,
 ( #349, #2790, #1582, #167 ),
 .UNSPECIFIED., .F., .F.,
 ( 4, 4 ),
 ( 0.0000000000000000000, 1.000000000000000000 ),
 .UNSPECIFIED. ) ;
#1686 = ORIENTED_EDGE ( 'NONE', *, *, #2533, .F. ) ;
#1687 = B_SPLINE_CURVE_WITH_KNOTS ( 'NONE', 3,
 ( #1336, #379, #1092, #2800, #1349, #3032, #1575, #159, #1822, #389, #2067, #622, #2303, #861 ),
 .UNSPECIFIED., .F., .F.,
 ( 4, 2, 2, 2, 2, 2, 4 ),
 ( 0.0000000000000000000, 0.2499999999999997800, 0.3749999999999996700, 0.4999999999999995600, 0.7499999999999985600, 0.8749999999999992200, 1.000000000000000000 ),
 .UNSPECIFIED. ) ;
#1688 = CARTESIAN_POINT ( 'NONE',  ( 0.0000000000000000000, 0.0000000000000000000, 21.82677165354331100 ) ) ;
#1689 = EDGE_CURVE ( 'NONE', #367, #461, #580, .T. ) ;
#1690 = CARTESIAN_POINT ( 'NONE',  ( -0.1311350792101556600, 0.4824972664473632900, -0.07754444340074664900 ) ) ;
#1691 = CARTESIAN_POINT ( 'NONE',  ( -0.08690578772212970100, 0.4923895058455539100, -0.05224795561439443000 ) ) ;
#1692 = CARTESIAN_POINT ( 'NONE',  ( 0.07356138472724500800, 0.4945596746519369000, -0.06391979072147303800 ) ) ;
#1693 = CARTESIAN_POINT ( 'NONE',  ( -0.03447334978927703300, 0.4988102346554101300, -0.08357149864462670700 ) ) ;
#1694 = VERTEX_POINT ( 'NONE', #213 ) ;
#1695 = PRODUCT ( '20533-E0W', '20533-E0W', '', ( #2829 ) ) ;
#1696 = ORIENTED_EDGE ( 'NONE', *, *, #1419, .F. ) ;
#1697 = AXIS2_PLACEMENT_3D ( 'NONE', #2252, #807, #2497 ) ;
#1698 = CARTESIAN_POINT ( 'NONE',  ( 0.07254080193474009300, 0.4947108602632058800, -0.04850689297892858000 ) ) ;
#1699 = ORIENTED_EDGE ( 'NONE', *, *, #755, .F. ) ;
#1700 = CALENDAR_DATE ( 2016, 30, 9 ) ;
#1701 = DIRECTION ( 'NONE',  ( 0.0000000000000000000, 0.0000000000000000000, 1.000000000000000000 ) ) ;
#1702 = ORIENTED_EDGE ( 'NONE', *, *, #1216, .F. ) ;
#1703 = CARTESIAN_POINT ( 'NONE',  ( -0.2105840636322494600, 0.4534913016853744400, -0.04976131604781088000 ) ) ;
#1704 = CARTESIAN_POINT ( 'NONE',  ( -0.1367788603222757900, 0.4809280524316902300, -0.08692643362200500000 ) ) ;
#1705 = CARTESIAN_POINT ( 'NONE',  ( -0.05242843160413189500, 0.4972436621612495400, -0.06531725412368932800 ) ) ;
#1706 = CARTESIAN_POINT ( 'NONE',  ( 0.1878315803145100800, 0.4633781365543197000, -0.09413501608613632200 ) ) ;
#1707 = CARTESIAN_POINT ( 'NONE',  ( -0.1025010353766768900, 0.4893816579419783000, -0.08631289452697980800 ) ) ;
#1708 = ORIENTED_EDGE ( 'NONE', *, *, #2999, .F. ) ;
#1709 = CARTESIAN_POINT ( 'NONE',  ( 0.07866532106722599900, 0.4937794410859484600, -0.06662643542794936800 ) ) ;
#1710 = CARTESIAN_POINT ( 'NONE',  ( -0.1517922269526590900, 0.4764022669159406800, -0.05826692739537238400 ) ) ;
#1711 = CARTESIAN_POINT ( 'NONE',  ( 0.1039203531027013400, 0.4890814647210279300, -0.05980585463938716000 ) ) ;
#1712 = ORIENTED_EDGE ( 'NONE', *, *, #1554, .F. ) ;
#1713 = CARTESIAN_POINT ( 'NONE',  ( 0.1455017623546051900, 0.4783609904159242800, -0.05327436345136951600 ) ) ;
#1714 = VERTEX_POINT ( 'NONE', #3092 ) ;
#1715 = CARTESIAN_POINT ( 'NONE',  ( -6.055048479498989500E-017, -0.4944322300694983800, -0.1125395919254232500 ) ) ;
#1716 = VERTEX_POINT ( 'NONE', #221 ) ;
#1717 = CARTESIAN_POINT ( 'NONE',  ( 0.0000000000000000000, 0.0000000000000000000, -0.03937007874015751400 ) ) ;
#1718 = CARTESIAN_POINT ( 'NONE',  ( 0.1201066472905251400, 0.4853603811322619900, -0.03680646841829247900 ) ) ;
#1719 = CARTESIAN_POINT ( 'NONE',  ( -0.1081537847950633900, 0.4881626357296051700, -0.06354364088677740000 ) ) ;
#1720 = ORIENTED_EDGE ( 'NONE', *, *, #514, .F. ) ;
#1721 = CARTESIAN_POINT ( 'NONE',  ( -0.08740569067298296900, 0.4923010055704257200, -0.07996560311046294100 ) ) ;
#1722 = AXIS2_PLACEMENT_3D ( 'NONE', #809, #2467, #576 ) ;
#1723 = CARTESIAN_POINT ( 'NONE',  ( 0.1689192957561164400, 0.4706028205202350500, -0.03610617784173724600 ) ) ;
#1724 = CARTESIAN_POINT ( 'NONE',  ( -0.1497191075598351400, 0.4770579269635234500, -0.04780364285980240300 ) ) ;
#1725 = EDGE_CURVE ( 'NONE', #350, #808, #42, .T. ) ;
#1726 = CARTESIAN_POINT ( 'NONE',  ( -0.4944322300693974000, 0.0000000000000000000, -0.01667532213660848800 ) ) ;
#1727 = ORIENTED_EDGE ( 'NONE', *, *, #414, .F. ) ;
#1728 = CARTESIAN_POINT ( 'NONE',  ( -0.07089352903655979400, 0.4949485920969430300, -0.07446662290988839700 ) ) ;
#1729 = ORIENTED_EDGE ( 'NONE', *, *, #1465, .T. ) ;
#1730 = CYLINDRICAL_SURFACE ( 'NONE', #1818, 0.5000000000000000000 ) ;
#1731 = DIRECTION ( 'NONE',  ( -0.0000000000000000000, -0.0000000000000000000, 1.000000000000000000 ) ) ;
#1732 = CARTESIAN_POINT ( 'NONE',  ( 0.2249142427254581000, 0.4465574805321636500, -0.07596421051375594500 ) ) ;
#1733 = CARTESIAN_POINT ( 'NONE',  ( -0.1068722647795411300, 0.4884447972830955300, -0.05090023160845080100 ) ) ;
#1734 = CARTESIAN_POINT ( 'NONE',  ( -0.05906676365007030400, 0.4964991790333103100, -0.05542844854140658400 ) ) ;
#1735 = CIRCLE ( 'NONE', #2597, 0.5000000000000000000 ) ;
#1736 = B_SPLINE_CURVE_WITH_KNOTS ( 'NONE', 3,
 ( #937, #2107, #1988, #2635 ),
 .UNSPECIFIED., .F., .F.,
 ( 4, 4 ),
 ( 0.0000000000000000000, 1.000000000000000000 ),
 .UNSPECIFIED. ) ;
#1737 = DIRECTION ( 'NONE',  ( 1.000000000000000000, 0.0000000000000000000, -0.0000000000000000000 ) ) ;
#1738 = CARTESIAN_POINT ( 'NONE',  ( 0.0000000000000000000, -6.609499411240539500E-016, 5.357874015748031100 ) ) ;
#1739 = VERTEX_POINT ( 'NONE', #2885 ) ;
#1740 = VERTEX_POINT ( 'NONE', #1433 ) ;
#1741 = ORIENTED_EDGE ( 'NONE', *, *, #339, .F. ) ;
#1742 = EDGE_CURVE ( 'NONE', #499, #1936, #455, .T. ) ;
#1743 = CARTESIAN_POINT ( 'NONE',  ( -0.2302231411613406800, 0.4438437847641953900, -0.09413501608613633600 ) ) ;
#1744 = CARTESIAN_POINT ( 'NONE',  ( -0.09902913142863868600, 0.4900951474566261900, -0.04210434730823427200 ) ) ;
#1745 = CARTESIAN_POINT ( 'NONE',  ( 0.06438171453094254600, 0.4958377052730483800, -0.08796308316423316600 ) ) ;
#1746 = EDGE_LOOP ( 'NONE', ( #1018, #824, #2208, #3052, #501 ) ) ;
#1747 = CARTESIAN_POINT ( 'NONE',  ( 0.0000000000000000000, 0.0000000000000000000, 21.82677165354331100 ) ) ;
#1748 = CARTESIAN_POINT ( 'NONE',  ( -0.09704815644879287400, 0.4904912387901445600, -0.08807808089534287200 ) ) ;
#1749 = CARTESIAN_POINT ( 'NONE',  ( -0.06996612952575752300, 0.4950807695852361100, -0.08256152157140624100 ) ) ;
#1750 = CARTESIAN_POINT ( 'NONE',  ( -0.06782179670019564100, 0.4953788490163018000, -0.05175154656072493400 ) ) ;
#1751 = CARTESIAN_POINT ( 'NONE',  ( -0.09178915921247120200, 0.4915027162594057300, -0.04342828276978432500 ) ) ;
#1752 = CARTESIAN_POINT ( 'NONE',  ( 0.05482524353841164400, 0.4969851485607756900, -0.07862894039384629700 ) ) ;
#1753 = EDGE_LOOP ( 'NONE', ( #2661, #1785, #2842, #2461, #2080 ) ) ;
#1754 = DIRECTION ( 'NONE',  ( 1.000000000000000000, 0.0000000000000000000, -0.0000000000000000000 ) ) ;
#1755 = CARTESIAN_POINT ( 'NONE',  ( -0.04384372726806572800, 0.4980747761313911200, -0.04520034134198735300 ) ) ;
#1756 = B_SPLINE_CURVE_WITH_KNOTS ( 'NONE', 3,
 ( #495, #1932, #726, #2410, #961, #2668, #1217, #2908, #1453, #38, #1690, #273, #1942, #505, #2178, #737, #2422, #977, #2678, #1228, #2917, #1466, #50, #1704, #283, #1951, #515, #2189, #748, #2432, #986, #2693 ),
 .UNSPECIFIED., .F., .F.,
 ( 4, 1, 1, 1, 2, 2, 1, 1, 1, 2, 2, 2, 2, 2, 2, 2, 2, 2, 4 ),
 ( 0.0000000000000000000, 0.1249999999999976700, 0.1874999999999960900, 0.2187499999999953600, 0.2343749999999949200, 0.2499999999999944500, 0.3749999999999947800, 0.4374999999999948400, 0.4687499999999950000, 0.4843749999999961700, 0.4999999999999973400, 0.5624999999999981100, 0.6249999999999990000, 0.7500000000000000000, 0.8125000000000004400, 0.8750000000000010000, 0.9062500000000013300, 0.9375000000000015500, 1.000000000000000000 ),
 .UNSPECIFIED. ) ;
#1757 = CARTESIAN_POINT ( 'NONE',  ( 0.1294539929829632800, 0.4829509951338404900, -0.08888251760037013700 ) ) ;
#1758 = CARTESIAN_POINT ( 'NONE',  ( -0.06124168557726619700, 0.4962354151358356300, -0.06114456228320504900 ) ) ;
#1759 = AXIS2_PLACEMENT_3D ( 'NONE', #1717, #1237, #2929 ) ;
#1760 = CARTESIAN_POINT ( 'NONE',  ( 0.07655243701733159500, 0.4941049747263914800, -0.07937257648304155100 ) ) ;
#1761 = CARTESIAN_POINT ( 'NONE',  ( -0.1393989130802366400, 0.4801755671324459700, -0.09481521579125179500 ) ) ;
#1762 = CARTESIAN_POINT ( 'NONE',  ( 0.0000000000000000000, 0.0000000000000000000, -0.03937007874015751400 ) ) ;
#1763 = CIRCLE ( 'NONE', #2404, 6.503937007874015700 ) ;
#1764 = EDGE_CURVE ( 'NONE', #2466, #1279, #3017, .T. ) ;
#1765 = ORIENTED_EDGE ( 'NONE', *, *, #146, .F. ) ;
#1766 = FACE_OUTER_BOUND ( 'NONE', #1363, .T. ) ;
#1767 = ORIENTED_EDGE ( 'NONE', *, *, #792, .F. ) ;
#1768 = CARTESIAN_POINT ( 'NONE',  ( 0.06236756424247838500, 0.4960951774710476400, -0.09456106277571947600 ) ) ;
#1769 = CARTESIAN_POINT ( 'NONE',  ( 0.1281138227960394700, 0.4833082819514815100, -0.08556719517873120900 ) ) ;
#1770 = EDGE_LOOP ( 'NONE', ( #2459, #2763, #957, #1702, #2476 ) ) ;
#1771 = CARTESIAN_POINT ( 'NONE',  ( -0.04159330839576010100, 0.4982669933847667100, -0.05097935285173294000 ) ) ;
#1772 = ORIENTED_EDGE ( 'NONE', *, *, #1498, .T. ) ;
#1773 = CARTESIAN_POINT ( 'NONE',  ( 0.06710903549329037800, 0.4954767466289847200, -0.08805047166270477100 ) ) ;
#1774 = CARTESIAN_POINT ( 'NONE',  ( 0.01665349113075036800, 0.4997225842736728300, -0.05090837314246582400 ) ) ;
#1775 = CARTESIAN_POINT ( 'NONE',  ( -0.1571194111447962400, 0.4746721059924245400, -0.08220383970327326000 ) ) ;
#1776 = AXIS2_PLACEMENT_3D ( 'NONE', #41, #677, #3066 ) ;
#1777 = PERSON_AND_ORGANIZATION ( #1606, #2417 ) ;
#1778 = DIRECTION ( 'NONE',  ( -0.0000000000000000000, -0.0000000000000000000, 1.000000000000000000 ) ) ;
#1779 = EDGE_CURVE ( 'NONE', #567, #512, #2593, .T. ) ;
#1780 = CARTESIAN_POINT ( 'NONE',  ( -0.02648668806112212900, 0.4992979624988998500, -0.07672132741260515000 ) ) ;
#1781 = VERTEX_POINT ( 'NONE', #1913 ) ;
#1782 = CARTESIAN_POINT ( 'NONE',  ( -0.03436364670133348900, 0.4988177686472029500, -0.04871356570417056900 ) ) ;
#1783 = CARTESIAN_POINT ( 'NONE',  ( 0.06879010614781280700, 0.4952460629689072200, -0.05548721659536824700 ) ) ;
#1784 = CARTESIAN_POINT ( 'NONE',  ( -0.1455163481723053300, 0.4783567262816314500, -0.09441640582713697900 ) ) ;
#1785 = ORIENTED_EDGE ( 'NONE', *, *, #2013, .F. ) ;
#1786 = EDGE_LOOP ( 'NONE', ( #690, #2469, #1991, #1720 ) ) ;
#1787 = CARTESIAN_POINT ( 'NONE',  ( 0.1218651821283343500, 0.4849215181490541500, -0.04962112446685543200 ) ) ;
#1788 = CARTESIAN_POINT ( 'NONE',  ( -0.1252318907253993400, 0.4840631092437012200, -0.08276149478076282000 ) ) ;
#1789 = CARTESIAN_POINT ( 'NONE',  ( -0.1071066252034829600, 0.4883939842476935900, -0.03809252784613926400 ) ) ;
#1790 = CARTESIAN_POINT ( 'NONE',  ( 0.1007589315133252500, 0.4897424197680787000, -0.05145255091351367400 ) ) ;
#1791 = CARTESIAN_POINT ( 'NONE',  ( -0.05274214678025675900, 0.4972112690109887200, -0.08806522513813792900 ) ) ;
#1792 = CARTESIAN_POINT ( 'NONE',  ( 0.1082223235138254500, 0.4881475102078164900, -0.03523718221172624000 ) ) ;
#1793 = VERTEX_POINT ( 'NONE', #479 ) ;
#1794 = CARTESIAN_POINT ( 'NONE',  ( 0.1462616902401138700, 0.4781293858505369400, -0.05096427741922834900 ) ) ;
#1795 = EDGE_CURVE ( 'NONE', #2183, #3083, #2020, .T. ) ;
#1796 = VERTEX_POINT ( 'NONE', #2649 ) ;
#1797 = CONICAL_SURFACE ( 'NONE', #1223, 0.4944322300693974000, 0.7853981633974176400 ) ;
#1798 = CARTESIAN_POINT ( 'NONE',  ( -0.1228948704354094900, 0.4846615838094287000, -0.06500967538353186200 ) ) ;
#1799 = ORIENTED_EDGE ( 'NONE', *, *, #1407, .F. ) ;
#1800 = CARTESIAN_POINT ( 'NONE',  ( -0.1147617855437913600, 0.4866515603934450900, -0.05353729831196003800 ) ) ;
#1801 = CC_DESIGN_PERSON_AND_ORGANIZATION_ASSIGNMENT ( #1481, #888, ( #1325 ) ) ;
#1802 = SPHERICAL_SURFACE ( 'NONE', #1345, 5.397244094488188500 ) ;
#1803 = CARTESIAN_POINT ( 'NONE',  ( 0.1052488985796897600, 0.4887977891781560800, -0.04338543274899710200 ) ) ;
#1804 = CARTESIAN_POINT ( 'NONE',  ( -0.06334478383670393000, 0.4959712204476482400, -0.07798178096063437800 ) ) ;
#1805 = CARTESIAN_POINT ( 'NONE',  ( 0.09388958494808631600, 0.4911056967134221400, -0.04675182613479961200 ) ) ;
#1806 = FACE_OUTER_BOUND ( 'NONE', #1746, .T. ) ;
#1807 = EDGE_CURVE ( 'NONE', #2298, #2807, #1461, .T. ) ;
#1808 = ORIENTED_EDGE ( 'NONE', *, *, #1837, .F. ) ;
#1809 = CARTESIAN_POINT ( 'NONE',  ( 0.1648776689043311100, 0.4720352745730269100, -0.04178150267048497800 ) ) ;
#1810 = CARTESIAN_POINT ( 'NONE',  ( 0.1096874897158140300, 0.4878204146348634200, -0.07586847478100619500 ) ) ;
#1811 = DIRECTION ( 'NONE',  ( -0.0000000000000000000, -0.0000000000000000000, 1.000000000000000000 ) ) ;
#1812 = CARTESIAN_POINT ( 'NONE',  ( 0.1598301651206240100, 0.4737661008530623100, -0.08807808089534287200 ) ) ;
#1813 = CARTESIAN_POINT ( 'NONE',  ( -0.08079678140540771900, 0.4934288198918511100, -0.08276149478078166600 ) ) ;
#1814 = CARTESIAN_POINT ( 'NONE',  ( 0.06789314507944696500, 0.4953696276421391500, -0.09483728154080253700 ) ) ;
#1815 = CARTESIAN_POINT ( 'NONE',  ( 0.1492431205011414700, 0.4772086326867635000, -0.04548978812564501200 ) ) ;
#1816 = ORIENTED_EDGE ( 'NONE', *, *, #554, .T. ) ;
#1817 = CLOSED_SHELL ( 'NONE', ( #2089, #3062, #2819, #2321, #709, #640, #1891, #1086, #465, #1372 ) ) ;
#1818 = AXIS2_PLACEMENT_3D ( 'NONE', #869, #1612, #3048 ) ;
#1819 = CARTESIAN_POINT ( 'NONE',  ( 0.1616245592773090700, 0.4731570132943308500, -0.09481346903140484800 ) ) ;
#1820 = CARTESIAN_POINT ( 'NONE',  ( 0.1762917433102529600, 0.4678902084199497200, -0.05655241070753908700 ) ) ;
#1821 = EDGE_CURVE ( 'NONE', #2729, #1048, #895, .T. ) ;
#1822 = CARTESIAN_POINT ( 'NONE',  ( 0.05978733172616693100, 0.4964148967422011800, -0.06289066436088701400 ) ) ;
#1823 = ORIENTED_EDGE ( 'NONE', *, *, #2121, .F. ) ;
#1824 = CARTESIAN_POINT ( 'NONE',  ( 0.1153872383895752600, 0.4865036333364560200, -0.08074671511712414000 ) ) ;
#1825 = CARTESIAN_POINT ( 'NONE',  ( 0.1445737114311003200, 0.4786423646480001400, -0.07552031946258412600 ) ) ;
#1826 = CARTESIAN_POINT ( 'NONE',  ( 0.08325497562119080200, 0.4930199463848161100, -0.08360238823178428600 ) ) ;
#1827 = B_SPLINE_CURVE_WITH_KNOTS ( 'NONE', 3,
 ( #21, #708, #1442, #1671, #257, #1923, #487, #2166, #719, #2405, #956, #2663, #1212, #2903, #1449, #33, #1681, #269, #1938, #502, #2172, #731, #2414, #970, #2673, #1224, #2913, #1459, #45 ),
 .UNSPECIFIED., .F., .F.,
 ( 4, 2, 2, 2, 2, 2, 2, 1, 1, 2, 2, 1, 1, 1, 2, 2, 4 ),
 ( 0.0000000000000000000, 0.03124999999999932700, 0.06249999999999865400, 0.1249999999999958600, 0.2499999999999906500, 0.3124999999999880700, 0.3749999999999854600, 0.4374999999999827900, 0.4687499999999823500, 0.4843749999999829000, 0.4999999999999834600, 0.6249999999999870100, 0.6874999999999884500, 0.7187499999999896700, 0.7343749999999907900, 0.7499999999999917800, 1.000000000000000000 ),
 .UNSPECIFIED. ) ;
#1828 = ORIENTED_EDGE ( 'NONE', *, *, #1725, .F. ) ;
#1829 = CARTESIAN_POINT ( 'NONE',  ( 0.1782929675075712000, 0.4671313467794304100, -0.08646197250543091700 ) ) ;
#1830 = CARTESIAN_POINT ( 'NONE',  ( 0.5000000000000000000, 0.0000000000000000000, -0.1069718219948248700 ) ) ;
#1831 = CARTESIAN_POINT ( 'NONE',  ( 0.0000000000000000000, 0.0000000000000000000, 0.0000000000000000000 ) ) ;
#1832 = CARTESIAN_POINT ( 'NONE',  ( 0.0000000000000000000, 0.5000000000000000000, -0.03937007874015745900 ) ) ;
#1833 = CARTESIAN_POINT ( 'NONE',  ( 0.1770267781707161900, 0.4676125744785912300, -0.06413425896923748100 ) ) ;
#1834 = CARTESIAN_POINT ( 'NONE',  ( 0.001514231483037283100, 0.4999977070977583100, -0.07217862601951004200 ) ) ;
#1835 = ADVANCED_FACE ( 'NONE', ( #2288 ), #1568, .T. ) ;
#1836 = CYLINDRICAL_SURFACE ( 'NONE', #1759, 0.5000000000000000000 ) ;
#1837 = EDGE_CURVE ( 'NONE', #1880, #1125, #355, .T. ) ;
#1838 = CIRCLE ( 'NONE', #1405, 5.397244094488188500 ) ;
#1839 = CARTESIAN_POINT ( 'NONE',  ( 0.1846764057521096700, 0.4646446228594657800, -0.06754551656076668300 ) ) ;
#1840 =( NAMED_UNIT ( * ) PLANE_ANGLE_UNIT ( ) SI_UNIT ( $, .RADIAN. ) );
#1841 = CARTESIAN_POINT ( 'NONE',  ( -0.06016377016957167500, 0.4963671322730683300, -0.04804016368722716800 ) ) ;
#1842 = CARTESIAN_POINT ( 'NONE',  ( -0.03417375441474338600, 0.4988308044313349300, -0.04957889483392645400 ) ) ;
#1843 = VERTEX_POINT ( 'NONE', #1774 ) ;
#1844 = CARTESIAN_POINT ( 'NONE',  ( 0.1360576254545840800, 0.4811323337249951400, -0.07523075351799581000 ) ) ;
#1845 = CARTESIAN_POINT ( 'NONE',  ( 0.1847906837189692300, 0.4645991855467203600, -0.06416974882387104000 ) ) ;
#1846 = CARTESIAN_POINT ( 'NONE',  ( -0.07092891668121838200, 0.4949435207964932900, -0.07636642886626958400 ) ) ;
#1847 = CARTESIAN_POINT ( 'NONE',  ( 0.04758017701568511400, 0.4977311193345157500, -0.08001000766268780200 ) ) ;
#1848 = CARTESIAN_POINT ( 'NONE',  ( -0.06710812944958162400, 0.4954760808670605800, -0.04526416905416961300 ) ) ;
#1849 = VERTEX_POINT ( 'NONE', #2499 ) ;
#1850 = APPROVAL_ROLE ( '' ) ;
#1851 = VERTEX_POINT ( 'NONE', #2773 ) ;
#1852 = CARTESIAN_POINT ( 'NONE',  ( 0.2142068279990665100, 0.4517913663071221900, -0.04450458185931215800 ) ) ;
#1853 = DIRECTION ( 'NONE',  ( 0.0000000000000000000, 1.000000000000000000, 1.208642382658146900E-016 ) ) ;
#1854 = VERTEX_POINT ( 'NONE', #1313 ) ;
#1855 = EDGE_CURVE ( 'NONE', #1854, #2690, #2922, .T. ) ;
#1856 = CARTESIAN_POINT ( 'NONE',  ( 0.1769202701335597600, 0.4676528825953412100, -0.06744480105199883400 ) ) ;
#1857 = AXIS2_PLACEMENT_3D ( 'NONE', #1304, #2994, #1533 ) ;
#1858 = DIRECTION ( 'NONE',  ( 0.0000000000000000000, 0.0000000000000000000, 1.000000000000000000 ) ) ;
#1859 = DIRECTION ( 'NONE',  ( -0.0000000000000000000, -0.0000000000000000000, 1.000000000000000000 ) ) ;
#1860 = CARTESIAN_POINT ( 'NONE',  ( -0.1317177161749825400, 0.4823385177423892800, -0.05024776382026775700 ) ) ;
#1861 = CARTESIAN_POINT ( 'NONE',  ( 0.1841842690208788700, 0.4648399667826466100, -0.05658210490311447300 ) ) ;
#1862 = ORIENTED_EDGE ( 'NONE', *, *, #2428, .F. ) ;
#1863 = CARTESIAN_POINT ( 'NONE',  ( -0.07968707810171971100, 0.4936091423019579600, -0.07869658501936391300 ) ) ;
#1864 = ORIENTED_EDGE ( 'NONE', *, *, #2260, .F. ) ;
#1865 = CARTESIAN_POINT ( 'NONE',  ( 0.1737704063409782600, 0.4688324541458452900, -0.07998627202898675500 ) ) ;
#1866 = CARTESIAN_POINT ( 'NONE',  ( -0.1284481746273784300, 0.4832194806036843000, -0.08920192629207214500 ) ) ;
#1867 = CARTESIAN_POINT ( 'NONE',  ( -0.07841510084475995800, 0.4938127903968326200, -0.06500967538353184800 ) ) ;
#1868 = CIRCLE ( 'NONE', #1534, 0.4999999999999999400 ) ;
#1869 = CARTESIAN_POINT ( 'NONE',  ( -0.1302435320918153300, 0.4827386694397288700, -0.06283643499937335800 ) ) ;
#1870 = ORIENTED_EDGE ( 'NONE', *, *, #1821, .F. ) ;
#1871 = CARTESIAN_POINT ( 'NONE',  ( -0.1994126799687069600, 0.4585189197736219100, -0.08202114570454942200 ) ) ;
#1872 = VECTOR ( 'NONE', #2309, 39.37007874015748900 ) ;
#1873 = AXIS2_PLACEMENT_3D ( 'NONE', #2498, #1058, #2757 ) ;
#1874 = CARTESIAN_POINT ( 'NONE',  ( 0.1651469669774990600, 0.4719391894981167000, -0.08720268453587858000 ) ) ;
#1875 = FACE_BOUND ( 'NONE', #1305, .T. ) ;
#1876 = EDGE_CURVE ( 'NONE', #1413, #1714, #2214, .T. ) ;
#1877 = CARTESIAN_POINT ( 'NONE',  ( -0.1364836604912521800, 0.4810117804558219400, -0.04312705301902278900 ) ) ;
#1878 = ORIENTED_EDGE ( 'NONE', *, *, #342, .F. ) ;
#1879 = CARTESIAN_POINT ( 'NONE',  ( -0.07842439407737848700, 0.4938113146760997300, -0.06396921460782555000 ) ) ;
#1880 = VERTEX_POINT ( 'NONE', #810 ) ;
#1881 = CARTESIAN_POINT ( 'NONE',  ( 0.08439118520106565800, 0.4928266712144944700, -0.07823556121030349200 ) ) ;
#1882 = CARTESIAN_POINT ( 'NONE',  ( 0.0000000000000000000, 0.0000000000000000000, 21.82677165354331100 ) ) ;
#1883 = CARTESIAN_POINT ( 'NONE',  ( -0.08122438440809023900, 0.4933584973314135100, -0.08387724030568669000 ) ) ;
#1884 = CARTESIAN_POINT ( 'NONE',  ( -0.04166273265498921700, 0.4982612130761891500, -0.08052347422303941800 ) ) ;
#1885 = ORIENTED_EDGE ( 'NONE', *, *, #850, .F. ) ;
#1886 = CARTESIAN_POINT ( 'NONE',  ( -0.04471181556120538300, 0.4979970710331218500, -0.08564012216673175200 ) ) ;
#1887 = EDGE_LOOP ( 'NONE', ( #2501, #2082, #989 ) ) ;
#1888 = DIRECTION ( 'NONE',  ( -0.0000000000000000000, -0.0000000000000000000, 1.000000000000000000 ) ) ;
#1889 = CARTESIAN_POINT ( 'NONE',  ( -0.07977174852042603900, 0.4935957806176888300, -0.05048757255659341200 ) ) ;
#1890 = ORIENTED_EDGE ( 'NONE', *, *, #2553, .T. ) ;
#1891 = ADVANCED_FACE ( 'NONE', ( #380 ), #1500, .T. ) ;
#1892 = CARTESIAN_POINT ( 'NONE',  ( -0.08503521839689186200, 0.4927160449237264500, -0.09027031897490034300 ) ) ;
#1893 = ORIENTED_EDGE ( 'NONE', *, *, #2825, .F. ) ;
#1894 = EDGE_CURVE ( 'NONE', #396, #446, #2343, .T. ) ;
#1895 = CARTESIAN_POINT ( 'NONE',  ( 0.1544474879911624800, 0.4755494326068989700, -0.03471957312201263300 ) ) ;
#1896 = VERTEX_POINT ( 'NONE', #2537 ) ;
#1897 = CARTESIAN_POINT ( 'NONE',  ( 0.1472284230936840300, 0.4778323961090079600, -0.04878396365694823200 ) ) ;
#1898 = VERTEX_POINT ( 'NONE', #1563 ) ;
#1899 = CARTESIAN_POINT ( 'NONE',  ( -0.1230685889551838700, 0.4846175033204581100, -0.05916818895307648200 ) ) ;
#1900 = CARTESIAN_POINT ( 'NONE',  ( -0.09317661831713654200, 0.4912417054923861000, -0.03542676198535381300 ) ) ;
#1901 = CARTESIAN_POINT ( 'NONE',  ( -0.1153602457767899100, 0.4865100372866292800, -0.07091475796841720200 ) ) ;
#1902 = DIRECTION ( 'NONE',  ( 1.000000000000000000, 0.0000000000000000000, 0.0000000000000000000 ) ) ;
#1903 = EDGE_CURVE ( 'NONE', #679, #388, #2221, .T. ) ;
#1904 = CARTESIAN_POINT ( 'NONE',  ( -0.09112446927560891000, 0.4916264367440906200, -0.08588638730835671000 ) ) ;
#1905 = CARTESIAN_POINT ( 'NONE',  ( -0.1535843656558662800, 0.4758275858279402100, -0.04071859706264647400 ) ) ;
#1906 = CARTESIAN_POINT ( 'NONE',  ( 0.09399311397420835600, 0.4910858677047524900, -0.05638116948239693000 ) ) ;
#1907 = CARTESIAN_POINT ( 'NONE',  ( 0.1364680786114048400, 0.4810162632014345900, -0.07682661002829727100 ) ) ;
#1908 = ORIENTED_EDGE ( 'NONE', *, *, #1028, .T. ) ;
#1909 = CARTESIAN_POINT ( 'NONE',  ( 0.07154950748641564200, 0.4948541886035232000, -0.04340818386324111300 ) ) ;
#1910 = ADVANCED_FACE ( 'NONE', ( #310 ), #2870, .T. ) ;
#1911 = FACE_OUTER_BOUND ( 'NONE', #2613, .T. ) ;
#1912 = CARTESIAN_POINT ( 'NONE',  ( -0.1275803042605764000, 0.4834504495039824700, -0.04211515882516018300 ) ) ;
#1913 = CARTESIAN_POINT ( 'NONE',  ( -0.08924931541233109600, 0.4919700800845822100, -0.04593979349376807500 ) ) ;
#1914 = CARTESIAN_POINT ( 'NONE',  ( -0.1108304422875875800, 0.4875630053553314200, -0.08786298078159725200 ) ) ;
#1915 = FACE_OUTER_BOUND ( 'NONE', #1276, .T. ) ;
#1916 = CARTESIAN_POINT ( 'NONE',  ( -0.1589936890767443500, 0.4740476059144567700, -0.05757428995120136800 ) ) ;
#1917 = CARTESIAN_POINT ( 'NONE',  ( 0.1029093626751500900, 0.4892951922466423600, -0.06971189174574989000 ) ) ;
#1918 = CARTESIAN_POINT ( 'NONE',  ( 0.1461924038078673000, 0.4781551863746308900, -0.09139111502666504000 ) ) ;
#1919 = CARTESIAN_POINT ( 'NONE',  ( 0.0000000000000000000, 7.771911190400282700E-016, -6.385826771653542600 ) ) ;
#1920 = CARTESIAN_POINT ( 'NONE',  ( -0.08319954001790980100, 0.4930293741289490400, -0.08788965832953168900 ) ) ;
#1921 = VERTEX_POINT ( 'NONE', #1833 ) ;
#1922 = AXIS2_PLACEMENT_3D ( 'NONE', #2720, #1272, #2965 ) ;
#1923 = CARTESIAN_POINT ( 'NONE',  ( -0.1433970012481532200, 0.4789964585412263000, -0.08781765501453234200 ) ) ;
#1924 = B_SPLINE_CURVE_WITH_KNOTS ( 'NONE', 3,
 ( #1033, #1987, #2976, #1518, #100, #1760, #334, #2009, #566, #2241, #795, #2489, #1043, #2747, #1297, #2986, #1524, #111, #1773, #341 ),
 .UNSPECIFIED., .F., .F.,
 ( 4, 1, 2, 2, 2, 2, 2, 1, 2, 2, 4 ),
 ( 0.0000000000000000000, 0.06250000000000566200, 0.09375000000000685600, 0.1250000000000080500, 0.2500000000000093800, 0.5000000000000082200, 0.7500000000000071100, 0.8125000000000053300, 0.8437500000000044400, 0.8750000000000036600, 1.000000000000000000 ),
 .UNSPECIFIED. ) ;
#1925 = CARTESIAN_POINT ( 'NONE',  ( -0.05200392887040749400, 0.4972884209268899100, -0.06532883701228375800 ) ) ;
#1926 = B_SPLINE_CURVE_WITH_KNOTS ( 'NONE', 3,
 ( #296, #1719, #1967, #527, #2200, #762, #2446, #1000, #2705, #1253, #2941, #1487, #70, #1733, #306, #1978, #538, #2211, #770, #2455, #1009, #2712, #1266, #2953, #1494, #82, #1744, #312, #1984, #547, #2222 ),
 .UNSPECIFIED., .F., .F.,
 ( 4, 1, 1, 1, 2, 2, 1, 1, 1, 2, 2, 2, 2, 2, 2, 1, 2, 2, 4 ),
 ( 0.0000000000000000000, 0.1249999999999958400, 0.1874999999999941700, 0.2187499999999927300, 0.2343749999999921200, 0.2499999999999914800, 0.3749999999999908400, 0.4374999999999907900, 0.4687499999999912800, 0.4843749999999921700, 0.4999999999999931200, 0.5624999999999956700, 0.6249999999999982200, 0.7500000000000017800, 0.8750000000000052200, 0.9062500000000060000, 0.9218750000000063300, 0.9375000000000067700, 1.000000000000000000 ),
 .UNSPECIFIED. ) ;
#1927 = VERTEX_POINT ( 'NONE', #401 ) ;
#1928 = CARTESIAN_POINT ( 'NONE',  ( -0.09807893948337402500, 0.4902872889837188200, -0.09487620696800946900 ) ) ;
#1929 = DIMENSIONAL_EXPONENTS ( 1.000000000000000000, 0.0000000000000000000, 0.0000000000000000000, 0.0000000000000000000, 0.0000000000000000000, 0.0000000000000000000, 0.0000000000000000000 ) ;
#1930 = CARTESIAN_POINT ( 'NONE',  ( -0.09571273226793415600, 0.4907537642232828200, -0.08799594812161347400 ) ) ;
#1931 = ORIENTED_EDGE ( 'NONE', *, *, #544, .F. ) ;
#1932 = CARTESIAN_POINT ( 'NONE',  ( -0.1302289823264978200, 0.4827425942057445000, -0.06647258532321424800 ) ) ;
#1933 = CARTESIAN_POINT ( 'NONE',  ( -0.08924931541233109600, 0.4919700800845822100, -0.04593979349376807500 ) ) ;
#1934 = CARTESIAN_POINT ( 'NONE',  ( 0.06763048771671126300, 0.4954054134207175300, -0.06164691462178934600 ) ) ;
#1935 = CARTESIAN_POINT ( 'NONE',  ( -0.08624792636461527100, 0.4925051360403215300, -0.07361738684706188600 ) ) ;
#1936 = VERTEX_POINT ( 'NONE', #636 ) ;
#1937 = ORIENTED_EDGE ( 'NONE', *, *, #1551, .T. ) ;
#1938 = CARTESIAN_POINT ( 'NONE',  ( -0.1506770520288954500, 0.4767561504478535800, -0.07938800443541280100 ) ) ;
#1939 = CARTESIAN_POINT ( 'NONE',  ( -0.04864056434635128500, 0.4976285343334869200, -0.09470866368659315600 ) ) ;
#1940 = DIRECTION ( 'NONE',  ( 0.0000000000000000000, 0.0000000000000000000, -1.000000000000000000 ) ) ;
#1941 = ORIENTED_EDGE ( 'NONE', *, *, #2205, .F. ) ;
#1942 = CARTESIAN_POINT ( 'NONE',  ( -0.1314124292890771200, 0.4824217805512316900, -0.07880455668289615400 ) ) ;
#1943 = CARTESIAN_POINT ( 'NONE',  ( -0.08655237851330535600, 0.4924517138752100800, -0.05433375320172265800 ) ) ;
#1944 = CARTESIAN_POINT ( 'NONE',  ( 0.07499932597977386500, 0.4943431663645188000, -0.06531102780425376800 ) ) ;
#1945 = AXIS2_PLACEMENT_3D ( 'NONE', #841, #1957, #2195 ) ;
#1946 = CARTESIAN_POINT ( 'NONE',  ( -0.03403028333667360700, 0.4988406029645875400, -0.08218796403525384400 ) ) ;
#1947 = EDGE_CURVE ( 'NONE', #1649, #404, #1653, .T. ) ;
#1948 = ORIENTED_EDGE ( 'NONE', *, *, #1725, .T. ) ;
#1949 = CARTESIAN_POINT ( 'NONE',  ( -0.2101738166071116000, 0.4536816480412477800, -0.05076719959923085800 ) ) ;
#1950 = VERTEX_POINT ( 'NONE', #2313 ) ;
#1951 = CARTESIAN_POINT ( 'NONE',  ( -0.1380481117506175400, 0.4805650831413992900, -0.08752653601151028100 ) ) ;
#1952 = CARTESIAN_POINT ( 'NONE',  ( -0.04833257230760635400, 0.4976584797369879000, -0.05930763873907395100 ) ) ;
#1953 = ORIENTED_EDGE ( 'NONE', *, *, #378, .F. ) ;
#1954 = FACE_BOUND ( 'NONE', #116, .T. ) ;
#1955 = CARTESIAN_POINT ( 'NONE',  ( 0.08364483393386312700, 0.4929538941485059300, -0.06612169082871657800 ) ) ;
#1956 = CARTESIAN_POINT ( 'NONE',  ( -0.1517699131406911600, 0.4764093761403397400, -0.05795429545905474200 ) ) ;
#1957 = DIRECTION ( 'NONE',  ( -0.0000000000000000000, -0.0000000000000000000, 1.000000000000000000 ) ) ;
#1958 = CARTESIAN_POINT ( 'NONE',  ( 0.1030676109599109900, 0.4892617739138567200, -0.05857019843476714300 ) ) ;
#1959 = SPHERICAL_SURFACE ( 'NONE', #847, 6.503937007874015700 ) ;
#1960 = CARTESIAN_POINT ( 'NONE',  ( 0.1413940108029430300, 0.4795992498056564400, -0.07393734548246179400 ) ) ;
#1961 = CIRCLE ( 'NONE', #1129, 6.503937007874015700 ) ;
#1962 = CARTESIAN_POINT ( 'NONE',  ( -0.06317419324236270300, 0.4959930881970463500, -0.06292377322439106400 ) ) ;
#1963 = EDGE_CURVE ( 'NONE', #2884, #184, #2801, .T. ) ;
#1964 = VERTEX_POINT ( 'NONE', #1594 ) ;
#1965 = DIRECTION ( 'NONE',  ( -0.0000000000000000000, -0.0000000000000000000, 1.000000000000000000 ) ) ;
#1966 = CARTESIAN_POINT ( 'NONE',  ( 0.1184219747245737500, 0.4857741483411982000, -0.03614880917945487200 ) ) ;
#1967 = CARTESIAN_POINT ( 'NONE',  ( -0.1081147568419544200, 0.4881712842181137300, -0.06156076322773407900 ) ) ;
#1968 = CARTESIAN_POINT ( 'NONE',  ( -0.1076859612387021800, 0.4882660579674197900, -0.07457938129794358700 ) ) ;
#1969 = CARTESIAN_POINT ( 'NONE',  ( -0.05044284141335585200, 0.4974491951801444700, -0.05934235298386068800 ) ) ;
#1970 = B_SPLINE_CURVE_WITH_KNOTS ( 'NONE', 3,
 ( #3008, #217, #2641, #665, #2096, #929, #2796, #2388, #696, #232, #3027, #1557, #2604, #225, #2524, #874, #403, #1580, #2760, #195, #1067, #179, #2786, #1595 ),
 .UNSPECIFIED., .F., .F.,
 ( 4, 1, 2, 2, 2, 2, 2, 2, 2, 1, 2, 2, 4 ),
 ( 0.0000000000000000000, 0.06250000000000124900, 0.09375000000000138800, 0.1250000000000015300, 0.2500000000000018900, 0.3750000000000022800, 0.5000000000000026600, 0.6250000000000030000, 0.7500000000000034400, 0.8125000000000035500, 0.8437500000000036600, 0.8750000000000036600, 1.000000000000000000 ),
 .UNSPECIFIED. ) ;
#1971 = CARTESIAN_POINT ( 'NONE',  ( 0.1663711463776489400, 0.4715091279386204300, -0.03526023257180675000 ) ) ;
#1972 = CC_DESIGN_PERSON_AND_ORGANIZATION_ASSIGNMENT ( #833, #2591, ( #1325 ) ) ;
#1973 = CARTESIAN_POINT ( 'NONE',  ( 0.07452208091247529400, 0.4944152702500950200, -0.05870431121030350600 ) ) ;
#1974 = COORDINATED_UNIVERSAL_TIME_OFFSET ( 5, 0, .BEHIND. ) ;
#1975 = ORIENTED_EDGE ( 'NONE', *, *, #356, .F. ) ;
#1976 = CARTESIAN_POINT ( 'NONE',  ( -0.1952947881975155000, 0.4602824629538773700, -0.09413501608613633600 ) ) ;
#1977 = CARTESIAN_POINT ( 'NONE',  ( -0.2282348948511335700, 0.4448750942623818100, -0.08807808089534288600 ) ) ;
#1978 = CARTESIAN_POINT ( 'NONE',  ( -0.1066347622170370600, 0.4884967344411571500, -0.04999651411818156100 ) ) ;
#1979 = CARTESIAN_POINT ( 'NONE',  ( -0.05994763123574510500, 0.4963932903856911900, -0.05349168194231484300 ) ) ;
#1980 = DIRECTION ( 'NONE',  ( -0.0000000000000000000, -0.0000000000000000000, 1.000000000000000000 ) ) ;
#1981 = CARTESIAN_POINT ( 'NONE',  ( 0.2172428476248098300, 0.4503393666512662800, -0.05280116538958877500 ) ) ;
#1982 = CARTESIAN_POINT ( 'NONE',  ( 0.0000000000000000000, -1.698034309221998900E-017, 0.09928952431693144300 ) ) ;
#1983 = CARTESIAN_POINT ( 'NONE',  ( -0.1871297024073174900, 0.4636620261321264800, -0.09413501608613633600 ) ) ;
#1984 = CARTESIAN_POINT ( 'NONE',  ( -0.09830350630270588700, 0.4902413772936445300, -0.04196783954383678800 ) ) ;
#1985 = CARTESIAN_POINT ( 'NONE',  ( 0.06620650671736250100, 0.4955973148315917000, -0.08807808089534287200 ) ) ;
#1986 = AXIS2_PLACEMENT_3D ( 'NONE', #712, #2394, #946 ) ;
#1987 = CARTESIAN_POINT ( 'NONE',  ( 0.07684051600676890200, 0.4940602609487193000, -0.07793185963460561000 ) ) ;
#1988 = CARTESIAN_POINT ( 'NONE',  ( 0.2079327584393097200, 0.4547170830943743100, -0.05880289413984114700 ) ) ;
#1989 = CARTESIAN_POINT ( 'NONE',  ( 0.06389713847148337200, 0.4959003988221168400, -0.08789784549297104100 ) ) ;
#1990 = CARTESIAN_POINT ( 'NONE',  ( 0.1387289638711876300, 0.4803769158570361200, -0.07458404950022880200 ) ) ;
#1991 = ORIENTED_EDGE ( 'NONE', *, *, #652, .F. ) ;
#1992 = CIRCLE ( 'NONE', #790, 0.5000000000000000000 ) ;
#1993 = DIRECTION ( 'NONE',  ( -1.224646799147353200E-016, -1.000000000000000000, 0.0000000000000000000 ) ) ;
#1994 = CARTESIAN_POINT ( 'NONE',  ( -0.05148715930079015400, 0.4973420075030210400, -0.04189395006554275100 ) ) ;
#1995 = B_SPLINE_CURVE_WITH_KNOTS ( 'NONE', 3,
 ( #1933, #262, #2169, #727, #2411, #962, #2669, #1218, #2909, #1454, #39, #1691, #274, #1943, #506, #2179, #738, #2423, #978, #2679, #1229, #2918, #1467, #51 ),
 .UNSPECIFIED., .F., .F.,
 ( 4, 2, 2, 1, 2, 2, 1, 2, 2, 1, 1, 2, 2, 4 ),
 ( 0.0000000000000000000, 0.06250000000000111000, 0.1250000000000022200, 0.1875000000000033300, 0.2187500000000041600, 0.2500000000000050000, 0.3750000000000012200, 0.4374999999999996100, 0.4999999999999980000, 0.6249999999999946700, 0.6874999999999931200, 0.7187499999999930100, 0.7499999999999928900, 1.000000000000000000 ),
 .UNSPECIFIED. ) ;
#1996 = CARTESIAN_POINT ( 'NONE',  ( -0.06706269538139116000, 0.4954857212338896200, -0.08799222680518734000 ) ) ;
#1997 = CARTESIAN_POINT ( 'NONE',  ( -0.06771282516400084500, 0.4953937627261391600, -0.05258580874843837800 ) ) ;
#1998 = VECTOR ( 'NONE', #402, 39.37007874015748100 ) ;
#1999 = CARTESIAN_POINT ( 'NONE',  ( -0.09104688091263957200, 0.4916406080430590400, -0.04399827108616769600 ) ) ;
#2000 = CARTESIAN_POINT ( 'NONE',  ( 0.05447265408027270700, 0.4970238808302617200, -0.07622233829027523500 ) ) ;
#2001 = ORIENTED_EDGE ( 'NONE', *, *, #1764, .F. ) ;
#2002 = VERTEX_POINT ( 'NONE', #1844 ) ;
#2003 = EDGE_CURVE ( 'NONE', #1211, #1100, #923, .T. ) ;
#2004 = CARTESIAN_POINT ( 'NONE',  ( 0.1121231470743795900, 0.4872670205442978800, -0.04191388330721024900 ) ) ;
#2005 = CARTESIAN_POINT ( 'NONE',  ( -0.04248427735181518900, 0.4981918340458627600, -0.04771791381382788800 ) ) ;
#2006 = CARTESIAN_POINT ( 'NONE',  ( 6.123233995736766000E-017, 0.5000000000000000000, -0.01110755220600580900 ) ) ;
#2007 = CARTESIAN_POINT ( 'NONE',  ( 0.1458008614560585800, 0.4782700142551334900, -0.05229782276335241700 ) ) ;
#2008 = CARTESIAN_POINT ( 'NONE',  ( -0.05993982028362399000, 0.4963942162680452500, -0.06180375851496734000 ) ) ;
#2009 = CARTESIAN_POINT ( 'NONE',  ( 0.07614388078559947100, 0.4941681706672249000, -0.08085266384962425100 ) ) ;
#2010 = CARTESIAN_POINT ( 'NONE',  ( -0.1482058654500222300, 0.4775309951601001100, -0.04533682974961415100 ) ) ;
#2011 = CARTESIAN_POINT ( 'NONE',  ( -0.1591274636209723300, 0.4740025851148307300, -0.06885178754565506000 ) ) ;
#2012 = ORIENTED_EDGE ( 'NONE', *, *, #806, .T. ) ;
#2013 = EDGE_CURVE ( 'NONE', #461, #679, #1101, .T. ) ;
#2014 = CARTESIAN_POINT ( 'NONE',  ( 0.06343212919013795100, 0.4959600742070514600, -0.09472673117537079600 ) ) ;
#2015 = CARTESIAN_POINT ( 'NONE',  ( 0.1274304192222932800, 0.4834889217428415300, -0.08428419107574800000 ) ) ;
#2016 = ORIENTED_EDGE ( 'NONE', *, *, #1795, .F. ) ;
#2017 = CARTESIAN_POINT ( 'NONE',  ( 0.07405165014187820000, 0.4944861772023264600, -0.05834737451350796600 ) ) ;
#2018 = CARTESIAN_POINT ( 'NONE',  ( -0.1564728795370662900, 0.4748855053465272900, -0.08398166054381166200 ) ) ;
#2019 = EDGE_CURVE ( 'NONE', #1571, #982, #235, .T. ) ;
#2020 = B_SPLINE_CURVE_WITH_KNOTS ( 'NONE', 3,
 ( #1673, #1925, #490, #2167, #721, #2407, #958, #2664 ),
 .UNSPECIFIED., .F., .F.,
 ( 4, 2, 2, 4 ),
 ( 0.0000000000000000000, 0.2499999999999983900, 0.4999999999999967800, 1.000000000000000000 ),
 .UNSPECIFIED. ) ;
#2021 = CARTESIAN_POINT ( 'NONE',  ( 0.0000000000000000000, 0.0000000000000000000, -0.03937007874015751400 ) ) ;
#2022 = CARTESIAN_POINT ( 'NONE',  ( -0.09704815644879287400, 0.4904912387901445600, -0.03507989797590010900 ) ) ;
#2023 = AXIS2_PLACEMENT_3D ( 'NONE', #2055, #1104, #2546 ) ;
#2024 = DIRECTION ( 'NONE',  ( 0.0000000000000000000, 0.0000000000000000000, -1.000000000000000000 ) ) ;
#2025 = CARTESIAN_POINT ( 'NONE',  ( 0.06641727880642997500, 0.4955693442289957300, -0.05493892495190556800 ) ) ;
#2026 = CARTESIAN_POINT ( 'NONE',  ( -0.1443389994003176600, 0.4787131665409549700, -0.09465054165440664500 ) ) ;
#2027 = FACE_BOUND ( 'NONE', #1587, .T. ) ;
#2028 = CARTESIAN_POINT ( 'NONE',  ( 0.1557114192163103800, 0.4751360540714577600, -0.04157874610852432100 ) ) ;
#2029 = CIRCLE ( 'NONE', #2354, 0.4944322300693972900 ) ;
#2030 = ORIENTED_EDGE ( 'NONE', *, *, #947, .T. ) ;
#2031 = EDGE_LOOP ( 'NONE', ( #1941, #190, #520, #2325 ) ) ;
#2032 = EDGE_LOOP ( 'NONE', ( #224, #628, #2263, #596, #756 ) ) ;
#2033 = CARTESIAN_POINT ( 'NONE',  ( 0.1219759020311184500, 0.4848936787929468700, -0.05019527406370893900 ) ) ;
#2034 = CARTESIAN_POINT ( 'NONE',  ( -0.1243864825428473800, 0.4842809295657656800, -0.07976900837807007800 ) ) ;
#2035 = CARTESIAN_POINT ( 'NONE',  ( 0.1567394781895697900, 0.4747976239984095200, -0.04137098182063803100 ) ) ;
#2036 = CARTESIAN_POINT ( 'NONE',  ( -0.1089387728851269900, 0.4879881375220094200, -0.03973606624122549100 ) ) ;
#2037 = VERTEX_POINT ( 'NONE', #1616 ) ;
#2038 = CARTESIAN_POINT ( 'NONE',  ( -0.05505388168339246000, 0.4969599499743424500, -0.08772691326045371800 ) ) ;
#2039 = CARTESIAN_POINT ( 'NONE',  ( 0.1071991819339597500, 0.4883735160576446700, -0.03537438704790149500 ) ) ;
#2040 = CARTESIAN_POINT ( 'NONE',  ( -0.1053576206537086100, 0.4887737996681907300, -0.08305540961390528400 ) ) ;
#2041 = ORIENTED_EDGE ( 'NONE', *, *, #1303, .T. ) ;
#2042 = AXIS2_PLACEMENT_3D ( 'NONE', #84, #1980, #314 ) ;
#2043 = LOCAL_TIME ( 14, 2, 21.00000000000000000, #2701 ) ;
#2044 = DIRECTION ( 'NONE',  ( 1.000000000000000000, 0.0000000000000000000, 0.0000000000000000000 ) ) ;
#2045 = CARTESIAN_POINT ( 'NONE',  ( 0.1596283839517475800, 0.4738341260788984700, -0.04113683316669357300 ) ) ;
#2046 = EDGE_CURVE ( 'NONE', #896, #603, #2138, .T. ) ;
#2047 = CARTESIAN_POINT ( 'NONE',  ( -0.1149244824154455300, 0.4866131568237649900, -0.05458391867562395500 ) ) ;
#2048 = CARTESIAN_POINT ( 'NONE',  ( 0.1067535558299718800, 0.4884708561180430800, -0.04268165931799504400 ) ) ;
#2049 = CARTESIAN_POINT ( 'NONE',  ( -0.06342646950878996800, 0.4959607675670027500, -0.07630727910854699600 ) ) ;
#2050 = CARTESIAN_POINT ( 'NONE',  ( 0.09353946591450744400, 0.4911724443430616800, -0.04857467537913389600 ) ) ;
#2051 = VERTEX_POINT ( 'NONE', #433 ) ;
#2052 = DIRECTION ( 'NONE',  ( -0.0000000000000000000, -0.0000000000000000000, 1.000000000000000000 ) ) ;
#2053 = CARTESIAN_POINT ( 'NONE',  ( 0.1696371095276511000, 0.4703502872932102100, -0.04395773623311242900 ) ) ;
#2054 = ADVANCED_FACE ( 'NONE', ( #2718 ), #2068, .F. ) ;
#2055 = CARTESIAN_POINT ( 'NONE',  ( 0.0000000000000000000, -1.698034309221998900E-017, 0.09928952431693144300 ) ) ;
#2056 = CARTESIAN_POINT ( 'NONE',  ( 0.1102999444591312000, 0.4876826873401936000, -0.07638388433122574000 ) ) ;
#2057 = CARTESIAN_POINT ( 'NONE',  ( -0.1411497147234121200, 0.4796631714375196900, -0.09489213298498552800 ) ) ;
#2058 = CARTESIAN_POINT ( 'NONE',  ( 6.123233995736766000E-017, 0.5000000000000000000, -0.01110755220600580900 ) ) ;
#2059 = DIRECTION ( 'NONE',  ( -0.0000000000000000000, -0.0000000000000000000, 1.000000000000000000 ) ) ;
#2060 = CARTESIAN_POINT ( 'NONE',  ( 0.06919519352107182700, 0.4951889430286597300, -0.09471516559855434900 ) ) ;
#2061 = B_SPLINE_CURVE_WITH_KNOTS ( 'NONE', 3,
 ( #3010, #560, #1511, #1884, #1634, #1190, #251, #1143, #1357, #1403, #1316, #1886, #405, #2081, #641, #2317, #877, #2576, #1118 ),
 .UNSPECIFIED., .F., .F.,
 ( 4, 1, 1, 2, 2, 2, 2, 1, 2, 2, 4 ),
 ( 0.0000000000000000000, 0.1249999999999965900, 0.1874999999999948900, 0.2187499999999935900, 0.2499999999999922800, 0.3749999999999927800, 0.4999999999999933400, 0.6249999999999937800, 0.6874999999999941200, 0.7499999999999943400, 1.000000000000000000 ),
 .UNSPECIFIED. ) ;
#2062 = EDGE_CURVE ( 'NONE', #452, #1279, #553, .T. ) ;
#2063 = CARTESIAN_POINT ( 'NONE',  ( 0.1440523965680814100, 0.4787994434447394000, -0.07329064146469478600 ) ) ;
#2064 = ORIENTED_EDGE ( 'NONE', *, *, #2177, .T. ) ;
#2065 = CARTESIAN_POINT ( 'NONE',  ( 0.1636099711954229800, 0.4724752435785414300, -0.09463633939882275200 ) ) ;
#2066 = CARTESIAN_POINT ( 'NONE',  ( 0.1766413251400768000, 0.4677583186662270200, -0.05861483011473836400 ) ) ;
#2067 = CARTESIAN_POINT ( 'NONE',  ( 0.06294873962025855600, 0.4960220762315365500, -0.06186205259747081700 ) ) ;
#2068 = SPHERICAL_SURFACE ( 'NONE', #322, 5.397244094488188500 ) ;
#2069 = CARTESIAN_POINT ( 'NONE',  ( 0.1153650271540268700, 0.4865089026575546400, -0.08072671169560256800 ) ) ;
#2070 = CARTESIAN_POINT ( 'NONE',  ( -0.03454620857817192900, 0.4988051353935417100, -0.04799776039743474500 ) ) ;
#2071 = CARTESIAN_POINT ( 'NONE',  ( 0.1440523965680814100, 0.4787994434447394000, -0.07329064146469478600 ) ) ;
#2072 = CARTESIAN_POINT ( 'NONE',  ( 0.08368264657648641400, 0.4929474837440760400, -0.08220704470956781400 ) ) ;
#2073 = LINE ( 'NONE', #1834, #1998 ) ;
#2074 = EDGE_LOOP ( 'NONE', ( #3000, #134, #486, #2099, #1214 ) ) ;
#2075 = ORIENTED_EDGE ( 'NONE', *, *, #803, .F. ) ;
#2076 = CARTESIAN_POINT ( 'NONE',  ( 0.1805078738988605000, 0.4662806347684428900, -0.08309911940920797200 ) ) ;
#2077 = DIRECTION ( 'NONE',  ( -0.0000000000000000000, -0.0000000000000000000, 1.000000000000000000 ) ) ;
#2078 = DIRECTION ( 'NONE',  ( -1.000000000000000000, 0.0000000000000000000, -0.0000000000000000000 ) ) ;
#2079 = VERTEX_POINT ( 'NONE', #1159 ) ;
#2080 = ORIENTED_EDGE ( 'NONE', *, *, #2475, .F. ) ;
#2081 = CARTESIAN_POINT ( 'NONE',  ( -0.04641624971049256000, 0.4978409715047732400, -0.08684427082950560400 ) ) ;
#2082 = ORIENTED_EDGE ( 'NONE', *, *, #49, .T. ) ;
#2083 = AXIS2_PLACEMENT_3D ( 'NONE', #1747, #318, #1993 ) ;
#2084 = CARTESIAN_POINT ( 'NONE',  ( 0.1847467047445429400, 0.4646166774908615500, -0.06640143723406304000 ) ) ;
#2085 = CARTESIAN_POINT ( 'NONE',  ( -0.05281220010850681800, 0.4972035000091642500, -0.03514722856856499600 ) ) ;
#2086 = CARTESIAN_POINT ( 'NONE',  ( -0.05934129763463728100, 0.4964663189106421900, -0.04590671670404612000 ) ) ;
#2087 = B_SPLINE_CURVE_WITH_KNOTS ( 'NONE', 3,
 ( #1089, #848, #2826, #1377, #3060, #1598, #187, #1847, #421, #2091, #655, #2329, #886, #2589, #1133 ),
 .UNSPECIFIED., .F., .F.,
 ( 4, 1, 2, 2, 2, 2, 2, 4 ),
 ( 0.0000000000000000000, 0.1250000000000015800, 0.1875000000000015500, 0.2500000000000015500, 0.5000000000000013300, 0.6250000000000012200, 0.7500000000000011100, 1.000000000000000000 ),
 .UNSPECIFIED. ) ;
#2088 = CARTESIAN_POINT ( 'NONE',  ( 0.1847714945522036000, 0.4646068178873634100, -0.06301179825669174500 ) ) ;
#2089 = ADVANCED_FACE ( 'NONE', ( #1429 ), #857, .T. ) ;
#2090 = CARTESIAN_POINT ( 'NONE',  ( 0.0000000000000000000, -1.629851044885626700E-017, 0.09372175438632877900 ) ) ;
#2091 = CARTESIAN_POINT ( 'NONE',  ( 0.04835112223987106400, 0.4976567345420661000, -0.08236200126990657300 ) ) ;
#2092 = CARTESIAN_POINT ( 'NONE',  ( -0.06747977801307449000, 0.4954255589994143200, -0.04648980894794806800 ) ) ;
#2093 = DATE_TIME_ROLE ( 'creation_date' ) ;
#2094 = DIRECTION ( 'NONE',  ( 8.659560562354931600E-017, -0.7071067811865473500, -0.7071067811865476800 ) ) ;
#2095 = CARTESIAN_POINT ( 'NONE',  ( 0.2147726318958543800, 0.4515228107728337900, -0.04650466561332893000 ) ) ;
#2096 = CARTESIAN_POINT ( 'NONE',  ( 0.06101805327875333600, 0.4962629019824129100, -0.05502102893700484100 ) ) ;
#2097 = B_SPLINE_CURVE_WITH_KNOTS ( 'NONE', 3,
 ( #1636, #457, #1176, #2871 ),
 .UNSPECIFIED., .F., .F.,
 ( 4, 4 ),
 ( 0.0000000000000000000, 1.000000000000000000 ),
 .UNSPECIFIED. ) ;
#2098 = CYLINDRICAL_SURFACE ( 'NONE', #1057, 0.5000000000000000000 ) ;
#2099 = ORIENTED_EDGE ( 'NONE', *, *, #260, .T. ) ;
#2100 = AXIS2_PLACEMENT_3D ( 'NONE', #2901, #2164, #1680 ) ;
#2101 = CARTESIAN_POINT ( 'NONE',  ( 0.1768755661569140800, 0.4676697918320809600, -0.06813902382362756200 ) ) ;
#2102 = EDGE_CURVE ( 'NONE', #1327, #488, #8, .T. ) ;
#2103 = VECTOR ( 'NONE', #2350, 39.37007874015748100 ) ;
#2104 = CARTESIAN_POINT ( 'NONE',  ( 0.0000000000000000000, -3.304858852265958300E-016, -0.03937007874015751400 ) ) ;
#2105 = ORIENTED_EDGE ( 'NONE', *, *, #919, .T. ) ;
#2106 = CARTESIAN_POINT ( 'NONE',  ( -0.1312214051086024500, 0.4824738171629174300, -0.05224795561438468100 ) ) ;
#2107 = CARTESIAN_POINT ( 'NONE',  ( 0.2061919237050609500, 0.4555091088977724600, -0.06397652628197722500 ) ) ;
#2108 = EDGE_LOOP ( 'NONE', ( #2535, #1091, #1473, #2978, #638, #1772, #144, #2030, #996, #36, #2064, #471, #1292 ) ) ;
#2109 = CARTESIAN_POINT ( 'NONE',  ( 0.0000000000000000000, 0.0000000000000000000, -0.01667532213660848800 ) ) ;
#2110 = CARTESIAN_POINT ( 'NONE',  ( 0.1836145000479158500, 0.4650653698346054500, -0.05388787052164621000 ) ) ;
#2111 = CARTESIAN_POINT ( 'NONE',  ( -0.08219870775226786900, 0.4931971409264533400, -0.08612256205476487300 ) ) ;
#2112 = VERTEX_POINT ( 'NONE', #3096 ) ;
#2113 = CARTESIAN_POINT ( 'NONE',  ( 0.1731055223529151500, 0.4690784844255817000, -0.08112474928048996100 ) ) ;
#2114 = CARTESIAN_POINT ( 'NONE',  ( -0.2015563940486132500, 0.4576418954551547100, -0.05476493734597887000 ) ) ;
#2115 = CARTESIAN_POINT ( 'NONE',  ( 0.2109828011956216600, 0.4533082306554555000, -0.04971749135365096500 ) ) ;
#2116 = ORIENTED_EDGE ( 'NONE', *, *, #414, .T. ) ;
#2117 = DIRECTION ( 'NONE',  ( -0.0000000000000000000, 1.224606353822377300E-016, -1.000000000000000000 ) ) ;
#2118 = APPROVAL_DATE_TIME ( #2776, #1484 ) ;
#2119 = CARTESIAN_POINT ( 'NONE',  ( 0.0000000000000000000, 7.771911190400282700E-016, -6.385826771653542600 ) ) ;
#2120 = CARTESIAN_POINT ( 'NONE',  ( -0.08033065682468125400, 0.4935049341344731100, -0.08133268668149167000 ) ) ;
#2121 = EDGE_CURVE ( 'NONE', #2228, #2579, #2561, .T. ) ;
#2122 = CARTESIAN_POINT ( 'NONE',  ( 0.1640885831962996300, 0.4723081785207888800, -0.08752948731837603700 ) ) ;
#2123 = ORIENTED_EDGE ( 'NONE', *, *, #3038, .T. ) ;
#2124 = VERTEX_POINT ( 'NONE', #676 ) ;
#2125 = SECURITY_CLASSIFICATION ( '', '', #1136 ) ;
#2126 = CARTESIAN_POINT ( 'NONE',  ( -0.1355630381427522200, 0.4812719446325288700, -0.04376548008442959800 ) ) ;
#2127 = CARTESIAN_POINT ( 'NONE',  ( -0.07844781629205632700, 0.4938075951240796200, -0.06256216825709122500 ) ) ;
#2128 = DIRECTION ( 'NONE',  ( 1.000000000000000000, 0.0000000000000000000, 0.0000000000000000000 ) ) ;
#2129 = CARTESIAN_POINT ( 'NONE',  ( -0.09440939033762366100, 0.4910060476035335000, -0.09472836059141542800 ) ) ;
#2130 = CARTESIAN_POINT ( 'NONE',  ( 0.0000000000000000000, 0.4944322300693972900, 0.09928952431693151300 ) ) ;
#2131 = CARTESIAN_POINT ( 'NONE',  ( -0.08104158158286888000, 0.4933885851996294100, -0.04653370448431580500 ) ) ;
#2132 = CARTESIAN_POINT ( 'NONE',  ( 0.0000000000000000000, 0.0000000000000000000, -0.1125395919254232500 ) ) ;
#2133 = CARTESIAN_POINT ( 'NONE',  ( -0.09508072403430456500, 0.4908764630449203900, -0.08787801291204065700 ) ) ;
#2134 = CARTESIAN_POINT ( 'NONE',  ( -0.1429303418833265400, 0.4791356255804036800, -0.03516439772239839800 ) ) ;
#2135 = CARTESIAN_POINT ( 'NONE',  ( -0.08407634175840249200, 0.4928804812087046500, -0.08920192629207214500 ) ) ;
#2136 = DIRECTION ( 'NONE',  ( 1.000000000000000000, 0.0000000000000000000, 0.0000000000000000000 ) ) ;
#2137 = ORIENTED_EDGE ( 'NONE', *, *, #86, .F. ) ;
#2138 = CIRCLE ( 'NONE', #9, 0.5000000000000000000 ) ;
#2139 = ORIENTED_EDGE ( 'NONE', *, *, #2003, .T. ) ;
#2140 = ORIENTED_EDGE ( 'NONE', *, *, #32, .T. ) ;
#2141 = AXIS2_PLACEMENT_3D ( 'NONE', #1387, #898, #1147 ) ;
#2142 = CARTESIAN_POINT ( 'NONE',  ( 0.1496483439218325700, 0.4770864530151404100, -0.03606641302201947500 ) ) ;
#2143 = CIRCLE ( 'NONE', #2920, 0.4999999999999999400 ) ;
#2144 = CARTESIAN_POINT ( 'NONE',  ( -0.1232869819656262400, 0.4845619902333089800, -0.05667375730278052100 ) ) ;
#2145 = CARTESIAN_POINT ( 'NONE',  ( -0.09418657736474696200, 0.4910488071262496500, -0.03526208985797731100 ) ) ;
#2146 = ORIENTED_EDGE ( 'NONE', *, *, #2444, .F. ) ;
#2147 = CARTESIAN_POINT ( 'NONE',  ( -0.1151420743355534400, 0.4865617173518922400, -0.07343316197594383600 ) ) ;
#2148 = ADVANCED_FACE ( 'NONE', ( #783 ), #163, .T. ) ;
#2149 = CARTESIAN_POINT ( 'NONE',  ( 0.2249142427254581000, 0.4465574805321636500, -0.07596421051375594500 ) ) ;
#2150 = CARTESIAN_POINT ( 'NONE',  ( -0.1548215496042371100, 0.4754267303815798400, -0.04257508012531409400 ) ) ;
#2151 = CARTESIAN_POINT ( 'NONE',  ( 0.09459640120189136100, 0.4909700282030603500, -0.05822929939768799200 ) ) ;
#2152 = DIRECTION ( 'NONE',  ( -1.000000000000000000, 0.0000000000000000000, -0.0000000000000000000 ) ) ;
#2153 = CARTESIAN_POINT ( 'NONE',  ( -0.07993509737593652900, 0.4935690387250438700, -0.07976900837809582100 ) ) ;
#2154 = CARTESIAN_POINT ( 'NONE',  ( 0.2178393359680879700, 0.4500511345447120200, -0.03507989797590010300 ) ) ;
#2155 = B_SPLINE_CURVE_WITH_KNOTS ( 'NONE', 3,
 ( #3007, #2774, #1544, #132, #1792, #366, #2039, #595, #2275, #831, #2523, #1074, #2784, #1329, #3015, #1556, #142, #1805, #373, #2050, #605, #2284, #846, #2538, #1081 ),
 .UNSPECIFIED., .F., .F.,
 ( 4, 1, 2, 2, 2, 2, 2, 2, 2, 2, 2, 2, 4 ),
 ( 0.0000000000000000000, 0.06250000000000127700, 0.09375000000000108200, 0.1250000000000008900, 0.1875000000000019400, 0.2500000000000030000, 0.3750000000000018900, 0.5000000000000007800, 0.7499999999999983300, 0.8749999999999974500, 0.9062499999999976700, 0.9374999999999977800, 1.000000000000000000 ),
 .UNSPECIFIED. ) ;
#2156 = CARTESIAN_POINT ( 'NONE',  ( -0.1306553545431144200, 0.4826292634917157000, -0.03851851612242212400 ) ) ;
#2157 = ORIENTED_EDGE ( 'NONE', *, *, #591, .F. ) ;
#2158 = CARTESIAN_POINT ( 'NONE',  ( -0.1077101851506276400, 0.4882625546587651100, -0.09146696212658786400 ) ) ;
#2159 = CARTESIAN_POINT ( 'NONE',  ( -0.09472178914922602100, 0.4909458882086984400, -0.08779516527687218600 ) ) ;
#2160 = CARTESIAN_POINT ( 'NONE',  ( -0.1592023064511586000, 0.4739774526500510300, -0.06500967538353186200 ) ) ;
#2161 = CARTESIAN_POINT ( 'NONE',  ( 0.1035658918330577300, 0.4891565438219902500, -0.07034581562117105100 ) ) ;
#2162 = CARTESIAN_POINT ( 'NONE',  ( 0.1524391500258570900, 0.4761975358905936600, -0.09408804993562465400 ) ) ;
#2163 = ORIENTED_EDGE ( 'NONE', *, *, #2999, .T. ) ;
#2164 = DIRECTION ( 'NONE',  ( -0.0000000000000000000, -0.0000000000000000000, 1.000000000000000000 ) ) ;
#2165 = EDGE_CURVE ( 'NONE', #1781, #3094, #1995, .T. ) ;
#2166 = CARTESIAN_POINT ( 'NONE',  ( -0.1455364145991908400, 0.4783516458156686900, -0.08695768645568226200 ) ) ;
#2167 = CARTESIAN_POINT ( 'NONE',  ( -0.05076654666092238200, 0.4974162519078151900, -0.06543712625572926900 ) ) ;
#2168 = CARTESIAN_POINT ( 'NONE',  ( 0.0000000000000000000, 0.4944322300694983800, -0.1125395919254232500 ) ) ;
#2169 = CARTESIAN_POINT ( 'NONE',  ( -0.08877145401280847600, 0.4920565665039105000, -0.04677422395579517600 ) ) ;
#2170 = DIRECTION ( 'NONE',  ( 0.0000000000000000000, 0.0000000000000000000, 1.000000000000000000 ) ) ;
#2171 = CARTESIAN_POINT ( 'NONE',  ( 0.1531562034168923700, 0.4759656960043895400, -0.04252797358825173600 ) ) ;
#2172 = CARTESIAN_POINT ( 'NONE',  ( -0.1512611822123920700, 0.4765712015838543000, -0.07676143722488387700 ) ) ;
#2173 = VECTOR ( 'NONE', #1858, 39.37007874015748100 ) ;
#2174 = CARTESIAN_POINT ( 'NONE',  ( -0.04705279836544110800, 0.4977824298857107500, -0.09446704424601584700 ) ) ;
#2175 = CARTESIAN_POINT ( 'NONE',  ( -0.2125935644110435200, 0.4525527605521619800, -0.04334818533946838100 ) ) ;
#2176 = VECTOR ( 'NONE', #2094, 39.37007874015748100 ) ;
#2177 = EDGE_CURVE ( 'NONE', #1170, #1404, #1435, .T. ) ;
#2178 = CARTESIAN_POINT ( 'NONE',  ( -0.1314860912164377600, 0.4824017101903788600, -0.07910561588258416300 ) ) ;
#2179 = CARTESIAN_POINT ( 'NONE',  ( -0.08632900455221082000, 0.4924909277194100000, -0.05602089039014338700 ) ) ;
#2180 = CARTESIAN_POINT ( 'NONE',  ( 0.07581008924690269000, 0.4942195501603911000, -0.06634701444295262900 ) ) ;
#2181 = ORIENTED_EDGE ( 'NONE', *, *, #498, .F. ) ;
#2182 = CARTESIAN_POINT ( 'NONE',  ( -0.03365264983260430500, 0.4988662632991845400, -0.08075016260948532400 ) ) ;
#2183 = VERTEX_POINT ( 'NONE', #1705 ) ;
#2184 = AXIS2_PLACEMENT_3D ( 'NONE', #611, #2293, #852 ) ;
#2185 = CARTESIAN_POINT ( 'NONE',  ( 0.1099762980093466200, 0.4877559727510190100, -0.06638015929149393400 ) ) ;
#2186 = ORIENTED_EDGE ( 'NONE', *, *, #288, .T. ) ;
#2187 = CARTESIAN_POINT ( 'NONE',  ( -0.2092608026992709100, 0.4541034204381825300, -0.05280116538958879600 ) ) ;
#2188 = VERTEX_POINT ( 'NONE', #1732 ) ;
#2189 = CARTESIAN_POINT ( 'NONE',  ( -0.1388741921944088000, 0.4803270148877832900, -0.08779516527686864700 ) ) ;
#2190 = CARTESIAN_POINT ( 'NONE',  ( 0.1291379940508703400, 0.4830355895431737700, -0.04919516514074665600 ) ) ;
#2191 = CARTESIAN_POINT ( 'NONE',  ( -0.04869365855060141200, 0.4976234110550314400, -0.05933524195934449000 ) ) ;
#2192 = DIRECTION ( 'NONE',  ( -0.0000000000000000000, -0.0000000000000000000, 1.000000000000000000 ) ) ;
#2193 = APPROVAL_PERSON_ORGANIZATION ( #2852, #1484, #2331 ) ;
#2194 = CARTESIAN_POINT ( 'NONE',  ( -0.1514295483042733800, 0.4765177382343200900, -0.05440875822474180300 ) ) ;
#2195 = DIRECTION ( 'NONE',  ( 1.000000000000000000, 0.0000000000000000000, 0.0000000000000000000 ) ) ;
#2196 = CARTESIAN_POINT ( 'NONE',  ( 0.1027330043303684700, 0.4893321458240033100, -0.05802981024488411400 ) ) ;
#2197 = CARTESIAN_POINT ( 'NONE',  ( -0.06415121014115295100, 0.4958676772409820200, -0.06342660715032093200 ) ) ;
#2198 = CARTESIAN_POINT ( 'NONE',  ( 0.4944322300693974000, 6.089141237617259600E-017, -0.01667532213660848800 ) ) ;
#2199 = CARTESIAN_POINT ( 'NONE',  ( 0.1165699507827641400, 0.4862222032021028000, -0.03563332619991004000 ) ) ;
#2200 = CARTESIAN_POINT ( 'NONE',  ( -0.1079689913746407400, 0.4882035409977924000, -0.05864407278323859100 ) ) ;
#2201 = CARTESIAN_POINT ( 'NONE',  ( -0.07841510084475995800, 0.4938127903968326200, -0.06500967538353184800 ) ) ;
#2202 = CARTESIAN_POINT ( 'NONE',  ( -0.05117591494115281800, 0.4973741499463189000, -0.05928270506212134100 ) ) ;
#2203 = AXIS2_PLACEMENT_3D ( 'NONE', #584, #2262, #819 ) ;
#2204 = CARTESIAN_POINT ( 'NONE',  ( 0.1649806761914047200, 0.4719973925102360400, -0.03491889775973207300 ) ) ;
#2205 = EDGE_CURVE ( 'NONE', #1139, #1964, #1358, .T. ) ;
#2206 = DIRECTION ( 'NONE',  ( 0.0000000000000000000, 0.0000000000000000000, -1.000000000000000000 ) ) ;
#2207 = ORIENTED_EDGE ( 'NONE', *, *, #1070, .T. ) ;
#2208 = ORIENTED_EDGE ( 'NONE', *, *, #2898, .T. ) ;
#2209 = CARTESIAN_POINT ( 'NONE',  ( -0.04083876827770708400, 0.4983294041149485800, -0.07747844431145432800 ) ) ;
#2210 = CARTESIAN_POINT ( 'NONE',  ( 0.0000000000000000000, 0.0000000000000000000, -0.07672132741260515000 ) ) ;
#2211 = CARTESIAN_POINT ( 'NONE',  ( -0.1060214262481319600, 0.4886302318865530800, -0.04826524746875357500 ) ) ;
#2212 = CARTESIAN_POINT ( 'NONE',  ( -0.06017112287009431000, 0.4963662334946564200, -0.05267743470089603100 ) ) ;
#2213 = DIRECTION ( 'NONE',  ( -0.0000000000000000000, -0.0000000000000000000, 1.000000000000000000 ) ) ;
#2214 = CIRCLE ( 'NONE', #2300, 5.397244094488188500 ) ;
#2215 = CYLINDRICAL_SURFACE ( 'NONE', #2765, 0.5000000000000000000 ) ;
#2216 = DIRECTION ( 'NONE',  ( 0.0000000000000000000, 1.000000000000000000, 1.381305580180739600E-016 ) ) ;
#2217 = EDGE_CURVE ( 'NONE', #1502, #713, #1992, .T. ) ;
#2218 = ORIENTED_EDGE ( 'NONE', *, *, #2165, .F. ) ;
#2219 = CARTESIAN_POINT ( 'NONE',  ( -0.1411497147234121200, 0.4796631714375196900, -0.09489213298498552800 ) ) ;
#2220 = DIRECTION ( 'NONE',  ( -0.0000000000000000000, 1.224606353822377300E-016, -1.000000000000000000 ) ) ;
#2221 = B_SPLINE_CURVE_WITH_KNOTS ( 'NONE', 3,
 ( #2306, #1106, #2813, #1360 ),
 .UNSPECIFIED., .F., .F.,
 ( 4, 4 ),
 ( 0.0000000000000000000, 1.000000000000000000 ),
 .UNSPECIFIED. ) ;
#2222 = CARTESIAN_POINT ( 'NONE',  ( -0.09696692029193028400, 0.4905073051128784300, -0.04189395006554275100 ) ) ;
#2223 = CARTESIAN_POINT ( 'NONE',  ( 0.1221608388721730500, 0.4848471196635563700, -0.05249358664943130200 ) ) ;
#2224 = CARTESIAN_POINT ( 'NONE',  ( -0.09696692029193028400, 0.4905073051128784300, -0.04189395006554275100 ) ) ;
#2225 = ORIENTED_EDGE ( 'NONE', *, *, #2825, .T. ) ;
#2226 = ORIENTED_EDGE ( 'NONE', *, *, #104, .F. ) ;
#2227 = CARTESIAN_POINT ( 'NONE',  ( 0.06200232415350642700, 0.4961414110861706600, -0.08745299559198795000 ) ) ;
#2228 = VERTEX_POINT ( 'NONE', #305 ) ;
#2229 = ORIENTED_EDGE ( 'NONE', *, *, #1263, .F. ) ;
#2230 = CARTESIAN_POINT ( 'NONE',  ( -0.05107612308299570200, 0.4973845598852947300, -0.04191006269717303900 ) ) ;
#2231 = CARTESIAN_POINT ( 'NONE',  ( -0.06123252707921612900, 0.4962418937833683600, -0.09282275974944206900 ) ) ;
#2232 = CARTESIAN_POINT ( 'NONE',  ( -0.06700676444057361600, 0.4954898982504005200, -0.05501885777735975700 ) ) ;
#2233 = CARTESIAN_POINT ( 'NONE',  ( -0.09035726780076959500, 0.4917679725750164800, -0.04461592245945249900 ) ) ;
#2234 = CARTESIAN_POINT ( 'NONE',  ( 0.05440448801972651300, 0.4970313387335967800, -0.07433167720061240000 ) ) ;
#2235 = ORIENTED_EDGE ( 'NONE', *, *, #2662, .F. ) ;
#2236 = CARTESIAN_POINT ( 'NONE',  ( 0.05239109690143379400, 0.4972476071317734100, -0.08895469515930065600 ) ) ;
#2237 = CARTESIAN_POINT ( 'NONE',  ( -0.04215547239169854800, 0.4982197580511596400, -0.04859429614211250400 ) ) ;
#2238 = CARTESIAN_POINT ( 'NONE',  ( 0.01438323662709293000, 0.4997930796881135400, -0.03583701487474929400 ) ) ;
#2239 = CARTESIAN_POINT ( 'NONE',  ( -0.2129176709120647600, 0.4524003375478202200, -0.04189395006554276500 ) ) ;
#2240 = AXIS2_PLACEMENT_3D ( 'NONE', #786, #2470, #1029 ) ;
#2241 = CARTESIAN_POINT ( 'NONE',  ( 0.07466560939835126300, 0.4943945428722756300, -0.08404986151939532200 ) ) ;
#2242 = ORIENTED_EDGE ( 'NONE', *, *, #2600, .T. ) ;
#2243 = CARTESIAN_POINT ( 'NONE',  ( -0.1454811325676150500, 0.4783684686414788100, -0.04295361360130423000 ) ) ;
#2244 = CARTESIAN_POINT ( 'NONE',  ( -0.1590905564656465400, 0.4740149732950031900, -0.06970602536086412100 ) ) ;
#2245 = ORIENTED_EDGE ( 'NONE', *, *, #207, .T. ) ;
#2246 = B_SPLINE_CURVE_WITH_KNOTS ( 'NONE', 3,
 ( #2821, #2332, #2592, #1137, #2840, #1390, #3075, #1615, #203, #1860, #431, #2106, #661, #2342, #900, #2603, #1148, #2851, #1398, #3085, #1623, #215, #1869, #445 ),
 .UNSPECIFIED., .F., .F.,
 ( 4, 2, 2, 1, 2, 2, 1, 2, 2, 1, 1, 2, 2, 4 ),
 ( 0.0000000000000000000, 0.06249999999999966700, 0.1249999999999993300, 0.1874999999999990000, 0.2187499999999990000, 0.2499999999999990000, 0.3749999999999973400, 0.4374999999999960000, 0.4999999999999946700, 0.6249999999999915600, 0.6874999999999902300, 0.7187499999999903400, 0.7499999999999903400, 1.000000000000000000 ),
 .UNSPECIFIED. ) ;
#2247 = FACE_OUTER_BOUND ( 'NONE', #347, .T. ) ;
#2248 = B_SPLINE_CURVE_WITH_KNOTS ( 'NONE', 3,
 ( #2045, #2279, #1334, #3021, #1560, #149, #1809, #377, #2053, #610, #2291, #849, #2545, #1090, #2799, #1347, #3030, #1574, #158, #1820, #387, #2066, #620, #2302, #860, #2556, #1103 ),
 .UNSPECIFIED., .F., .F.,
 ( 4, 1, 2, 2, 2, 2, 1, 2, 2, 2, 2, 1, 2, 2, 4 ),
 ( 0.0000000000000000000, 0.06250000000000301100, 0.09375000000000206800, 0.1250000000000011400, 0.2500000000000012800, 0.4999999999999992200, 0.5624999999999980000, 0.5937499999999975600, 0.6249999999999970000, 0.6874999999999968900, 0.7499999999999967800, 0.8124999999999967800, 0.8437499999999967800, 0.8749999999999968900, 1.000000000000000000 ),
 .UNSPECIFIED. ) ;
#2249 = CARTESIAN_POINT ( 'NONE',  ( 0.06399768084529115800, 0.4958873975455598800, -0.09478902466069275000 ) ) ;
#2250 = CARTESIAN_POINT ( 'NONE',  ( 0.1260744275657788800, 0.4838447644307242700, -0.08206236865316342300 ) ) ;
#2251 = B_SPLINE_CURVE_WITH_KNOTS ( 'NONE', 3,
 ( #2022, #2261, #817, #2506, #1065, #2770, #1311, #3004, #1542, #129, #1789, #360, #2036, #592, #2271, #827, #2518, #1071, #2780, #1324, #3012, #1552, #138, #1800, #370, #2047, #600, #2280, #842, #2534 ),
 .UNSPECIFIED., .F., .F.,
 ( 4, 1, 2, 2, 2, 2, 1, 2, 2, 1, 2, 2, 1, 1, 1, 2, 2, 4 ),
 ( 0.0000000000000000000, 0.03124999999999855000, 0.04687499999999844600, 0.06249999999999834900, 0.1249999999999985000, 0.2499999999999998300, 0.3125000000000005000, 0.3437500000000008900, 0.3750000000000012200, 0.4375000000000013900, 0.4687500000000015000, 0.5000000000000016700, 0.6249999999999994400, 0.6874999999999982200, 0.7187499999999976700, 0.7343749999999976700, 0.7499999999999976700, 1.000000000000000000 ),
 .UNSPECIFIED. ) ;
#2252 = CARTESIAN_POINT ( 'NONE',  ( 0.0000000000000000000, -2.779214313515842000E-018, -0.01667532213660854700 ) ) ;
#2253 = VECTOR ( 'NONE', #2569, 39.37007874015748100 ) ;
#2254 = CARTESIAN_POINT ( 'NONE',  ( -0.1562856594915320000, 0.4749471568820042800, -0.08444628507475493400 ) ) ;
#2255 = VERTEX_POINT ( 'NONE', #69 ) ;
#2256 = CARTESIAN_POINT ( 'NONE',  ( -0.04755539330264139200, 0.4977333468513346900, -0.06612169082871657800 ) ) ;
#2257 = AXIS2_PLACEMENT_3D ( 'NONE', #140, #1811, #1902 ) ;
#2258 = CARTESIAN_POINT ( 'NONE',  ( 0.1142700874551885300, 0.4867673468061908800, -0.04218839776622942300 ) ) ;
#2259 = CARTESIAN_POINT ( 'NONE',  ( -0.1275884980769816900, 0.4834473108536596600, -0.08788965832924040800 ) ) ;
#2260 = EDGE_CURVE ( 'NONE', #713, #1502, #706, .T. ) ;
#2261 = CARTESIAN_POINT ( 'NONE',  ( -0.09759209055491105400, 0.4903836164759140500, -0.03509594244925912100 ) ) ;
#2262 = DIRECTION ( 'NONE',  ( -0.0000000000000000000, 1.224606353822377300E-016, -1.000000000000000000 ) ) ;
#2263 = ORIENTED_EDGE ( 'NONE', *, *, #654, .F. ) ;
#2264 = CARTESIAN_POINT ( 'NONE',  ( 0.06520849476443159300, 0.4957297614800564300, -0.05480261290825931600 ) ) ;
#2265 = CARTESIAN_POINT ( 'NONE',  ( -0.1436948001252764700, 0.4789069097158545900, -0.09474480229484552600 ) ) ;
#2266 = VERTEX_POINT ( 'NONE', #2711 ) ;
#2267 = COORDINATED_UNIVERSAL_TIME_OFFSET ( 5, 0, .BEHIND. ) ;
#2268 = ORIENTED_EDGE ( 'NONE', *, *, #2709, .F. ) ;
#2269 = CARTESIAN_POINT ( 'NONE',  ( 0.1221291448893623000, 0.4848551051983165400, -0.05156104416681320900 ) ) ;
#2270 = CARTESIAN_POINT ( 'NONE',  ( -0.1240157863739523300, 0.4843759840590406400, -0.07807426898858188500 ) ) ;
#2271 = CARTESIAN_POINT ( 'NONE',  ( -0.1097795212272539800, 0.4877996571625234900, -0.04071859706264447500 ) ) ;
#2272 = CARTESIAN_POINT ( 'NONE',  ( 0.1010206469802243700, 0.4896885055301562500, -0.04912250308078172600 ) ) ;
#2273 = CARTESIAN_POINT ( 'NONE',  ( -0.1378987072354216100, 0.4806079952741181800, -0.09464229987726849300 ) ) ;
#2274 = CARTESIAN_POINT ( 'NONE',  ( -0.05603187786963408100, 0.4968506437270355200, -0.08745437860931215600 ) ) ;
#2275 = CARTESIAN_POINT ( 'NONE',  ( 0.1055442098200675100, 0.4887338041895043000, -0.03571269183746603900 ) ) ;
#2276 = EDGE_CURVE ( 'NONE', #2374, #2451, #867, .T. ) ;
#2277 = VERTEX_POINT ( 'NONE', #1020 ) ;
#2278 = CARTESIAN_POINT ( 'NONE',  ( 0.0000000000000000000, 0.0000000000000000000, -0.06990727532296250900 ) ) ;
#2279 = CARTESIAN_POINT ( 'NONE',  ( 0.1603720295373520000, 0.4735836018204511700, -0.04114822385501641000 ) ) ;
#2280 = CARTESIAN_POINT ( 'NONE',  ( -0.1153280304479795700, 0.4865178015576103700, -0.05757428995189133000 ) ) ;
#2281 = CC_DESIGN_PERSON_AND_ORGANIZATION_ASSIGNMENT ( #219, #2839, ( #2125 ) ) ;
#2282 = CARTESIAN_POINT ( 'NONE',  ( 0.1084645702166565600, 0.4880948925558915000, -0.04211980105383127800 ) ) ;
#2283 = CARTESIAN_POINT ( 'NONE',  ( -0.04896556774075472300, 0.4975973116613697800, -0.03517811907655767800 ) ) ;
#2284 = CARTESIAN_POINT ( 'NONE',  ( 0.09341854361453833000, 0.4911954559868800800, -0.04948360570188564000 ) ) ;
#2285 = ORIENTED_EDGE ( 'NONE', *, *, #2336, .F. ) ;
#2286 = B_SPLINE_CURVE_WITH_KNOTS ( 'NONE', 3,
 ( #2057, #2510, #1761, #240, #1044, #2273, #715, #1158, #504, #774, #551, #2594, #723, #1417, #1562, #735, #746 ),
 .UNSPECIFIED., .F., .F.,
 ( 4, 1, 2, 2, 2, 2, 2, 2, 4 ),
 ( 0.0000000000000000000, 0.1250000000000030500, 0.1875000000000026600, 0.2500000000000022800, 0.5000000000000051100, 0.7500000000000081000, 0.8125000000000051100, 0.8750000000000020000, 1.000000000000000000 ),
 .UNSPECIFIED. ) ;
#2287 = ORIENTED_EDGE ( 'NONE', *, *, #1051, .F. ) ;
#2288 = FACE_OUTER_BOUND ( 'NONE', #2676, .T. ) ;
#2289 = VERTEX_POINT ( 'NONE', #87 ) ;
#2290 = LINE ( 'NONE', #766, #241 ) ;
#2291 = CARTESIAN_POINT ( 'NONE',  ( 0.1735732230826474400, 0.4689056274314888400, -0.04872226848481705400 ) ) ;
#2292 = DIRECTION ( 'NONE',  ( 1.224646799147353000E-016, -1.000000000000000000, 0.0000000000000000000 ) ) ;
#2293 = DIRECTION ( 'NONE',  ( -0.0000000000000000000, -0.0000000000000000000, 1.000000000000000000 ) ) ;
#2294 = CARTESIAN_POINT ( 'NONE',  ( 0.1117345812871640000, 0.4873555283198179300, -0.07760706307155083900 ) ) ;
#2295 = VERTEX_POINT ( 'NONE', #1748 ) ;
#2296 = CARTESIAN_POINT ( 'NONE',  ( 0.1559090428507528800, 0.4750711004401581000, -0.08763901961010212000 ) ) ;
#2297 = CARTESIAN_POINT ( 'NONE',  ( 0.07083579276723496500, 0.4949583092726939100, -0.09447502699427265400 ) ) ;
#2298 = VERTEX_POINT ( 'NONE', #319 ) ;
#2299 = EDGE_LOOP ( 'NONE', ( #1648, #1382, #1180, #178, #1828 ) ) ;
#2300 = AXIS2_PLACEMENT_3D ( 'NONE', #1080, #2794, #1340 ) ;
#2301 = CARTESIAN_POINT ( 'NONE',  ( 0.1665039464198470600, 0.4714629552940097800, -0.09410775312597592600 ) ) ;
#2302 = CARTESIAN_POINT ( 'NONE',  ( 0.1767836108592204000, 0.4677045603776619500, -0.05971140082119850300 ) ) ;
#2303 = CARTESIAN_POINT ( 'NONE',  ( 0.06512451409578237600, 0.4957417805880912100, -0.06160834941003980000 ) ) ;
#2304 = VERTEX_POINT ( 'NONE', #1273 ) ;
#2305 = CARTESIAN_POINT ( 'NONE',  ( 0.1169418872276061900, 0.4861326875536637300, -0.08215173248792588500 ) ) ;
#2306 = CARTESIAN_POINT ( 'NONE',  ( 0.2172428476248098300, 0.4503393666512662800, -0.05280116538958877500 ) ) ;
#2307 = CARTESIAN_POINT ( 'NONE',  ( 0.08405389214870183400, 0.4928843601029527800, -0.08075332828145674600 ) ) ;
#2308 = CARTESIAN_POINT ( 'NONE',  ( 0.1822445227900419400, 0.4656040729848302000, -0.07913506738378607600 ) ) ;
#2309 = DIRECTION ( 'NONE',  ( 0.7071067811868206900, 0.0000000000000000000, 0.7071067811862741200 ) ) ;
#2310 = CARTESIAN_POINT ( 'NONE',  ( -0.08588330552205757100, 0.4925688356286915300, -0.06498601548044281900 ) ) ;
#2311 = DIRECTION ( 'NONE',  ( -0.0000000000000000000, 1.224606353822377300E-016, -1.000000000000000000 ) ) ;
#2312 = B_SPLINE_CURVE_WITH_KNOTS ( 'NONE', 3,
 ( #1446, #2899, #28, #1675 ),
 .UNSPECIFIED., .F., .F.,
 ( 4, 4 ),
 ( 0.0000000000000000000, 1.000000000000000000 ),
 .UNSPECIFIED. ) ;
#2313 = CARTESIAN_POINT ( 'NONE',  ( -0.05993982028362399000, 0.4963942162680452500, -0.06180375851496734000 ) ) ;
#2314 = DIRECTION ( 'NONE',  ( 0.0000000000000000000, 0.0000000000000000000, -1.000000000000000000 ) ) ;
#2315 = EDGE_CURVE ( 'NONE', #1450, #2971, #326, .T. ) ;
#2316 = ORIENTED_EDGE ( 'NONE', *, *, #2444, .T. ) ;
#2317 = CARTESIAN_POINT ( 'NONE',  ( -0.04744001843906781000, 0.4977444372648441900, -0.08732392097036538500 ) ) ;
#2318 = EDGE_CURVE ( 'NONE', #1851, #2924, #2893, .T. ) ;
#2319 = CARTESIAN_POINT ( 'NONE',  ( 0.1847906837189692300, 0.4645991855467203600, -0.06416974882387104000 ) ) ;
#2320 = CARTESIAN_POINT ( 'NONE',  ( -0.05397645974586767100, 0.4970780536772072500, -0.03526256551820114400 ) ) ;
#2321 = ADVANCED_FACE ( 'NONE', ( #1911 ), #2477, .T. ) ;
#2322 = FACE_OUTER_BOUND ( 'NONE', #1538, .T. ) ;
#2323 = CARTESIAN_POINT ( 'NONE',  ( -0.05692061483017997500, 0.4967502823196812100, -0.04335859399361322700 ) ) ;
#2324 = CARTESIAN_POINT ( 'NONE',  ( 0.2137403331682762300, 0.4520122711029785900, -0.04252334414431798600 ) ) ;
#2325 = ORIENTED_EDGE ( 'NONE', *, *, #1098, .T. ) ;
#2326 = CIRCLE ( 'NONE', #2203, 0.4944322300693972900 ) ;
#2327 = DIRECTION ( 'NONE',  ( 0.0000000000000000000, 1.000000000000000000, 1.365923996832131600E-016 ) ) ;
#2328 = ORIENTED_EDGE ( 'NONE', *, *, #1779, .T. ) ;
#2329 = CARTESIAN_POINT ( 'NONE',  ( 0.04912585090718733800, 0.4975808597286912000, -0.08413827339146016900 ) ) ;
#2330 = CARTESIAN_POINT ( 'NONE',  ( -0.06776819756799143400, 0.4953862145312374900, -0.04774240098473082900 ) ) ;
#2331 = APPROVAL_ROLE ( '' ) ;
#2332 = CARTESIAN_POINT ( 'NONE',  ( -0.1332659030727796600, 0.4819131323010822400, -0.04637576916308452900 ) ) ;
#2333 = CARTESIAN_POINT ( 'NONE',  ( 0.07766726321442610200, 0.4939309630148539000, -0.03583701487474929400 ) ) ;
#2334 = CARTESIAN_POINT ( 'NONE',  ( 0.2155121964820194700, 0.4511702034379163100, -0.04867021066692294600 ) ) ;
#2335 = DIRECTION ( 'NONE',  ( -0.0000000000000000000, -0.0000000000000000000, 1.000000000000000000 ) ) ;
#2336 = EDGE_CURVE ( 'NONE', #1793, #720, #2312, .T. ) ;
#2337 = CARTESIAN_POINT ( 'NONE',  ( 0.1767979376129421000, 0.4676991481104897900, -0.06910145057769898100 ) ) ;
#2338 = LOCAL_TIME ( 14, 2, 21.00000000000000000, #2998 ) ;
#2339 = ORIENTED_EDGE ( 'NONE', *, *, #2481, .F. ) ;
#2340 = AXIS2_PLACEMENT_3D ( 'NONE', #120, #2791, #583 ) ;
#2341 = CARTESIAN_POINT ( 'NONE',  ( 0.1375140929753827500, 0.4807180818662408200, -0.05148804076814723200 ) ) ;
#2342 = CARTESIAN_POINT ( 'NONE',  ( -0.1308750975745986400, 0.4825678331175644600, -0.05433375320171789800 ) ) ;
#2343 = B_SPLINE_CURVE_WITH_KNOTS ( 'NONE', 3,
 ( #1812, #154, #614, #2296, #854, #2549, #1095, #2803, #1351, #3034, #1578, #161, #1825, #391, #2071 ),
 .UNSPECIFIED., .F., .F.,
 ( 4, 1, 2, 2, 2, 2, 2, 4 ),
 ( 0.0000000000000000000, 0.1250000000000056300, 0.1875000000000050000, 0.2500000000000043900, 0.5000000000000032200, 0.7500000000000020000, 0.8750000000000010000, 1.000000000000000000 ),
 .UNSPECIFIED. ) ;
#2344 = DIRECTION ( 'NONE',  ( 1.000000000000000000, 0.0000000000000000000, 0.0000000000000000000 ) ) ;
#2345 = CARTESIAN_POINT ( 'NONE',  ( 0.1805692373833431600, 0.4662621380976835800, -0.04576688207013528100 ) ) ;
#2346 = CARTESIAN_POINT ( 'NONE',  ( 0.1718581581650494300, 0.4695369852815267600, -0.08278130978798148300 ) ) ;
#2347 = VERTEX_POINT ( 'NONE', #1208 ) ;
#2348 = CARTESIAN_POINT ( 'NONE',  ( -0.03328850250014951700, 0.4988906449326319700, -0.07823556121030349200 ) ) ;
#2349 = DIRECTION ( 'NONE',  ( 0.0000000000000000000, -0.7071067811865431300, 0.7071067811865516800 ) ) ;
#2350 = DIRECTION ( 'NONE',  ( 0.0000000000000000000, 0.0000000000000000000, -1.000000000000000000 ) ) ;
#2351 = ORIENTED_EDGE ( 'NONE', *, *, #185, .F. ) ;
#2352 = CARTESIAN_POINT ( 'NONE',  ( -0.03470418967172433200, 0.4987941715854558600, -0.04741731785396984700 ) ) ;
#2353 = CARTESIAN_POINT ( 'NONE',  ( -0.1973566733472811300, 0.4594076187961684800, -0.08807808089534288600 ) ) ;
#2354 = AXIS2_PLACEMENT_3D ( 'NONE', #2132, #693, #2369 ) ;
#2355 = CARTESIAN_POINT ( 'NONE',  ( 0.1614335020692029800, 0.4732251976335751200, -0.08803528336990554300 ) ) ;
#2356 = EDGE_CURVE ( 'NONE', #1716, #2438, #1756, .T. ) ;
#2357 = CIRCLE ( 'NONE', #1645, 0.4999999999999999400 ) ;
#2358 = CARTESIAN_POINT ( 'NONE',  ( -0.1351053101283016000, 0.4814006295109828900, -0.04414983347997280400 ) ) ;
#2359 = CARTESIAN_POINT ( 'NONE',  ( -0.07851411373682187800, 0.4937970575118623700, -0.06065881984273947800 ) ) ;
#2360 = CARTESIAN_POINT ( 'NONE',  ( 0.06409527149796040400, 0.4958747787210020500, -0.05476493734597884900 ) ) ;
#2361 = VECTOR ( 'NONE', #2170, 39.37007874015748100 ) ;
#2362 = CARTESIAN_POINT ( 'NONE',  ( -0.09372483437546182100, 0.4911372048622458800, -0.09464229987725905600 ) ) ;
#2363 = CARTESIAN_POINT ( 'NONE',  ( -0.09776109504356762800, 0.4903497295580786000, -0.08804273968094991600 ) ) ;
#2364 = CARTESIAN_POINT ( 'NONE',  ( -0.08717592436132183500, 0.4923417109993106800, -0.07910561588254407000 ) ) ;
#2365 = ORIENTED_EDGE ( 'NONE', *, *, #2165, .T. ) ;
#2366 = DIRECTION ( 'NONE',  ( -0.0000000000000000000, -0.0000000000000000000, 1.000000000000000000 ) ) ;
#2367 = CARTESIAN_POINT ( 'NONE',  ( -0.1228948704354094900, 0.4846615838094287000, -0.06500967538353186200 ) ) ;
#2368 = CARTESIAN_POINT ( 'NONE',  ( -0.08139270992335392900, 0.4933307530974618800, -0.04567307936162391000 ) ) ;
#2369 = DIRECTION ( 'NONE',  ( 1.000000000000000000, 0.0000000000000000000, 0.0000000000000000000 ) ) ;
#2370 = CARTESIAN_POINT ( 'NONE',  ( -0.04758452705525752900, 0.4977306328153191500, -0.03539871483176227500 ) ) ;
#2371 = CARTESIAN_POINT ( 'NONE',  ( -0.1433532401000906500, 0.4790092797189050000, -0.03519964234427457000 ) ) ;
#2372 = CARTESIAN_POINT ( 'NONE',  ( 0.09334301496409909400, 0.4912098143230667600, -0.05179968938426570600 ) ) ;
#2373 = CARTESIAN_POINT ( 'NONE',  ( 0.0000000000000000000, 0.0000000000000000000, -0.03937007874015751400 ) ) ;
#2374 = VERTEX_POINT ( 'NONE', #2654 ) ;
#2375 = EDGE_CURVE ( 'NONE', #66, #1609, #633, .T. ) ;
#2376 = CARTESIAN_POINT ( 'NONE',  ( 0.1434910890581889400, 0.4789723145159174900, -0.04031664302389045800 ) ) ;
#2377 = ADVANCED_FACE ( 'NONE', ( #19 ), #1836, .T. ) ;
#2378 = ORIENTED_EDGE ( 'NONE', *, *, #514, .T. ) ;
#2379 = B_SPLINE_CURVE_WITH_KNOTS ( 'NONE', 3,
 ( #1646, #1420, #233, #1895, #464, #2142, #698, #2376, #932, #2629, #1185, #2882, #1430, #10, #1660, #247 ),
 .UNSPECIFIED., .F., .F.,
 ( 4, 2, 2, 2, 2, 2, 2, 4 ),
 ( 0.0000000000000000000, 0.1250000000000006400, 0.2500000000000012800, 0.5000000000000008900, 0.7500000000000000000, 0.8750000000000000000, 0.9375000000000000000, 1.000000000000000000 ),
 .UNSPECIFIED. ) ;
#2380 = ORIENTED_EDGE ( 'NONE', *, *, #76, .T. ) ;
#2381 = EDGE_LOOP ( 'NONE', ( #2378, #1202, #913, #1005, #2123 ) ) ;
#2382 = CARTESIAN_POINT ( 'NONE',  ( -0.1234233578579609900, 0.4845272735214040100, -0.05547673493928360900 ) ) ;
#2383 = CARTESIAN_POINT ( 'NONE',  ( -0.09519638490271195600, 0.4908543858346002300, -0.03514003561619717700 ) ) ;
#2384 = CARTESIAN_POINT ( 'NONE',  ( -0.1150175105101384800, 0.4865911799176631500, -0.07453549589696650800 ) ) ;
#2385 = DIRECTION ( 'NONE',  ( 0.4617899204491240400, 0.8869893287811256900, 0.0000000000000000000 ) ) ;
#2386 = CARTESIAN_POINT ( 'NONE',  ( -0.1557642889181763100, 0.4751184322483019700, -0.04451776003982511200 ) ) ;
#2387 = CARTESIAN_POINT ( 'NONE',  ( 0.09604984301514127300, 0.4906885154369978200, -0.06134184482625178900 ) ) ;
#2388 = CARTESIAN_POINT ( 'NONE',  ( 0.05820131481991894200, 0.4966022047337585500, -0.05573270167382288900 ) ) ;
#2389 = DIRECTION ( 'NONE',  ( -0.0000000000000000000, -0.0000000000000000000, 1.000000000000000000 ) ) ;
#2390 = VERTEX_POINT ( 'NONE', #998 ) ;
#2391 = ORIENTED_EDGE ( 'NONE', *, *, #245, .T. ) ;
#2392 = CARTESIAN_POINT ( 'NONE',  ( -0.1348021336735753800, 0.4814883845125671500, -0.03608160003651512300 ) ) ;
#2393 = ORIENTED_EDGE ( 'NONE', *, *, #823, .F. ) ;
#2394 = DIRECTION ( 'NONE',  ( -0.0000000000000000000, -0.0000000000000000000, 1.000000000000000000 ) ) ;
#2395 = CARTESIAN_POINT ( 'NONE',  ( -0.1050385262132183100, 0.4888430134583490700, -0.09317357225990054200 ) ) ;
#2396 = EDGE_CURVE ( 'NONE', #1151, #2266, #2631, .T. ) ;
#2397 = CARTESIAN_POINT ( 'NONE',  ( -0.09415771171830220100, 0.4910543837627676700, -0.08762642942818639500 ) ) ;
#2398 = DIRECTION ( 'NONE',  ( 0.0000000000000000000, -1.224606353822377300E-016, 1.000000000000000000 ) ) ;
#2399 = CARTESIAN_POINT ( 'NONE',  ( 0.1052558274702521900, 0.4887978283044838200, -0.07195277949410326700 ) ) ;
#2400 = CARTESIAN_POINT ( 'NONE',  ( 0.1557482753488471900, 0.4751241657480606600, -0.09469794664294863000 ) ) ;
#2401 = CIRCLE ( 'NONE', #2240, 5.397244094488188500 ) ;
#2402 = EDGE_CURVE ( 'NONE', #2807, #1796, #1204, .T. ) ;
#2403 = EDGE_LOOP ( 'NONE', ( #801, #2532, #2012 ) ) ;
#2404 = AXIS2_PLACEMENT_3D ( 'NONE', #96, #1754, #329 ) ;
#2405 = CARTESIAN_POINT ( 'NONE',  ( -0.1478159133402134300, 0.4776512044465406300, -0.08499966510134615600 ) ) ;
#2406 = LINE ( 'NONE', #351, #492 ) ;
#2407 = CARTESIAN_POINT ( 'NONE',  ( -0.04933035099700548700, 0.4975609785226814400, -0.06567677705289078100 ) ) ;
#2408 = VERTEX_POINT ( 'NONE', #2198 ) ;
#2409 = CARTESIAN_POINT ( 'NONE',  ( -0.2127797056949888600, 0.4524652694902806500, -0.04252334414493527700 ) ) ;
#2410 = CARTESIAN_POINT ( 'NONE',  ( -0.1303513461635924000, 0.4827095690708208500, -0.07045736216825392000 ) ) ;
#2411 = CARTESIAN_POINT ( 'NONE',  ( -0.08826852699886055000, 0.4921470165176594600, -0.04777113787180707600 ) ) ;
#2412 = CARTESIAN_POINT ( 'NONE',  ( -0.08900137750297355800, 0.4920152903591162900, -0.08362387317666009100 ) ) ;
#2413 = CARTESIAN_POINT ( 'NONE',  ( -0.04273627546425013600, 0.4981749392140962800, -0.09305706551357730000 ) ) ;
#2414 = CARTESIAN_POINT ( 'NONE',  ( -0.1516608944176833500, 0.4764440943490999000, -0.07340454561692295900 ) ) ;
#2415 = ORIENTED_EDGE ( 'NONE', *, *, #1855, .T. ) ;
#2416 = ORIENTED_EDGE ( 'NONE', *, *, #707, .T. ) ;
#2417 = ORGANIZATION ( 'UNSPECIFIED', 'UNSPECIFIED', '' ) ;
#2418 = CARTESIAN_POINT ( 'NONE',  ( 0.1543773610512397300, 0.4755710107993769700, -0.04200256903521670100 ) ) ;
#2419 = CARTESIAN_POINT ( 'NONE',  ( -0.05634661076115651100, 0.4968150325840569600, -0.06592324502899449300 ) ) ;
#2420 = CARTESIAN_POINT ( 'NONE',  ( -0.2123423526182023300, 0.4526706618662230700, -0.04438504587744915300 ) ) ;
#2421 = CARTESIAN_POINT ( 'NONE',  ( -0.05242843160413189500, 0.4972436621612495400, -0.06531725412368932800 ) ) ;
#2422 = CARTESIAN_POINT ( 'NONE',  ( -0.1319031975242100100, 0.4822878716659488300, -0.08058953763713523600 ) ) ;
#2423 = CARTESIAN_POINT ( 'NONE',  ( -0.08608638537217318300, 0.4925333852567886900, -0.05865703700650096900 ) ) ;
#2424 = CARTESIAN_POINT ( 'NONE',  ( -0.08611404840625673500, 0.4925285481514636300, -0.07194646368138708800 ) ) ;
#2425 = AXIS2_PLACEMENT_3D ( 'NONE', #183, #2614, #2862 ) ;
#2426 = CARTESIAN_POINT ( 'NONE',  ( -0.03328850250014951700, 0.4988906449326319700, -0.07823556121030349200 ) ) ;
#2427 = ORIENTED_EDGE ( 'NONE', *, *, #1198, .T. ) ;
#2428 = EDGE_CURVE ( 'NONE', #1896, #1898, #1282, .T. ) ;
#2429 = CARTESIAN_POINT ( 'NONE',  ( 0.1077021431848964300, 0.4882626643007533200, -0.06413329656686694900 ) ) ;
#2430 = ORIENTED_EDGE ( 'NONE', *, *, #2612, .T. ) ;
#2431 = CARTESIAN_POINT ( 'NONE',  ( -0.2219933881459625900, 0.4480166689080619700, -0.06915015842411333100 ) ) ;
#2432 = CARTESIAN_POINT ( 'NONE',  ( -0.1398436170443668700, 0.4800457759312787300, -0.08799594812161147500 ) ) ;
#2433 = CARTESIAN_POINT ( 'NONE',  ( 0.1290176214355265600, 0.4830677571607821500, -0.04854807676928646300 ) ) ;
#2434 = CARTESIAN_POINT ( 'NONE',  ( -0.04941571567962769300, 0.4975520948040216800, -0.05939044839988556800 ) ) ;
#2435 = CARTESIAN_POINT ( 'NONE',  ( -0.08187838212258227700, 0.4932504551931143900, -0.08545378648633870900 ) ) ;
#2436 = CARTESIAN_POINT ( 'NONE',  ( 0.0000000000000000000, 0.0000000000000000000, -0.03937007874015751400 ) ) ;
#2437 = CARTESIAN_POINT ( 'NONE',  ( -0.1508946669614915900, 0.4766873250568997000, -0.05152122125745833800 ) ) ;
#2438 = VERTEX_POINT ( 'NONE', #1251 ) ;
#2439 = CARTESIAN_POINT ( 'NONE',  ( 0.1015951404520689900, 0.4895697485061554800, -0.05580235657057500800 ) ) ;
#2440 = CIRCLE ( 'NONE', #730, 0.5000000000000000000 ) ;
#2441 = CARTESIAN_POINT ( 'NONE',  ( -0.06714962638088482800, 0.4954714139684298600, -0.06564474819559647200 ) ) ;
#2442 = DIRECTION ( 'NONE',  ( 1.000000000000000000, 0.0000000000000000000, 0.0000000000000000000 ) ) ;
#2443 = CONICAL_SURFACE ( 'NONE', #686, 0.4944322300693974000, 0.7853981633974176400 ) ;
#2444 = EDGE_CURVE ( 'NONE', #931, #713, #2566, .T. ) ;
#2445 = CARTESIAN_POINT ( 'NONE',  ( 0.1151373596956024900, 0.4865629218120561800, -0.03537584788808937500 ) ) ;
#2446 = CARTESIAN_POINT ( 'NONE',  ( -0.1079245348456915500, 0.4882133702227295900, -0.05801926139161289700 ) ) ;
#2447 = CARTESIAN_POINT ( 'NONE',  ( -0.05206799415591354500, 0.4972819734212963700, -0.05917682625587217900 ) ) ;
#2448 = VECTOR ( 'NONE', #364, 39.37007874015748100 ) ;
#2449 = CARTESIAN_POINT ( 'NONE',  ( 0.1612965872885938100, 0.4732737952010069900, -0.03436357915789526500 ) ) ;
#2450 = CC_DESIGN_DATE_AND_TIME_ASSIGNMENT ( #764, #1388, ( #2125 ) ) ;
#2451 = VERTEX_POINT ( 'NONE', #311 ) ;
#2452 = EDGE_LOOP ( 'NONE', ( #3057, #647, #2542, #1250, #2558 ) ) ;
#2453 = CARTESIAN_POINT ( 'NONE',  ( -0.04705753447715618800, 0.4977807333623327500, -0.03550329322486512500 ) ) ;
#2454 = DIRECTION ( 'NONE',  ( -0.3709879667713043600, 0.9286376734286057000, 0.0000000000000000000 ) ) ;
#2455 = CARTESIAN_POINT ( 'NONE',  ( -0.1050056777370369100, 0.4888497877998693700, -0.04629209495105837700 ) ) ;
#2456 = CARTESIAN_POINT ( 'NONE',  ( -0.07881335827497823500, 0.4937493895967776100, -0.07321562598392999900 ) ) ;
#2457 = CARTESIAN_POINT ( 'NONE',  ( -0.06033075188334376100, 0.4963468631587074600, -0.05187045232649387800 ) ) ;
#2458 = CARTESIAN_POINT ( 'NONE',  ( 0.0000000000000000000, 0.0000000000000000000, -0.09413501608613633600 ) ) ;
#2459 = ORIENTED_EDGE ( 'NONE', *, *, #960, .F. ) ;
#2460 = CARTESIAN_POINT ( 'NONE',  ( 0.1112791686684470300, 0.4874596871747030000, -0.04189395006554275100 ) ) ;
#2461 = ORIENTED_EDGE ( 'NONE', *, *, #260, .F. ) ;
#2462 = CARTESIAN_POINT ( 'NONE',  ( -0.2262397186438045400, 0.4458930437118785500, -0.08202114570454942200 ) ) ;
#2463 = CARTESIAN_POINT ( 'NONE',  ( 0.04234775314436867900, 0.4982034401764239300, -0.07217862601951004200 ) ) ;
#2464 = DIRECTION ( 'NONE',  ( -0.0000000000000000000, -0.0000000000000000000, 1.000000000000000000 ) ) ;
#2465 = AXIS2_PLACEMENT_3D ( 'NONE', #1213, #343, #1232 ) ;
#2466 = VERTEX_POINT ( 'NONE', #1983 ) ;
#2467 = DIRECTION ( 'NONE',  ( -0.0000000000000000000, -0.0000000000000000000, 1.000000000000000000 ) ) ;
#2468 = CARTESIAN_POINT ( 'NONE',  ( 0.05976976522956060200, 0.4964151657118589000, -0.08636445525818159400 ) ) ;
#2469 = ORIENTED_EDGE ( 'NONE', *, *, #2481, .T. ) ;
#2470 = DIRECTION ( 'NONE',  ( -1.000000000000000000, -1.224646799147353200E-016, -1.499710251424085300E-032 ) ) ;
#2471 = CARTESIAN_POINT ( 'NONE',  ( -0.05011582910564441100, 0.4974820801875004500, -0.04197562412386383900 ) ) ;
#2472 = CARTESIAN_POINT ( 'NONE',  ( -0.05745263340778015300, 0.4966888745645035000, -0.09416216895310008900 ) ) ;
#2473 = CARTESIAN_POINT ( 'NONE',  ( -0.06504534334283217100, 0.4957515410110993600, -0.05817476029967545700 ) ) ;
#2474 = CARTESIAN_POINT ( 'NONE',  ( -0.08924931541233109600, 0.4919700800845822100, -0.04593979349376807500 ) ) ;
#2475 = EDGE_CURVE ( 'NONE', #388, #2962, #92, .T. ) ;
#2476 = ORIENTED_EDGE ( 'NONE', *, *, #2898, .F. ) ;
#2477 = CONICAL_SURFACE ( 'NONE', #1107, 0.5000000000000000000, 0.7853981633974420600 ) ;
#2478 = ORIENTED_EDGE ( 'NONE', *, *, #2315, .T. ) ;
#2479 = CIRCLE ( 'NONE', #1873, 0.5000000000000000000 ) ;
#2480 = B_SPLINE_CURVE_WITH_KNOTS ( 'NONE', 3,
 ( #2224, #550, #1022, #2725, #1277, #2969, #1507, #90, #1751, #323, #1999, #558, #2233, #791, #2474 ),
 .UNSPECIFIED., .F., .F.,
 ( 4, 2, 2, 2, 1, 2, 2, 4 ),
 ( 0.0000000000000000000, 0.1250000000000007500, 0.2500000000000015000, 0.5000000000000065500, 0.6250000000000050000, 0.6875000000000016700, 0.7499999999999983300, 1.000000000000000000 ),
 .UNSPECIFIED. ) ;
#2481 = EDGE_CURVE ( 'NONE', #1561, #1262, #1200, .T. ) ;
#2482 = B_SPLINE_CURVE_WITH_KNOTS ( 'NONE', 3,
 ( #1952, #2191, #750, #2434 ),
 .UNSPECIFIED., .F., .F.,
 ( 4, 4 ),
 ( 0.0000000000000000000, 1.000000000000000000 ),
 .UNSPECIFIED. ) ;
#2483 = ORIENTED_EDGE ( 'NONE', *, *, #2396, .F. ) ;
#2484 = CARTESIAN_POINT ( 'NONE',  ( 0.05264078914445003600, 0.4972212401101766500, -0.08923897782334629100 ) ) ;
#2485 = CARTESIAN_POINT ( 'NONE',  ( -0.04186389347073211900, 0.4982443465676620900, -0.04959105673392436700 ) ) ;
#2486 = CARTESIAN_POINT ( 'NONE',  ( 0.05136948722378889600, 0.4973541753945220400, -0.08772318234900730600 ) ) ;
#2487 = ORIENTED_EDGE ( 'NONE', *, *, #1458, .T. ) ;
#2488 = EDGE_CURVE ( 'NONE', #105, #2692, #2401, .T. ) ;
#2489 = CARTESIAN_POINT ( 'NONE',  ( 0.07156542378612271200, 0.4948535587603242700, -0.08692806136073763500 ) ) ;
#2490 = CARTESIAN_POINT ( 'NONE',  ( -0.1437965224259120400, 0.4788765057940589400, -0.04228428127777638500 ) ) ;
#2491 = CARTESIAN_POINT ( 'NONE',  ( -0.1590250670917900700, 0.4740369507989545800, -0.07091475796869679800 ) ) ;
#2492 = ORIENTED_EDGE ( 'NONE', *, *, #803, .T. ) ;
#2493 = VERTEX_POINT ( 'NONE', #2219 ) ;
#2494 = CARTESIAN_POINT ( 'NONE',  ( 0.06530119797239745900, 0.4957183438756391200, -0.09487071669335385400 ) ) ;
#2495 = CARTESIAN_POINT ( 'NONE',  ( 0.1246879285934601200, 0.4842034114814342500, -0.08021715280353267100 ) ) ;
#2496 = VERTEX_POINT ( 'NONE', #2731 ) ;
#2497 = DIRECTION ( 'NONE',  ( 0.0000000000000000000, 1.000000000000000000, 1.208642382658146900E-016 ) ) ;
#2498 = CARTESIAN_POINT ( 'NONE',  ( 0.0000000000000000000, 0.0000000000000000000, -0.03507989797590011600 ) ) ;
#2499 = CARTESIAN_POINT ( 'NONE',  ( -0.1649321864524120600, 0.4720141670247057200, -0.06990727532296250900 ) ) ;
#2500 = CARTESIAN_POINT ( 'NONE',  ( -0.1546094811063071200, 0.4754965609558324300, -0.08786298078164686600 ) ) ;
#2501 = ORIENTED_EDGE ( 'NONE', *, *, #2502, .F. ) ;
#2502 = EDGE_CURVE ( 'NONE', #1370, #2079, #1763, .T. ) ;
#2503 = CARTESIAN_POINT ( 'NONE',  ( 0.1151136307116039500, 0.4865685783706231200, -0.04238776401249554800 ) ) ;
#2504 = CARTESIAN_POINT ( 'NONE',  ( -0.1269991666065394800, 0.4836023414430996600, -0.08687848731353126100 ) ) ;
#2505 = ORIENTED_EDGE ( 'NONE', *, *, #395, .T. ) ;
#2506 = CARTESIAN_POINT ( 'NONE',  ( -0.09886930336404245500, 0.4901274234150935200, -0.03516439772239876600 ) ) ;
#2507 = AXIS2_PLACEMENT_3D ( 'NONE', #399, #2077, #632 ) ;
#2508 = ORIENTED_EDGE ( 'NONE', *, *, #650, .F. ) ;
#2509 = CARTESIAN_POINT ( 'NONE',  ( 0.01665349113075037900, 0.4997225842736728300, -0.07974979500800187500 ) ) ;
#2510 = CARTESIAN_POINT ( 'NONE',  ( -0.1404031927372256000, 0.4798828492690889700, -0.09486993555667050400 ) ) ;
#2511 = CARTESIAN_POINT ( 'NONE',  ( 0.06409527149796040400, 0.4958747787210020500, -0.05476493734597884900 ) ) ;
#2512 = CARTESIAN_POINT ( 'NONE',  ( -0.1421577422279341800, 0.4793665407950833400, -0.09487620696800958000 ) ) ;
#2513 = ORIENTED_EDGE ( 'NONE', *, *, #2336, .T. ) ;
#2514 = FACE_OUTER_BOUND ( 'NONE', #1023, .T. ) ;
#2515 = DIRECTION ( 'NONE',  ( 1.000000000000000000, 0.0000000000000000000, 0.0000000000000000000 ) ) ;
#2516 = CARTESIAN_POINT ( 'NONE',  ( -0.1234971664970717100, 0.4845084937217109000, -0.07506417369961652900 ) ) ;
#2517 = ORIENTED_EDGE ( 'NONE', *, *, #2846, .T. ) ;
#2518 = CARTESIAN_POINT ( 'NONE',  ( -0.1110479717967471900, 0.4875127035708972700, -0.04257508012531890200 ) ) ;
#2519 = FACE_OUTER_BOUND ( 'NONE', #2452, .T. ) ;
#2520 = CARTESIAN_POINT ( 'NONE',  ( 0.1012994246533482600, 0.4896309195804261500, -0.04819447606176310200 ) ) ;
#2521 = CARTESIAN_POINT ( 'NONE',  ( -0.04628156895819232600, 0.4978538698868908400, -0.03567481518870198300 ) ) ;
#2522 = CARTESIAN_POINT ( 'NONE',  ( -0.05910315850205172900, 0.4964957701007607400, -0.08592509006005959200 ) ) ;
#2523 = CARTESIAN_POINT ( 'NONE',  ( 0.1033906902256858900, 0.4891949227778978300, -0.03635346023414971800 ) ) ;
#2524 = CARTESIAN_POINT ( 'NONE',  ( 0.04880160333592046400, 0.4976130559024466400, -0.06451366244201417500 ) ) ;
#2525 = VECTOR ( 'NONE', #1701, 39.37007874015748100 ) ;
#2526 = B_SPLINE_CURVE_WITH_KNOTS ( 'NONE', 3,
 ( #2063, #1960, #1990, #2723 ),
 .UNSPECIFIED., .F., .F.,
 ( 4, 4 ),
 ( 0.0000000000000000000, 1.000000000000000000 ),
 .UNSPECIFIED. ) ;
#2527 = ORIENTED_EDGE ( 'NONE', *, *, #652, .T. ) ;
#2528 = ORIENTED_EDGE ( 'NONE', *, *, #1527, .F. ) ;
#2529 = AXIS2_PLACEMENT_3D ( 'NONE', #1312, #3005, #1543 ) ;
#2530 = DIRECTION ( 'NONE',  ( -0.05297337612224425900, 0.9985959249977997000, 0.0000000000000000000 ) ) ;
#2531 = DIRECTION ( 'NONE',  ( -0.0000000000000000000, -0.0000000000000000000, 1.000000000000000000 ) ) ;
#2532 = ORIENTED_EDGE ( 'NONE', *, *, #767, .T. ) ;
#2533 = EDGE_CURVE ( 'NONE', #1510, #291, #643, .T. ) ;
#2534 = CARTESIAN_POINT ( 'NONE',  ( -0.1155421523448528500, 0.4864668652966189200, -0.06500967538353184800 ) ) ;
#2535 = ORIENTED_EDGE ( 'NONE', *, *, #968, .T. ) ;
#2536 = CARTESIAN_POINT ( 'NONE',  ( 0.1112791686684470300, 0.4874596871747030000, -0.04189395006554275100 ) ) ;
#2537 = CARTESIAN_POINT ( 'NONE',  ( 0.1208067351058188400, 0.4851862866498521900, -0.08656384709764450300 ) ) ;
#2538 = CARTESIAN_POINT ( 'NONE',  ( 0.09334633249776343200, 0.4912091839812058900, -0.05061171735586093800 ) ) ;
#2539 = CARTESIAN_POINT ( 'NONE',  ( -0.06342646950878996800, 0.4959607675670027500, -0.07630727910854699600 ) ) ;
#2540 = APPROVAL_DATE_TIME ( #73, #2616 ) ;
#2541 = ORIENTED_EDGE ( 'NONE', *, *, #1381, .F. ) ;
#2542 = ORIENTED_EDGE ( 'NONE', *, *, #2612, .F. ) ;
#2543 = ORIENTED_EDGE ( 'NONE', *, *, #667, .F. ) ;
#2544 = CARTESIAN_POINT ( 'NONE',  ( 0.1959915392970010600, 0.4599862134064368600, -0.09413501608613632200 ) ) ;
#2545 = CARTESIAN_POINT ( 'NONE',  ( 0.1745061651365648900, 0.4685590885807919300, -0.05054576073578226400 ) ) ;
#2546 = DIRECTION ( 'NONE',  ( 0.0000000000000000000, 1.000000000000000000, 1.381305580180739600E-016 ) ) ;
#2547 = CARTESIAN_POINT ( 'NONE',  ( 0.1121654082265288500, 0.4872565848652868300, -0.07797583548272280000 ) ) ;
#2548 = CARTESIAN_POINT ( 'NONE',  ( -0.04554919609408709900, 0.4979211708321536500, -0.03589030027508672400 ) ) ;
#2549 = CARTESIAN_POINT ( 'NONE',  ( 0.1546044231815412200, 0.4754973211387427700, -0.08725807185558788500 ) ) ;
#2550 = CARTESIAN_POINT ( 'NONE',  ( -0.08973374732074097800, 0.4918828553808188800, -0.08456177636467676600 ) ) ;
#2551 = CARTESIAN_POINT ( 'NONE',  ( 0.07510447988433692500, 0.4943319062080263100, -0.09312808577611453300 ) ) ;
#2552 = CARTESIAN_POINT ( 'NONE',  ( -0.06341126198263830100, 0.4959627123976361700, -0.07548273812368236400 ) ) ;
#2553 = EDGE_CURVE ( 'NONE', #1300, #2867, #489, .T. ) ;
#2554 = CARTESIAN_POINT ( 'NONE',  ( 0.1690407294317851400, 0.4705593166294676500, -0.09336567304225712500 ) ) ;
#2555 = EDGE_LOOP ( 'NONE', ( #3101, #2736, #2528, #2163, #328, #1052, #75, #1890, #2416, #255, #1061 ) ) ;
#2556 = CARTESIAN_POINT ( 'NONE',  ( 0.1769931530019462100, 0.4676253041518670400, -0.06236971849063371200 ) ) ;
#2557 = CARTESIAN_POINT ( 'NONE',  ( -0.04755539330264139200, 0.4977333468513346900, -0.06612169082871657800 ) ) ;
#2558 = ORIENTED_EDGE ( 'NONE', *, *, #1626, .T. ) ;
#2559 = CARTESIAN_POINT ( 'NONE',  ( 0.1179827745763028200, 0.4858807516081908300, -0.08315354652553297300 ) ) ;
#2560 = CARTESIAN_POINT ( 'NONE',  ( -0.03510285852832184500, 0.4987663696936813200, -0.04612897672702255500 ) ) ;
#2561 = B_SPLINE_CURVE_WITH_KNOTS ( 'NONE', 3,
 ( #928, #2372, #1184, #2880, #1428, #7, #1657, #243, #1906, #474, #2151, #704, #2387, #940, #2640, #1196, #2891, #1438, #17, #1668, #253, #1917, #483, #2161, #717, #2399, #951, #2655 ),
 .UNSPECIFIED., .F., .F.,
 ( 4, 2, 2, 2, 2, 2, 1, 1, 1, 2, 2, 1, 1, 1, 2, 2, 4 ),
 ( 0.0000000000000000000, 0.03125000000000011100, 0.06250000000000022200, 0.1250000000000004400, 0.1875000000000006700, 0.2500000000000008900, 0.3750000000000015000, 0.4375000000000017200, 0.4687500000000013900, 0.4843750000000012200, 0.5000000000000010000, 0.6249999999999968900, 0.6874999999999942300, 0.7187499999999925600, 0.7343749999999920100, 0.7499999999999915600, 1.000000000000000000 ),
 .UNSPECIFIED. ) ;
#2562 = CARTESIAN_POINT ( 'NONE',  ( 0.0000000000000000000, 0.0000000000000000000, -0.03937007874015751400 ) ) ;
#2563 = CARTESIAN_POINT ( 'NONE',  ( 0.08439118520106565800, 0.4928266712144944700, -0.07823556121030349200 ) ) ;
#2564 = CARTESIAN_POINT ( 'NONE',  ( -0.1078864835437444900, 0.4882217804610743400, -0.07253145510175911000 ) ) ;
#2565 = ORIENTED_EDGE ( 'NONE', *, *, #2659, .T. ) ;
#2566 = LINE ( 'NONE', #1264, #561 ) ;
#2567 = CIRCLE ( 'NONE', #1068, 0.4944322300693974000 ) ;
#2568 = CARTESIAN_POINT ( 'NONE',  ( 0.1830275128313902400, 0.4652966325020189100, -0.07670332634471761800 ) ) ;
#2569 = DIRECTION ( 'NONE',  ( -0.0000000000000000000, -0.0000000000000000000, 1.000000000000000000 ) ) ;
#2570 = ORIENTED_EDGE ( 'NONE', *, *, #1098, .F. ) ;
#2571 = CARTESIAN_POINT ( 'NONE',  ( -0.5000000000000000000, 6.123233995736766000E-017, -0.1069718219948248700 ) ) ;
#2572 = CARTESIAN_POINT ( 'NONE',  ( 0.1270506496983151700, 0.4835953903719486500, -0.05198884205019851900 ) ) ;
#2573 = ORIENTED_EDGE ( 'NONE', *, *, #2864, .T. ) ;
#2574 = EDGE_CURVE ( 'NONE', #1373, #2926, #102, .T. ) ;
#2575 = ADVANCED_FACE ( 'NONE', ( #2979, #2322 ), #415, .T. ) ;
#2576 = CARTESIAN_POINT ( 'NONE',  ( -0.05023016758918590800, 0.4974732431837417500, -0.08805207411175919300 ) ) ;
#2577 = AXIS2_PLACEMENT_3D ( 'NONE', #118, #1778, #348 ) ;
#2578 = CARTESIAN_POINT ( 'NONE',  ( -0.05539522946640768700, 0.4969229787509629200, -0.03548119060041838400 ) ) ;
#2579 = VERTEX_POINT ( 'NONE', #1322 ) ;
#2580 = DIRECTION ( 'NONE',  ( 0.0000000000000000000, 0.0000000000000000000, 1.000000000000000000 ) ) ;
#2581 = CARTESIAN_POINT ( 'NONE',  ( -0.05432237962511126500, 0.4970406191393482200, -0.04224274427014294100 ) ) ;
#2582 = ORIENTED_EDGE ( 'NONE', *, *, #2260, .T. ) ;
#2583 = LENGTH_MEASURE_WITH_UNIT ( LENGTH_MEASURE( 0.02539999999999999900 ), #2811 );
#2584 = CARTESIAN_POINT ( 'NONE',  ( 0.0000000000000000000, 0.0000000000000000000, -0.07974979500800187500 ) ) ;
#2585 = CARTESIAN_POINT ( 'NONE',  ( 0.0000000000000000000, 0.0000000000000000000, -0.01667532213660848800 ) ) ;
#2586 = VERTEX_POINT ( 'NONE', #1548 ) ;
#2587 = DIRECTION ( 'NONE',  ( 0.7071067811865257000, 8.659560562354665400E-017, -0.7071067811865691100 ) ) ;
#2588 = VERTEX_POINT ( 'NONE', #135 ) ;
#2589 = CARTESIAN_POINT ( 'NONE',  ( 0.05053025184736236600, 0.4974408562611556400, -0.08659141601520095600 ) ) ;
#2590 = CARTESIAN_POINT ( 'NONE',  ( -0.06792979312105400200, 0.4953640511851165600, -0.05009210648589405200 ) ) ;
#2591 = PERSON_AND_ORGANIZATION_ROLE ( 'design_supplier' ) ;
#2592 = CARTESIAN_POINT ( 'NONE',  ( -0.1330491693831673000, 0.4819729807920925000, -0.04677422395564363000 ) ) ;
#2593 = B_SPLINE_CURVE_WITH_KNOTS ( 'NONE', 3,
 ( #1188, #13, #1203, #2896 ),
 .UNSPECIFIED., .F., .F.,
 ( 4, 4 ),
 ( 0.0000000000000000000, 1.000000000000000000 ),
 .UNSPECIFIED. ) ;
#2594 = CARTESIAN_POINT ( 'NONE',  ( -0.1305507360855823800, 0.4826557386219888500, -0.09134535096631792000 ) ) ;
#2595 = CARTESIAN_POINT ( 'NONE',  ( 0.2159287565753535100, 0.4509709310410023900, -0.04976131604754149100 ) ) ;
#2596 = DIRECTION ( 'NONE',  ( 0.0000000000000000000, 0.0000000000000000000, -1.000000000000000000 ) ) ;
#2597 = AXIS2_PLACEMENT_3D ( 'NONE', #2090, #653, #2327 ) ;
#2598 = ORIENTED_EDGE ( 'NONE', *, *, #689, .F. ) ;
#2599 = CARTESIAN_POINT ( 'NONE',  ( 0.1765208809153353500, 0.4678037863124412400, -0.07121079692063665700 ) ) ;
#2600 = EDGE_CURVE ( 'NONE', #662, #963, #1679, .T. ) ;
#2601 = CARTESIAN_POINT ( 'NONE',  ( 0.0000000000000000000, 0.0000000000000000000, -0.09413501608613632200 ) ) ;
#2602 = FACE_BOUND ( 'NONE', #2108, .T. ) ;
#2603 = CARTESIAN_POINT ( 'NONE',  ( -0.1306562027309287300, 0.4826271517443204700, -0.05602089039002455800 ) ) ;
#2604 = CARTESIAN_POINT ( 'NONE',  ( 0.05067113064965624700, 0.4974264534485684500, -0.06146396300806638400 ) ) ;
#2605 = CYLINDRICAL_SURFACE ( 'NONE', #226, 0.5000000000000000000 ) ;
#2606 = CARTESIAN_POINT ( 'NONE',  ( -0.07853045218074898600, 0.4937944728151458200, -0.06982218371996531900 ) ) ;
#2607 = CARTESIAN_POINT ( 'NONE',  ( 0.1294539929829632800, 0.4829509951338404900, -0.08888251760037013700 ) ) ;
#2608 = CARTESIAN_POINT ( 'NONE',  ( 0.1704504658317183800, 0.4700498575783299000, -0.08420233964369427900 ) ) ;
#2609 = CIRCLE ( 'NONE', #966, 5.397244094488188500 ) ;
#2610 = DIRECTION ( 'NONE',  ( 0.0000000000000000000, 0.7071067811865475700, -0.7071067811865474600 ) ) ;
#2611 = ORIENTED_EDGE ( 'NONE', *, *, #1070, .F. ) ;
#2612 = EDGE_CURVE ( 'NONE', #982, #1714, #1116, .T. ) ;
#2613 = EDGE_LOOP ( 'NONE', ( #2914, #2505, #3046, #741 ) ) ;
#2614 = DIRECTION ( 'NONE',  ( -0.0000000000000000000, 1.224606353822377300E-016, -1.000000000000000000 ) ) ;
#2615 = APPROVAL_PERSON_ORGANIZATION ( #143, #2616, #1614 ) ;
#2616 = APPROVAL ( #3073, 'UNSPECIFIED' ) ;
#2617 = CARTESIAN_POINT ( 'NONE',  ( -0.1341065093233016500, 0.4816802031342826700, -0.04518150319874311000 ) ) ;
#2618 = CARTESIAN_POINT ( 'NONE',  ( -0.07853537024367060500, 0.4937936773113725800, -0.06020303930167572600 ) ) ;
#2619 = CARTESIAN_POINT ( 'NONE',  ( -0.09099164423056582700, 0.4916520413921259300, -0.09402045898925719100 ) ) ;
#2620 = B_SPLINE_CURVE_WITH_KNOTS ( 'NONE', 3,
 ( #2539, #2552, #2797, #1566, #1343, #1082, #856, #2915, #2674, #2419, #1462, #1226, #973, #733, #736, #2421 ),
 .UNSPECIFIED., .F., .F.,
 ( 4, 2, 2, 2, 2, 2, 2, 4 ),
 ( 0.0000000000000000000, 0.1250000000000004700, 0.2500000000000009400, 0.5000000000000013300, 0.7500000000000016700, 0.8125000000000012200, 0.8750000000000006700, 1.000000000000000000 ),
 .UNSPECIFIED. ) ;
#2621 = CARTESIAN_POINT ( 'NONE',  ( 0.0000000000000000000, -0.4944322300694032300, -0.01667532213660861600 ) ) ;
#2622 = CARTESIAN_POINT ( 'NONE',  ( -0.08230011165139734800, 0.4931807855282825400, -0.04361725053065183100 ) ) ;
#2623 = CARTESIAN_POINT ( 'NONE',  ( -0.1155326693561119200, 0.4864691176287055900, -0.06606870773159599600 ) ) ;
#2624 = ADVANCED_FACE ( 'NONE', ( #1047 ), #2836, .T. ) ;
#2625 = CARTESIAN_POINT ( 'NONE',  ( -0.09387751606703219300, 0.4911080250512051000, -0.08752653601151251500 ) ) ;
#2626 = CARTESIAN_POINT ( 'NONE',  ( -0.1451002422149199600, 0.4784836764396226400, -0.03546362159848142500 ) ) ;
#2627 = CARTESIAN_POINT ( 'NONE',  ( -0.09742596399316572100, 0.4904164861283757400, -0.08806338373845126700 ) ) ;
#2628 = AXIS2_PLACEMENT_3D ( 'NONE', #2109, #663, #2344 ) ;
#2629 = CARTESIAN_POINT ( 'NONE',  ( 0.1398146076371757100, 0.4800545540691659700, -0.04552104219125205400 ) ) ;
#2630 = ORIENTED_EDGE ( 'NONE', *, *, #2062, .T. ) ;
#2631 = CIRCLE ( 'NONE', #1589, 0.5000000000000001100 ) ;
#2632 = CARTESIAN_POINT ( 'NONE',  ( -0.1242262336689805000, 0.4843223816571061700, -0.05048757255667055800 ) ) ;
#2633 = CARTESIAN_POINT ( 'NONE',  ( -0.09704815644879287400, 0.4904912387901445600, -0.03507989797590010900 ) ) ;
#2634 = CARTESIAN_POINT ( 'NONE',  ( -0.1142068701434908900, 0.4867824155754589300, -0.07950809269312779400 ) ) ;
#2635 = CARTESIAN_POINT ( 'NONE',  ( 0.2096689916984778600, 0.4539150954971024600, -0.05362926199770506900 ) ) ;
#2636 = FACE_OUTER_BOUND ( 'NONE', #2299, .T. ) ;
#2637 = DIRECTION ( 'NONE',  ( -0.0000000000000000000, -0.0000000000000000000, 1.000000000000000000 ) ) ;
#2638 = CARTESIAN_POINT ( 'NONE',  ( -0.09304246511194808100, 0.4912671583327504800, -0.08718027928449792500 ) ) ;
#2639 = CARTESIAN_POINT ( 'NONE',  ( -0.1567481302360201900, 0.4747951711039270500, -0.04689405520463881700 ) ) ;
#2640 = CARTESIAN_POINT ( 'NONE',  ( 0.09797651703520483800, 0.4903067190115448200, -0.06418280629774056300 ) ) ;
#2641 = CARTESIAN_POINT ( 'NONE',  ( 0.06238631027796139700, 0.4960932854273332700, -0.05484187465629746700 ) ) ;
#2642 = CARTESIAN_POINT ( 'NONE',  ( 0.1368854793362352700, 0.4808976609327360600, -0.07819910673505624200 ) ) ;
#2643 = VERTEX_POINT ( 'NONE', #376 ) ;
#2644 = CARTESIAN_POINT ( 'NONE',  ( 0.0000000000000000000, 0.0000000000000000000, -0.1125395919254232500 ) ) ;
#2645 = ADVANCED_FACE ( 'NONE', ( #2247 ), #2905, .T. ) ;
#2646 = ORIENTED_EDGE ( 'NONE', *, *, #2980, .F. ) ;
#2647 = VERTEX_POINT ( 'NONE', #2544 ) ;
#2648 = CARTESIAN_POINT ( 'NONE',  ( -0.1373622334802060100, 0.4807618040458445100, -0.03542676198534858200 ) ) ;
#2649 = CARTESIAN_POINT ( 'NONE',  ( -0.04083876827770708400, 0.4983294041149485800, -0.07747844431145432800 ) ) ;
#2650 = CARTESIAN_POINT ( 'NONE',  ( -0.1027089301870005300, 0.4893378549805585400, -0.09411087745074357700 ) ) ;
#2651 = ORIENTED_EDGE ( 'NONE', *, *, #2502, .T. ) ;
#2652 = CARTESIAN_POINT ( 'NONE',  ( -0.03692780463756754900, 0.4986354434766162000, -0.04225430644361875800 ) ) ;
#2653 = CARTESIAN_POINT ( 'NONE',  ( -0.09258056765272974800, 0.4913543392907989700, -0.08692643362204399700 ) ) ;
#2654 = CARTESIAN_POINT ( 'NONE',  ( -0.2302231411613406800, 0.4438437847641953900, -0.09413501608613633600 ) ) ;
#2655 = CARTESIAN_POINT ( 'NONE',  ( 0.1093753394605396500, 0.4878903925246855200, -0.07560931196742040600 ) ) ;
#2656 = CARTESIAN_POINT ( 'NONE',  ( 0.1575144479961342900, 0.4745415184326348100, -0.09484058283160062800 ) ) ;
#2657 = CARTESIAN_POINT ( 'NONE',  ( -0.08710074527888350700, 0.4923550153027188000, -0.07880455668293580300 ) ) ;
#2658 = ORIENTED_EDGE ( 'NONE', *, *, #1650, .F. ) ;
#2659 = EDGE_CURVE ( 'NONE', #2289, #2051, #2660, .T. ) ;
#2660 = B_SPLINE_CURVE_WITH_KNOTS ( 'NONE', 3,
 ( #1346, #2798, #3029, #1573, #157, #1819, #386, #2065, #619, #2301, #859, #2554, #1102, #2809, #1355, #3040, #1581, #166, #1829, #397, #2076, #630, #2308, #868, #2568, #1108, #2817, #1366, #3047, #1590, #173, #1839, #407, #2084, #644, #2319 ),
 .UNSPECIFIED., .F., .F.,
 ( 4, 1, 2, 2, 2, 2, 2, 2, 1, 2, 2, 2, 1, 2, 2, 2, 1, 2, 2, 4 ),
 ( 0.0000000000000000000, 0.03124999999999999300, 0.04687500000000104100, 0.06250000000000209600, 0.1249999999999999700, 0.1874999999999978600, 0.2499999999999957300, 0.3749999999999929500, 0.4374999999999923400, 0.4687499999999920600, 0.4999999999999917800, 0.6249999999999924500, 0.6874999999999931200, 0.7187499999999935600, 0.7499999999999940000, 0.8749999999999975600, 0.9062499999999984500, 0.9218749999999988900, 0.9374999999999993300, 1.000000000000000000 ),
 .UNSPECIFIED. ) ;
#2661 = ORIENTED_EDGE ( 'NONE', *, *, #1903, .F. ) ;
#2662 = EDGE_CURVE ( 'NONE', #1694, #1510, #2087, .T. ) ;
#2663 = CARTESIAN_POINT ( 'NONE',  ( -0.1489232864425610900, 0.4773070208024009500, -0.08361038205366871900 ) ) ;
#2664 = CARTESIAN_POINT ( 'NONE',  ( -0.04755539330264139200, 0.4977333468513346900, -0.06612169082871657800 ) ) ;
#2665 = ORIENTED_EDGE ( 'NONE', *, *, #792, .T. ) ;
#2666 = CARTESIAN_POINT ( 'NONE',  ( -0.2129176709120647600, 0.4524003375478202200, -0.04189395006554276500 ) ) ;
#2667 = CARTESIAN_POINT ( 'NONE',  ( -0.04049333012541219600, 0.4983582281372229700, -0.03851605770935083400 ) ) ;
#2668 = CARTESIAN_POINT ( 'NONE',  ( -0.1304285927906918000, 0.4826887011933711500, -0.07170991299903933800 ) ) ;
#2669 = CARTESIAN_POINT ( 'NONE',  ( -0.08780181952039814400, 0.4922305049703374900, -0.04898002941551719100 ) ) ;
#2670 = CARTESIAN_POINT ( 'NONE',  ( 0.06873996990866131100, 0.4952523218560218600, -0.06178638000203297300 ) ) ;
#2671 = CARTESIAN_POINT ( 'NONE',  ( -0.03821564406760137600, 0.4985381609273951100, -0.08952785293221389400 ) ) ;
#2672 = ORIENTED_EDGE ( 'NONE', *, *, #2217, .F. ) ;
#2673 = CARTESIAN_POINT ( 'NONE',  ( -0.1517374344578736000, 0.4764197217078219900, -0.07253145510178207700 ) ) ;
#2674 = CARTESIAN_POINT ( 'NONE',  ( -0.05804690509003857000, 0.4966210135925980800, -0.06657186979143575600 ) ) ;
#2675 = CARTESIAN_POINT ( 'NONE',  ( -0.2120322907873290800, 0.4528160431794829300, -0.04556324829063887500 ) ) ;
#2676 = EDGE_LOOP ( 'NONE', ( #1862, #210, #1823, #2543, #1503, #393, #2957, #899, #1931, #2728, #117, #1142, #2157 ) ) ;
#2677 = EDGE_CURVE ( 'NONE', #976, #2936, #1521, .T. ) ;
#2678 = CARTESIAN_POINT ( 'NONE',  ( -0.1324940817516943300, 0.4821259079192106700, -0.08214339684727334200 ) ) ;
#2679 = CARTESIAN_POINT ( 'NONE',  ( -0.08602319440455734300, 0.4925444245691174000, -0.05968207160001302200 ) ) ;
#2680 = CARTESIAN_POINT ( 'NONE',  ( 0.1111176970812613000, 0.4874965203930762800, -0.03507989797590010900 ) ) ;
#2681 = ORIENTED_EDGE ( 'NONE', *, *, #303, .T. ) ;
#2682 = FACE_BOUND ( 'NONE', #2555, .T. ) ;
#2683 = CARTESIAN_POINT ( 'NONE',  ( 0.0000000000000000000, 0.0000000000000000000, -0.07672132741260515000 ) ) ;
#2684 = CARTESIAN_POINT ( 'NONE',  ( -0.1520072025094221200, 0.4763337174557975000, -0.06498601548044281900 ) ) ;
#2685 =( GEOMETRIC_REPRESENTATION_CONTEXT ( 3 ) GLOBAL_UNCERTAINTY_ASSIGNED_CONTEXT ( ( #581 ) ) GLOBAL_UNIT_ASSIGNED_CONTEXT ( ( #176, #1840, #409 ) ) REPRESENTATION_CONTEXT ( 'NONE', 'WORKASPACE' ) );
#2686 = CARTESIAN_POINT ( 'NONE',  ( 0.1069368476131729200, 0.4884306668603906100, -0.06333446556289963600 ) ) ;
#2687 = CYLINDRICAL_SURFACE ( 'NONE', #3018, 0.5000000000000000000 ) ;
#2688 = CARTESIAN_POINT ( 'NONE',  ( 0.1520352477420246200, 0.4763258304922062800, -0.04310579360479045700 ) ) ;
#2689 = ORIENTED_EDGE ( 'NONE', *, *, #1610, .T. ) ;
#2690 = VERTEX_POINT ( 'NONE', #428 ) ;
#2691 = CARTESIAN_POINT ( 'NONE',  ( 0.009084902827492011300, 0.4999174577273881600, -0.07217862601951004200 ) ) ;
#2692 = VERTEX_POINT ( 'NONE', #2104 ) ;
#2693 = CARTESIAN_POINT ( 'NONE',  ( -0.1411497147234121200, 0.4796631714375196900, -0.08807808089534287200 ) ) ;
#2694 = CARTESIAN_POINT ( 'NONE',  ( 0.1283574969695209500, 0.4832438146070077700, -0.04603230195274922400 ) ) ;
#2695 = DIRECTION ( 'NONE',  ( -1.000000000000000000, 0.0000000000000000000, 0.0000000000000000000 ) ) ;
#2696 = CARTESIAN_POINT ( 'NONE',  ( -0.08607154276214404300, 0.4925359783947692600, -0.07134833238635889000 ) ) ;
#2697 = CARTESIAN_POINT ( 'NONE',  ( 0.1759722186512602800, 0.4680129572215079900, -0.04036464538868180000 ) ) ;
#2698 = CARTESIAN_POINT ( 'NONE',  ( -0.1507476328391527400, 0.4767338378649290700, -0.05090023160840203400 ) ) ;
#2699 = ORIENTED_EDGE ( 'NONE', *, *, #866, .F. ) ;
#2700 = CARTESIAN_POINT ( 'NONE',  ( 0.1007896212934482600, 0.4897361056949481900, -0.05268374684472099800 ) ) ;
#2701 = COORDINATED_UNIVERSAL_TIME_OFFSET ( 5, 0, .BEHIND. ) ;
#2702 = ORIENTED_EDGE ( 'NONE', *, *, #2553, .F. ) ;
#2703 = CARTESIAN_POINT ( 'NONE',  ( -0.06927181999078820000, 0.4951783801468910300, -0.06871938962490704800 ) ) ;
#2704 = CARTESIAN_POINT ( 'NONE',  ( 0.1136803941832992000, 0.4869061050123006400, -0.03518123991837492800 ) ) ;
#2705 = CARTESIAN_POINT ( 'NONE',  ( -0.1077926727229257900, 0.4882425146313244500, -0.05636081225856014900 ) ) ;
#2706 = CARTESIAN_POINT ( 'NONE',  ( -0.1080615329196756400, 0.4881830880028461000, -0.07034593969180051600 ) ) ;
#2707 = CARTESIAN_POINT ( 'NONE',  ( -0.05403651351376225600, 0.4970719351603100100, -0.05866187335641823200 ) ) ;
#2708 = AXIS2_PLACEMENT_3D ( 'NONE', #2710, #1261, #2949 ) ;
#2709 = EDGE_CURVE ( 'NONE', #2647, #410, #3050, .T. ) ;
#2710 = CARTESIAN_POINT ( 'NONE',  ( 0.0000000000000000000, 0.0000000000000000000, -0.07217862601951004200 ) ) ;
#2711 = CARTESIAN_POINT ( 'NONE',  ( -0.5000000000000001100, 6.123233995736767300E-017, -0.02224309206721150600 ) ) ;
#2712 = CARTESIAN_POINT ( 'NONE',  ( -0.1024860543057709600, 0.4893847551418209500, -0.04361116630642392100 ) ) ;
#2713 = CARTESIAN_POINT ( 'NONE',  ( -0.06042132220724479000, 0.4963358377376434500, -0.05034053546832894400 ) ) ;
#2714 = DIRECTION ( 'NONE',  ( -0.4760624965748739800, 0.8794114505479776500, 0.0000000000000000000 ) ) ;
#2715 = CARTESIAN_POINT ( 'NONE',  ( -0.03811339412090584300, 0.4985477936321217100, -0.04064354936157962800 ) ) ;
#2716 = EDGE_LOOP ( 'NONE', ( #2391, #3025, #2950, #972, #1470 ) ) ;
#2717 = CARTESIAN_POINT ( 'NONE',  ( 0.07766726321442610200, 0.4939309630148539000, -0.03583701487474929400 ) ) ;
#2718 = FACE_OUTER_BOUND ( 'NONE', #3035, .T. ) ;
#2719 = EDGE_CURVE ( 'NONE', #1927, #1843, #965, .T. ) ;
#2720 = CARTESIAN_POINT ( 'NONE',  ( 0.0000000000000000000, 0.0000000000000000000, -0.06915015842411331700 ) ) ;
#2721 = CARTESIAN_POINT ( 'NONE',  ( -0.2242377927008958900, 0.4468975411933142600, -0.07596421051375595900 ) ) ;
#2722 = CARTESIAN_POINT ( 'NONE',  ( -0.07085682851358002200, 0.4949538520742824400, -0.07814701258331437100 ) ) ;
#2723 = CARTESIAN_POINT ( 'NONE',  ( 0.1360576254545840800, 0.4811323337249951400, -0.07523075351799581000 ) ) ;
#2724 = FACE_OUTER_BOUND ( 'NONE', #2403, .T. ) ;
#2725 = CARTESIAN_POINT ( 'NONE',  ( -0.09535806762672939500, 0.4908227615344668000, -0.04201383373505226900 ) ) ;
#2726 = CARTESIAN_POINT ( 'NONE',  ( 0.05779689357589365400, 0.4966485552437778800, -0.08463868948515200500 ) ) ;
#2727 = VERTEX_POINT ( 'NONE', #1120 ) ;
#2728 = ORIENTED_EDGE ( 'NONE', *, *, #1498, .F. ) ;
#2729 = VERTEX_POINT ( 'NONE', #1396 ) ;
#2730 = B_SPLINE_CURVE_WITH_KNOTS ( 'NONE', 3,
 ( #2737, #1035, #335, #2011, #569, #2244, #798, #2491, #1046, #2751, #1299, #2988, #1526, #114, #1775, #344, #2018, #579, #2254, #811, #2500, #1060, #2759, #1307, #2997, #1537, #123, #1784, #354, #2026, #587, #2265, #821, #2512, #1066 ),
 .UNSPECIFIED., .F., .F.,
 ( 4, 1, 1, 2, 2, 1, 2, 2, 1, 1, 1, 2, 2, 2, 2, 2, 2, 1, 2, 2, 4 ),
 ( 0.0000000000000000000, 0.06250000000000142900, 0.09375000000000183200, 0.1093750000000020400, 0.1250000000000022500, 0.1875000000000029400, 0.2187500000000037200, 0.2500000000000045000, 0.3750000000000063300, 0.4375000000000081000, 0.4687500000000085500, 0.4843750000000086600, 0.5000000000000086600, 0.6250000000000056600, 0.7500000000000016700, 0.8124999999999992200, 0.8749999999999967800, 0.9062499999999963400, 0.9218749999999960000, 0.9374999999999956700, 1.000000000000000000 ),
 .UNSPECIFIED. ) ;
#2731 = CARTESIAN_POINT ( 'NONE',  ( 0.07617105541825382200, 0.4941639103743507000, -0.06687880772756577000 ) ) ;
#2732 = CARTESIAN_POINT ( 'NONE',  ( -0.04979446455771104100, 0.4975143555513908400, -0.04200842367178476300 ) ) ;
#2733 = CARTESIAN_POINT ( 'NONE',  ( -0.05593151544867843600, 0.4968619127371165500, -0.09450475443875609700 ) ) ;
#2734 = CARTESIAN_POINT ( 'NONE',  ( -0.06290321712305382800, 0.4960274674324124400, -0.06008017027465821500 ) ) ;
#2735 = EDGE_LOOP ( 'NONE', ( #2146, #2738, #822, #1864 ) ) ;
#2736 = ORIENTED_EDGE ( 'NONE', *, *, #104, .T. ) ;
#2737 = CARTESIAN_POINT ( 'NONE',  ( -0.1592023064511586000, 0.4739774526500510300, -0.06500967538353186200 ) ) ;
#2738 = ORIENTED_EDGE ( 'NONE', *, *, #440, .T. ) ;
#2739 = ORIENTED_EDGE ( 'NONE', *, *, #906, .T. ) ;
#2740 = ORIENTED_EDGE ( 'NONE', *, *, #806, .F. ) ;
#2741 = EDGE_CURVE ( 'NONE', #2466, #617, #959, .T. ) ;
#2742 = CARTESIAN_POINT ( 'NONE',  ( 0.05375798975335089500, 0.4971020056737460700, -0.09037175105242384300 ) ) ;
#2743 = CARTESIAN_POINT ( 'NONE',  ( -0.04159330839576010100, 0.4982669933847667100, -0.05097935285173294000 ) ) ;
#2744 = CARTESIAN_POINT ( 'NONE',  ( 0.1289889898720897900, 0.4830754483574517500, -0.08758263452515875600 ) ) ;
#2745 = CARTESIAN_POINT ( 'NONE',  ( 0.2044466021072772800, 0.4562911207625989200, -0.06915015842411331700 ) ) ;
#2746 = AXIS2_PLACEMENT_3D ( 'NONE', #1333, #3020, #1559 ) ;
#2747 = CARTESIAN_POINT ( 'NONE',  ( 0.06948332109522178900, 0.4951487352304288500, -0.08767183751112335400 ) ) ;
#2748 = VERTEX_POINT ( 'NONE', #1866 ) ;
#2749 = CARTESIAN_POINT ( 'NONE',  ( 0.2096689916984778600, 0.4539150954971024600, -0.05362926199770506900 ) ) ;
#2750 = CARTESIAN_POINT ( 'NONE',  ( -0.1430865823865644400, 0.4790889816860494100, -0.04210434730823398000 ) ) ;
#2751 = CARTESIAN_POINT ( 'NONE',  ( -0.1588124843596073200, 0.4741082122113541300, -0.07343316197632826500 ) ) ;
#2752 = ORIENTED_EDGE ( 'NONE', *, *, #572, .F. ) ;
#2753 = ORIENTED_EDGE ( 'NONE', *, *, #2846, .F. ) ;
#2754 = DIRECTION ( 'NONE',  ( -0.0000000000000000000, -0.0000000000000000000, 1.000000000000000000 ) ) ;
#2755 = CARTESIAN_POINT ( 'NONE',  ( 0.1242014704638678800, 0.4843284095005065400, -0.07961537160137213700 ) ) ;
#2756 = DIRECTION ( 'NONE',  ( 0.0000000000000000000, 0.0000000000000000000, 1.000000000000000000 ) ) ;
#2757 = DIRECTION ( 'NONE',  ( -0.4343152076952054300, 0.9007609562834473200, 0.0000000000000000000 ) ) ;
#2758 = CARTESIAN_POINT ( 'NONE',  ( 0.07285371583274349900, 0.4946638930647465100, -0.05750446709001376400 ) ) ;
#2759 = CARTESIAN_POINT ( 'NONE',  ( -0.1515655625935890800, 0.4764763231292555900, -0.09146696212662722100 ) ) ;
#2760 = CARTESIAN_POINT ( 'NONE',  ( 0.04733651516222332800, 0.4977542140245995200, -0.06905941137128862600 ) ) ;
#2761 = FACE_BOUND ( 'NONE', #2031, .T. ) ;
#2762 = FACE_OUTER_BOUND ( 'NONE', #1146, .T. ) ;
#2763 = ORIENTED_EDGE ( 'NONE', *, *, #1207, .F. ) ;
#2764 = ORIENTED_EDGE ( 'NONE', *, *, #985, .F. ) ;
#2765 = AXIS2_PLACEMENT_3D ( 'NONE', #2373, #472, #494 ) ;
#2766 = ORIENTED_EDGE ( 'NONE', *, *, #2356, .T. ) ;
#2767 = CARTESIAN_POINT ( 'NONE',  ( 0.1180616340356275800, 0.4858627589010202100, -0.04366846051062521500 ) ) ;
#2768 = CARTESIAN_POINT ( 'NONE',  ( -0.1266070149615211600, 0.4837051903140009400, -0.08612256205474469500 ) ) ;
#2769 = EDGE_CURVE ( 'NONE', #1048, #147, #417, .T. ) ;
#2770 = CARTESIAN_POINT ( 'NONE',  ( -0.09930192062879357500, 0.4900399678224740000, -0.03519964234427320300 ) ) ;
#2771 = CARTESIAN_POINT ( 'NONE',  ( 6.123233995736766000E-017, -0.5000000000000000000, 0.09372175438632870900 ) ) ;
#2772 = ORIENTED_EDGE ( 'NONE', *, *, #3056, .T. ) ;
#2773 = CARTESIAN_POINT ( 'NONE',  ( -0.1411497147234121200, 0.4796631714375196900, -0.03507989797590011600 ) ) ;
#2774 = CARTESIAN_POINT ( 'NONE',  ( 0.1104300651066657100, 0.4876532560378657500, -0.03509197910967262700 ) ) ;
#2775 = EDGE_LOOP ( 'NONE', ( #838, #2365, #835, #2140, #2487 ) ) ;
#2776 = DATE_AND_TIME ( #290, #905 ) ;
#2777 = CARTESIAN_POINT ( 'NONE',  ( 0.0000000000000000000, 0.0000000000000000000, -0.1069718219948248700 ) ) ;
#2778 = CARTESIAN_POINT ( 'NONE',  ( -0.1232097655551321300, 0.4845816280768154300, -0.07240849965624068800 ) ) ;
#2779 = ORIENTED_EDGE ( 'NONE', *, *, #1477, .F. ) ;
#2780 = CARTESIAN_POINT ( 'NONE',  ( -0.1120147944954292000, 0.4872912108569331700, -0.04451776003982731200 ) ) ;
#2781 = ORIENTED_EDGE ( 'NONE', *, *, #2488, .T. ) ;
#2782 = CARTESIAN_POINT ( 'NONE',  ( 0.1018381139073767600, 0.4895192242714791500, -0.04696472964832918600 ) ) ;
#2783 = CARTESIAN_POINT ( 'NONE',  ( -0.06123654284924785800, 0.4962360883089472800, -0.08356466831470989200 ) ) ;
#2784 = CARTESIAN_POINT ( 'NONE',  ( 0.1003942762353834300, 0.4898183136913063000, -0.03788443439977962100 ) ) ;
#2785 = EDGE_LOOP ( 'NONE', ( #2226, #282, #1135, #2139, #802, #2702, #469, #1233, #2779, #1708, #724 ) ) ;
#2786 = CARTESIAN_POINT ( 'NONE',  ( 0.04690623565458174700, 0.4977949439448421400, -0.07240581279247981800 ) ) ;
#2787 = ORIENTED_EDGE ( 'NONE', *, *, #207, .F. ) ;
#2788 = EDGE_LOOP ( 'NONE', ( #2339, #2427, #776, #942 ) ) ;
#2789 = EDGE_CURVE ( 'NONE', #244, #424, #1601, .T. ) ;
#2790 = CARTESIAN_POINT ( 'NONE',  ( 0.08190366919453168100, 0.4932526311640253500, -0.07798318891068710400 ) ) ;
#2791 = DIRECTION ( 'NONE',  ( -0.0000000000000000000, -0.0000000000000000000, 1.000000000000000000 ) ) ;
#2792 = CC_DESIGN_APPROVAL ( #2616, ( #2125 ) ) ;
#2793 = CARTESIAN_POINT ( 'NONE',  ( -0.2074307340552364600, 0.4549467561546937100, -0.05825082973443030500 ) ) ;
#2794 = DIRECTION ( 'NONE',  ( -1.000000000000000000, 1.224646799147353200E-016, 0.0000000000000000000 ) ) ;
#2795 = DIRECTION ( 'NONE',  ( 1.000000000000000000, 0.0000000000000000000, 0.0000000000000000000 ) ) ;
#2796 = CARTESIAN_POINT ( 'NONE',  ( 0.05932056456076811200, 0.4964701171213881700, -0.05536840496108795500 ) ) ;
#2797 = CARTESIAN_POINT ( 'NONE',  ( -0.06334148852679831500, 0.4959716438919439800, -0.07471372768129305700 ) ) ;
#2798 = CARTESIAN_POINT ( 'NONE',  ( 0.1596944269541673000, 0.4738123006732416500, -0.09488275401715280700 ) ) ;
#2799 = CARTESIAN_POINT ( 'NONE',  ( 0.1749244510094393500, 0.4684030836322843900, -0.05156280719927922700 ) ) ;
#2800 = CARTESIAN_POINT ( 'NONE',  ( 0.05528758113906550400, 0.4969339393539622400, -0.06854679656343047600 ) ) ;
#2801 = LINE ( 'NONE', #2571, #1008 ) ;
#2802 = CARTESIAN_POINT ( 'NONE',  ( 0.1140623905442542800, 0.4868162238979986700, -0.07960381293804492900 ) ) ;
#2803 = CARTESIAN_POINT ( 'NONE',  ( 0.1506724140557554000, 0.4767598675127973600, -0.08531853690910074000 ) ) ;
#2804 = CARTESIAN_POINT ( 'NONE',  ( 0.07961991979527073500, 0.4936207218359839300, -0.08960777903474695400 ) ) ;
#2805 = FACE_OUTER_BOUND ( 'NONE', #1318, .T. ) ;
#2806 = ORIENTED_EDGE ( 'NONE', *, *, #919, .F. ) ;
#2807 = VERTEX_POINT ( 'NONE', #2348 ) ;
#2808 = AXIS2_PLACEMENT_3D ( 'NONE', #2584, #1126, #2832 ) ;
#2809 = CARTESIAN_POINT ( 'NONE',  ( 0.1732058718756888400, 0.4690438061947761500, -0.09137538294273517300 ) ) ;
#2810 = CARTESIAN_POINT ( 'NONE',  ( 0.0000000000000000000, 1.343736468198297000E-015, -0.1181102362204725500 ) ) ;
#2811 =( LENGTH_UNIT ( ) NAMED_UNIT ( * ) SI_UNIT ( $, .METRE. ) );
#2812 = CARTESIAN_POINT ( 'NONE',  ( 0.1190200098416128000, 0.4856282381677229900, -0.08422354937501463900 ) ) ;
#2813 = CARTESIAN_POINT ( 'NONE',  ( 0.2208673535327547700, 0.4485773874258596200, -0.06370049407927179400 ) ) ;
#2814 = DIRECTION ( 'NONE',  ( -0.0000000000000000000, -0.0000000000000000000, 1.000000000000000000 ) ) ;
#2815 = CARTESIAN_POINT ( 'NONE',  ( 0.1772439552747519000, 0.4675318043157257700, -0.04160236854212946000 ) ) ;
#2816 = ORIENTED_EDGE ( 'NONE', *, *, #456, .T. ) ;
#2817 = CARTESIAN_POINT ( 'NONE',  ( 0.1838003900722128500, 0.4649921463033682700, -0.07384876909330809200 ) ) ;
#2818 = DIRECTION ( 'NONE',  ( -1.000000000000000000, 0.0000000000000000000, 0.0000000000000000000 ) ) ;
#2819 = ADVANCED_FACE ( 'NONE', ( #345 ), #2098, .T. ) ;
#2820 = CARTESIAN_POINT ( 'NONE',  ( 0.03302881650745640600, 0.4989079046077710700, -0.07217862601951004200 ) ) ;
#2821 = CARTESIAN_POINT ( 'NONE',  ( -0.1335172130623950000, 0.4818434951475956100, -0.04593979349376808200 ) ) ;
#2822 = CARTESIAN_POINT ( 'NONE',  ( 0.1455017623546051900, 0.4783609904159242800, -0.05327436345136951600 ) ) ;
#2823 = CARTESIAN_POINT ( 'NONE',  ( 0.1221608388721730500, 0.4848471196635563700, -0.05249358664943130200 ) ) ;
#2824 = EDGE_CURVE ( 'NONE', #1739, #1851, #2990, .T. ) ;
#2825 = EDGE_CURVE ( 'NONE', #137, #3003, #889, .T. ) ;
#2826 = CARTESIAN_POINT ( 'NONE',  ( 0.04693095248584790900, 0.4977926164586515800, -0.07565063355222199900 ) ) ;
#2827 = CARTESIAN_POINT ( 'NONE',  ( -0.05942036362313923800, 0.4964608616166617500, -0.03673204335030140500 ) ) ;
#2828 = B_SPLINE_CURVE_WITH_KNOTS ( 'NONE', 3,
 ( #871, #1368, #177, #1841, #411, #2086, #648, #2323, #880, #2581, #1124, #2830, #1380, #3064 ),
 .UNSPECIFIED., .F., .F.,
 ( 4, 2, 2, 2, 2, 2, 4 ),
 ( 0.0000000000000000000, 0.1249999999999995600, 0.2499999999999991100, 0.4999999999999993300, 0.7499999999999995600, 0.8749999999999997800, 1.000000000000000000 ),
 .UNSPECIFIED. ) ;
#2829 = MECHANICAL_CONTEXT ( 'NONE', #879, 'mechanical' ) ;
#2830 = CARTESIAN_POINT ( 'NONE',  ( -0.05270984936705180200, 0.4972141606957668500, -0.04194642402372261700 ) ) ;
#2831 = B_SPLINE_CURVE_WITH_KNOTS ( 'NONE', 3,
 ( #1041, #119, #2259, #815, #2504, #1064, #2768, #1310, #3002, #1541, #127, #1788, #359, #2034, #590, #2270, #826, #2516, #1069, #2778, #1323, #3011, #1549, #136, #1798 ),
 .UNSPECIFIED., .F., .F.,
 ( 4, 1, 2, 2, 1, 2, 2, 1, 2, 2, 1, 1, 2, 2, 4 ),
 ( 0.0000000000000000000, 0.06250000000000456600, 0.09375000000000598100, 0.1250000000000074100, 0.1875000000000081300, 0.2187500000000071600, 0.2500000000000061600, 0.3750000000000030000, 0.4375000000000027200, 0.5000000000000023300, 0.6250000000000008900, 0.6875000000000001100, 0.7187499999999993300, 0.7499999999999984500, 1.000000000000000000 ),
 .UNSPECIFIED. ) ;
#2832 = DIRECTION ( 'NONE',  ( 0.003028462966074566700, 0.9999954141955167400, 0.0000000000000000000 ) ) ;
#2833 = B_SPLINE_CURVE_WITH_KNOTS ( 'NONE', 3,
 ( #1275, #549, #1506, #89, #1750, #321, #1997, #556, #2232, #789, #2473, #1032, #2734, #1288, #2975, #1517, #99, #1758, #332, #2008 ),
 .UNSPECIFIED., .F., .F.,
 ( 4, 1, 2, 2, 2, 2, 2, 1, 2, 2, 4 ),
 ( 0.0000000000000000000, 0.06249999999999796000, 0.09374999999999698900, 0.1249999999999960300, 0.2499999999999951700, 0.4999999999999938900, 0.7499999999999925600, 0.8124999999999938900, 0.8437499999999953400, 0.8749999999999967800, 1.000000000000000000 ),
 .UNSPECIFIED. ) ;
#2834 = DIRECTION ( 'NONE',  ( 1.000000000000000000, 0.0000000000000000000, 0.0000000000000000000 ) ) ;
#2835 = ORIENTED_EDGE ( 'NONE', *, *, #2881, .T. ) ;
#2836 = CONICAL_SURFACE ( 'NONE', #110, 0.5000000000000000000, 0.7853981633978347500 ) ;
#2837 = CARTESIAN_POINT ( 'NONE',  ( -0.2014626224073519700, 0.4576164461344813800, -0.07596421051375595900 ) ) ;
#2838 = FACE_OUTER_BOUND ( 'NONE', #2735, .T. ) ;
#2839 = PERSON_AND_ORGANIZATION_ROLE ( 'classification_officer' ) ;
#2840 = CARTESIAN_POINT ( 'NONE',  ( -0.1325565230829483000, 0.4821086878639934700, -0.04777113787197051500 ) ) ;
#2841 = ORIENTED_EDGE ( 'NONE', *, *, #2375, .T. ) ;
#2842 = ORIENTED_EDGE ( 'NONE', *, *, #1689, .F. ) ;
#2843 = CARTESIAN_POINT ( 'NONE',  ( 0.2163366026553263900, 0.4507754932426721300, -0.05076719960174083000 ) ) ;
#2844 = CARTESIAN_POINT ( 'NONE',  ( 0.1846026473153608800, 0.4646739345094503800, -0.05987156782853114700 ) ) ;
#2845 = DIRECTION ( 'NONE',  ( -0.0000000000000000000, -0.0000000000000000000, 1.000000000000000000 ) ) ;
#2846 = EDGE_CURVE ( 'NONE', #2496, #3031, #800, .T. ) ;
#2847 = EDGE_LOOP ( 'NONE', ( #1741, #2328, #406, #270, #2268, #2961, #1767, #2989 ) ) ;
#2848 = CARTESIAN_POINT ( 'NONE',  ( 0.1763516584908599900, 0.4678676090781258000, -0.07219769850054562300 ) ) ;
#2849 = DIRECTION ( 'NONE',  ( 0.3756631606290201700, 0.9267562731086393900, 0.0000000000000000000 ) ) ;
#2850 = ORIENTED_EDGE ( 'NONE', *, *, #1245, .T. ) ;
#2851 = CARTESIAN_POINT ( 'NONE',  ( -0.1304184363403980700, 0.4826914467871624100, -0.05865703700634485000 ) ) ;
#2852 = PERSON_AND_ORGANIZATION ( #1606, #2417 ) ;
#2853 = CARTESIAN_POINT ( 'NONE',  ( 0.0000000000000000000, 0.0000000000000000000, -0.09413501608613632200 ) ) ;
#2854 = CARTESIAN_POINT ( 'NONE',  ( 0.1688308325685583800, 0.4706338840376975100, -0.08539967080863356000 ) ) ;
#2855 = CARTESIAN_POINT ( 'NONE',  ( -0.1402260885752237300, 0.4799341500505224200, -0.04193225275475719000 ) ) ;
#2856 = CARTESIAN_POINT ( 'NONE',  ( 0.2136024664316381300, 0.4520774118824351100, -0.04189395006554274400 ) ) ;
#2857 = CARTESIAN_POINT ( 'NONE',  ( 0.009084902827491889800, 0.4999174577273882700, -0.03583701487474929400 ) ) ;
#2858 = VERTEX_POINT ( 'NONE', #2621 ) ;
#2859 = CARTESIAN_POINT ( 'NONE',  ( -0.09628478224044140200, 0.4906422793261259700, -0.09486993555667147500 ) ) ;
#2860 = CARTESIAN_POINT ( 'NONE',  ( -0.08156059810748607400, 0.4933030309065638600, -0.08470811910956438400 ) ) ;
#2861 = AXIS2_PLACEMENT_3D ( 'NONE', #192, #2117, #890 ) ;
#2862 = DIRECTION ( 'NONE',  ( 0.0000000000000000000, 1.000000000000000000, 1.381305580180739600E-016 ) ) ;
#2863 = B_SPLINE_CURVE_WITH_KNOTS ( 'NONE', 3,
 ( #1425, #1399, #997, #1655 ),
 .UNSPECIFIED., .F., .F.,
 ( 4, 4 ),
 ( 0.0000000000000000000, 1.000000000000000000 ),
 .UNSPECIFIED. ) ;
#2864 = EDGE_CURVE ( 'NONE', #184, #2266, #1460, .T. ) ;
#2865 = DIRECTION ( 'NONE',  ( -0.0000000000000000000, 1.224606353822377300E-016, -1.000000000000000000 ) ) ;
#2866 = CARTESIAN_POINT ( 'NONE',  ( -0.07868486033337308800, 0.4937698897932842300, -0.05792328544464609600 ) ) ;
#2867 = VERTEX_POINT ( 'NONE', #1178 ) ;
#2868 = CARTESIAN_POINT ( 'NONE',  ( -0.004542638897484199700, 0.4999793640060027400, -0.07672132741260515000 ) ) ;
#2869 = CARTESIAN_POINT ( 'NONE',  ( -0.08780013361456728800, 0.4922319588154264700, -0.09253296062091663500 ) ) ;
#2870 = CYLINDRICAL_SURFACE ( 'NONE', #2968, 0.5000000000000000000 ) ;
#2871 = CARTESIAN_POINT ( 'NONE',  ( -0.03404390112370862100, 0.4988396664222675100, -0.05022223595288375500 ) ) ;
#2872 = ADVANCED_FACE ( 'NONE', ( #1529, #2682, #202, #2761, #2027, #276, #1393, #744, #124, #2602, #1954, #1314 ), #1239, .T. ) ;
#2873 = CIRCLE ( 'NONE', #125, 0.5000000000000000000 ) ;
#2874 = CARTESIAN_POINT ( 'NONE',  ( -0.1229269795891106100, 0.4846534417213165200, -0.06256216825723076600 ) ) ;
#2875 = CARTESIAN_POINT ( 'NONE',  ( -0.08523146392722570600, 0.4926831321626976000, -0.03954828700315713600 ) ) ;
#2876 = ORIENTED_EDGE ( 'NONE', *, *, #456, .F. ) ;
#2877 = CARTESIAN_POINT ( 'NONE',  ( -0.1155091230279139800, 0.4864747099345364500, -0.06748905830033968800 ) ) ;
#2878 = EDGE_LOOP ( 'NONE', ( #80, #612, #170, #1225, #1474, #2772, #740, #2517, #3058, #1221, #2105, #1153, #1816, #1528, #1025, #1365 ) ) ;
#2879 = CARTESIAN_POINT ( 'NONE',  ( -0.1489270408870086400, 0.4773078550997277800, -0.03673696422387880800 ) ) ;
#2880 = CARTESIAN_POINT ( 'NONE',  ( 0.09338770349913184900, 0.4912013203244460800, -0.05279549083363498100 ) ) ;
#2881 = EDGE_CURVE ( 'NONE', #2390, #812, #267, .T. ) ;
#2882 = CARTESIAN_POINT ( 'NONE',  ( 0.1385074026871314400, 0.4804328998299945400, -0.04843996042581670500 ) ) ;
#2883 = CARTESIAN_POINT ( 'NONE',  ( -0.1254720307947482800, 0.4840008299982414600, -0.04653370448434954900 ) ) ;
#2884 = VERTEX_POINT ( 'NONE', #2932 ) ;
#2885 = CARTESIAN_POINT ( 'NONE',  ( -0.1228948704354094900, 0.4846615838094287000, -0.06500967538353186200 ) ) ;
#2886 = ORIENTED_EDGE ( 'NONE', *, *, #336, .F. ) ;
#2887 = CARTESIAN_POINT ( 'NONE',  ( -0.1129488157637537600, 0.4870755580237762800, -0.08346180110660783600 ) ) ;
#2888 = ADVANCED_FACE ( 'NONE', ( #56 ), #1797, .T. ) ;
#2889 = CARTESIAN_POINT ( 'NONE',  ( 0.0000000000000000000, 0.0000000000000000000, -0.09413501608613632200 ) ) ;
#2890 = CARTESIAN_POINT ( 'NONE',  ( -0.1581826039163128900, 0.4743187862087159800, -0.05208729894568335500 ) ) ;
#2891 = CARTESIAN_POINT ( 'NONE',  ( 0.09849922420042139800, 0.4902019118972224000, -0.06487072547400864200 ) ) ;
#2892 = CARTESIAN_POINT ( 'NONE',  ( 0.1378061077232130600, 0.4806345491410618000, -0.08061986161429449100 ) ) ;
#2893 = B_SPLINE_CURVE_WITH_KNOTS ( 'NONE', 3,
 ( #1504, #2966, #462, #2134, #695, #2371, #927, #2626, #1183, #2879, #1427, #6, #1656, #242, #1905, #473, #2150, #703, #2386, #939, #2639, #1195, #2890, #1437, #16, #1667, #252, #1916, #482, #2160 ),
 .UNSPECIFIED., .F., .F.,
 ( 4, 1, 2, 2, 2, 2, 1, 2, 2, 1, 2, 2, 1, 1, 1, 2, 2, 4 ),
 ( 0.0000000000000000000, 0.03124999999999836200, 0.04687499999999814000, 0.06249999999999791800, 0.1249999999999962800, 0.2499999999999956700, 0.3124999999999964500, 0.3437499999999967800, 0.3749999999999971700, 0.4374999999999996100, 0.4687500000000007800, 0.5000000000000020000, 0.6250000000000042200, 0.6875000000000047700, 0.7187500000000054400, 0.7343750000000050000, 0.7500000000000046600, 1.000000000000000000 ),
 .UNSPECIFIED. ) ;
#2894 = DIRECTION ( 'NONE',  ( 1.000000000000000000, 0.0000000000000000000, 0.0000000000000000000 ) ) ;
#2895 = CARTESIAN_POINT ( 'NONE',  ( -0.1383505255710617800, 0.4804780686046025200, -0.03526208985797466700 ) ) ;
#2896 = CARTESIAN_POINT ( 'NONE',  ( 0.2178393359680879700, 0.4500511345447120200, -0.03507989797590010300 ) ) ;
#2897 = CARTESIAN_POINT ( 'NONE',  ( -0.1009153010026480600, 0.4897105241101191200, -0.09454877214415982600 ) ) ;
#2898 = EDGE_CURVE ( 'NONE', #992, #557, #2440, .T. ) ;
#2899 = CARTESIAN_POINT ( 'NONE',  ( -0.2241976404074916600, 0.4469860204675081300, -0.05476493734597884900 ) ) ;
#2900 = CARTESIAN_POINT ( 'NONE',  ( 0.1590901593902417900, 0.4740151064947060200, -0.09489213298498552800 ) ) ;
#2901 = CARTESIAN_POINT ( 'NONE',  ( 0.0000000000000000000, 0.0000000000000000000, -0.1069718219948248700 ) ) ;
#2902 = AXIS2_PLACEMENT_3D ( 'NONE', #2278, #839, #2530 ) ;
#2903 = CARTESIAN_POINT ( 'NONE',  ( -0.1497185879841067800, 0.4770580676227336200, -0.08220143178411357100 ) ) ;
#2904 = VERTEX_POINT ( 'NONE', #1985 ) ;
#2905 = CYLINDRICAL_SURFACE ( 'NONE', #575, 0.5000000000000000000 ) ;
#2906 = CARTESIAN_POINT ( 'NONE',  ( -0.05088997150734034200, 0.4974039710897303300, -0.09487674050619175600 ) ) ;
#2907 = LINE ( 'NONE', #1832, #420 ) ;
#2908 = CARTESIAN_POINT ( 'NONE',  ( -0.1304490378762610500, 0.4826831763519677800, -0.07199611889091880900 ) ) ;
#2909 = CARTESIAN_POINT ( 'NONE',  ( -0.08748641108787298700, 0.4922866359333872300, -0.04999110806498957600 ) ) ;
#2910 = CARTESIAN_POINT ( 'NONE',  ( 0.07011946888935355300, 0.4950598862501555700, -0.06206334201856939700 ) ) ;
#2911 = ORIENTED_EDGE ( 'NONE', *, *, #876, .F. ) ;
#2912 = CARTESIAN_POINT ( 'NONE',  ( -0.03610316569754941400, 0.4986953162758114800, -0.08685661069011026100 ) ) ;
#2913 = CARTESIAN_POINT ( 'NONE',  ( -0.1519082513306444200, 0.4763653067621639300, -0.07034593969160110600 ) ) ;
#2914 = ORIENTED_EDGE ( 'NONE', *, *, #767, .F. ) ;
#2915 = CARTESIAN_POINT ( 'NONE',  ( -0.05926374560318441900, 0.4964764951455329900, -0.06736050378531699400 ) ) ;
#2916 = CARTESIAN_POINT ( 'NONE',  ( -0.2112513771029470300, 0.4531808564878115900, -0.04796728770274466500 ) ) ;
#2917 = CARTESIAN_POINT ( 'NONE',  ( -0.1339917331674462800, 0.4817126781273190500, -0.08456177636472890500 ) ) ;
#2918 = CARTESIAN_POINT ( 'NONE',  ( -0.08594749017524362700, 0.4925576433238455000, -0.06120563023066086200 ) ) ;
#2919 = DIRECTION ( 'NONE',  ( -0.05297337612224425900, 0.9985959249977997000, 0.0000000000000000000 ) ) ;
#2920 = AXIS2_PLACEMENT_3D ( 'NONE', #687, #2366, #920 ) ;
#2921 = PERSON_AND_ORGANIZATION ( #1606, #2417 ) ;
#2922 = B_SPLINE_CURVE_WITH_KNOTS ( 'NONE', 3,
 ( #3006, #1791, #365, #2038, #594, #2274, #830, #2522, #1073, #2783, #1328, #3014, #1555, #141, #1804, #372, #2049 ),
 .UNSPECIFIED., .F., .F.,
 ( 4, 1, 2, 2, 2, 2, 2, 2, 4 ),
 ( 0.0000000000000000000, 0.1249999999999999200, 0.1874999999999988300, 0.2499999999999977200, 0.4999999999999977800, 0.6249999999999982200, 0.7499999999999988900, 0.8749999999999994400, 1.000000000000000000 ),
 .UNSPECIFIED. ) ;
#2923 = CARTESIAN_POINT ( 'NONE',  ( -0.1519601847901534700, 0.4763487227029161700, -0.06156076322774356500 ) ) ;
#2924 = VERTEX_POINT ( 'NONE', #83 ) ;
#2925 = EDGE_CURVE ( 'NONE', #1740, #1950, #2833, .T. ) ;
#2926 = VERTEX_POINT ( 'NONE', #2223 ) ;
#2927 = CARTESIAN_POINT ( 'NONE',  ( 0.1067588446994049400, 0.4884696130023070700, -0.06314579235564285500 ) ) ;
#2928 = CARTESIAN_POINT ( 'NONE',  ( -0.2168378704171738400, 0.4505345025111227600, -0.05362926199770509000 ) ) ;
#2929 = DIRECTION ( 'NONE',  ( 1.000000000000000000, 0.0000000000000000000, 0.0000000000000000000 ) ) ;
#2930 = CARTESIAN_POINT ( 'NONE',  ( 0.1256060682238797400, 0.4839692200799860000, -0.04076279925908288200 ) ) ;
#2931 = CARTESIAN_POINT ( 'NONE',  ( -0.07092891668121838200, 0.4949435207964932900, -0.07636642886626958400 ) ) ;
#2932 = CARTESIAN_POINT ( 'NONE',  ( -0.4944322300693972900, 6.089141237617254700E-017, -0.1125395919254232500 ) ) ;
#2933 = CARTESIAN_POINT ( 'NONE',  ( 0.1730580235575680800, 0.4690966299394391800, -0.03822770713253351900 ) ) ;
#2934 = CARTESIAN_POINT ( 'NONE',  ( -0.1505158220405220800, 0.4768071092047857500, -0.04999651411809098700 ) ) ;
#2935 = CARTESIAN_POINT ( 'NONE',  ( -0.2219933881459625900, 0.4480166689080619700, -0.06915015842411333100 ) ) ;
#2936 = VERTEX_POINT ( 'NONE', #2239 ) ;
#2937 = CARTESIAN_POINT ( 'NONE',  ( -0.07005452617919998000, 0.4950680612322537200, -0.07063535654402620900 ) ) ;
#2938 = EDGE_CURVE ( 'NONE', #969, #1389, #1868, .T. ) ;
#2939 = CARTESIAN_POINT ( 'NONE',  ( -0.03328850250014951700, 0.4988906449326319700, -0.07823556121030349200 ) ) ;
#2940 = CARTESIAN_POINT ( 'NONE',  ( 0.1111176970812613000, 0.4874965203930762800, -0.03507989797590010900 ) ) ;
#2941 = CARTESIAN_POINT ( 'NONE',  ( -0.1072208519567714200, 0.4883684172791504200, -0.05243339476190631000 ) ) ;
#2942 = CARTESIAN_POINT ( 'NONE',  ( -0.05588127790810064300, 0.4968678416877773100, -0.05787402578373572500 ) ) ;
#2943 = CARTESIAN_POINT ( 'NONE',  ( -0.09704815644879287400, 0.4904912387901445600, -0.03507989797590010900 ) ) ;
#2944 = CARTESIAN_POINT ( 'NONE',  ( -0.04133839837932165600, 0.4982890193013626000, -0.03789716531493709400 ) ) ;
#2945 = CC_DESIGN_SECURITY_CLASSIFICATION ( #2125, ( #1325 ) ) ;
#2946 = CARTESIAN_POINT ( 'NONE',  ( 0.09258790191803856200, 0.4913527047024526800, -0.09413501608613632200 ) ) ;
#2947 = CYLINDRICAL_SURFACE ( 'NONE', #2141, 0.5000000000000000000 ) ;
#2948 = CIRCLE ( 'NONE', #3080, 0.4944322300693972900 ) ;
#2949 = DIRECTION ( 'NONE',  ( 0.03330698226150075700, 0.9994451685473456600, 0.0000000000000000000 ) ) ;
#2950 = ORIENTED_EDGE ( 'NONE', *, *, #2824, .T. ) ;
#2951 = CARTESIAN_POINT ( 'NONE',  ( 0.0000000000000000000, 0.0000000000000000000, -0.08656384709764450300 ) ) ;
#2952 = DIRECTION ( 'NONE',  ( -0.0000000000000000000, 1.224606353822377300E-016, -1.000000000000000000 ) ) ;
#2953 = CARTESIAN_POINT ( 'NONE',  ( -0.1001650354880792000, 0.4898643053421976000, -0.04242425631413943700 ) ) ;
#2954 = CARTESIAN_POINT ( 'NONE',  ( -0.08609674903855206500, 0.4925315724723605700, -0.07170991299893964000 ) ) ;
#2955 = DIRECTION ( 'NONE',  ( 0.0000000000000000000, 0.0000000000000000000, -1.000000000000000000 ) ) ;
#2956 = CARTESIAN_POINT ( 'NONE',  ( 0.2001067559315614400, 0.4582164367994862600, -0.08202114570454939500 ) ) ;
#2957 = ORIENTED_EDGE ( 'NONE', *, *, #2574, .F. ) ;
#2958 = CARTESIAN_POINT ( 'NONE',  ( 0.06568470024334872900, 0.4956670226019793100, -0.08806521293576422000 ) ) ;
#2959 = ORIENTED_EDGE ( 'NONE', *, *, #554, .F. ) ;
#2960 = CARTESIAN_POINT ( 'NONE',  ( -0.04781447240315641500, 0.4977085934194028800, -0.06385034013216904500 ) ) ;
#2961 = ORIENTED_EDGE ( 'NONE', *, *, #850, .T. ) ;
#2962 = VERTEX_POINT ( 'NONE', #2745 ) ;
#2963 = CARTESIAN_POINT ( 'NONE',  ( 0.07691924750054775200, 0.4940480030968139600, -0.07747844431145432800 ) ) ;
#2964 = VERTEX_POINT ( 'NONE', #109 ) ;
#2965 = DIRECTION ( 'NONE',  ( 0.4088932042145546100, 0.9125822415251978500, 0.0000000000000000000 ) ) ;
#2966 = CARTESIAN_POINT ( 'NONE',  ( -0.1416816409593048000, 0.4795066423543609700, -0.03509594244925885700 ) ) ;
#2967 = CARTESIAN_POINT ( 'NONE',  ( -0.07067989511374359000, 0.4949791449445165000, -0.07958941439881592200 ) ) ;
#2968 = AXIS2_PLACEMENT_3D ( 'NONE', #2562, #2059, #3044 ) ;
#2969 = CARTESIAN_POINT ( 'NONE',  ( -0.09400159197269834800, 0.4910847696583045000, -0.04231097484002362100 ) ) ;
#2970 = CARTESIAN_POINT ( 'NONE',  ( 0.05632321559881133000, 0.4968177102945614000, -0.08260461109482103400 ) ) ;
#2971 = VERTEX_POINT ( 'NONE', #1771 ) ;
#2972 = CARTESIAN_POINT ( 'NONE',  ( 0.1586082738905545100, 0.4741777875240305600, -0.04116012406260009800 ) ) ;
#2973 = CARTESIAN_POINT ( 'NONE',  ( -0.04845178945784862200, 0.4976472505222367900, -0.04226402241654587200 ) ) ;
#2974 = CARTESIAN_POINT ( 'NONE',  ( -0.05437368872938808800, 0.4970356049306806100, -0.09476411512883610400 ) ) ;
#2975 = CARTESIAN_POINT ( 'NONE',  ( -0.06213103599227085000, 0.4961247342653750100, -0.06061342662618605200 ) ) ;
#2976 = CARTESIAN_POINT ( 'NONE',  ( 0.07673057802386346000, 0.4940773486205491400, -0.07852927653178211300 ) ) ;
#2977 = CARTESIAN_POINT ( 'NONE',  ( 0.0000000000000000000, 0.0000000000000000000, -0.1125395919254232500 ) ) ;
#2978 = ORIENTED_EDGE ( 'NONE', *, *, #2046, .F. ) ;
#2979 = FACE_BOUND ( 'NONE', #1770, .T. ) ;
#2980 = EDGE_CURVE ( 'NONE', #2858, #105, #3087, .T. ) ;
#2981 = CARTESIAN_POINT ( 'NONE',  ( 0.05671908442099168200, 0.4967740304795135200, -0.09257923142960486400 ) ) ;
#2982 = CARTESIAN_POINT ( 'NONE',  ( 0.1286086025223464000, 0.4831768135659139700, -0.08663816800907368800 ) ) ;
#2983 = EDGE_CURVE ( 'NONE', #1936, #931, #668, .T. ) ;
#2984 = DIRECTION ( 'NONE',  ( -0.0000000000000000000, -0.0000000000000000000, 1.000000000000000000 ) ) ;
#2985 = LINE ( 'NONE', #910, #2103 ) ;
#2986 = CARTESIAN_POINT ( 'NONE',  ( 0.06863035607531120500, 0.4952675078493207200, -0.08786223770741861900 ) ) ;
#2987 = CARTESIAN_POINT ( 'NONE',  ( -0.1423772173206059000, 0.4793004437200292800, -0.04196783954383692000 ) ) ;
#2988 = CARTESIAN_POINT ( 'NONE',  ( -0.1586911073956170400, 0.4741488548242692700, -0.07453549589689147100 ) ) ;
#2989 = ORIENTED_EDGE ( 'NONE', *, *, #342, .T. ) ;
#2990 = B_SPLINE_CURVE_WITH_KNOTS ( 'NONE', 3,
 ( #2367, #691, #2874, #1421, #3, #1651, #236, #1899, #466, #2144, #699, #2382, #933, #2632, #1187, #2883, #1432, #12, #1662, #249, #1912, #478, #2156, #711, #2392, #945, #2648, #1201, #2895, #1444, #24, #1672, #258 ),
 .UNSPECIFIED., .F., .F.,
 ( 4, 1, 1, 2, 2, 1, 2, 2, 1, 1, 1, 2, 2, 2, 2, 2, 1, 2, 2, 4 ),
 ( 0.0000000000000000000, 0.06249999999999948700, 0.09374999999999891800, 0.1093749999999982200, 0.1249999999999975400, 0.1874999999999969200, 0.2187499999999968400, 0.2499999999999967800, 0.3749999999999977200, 0.4374999999999985000, 0.4687499999999986100, 0.4843749999999985600, 0.4999999999999985600, 0.6249999999999980000, 0.7499999999999973400, 0.8749999999999967800, 0.9062499999999953400, 0.9218749999999952300, 0.9374999999999951200, 1.000000000000000000 ),
 .UNSPECIFIED. ) ;
#2991 = VERTEX_POINT ( 'NONE', #340 ) ;
#2992 = ORIENTED_EDGE ( 'NONE', *, *, #1569, .T. ) ;
#2993 = CARTESIAN_POINT ( 'NONE',  ( 0.1196790368533671700, 0.4854784419798917600, -0.07483950434119719700 ) ) ;
#2994 = DIRECTION ( 'NONE',  ( -0.0000000000000000000, 1.224606353822377300E-016, -1.000000000000000000 ) ) ;
#2995 = CARTESIAN_POINT ( 'NONE',  ( 0.1302194104504577900, 0.4827451761974791400, -0.09413501608613633600 ) ) ;
#2996 = CARTESIAN_POINT ( 'NONE',  ( 0.07239720289670663300, 0.4947309268775360600, -0.05720862065049410500 ) ) ;
#2997 = CARTESIAN_POINT ( 'NONE',  ( -0.1489575871142927700, 0.4772967850689676700, -0.09317357225987105100 ) ) ;
#2998 = COORDINATED_UNIVERSAL_TIME_OFFSET ( 5, 0, .BEHIND. ) ;
#2999 = EDGE_CURVE ( 'NONE', #1620, #2643, #597, .T. ) ;
#3000 = ORIENTED_EDGE ( 'NONE', *, *, #2013, .T. ) ;
#3001 = CARTESIAN_POINT ( 'NONE',  ( 0.1209458790556572600, 0.4851519022394273900, -0.04682843517910526000 ) ) ;
#3002 = CARTESIAN_POINT ( 'NONE',  ( -0.1259811444304085300, 0.4838685386685702700, -0.08470811910953642000 ) ) ;
#3003 = VERTEX_POINT ( 'NONE', #1780 ) ;
#3004 = CARTESIAN_POINT ( 'NONE',  ( -0.1010894049333961600, 0.4896750362436478900, -0.03546362159848147300 ) ) ;
#3005 = DIRECTION ( 'NONE',  ( -1.000000000000000000, 0.0000000000000000000, 0.0000000000000000000 ) ) ;
#3006 = CARTESIAN_POINT ( 'NONE',  ( -0.05186369054631581600, 0.4973028831636872600, -0.08807808089534287200 ) ) ;
#3007 = CARTESIAN_POINT ( 'NONE',  ( 0.1111176970812613000, 0.4874965203930762800, -0.03507989797590010900 ) ) ;
#3008 = CARTESIAN_POINT ( 'NONE',  ( 0.06409527149796040400, 0.4958747787210020500, -0.05476493734597884900 ) ) ;
#3009 = CARTESIAN_POINT ( 'NONE',  ( 0.1470646866918479400, 0.4778828154120604600, -0.04911909069840501200 ) ) ;
#3010 = CARTESIAN_POINT ( 'NONE',  ( -0.04083876827770708400, 0.4983294041149485800, -0.07747844431145432800 ) ) ;
#3011 = CARTESIAN_POINT ( 'NONE',  ( -0.1231338423589446300, 0.4846009255808063100, -0.07150806951339157300 ) ) ;
#3012 = CARTESIAN_POINT ( 'NONE',  ( -0.1130239072577792500, 0.4870585459924510800, -0.04689405520480519800 ) ) ;
#3013 = CARTESIAN_POINT ( 'NONE',  ( 0.1029679166283844600, 0.4892829186916530200, -0.04535698200892378900 ) ) ;
#3014 = CARTESIAN_POINT ( 'NONE',  ( -0.06240676362453558700, 0.4960901728083856900, -0.08153907912919249000 ) ) ;
#3015 = CARTESIAN_POINT ( 'NONE',  ( 0.09689411004874987100, 0.4905250009037673300, -0.04084228003307206800 ) ) ;
#3016 = FACE_BOUND ( 'NONE', #1235, .T. ) ;
#3017 = CIRCLE ( 'NONE', #1986, 0.5000000000000000000 ) ;
#3018 = AXIS2_PLACEMENT_3D ( 'NONE', #222, #451, #2128 ) ;
#3019 = CIRCLE ( 'NONE', #1607, 0.4999999999999999400 ) ;
#3020 = DIRECTION ( 'NONE',  ( -0.0000000000000000000, -0.0000000000000000000, 1.000000000000000000 ) ) ;
#3021 = CARTESIAN_POINT ( 'NONE',  ( 0.1623704763555922100, 0.4729016100395995700, -0.04131791092167375800 ) ) ;
#3022 = EDGE_CURVE ( 'NONE', #808, #95, #2251, .T. ) ;
#3023 = CARTESIAN_POINT ( 'NONE',  ( 0.08364483393386312700, 0.4929538941485059300, -0.06612169082871657800 ) ) ;
#3024 = CARTESIAN_POINT ( 'NONE',  ( -0.2037554365464989100, 0.4566001774832612000, -0.06915015842411333100 ) ) ;
#3025 = ORIENTED_EDGE ( 'NONE', *, *, #1513, .T. ) ;
#3026 = CARTESIAN_POINT ( 'NONE',  ( 0.0000000000000000000, -3.461046956879563400E-018, -0.01110755220600587200 ) ) ;
#3027 = CARTESIAN_POINT ( 'NONE',  ( 0.05318262213283109900, 0.4971644729417467000, -0.05876767377395604500 ) ) ;
#3028 = ADVANCED_FACE ( 'NONE', ( #3016, #1157 ), #450, .T. ) ;
#3029 = CARTESIAN_POINT ( 'NONE',  ( 0.1604925267703142300, 0.4735425391837207500, -0.09486390518361048600 ) ) ;
#3030 = CARTESIAN_POINT ( 'NONE',  ( 0.1754330112106534100, 0.4682128765947590800, -0.05304677822397428600 ) ) ;
#3031 = VERTEX_POINT ( 'NONE', #3023 ) ;
#3032 = CARTESIAN_POINT ( 'NONE',  ( 0.05630826096724251400, 0.4968193954207162400, -0.06641253754525366900 ) ) ;
#3033 = CARTESIAN_POINT ( 'NONE',  ( 0.1151069644488654800, 0.4865700517048022800, -0.08050326486048194100 ) ) ;
#3034 = CARTESIAN_POINT ( 'NONE',  ( 0.1467230381093374300, 0.4779885832563320900, -0.08087766311742117200 ) ) ;
#3035 = EDGE_LOOP ( 'NONE', ( #1539, #1532, #246, #189 ) ) ;
#3036 = CARTESIAN_POINT ( 'NONE',  ( -0.08801778958217003300, 0.4921919477096818900, -0.08170929618034390700 ) ) ;
#3037 = CARTESIAN_POINT ( 'NONE',  ( 0.08170067959405168100, 0.4932802938311053900, -0.08691686164542861100 ) ) ;
#3038 = EDGE_CURVE ( 'NONE', #2277, #1181, #1075, .T. ) ;
#3039 = DESIGN_CONTEXT ( 'detailed design', #3063, 'design' ) ;
#3040 = CARTESIAN_POINT ( 'NONE',  ( 0.1763964455872446500, 0.4678516076189266900, -0.08870228165913307500 ) ) ;
#3041 = CARTESIAN_POINT ( 'NONE',  ( 0.2021553294644830000, 0.4573108601040503100, -0.07596421051375594500 ) ) ;
#3042 = CARTESIAN_POINT ( 'NONE',  ( 0.01665349113075036800, 0.4997225842736728300, -0.05090837314246582400 ) ) ;
#3043 = CARTESIAN_POINT ( 'NONE',  ( 0.1208067351058188400, 0.4851862866498521900, -0.08656384709764450300 ) ) ;
#3044 = DIRECTION ( 'NONE',  ( 1.000000000000000000, 0.0000000000000000000, 0.0000000000000000000 ) ) ;
#3045 = CARTESIAN_POINT ( 'NONE',  ( 0.0000000000000000000, -6.609499411240539500E-016, 5.357874015748031100 ) ) ;
#3046 = ORIENTED_EDGE ( 'NONE', *, *, #2217, .T. ) ;
#3047 = CARTESIAN_POINT ( 'NONE',  ( 0.1844925652110707100, 0.4647176545118108500, -0.06947617723056466500 ) ) ;
#3048 = DIRECTION ( 'NONE',  ( 1.000000000000000000, 0.0000000000000000000, 0.0000000000000000000 ) ) ;
#3049 = B_SPLINE_CURVE_WITH_KNOTS ( 'NONE', 3,
 ( #1269, #772, #2956, #1497 ),
 .UNSPECIFIED., .F., .F.,
 ( 4, 4 ),
 ( 0.0000000000000000000, 1.000000000000000000 ),
 .UNSPECIFIED. ) ;
#3050 = CIRCLE ( 'NONE', #419, 0.5000000000000000000 ) ;
#3051 = CARTESIAN_POINT ( 'NONE',  ( -0.03404390112370862100, 0.4988396664222675100, -0.05022223595288375500 ) ) ;
#3052 = ORIENTED_EDGE ( 'NONE', *, *, #1216, .T. ) ;
#3053 = B_SPLINE_CURVE_WITH_KNOTS ( 'NONE', 3,
 ( #1230, #1468, #52, #1706 ),
 .UNSPECIFIED., .F., .F.,
 ( 4, 4 ),
 ( 0.0000000000000000000, 1.000000000000000000 ),
 .UNSPECIFIED. ) ;
#3054 = CARTESIAN_POINT ( 'NONE',  ( 0.1294882723780563800, 0.4829418053104807000, -0.05173646975058212400 ) ) ;
#3055 = FACE_OUTER_BOUND ( 'NONE', #1259, .T. ) ;
#3056 = EDGE_CURVE ( 'NONE', #2112, #2255, #1687, .T. ) ;
#3057 = ORIENTED_EDGE ( 'NONE', *, *, #443, .F. ) ;
#3058 = ORIENTED_EDGE ( 'NONE', *, *, #1320, .T. ) ;
#3059 = AXIS2_PLACEMENT_3D ( 'NONE', #2021, #2754, #2515 ) ;
#3060 = CARTESIAN_POINT ( 'NONE',  ( 0.04706239418707711800, 0.4977802043727129200, -0.07707727777127419700 ) ) ;
#3061 = CARTESIAN_POINT ( 'NONE',  ( -0.06441824303387434800, 0.4958355308019379300, -0.04040161711899389900 ) ) ;
#3062 = ADVANCED_FACE ( 'NONE', ( #2514 ), #374, .T. ) ;
#3063 = APPLICATION_CONTEXT ( 'configuration controlled 3d designs of mechanical parts and assemblies' ) ;
#3064 = CARTESIAN_POINT ( 'NONE',  ( -0.05148715930079015400, 0.4973420075030210400, -0.04189395006554275100 ) ) ;
#3065 = CARTESIAN_POINT ( 'NONE',  ( 0.2139262532695074300, 0.4519243110017932000, -0.04334818533838816200 ) ) ;
#3066 = DIRECTION ( 'NONE',  ( 1.000000000000000000, 0.0000000000000000000, 0.0000000000000000000 ) ) ;
#3067 = ORIENTED_EDGE ( 'NONE', *, *, #500, .T. ) ;
#3068 = CARTESIAN_POINT ( 'NONE',  ( 0.1770267781707161900, 0.4676125744785912300, -0.06413425896923748100 ) ) ;
#3069 = SHAPE_DEFINITION_REPRESENTATION ( #1659, #44 ) ;
#3070 = CARTESIAN_POINT ( 'NONE',  ( 0.009084902827491889800, 0.4999174577273882700, -0.07974979500800187500 ) ) ;
#3071 = ORIENTED_EDGE ( 'NONE', *, *, #146, .T. ) ;
#3072 = CARTESIAN_POINT ( 'NONE',  ( 0.01665349113075037900, 0.4997225842736728300, -0.07217862601951004200 ) ) ;
#3073 = APPROVAL_STATUS ( 'not_yet_approved' ) ;
#3074 = ORIENTED_EDGE ( 'NONE', *, *, #1131, .T. ) ;
#3075 = CARTESIAN_POINT ( 'NONE',  ( -0.1320993153189295400, 0.4822341759215288400, -0.04898002941523153800 ) ) ;
#3076 = ORIENTED_EDGE ( 'NONE', *, *, #542, .F. ) ;
#3077 = CARTESIAN_POINT ( 'NONE',  ( 0.2172428476248098300, 0.4503393666512662800, -0.05280116538958877500 ) ) ;
#3078 = CARTESIAN_POINT ( 'NONE',  ( 0.1845027526514593200, 0.4647136050925573200, -0.05886826044207331400 ) ) ;
#3079 = CARTESIAN_POINT ( 'NONE',  ( -0.1078080478769380500, 0.4882391081720816600, -0.07340454561685008600 ) ) ;
#3080 = AXIS2_PLACEMENT_3D ( 'NONE', #2644, #1199, #2894 ) ;
#3081 = CARTESIAN_POINT ( 'NONE',  ( 0.1753710295884076400, 0.4682365330871354200, -0.07637266840936622600 ) ) ;
#3082 = EDGE_CURVE ( 'NONE', #512, #2037, #1635, .T. ) ;
#3083 = VERTEX_POINT ( 'NONE', #2557 ) ;
#3084 = DIRECTION ( 'NONE',  ( -0.0000000000000000000, -0.0000000000000000000, 1.000000000000000000 ) ) ;
#3085 = CARTESIAN_POINT ( 'NONE',  ( -0.1303565075836359800, 0.4827081738279192000, -0.05968207159995730900 ) ) ;
#3086 = DIRECTION ( 'NONE',  ( 0.1851758038360771200, 0.9827054094049053600, 0.0000000000000000000 ) ) ;
#3087 = CIRCLE ( 'NONE', #1697, 0.4944322300693974000 ) ;
#3088 = CARTESIAN_POINT ( 'NONE',  ( 0.1678729292445809700, 0.4709764040486381100, -0.08597719623832933400 ) ) ;
#3089 = B_SPLINE_CURVE_WITH_KNOTS ( 'NONE', 3,
 ( #1713, #2007, #1794, #729, #3009, #1897, #1567, #1516, #1815, #115, #2688, #2171, #1173, #2418, #953, #2028, #383, #2035, #816, #1027, #2972, #3100 ),
 .UNSPECIFIED., .F., .F.,
 ( 4, 1, 1, 2, 2, 2, 1, 2, 2, 1, 2, 2, 4 ),
 ( 0.0000000000000000000, 0.1250000000000078300, 0.1875000000000117400, 0.2187500000000130700, 0.2500000000000144300, 0.5000000000000203200, 0.6250000000000253100, 0.6875000000000276400, 0.7500000000000277600, 0.8125000000000278700, 0.8437500000000256500, 0.8750000000000233100, 1.000000000000000000 ),
 .UNSPECIFIED. ) ;
#3090 = LINE ( 'NONE', #1830, #1872 ) ;
#3091 = CARTESIAN_POINT ( 'NONE',  ( -0.1392384964197835300, 0.4802215933146862800, -0.04205255208962929000 ) ) ;
#3092 = CARTESIAN_POINT ( 'NONE',  ( -6.055048479497819800E-017, -0.4944322300694035100, -0.01667532213660855700 ) ) ;
#3093 = CARTESIAN_POINT ( 'NONE',  ( 0.001514231483037283100, 0.4999977070977583100, -0.07974979500800187500 ) ) ;
#3094 = VERTEX_POINT ( 'NONE', #2310 ) ;
#3095 = CYLINDRICAL_SURFACE ( 'NONE', #1776, 0.5000000000000000000 ) ;
#3096 = CARTESIAN_POINT ( 'NONE',  ( 0.05440448801972651300, 0.4970313387335967800, -0.07433167720061240000 ) ) ;
#3097 = ORIENTED_EDGE ( 'NONE', *, *, #1876, .F. ) ;
#3098 = EDGE_CURVE ( 'NONE', #1843, #2124, #1132, .T. ) ;
#3099 = EDGE_LOOP ( 'NONE', ( #1613, #1257, #35, #2752, #1627 ) ) ;
#3100 = CARTESIAN_POINT ( 'NONE',  ( 0.1596283839517475800, 0.4738341260788984700, -0.04113683316669357300 ) ) ;
#3101 = ORIENTED_EDGE ( 'NONE', *, *, #493, .F. ) ;
#3102 = ORIENTED_EDGE ( 'NONE', *, *, #2402, .T. ) ;
#3103 = PRODUCT_RELATED_PRODUCT_CATEGORY ( 'detail', '', ( #1695 ) ) ;
#3104 = CARTESIAN_POINT ( 'NONE',  ( 0.0000000000000000000, 0.0000000000000000000, -0.03937007874015751400 ) ) ;
#3105 = CARTESIAN_POINT ( 'NONE',  ( -0.07890936904105534700, 0.4937340516701282400, -0.05583971084435752900 ) ) ;
#3106 = CARTESIAN_POINT ( 'NONE',  ( 0.1294882723780563800, 0.4829418053104807000, -0.05173646975058212400 ) ) ;
#3107 = CARTESIAN_POINT ( 'NONE',  ( -0.08622137923090358900, 0.4925098278011777500, -0.09134535096623258600 ) ) ;
ENDSEC;
END-ISO-10303-21;
