ISO-10303-21;
HEADER;
FILE_DESCRIPTION (( 'STEP AP203' ),
    '1' );
FILE_NAME ('20532-E0W.STEP',
    '2016-09-30T18:02:04',
    ( 'admin' ),
    ( '' ),
    'SwSTEP 2.0',
    'SolidWorks 2016',
    '' );
FILE_SCHEMA (( 'CONFIG_CONTROL_DESIGN' ));
ENDSEC;

DATA;
#1 = FACE_BOUND ( 'NONE', #517, .T. ) ;
#3 = ORIENTED_EDGE ( 'NONE', *, *, #1839, .F. ) ;
#2 = AXIS2_PLACEMENT_3D ( 'NONE', #1338, #1329, #1319 ) ;
#4 = CARTESIAN_POINT ( 'NONE',  ( 0.05482524353841135300, 0.4969851485607756900, -0.07541495126744557400 ) ) ;
#5 = CARTESIAN_POINT ( 'NONE',  ( 0.09353946591450794400, 0.4911724443430615100, -0.04536068625273337300 ) ) ;
#6 = FACE_OUTER_BOUND ( 'NONE', #2616, .T. ) ;
#7 = CARTESIAN_POINT ( 'NONE',  ( 0.2318292581638389200, 0.4430759297421500400, -0.07123598758965947500 ) ) ;
#8 = CARTESIAN_POINT ( 'NONE',  ( -0.08588330552205757100, 0.4925688356286915300, -0.07426445518505618600 ) ) ;
#9 = CIRCLE ( 'NONE', #1271, 0.5000000000000000000 ) ;
#10 = CARTESIAN_POINT ( 'NONE',  ( -0.07955317001685155400, 0.4936307847361650100, -0.08038839910541417700 ) ) ;
#11 = DIRECTION ( 'NONE',  ( 1.000000000000000000, 0.0000000000000000000, 0.0000000000000000000 ) ) ;
#12 = DIRECTION ( 'NONE',  ( -1.224646799147353000E-016, -1.000000000000000000, 0.0000000000000000000 ) ) ;
#13 = B_SPLINE_CURVE_WITH_KNOTS ( 'NONE', 3,
 ( #2881, #1477, #1721, #346, #1957, #575, #2188, #795, #2440, #1029, #2678, #1269, #2889, #1487, #126, #1733, #355, #1968, #585, #2197, #810, #2449, #1036 ),
 .UNSPECIFIED., .F., .F.,
 ( 4, 1, 2, 2, 2, 2, 1, 2, 2, 1, 2, 2, 4 ),
 ( 0.0000000000000000000, 0.06249999999999907000, 0.09374999999999901500, 0.1249999999999989700, 0.2499999999999997800, 0.5000000000000005600, 0.6250000000000011100, 0.6875000000000013300, 0.7500000000000014400, 0.8125000000000016700, 0.8437500000000017800, 0.8750000000000018900, 1.000000000000000000 ),
 .UNSPECIFIED. ) ;
#14 = DIRECTION ( 'NONE',  ( 1.000000000000000000, 0.0000000000000000000, 0.0000000000000000000 ) ) ;
#15 = COORDINATED_UNIVERSAL_TIME_OFFSET ( 5, 0, .BEHIND. ) ;
#16 = CARTESIAN_POINT ( 'NONE',  ( -0.09279220974659731200, 0.4913142672633870600, -0.08430408952040317800 ) ) ;
#17 = DIRECTION ( 'NONE',  ( 1.000000000000000000, 0.0000000000000000000, 0.0000000000000000000 ) ) ;
#18 = CARTESIAN_POINT ( 'NONE',  ( -0.08588330552205757100, 0.4925688356286915300, -0.07426445518505618600 ) ) ;
#19 = CARTESIAN_POINT ( 'NONE',  ( 0.1627578901916473800, 0.4727692750586695600, -0.09152021536619495100 ) ) ;
#20 = EDGE_CURVE ( 'NONE', #1620, #91, #788, .T. ) ;
#21 = CARTESIAN_POINT ( 'NONE',  ( 0.09348173310732337000, 0.4911834370539669400, -0.05064615416104749400 ) ) ;
#22 = CARTESIAN_POINT ( 'NONE',  ( 0.06409527149796040400, 0.4958747787210020500, -0.05155094821958072800 ) ) ;
#23 = CARTESIAN_POINT ( 'NONE',  ( 0.1014429880353299500, 0.4896012032995369400, -0.04461986138951674900 ) ) ;
#24 = CARTESIAN_POINT ( 'NONE',  ( 0.1551023365096507700, 0.4753350874123511400, -0.08420585921008677500 ) ) ;
#25 = DIRECTION ( 'NONE',  ( -0.0000000000000000000, -0.0000000000000000000, 1.000000000000000000 ) ) ;
#26 = DIRECTION ( 'NONE',  ( -0.0000000000000000000, -0.0000000000000000000, 1.000000000000000000 ) ) ;
#27 = CARTESIAN_POINT ( 'NONE',  ( 0.1795923460306483000, 0.4666345762511930300, -0.08146592505366201400 ) ) ;
#28 = CARTESIAN_POINT ( 'NONE',  ( -0.03465756054145716800, 0.4987974565778580100, -0.08107020194935017600 ) ) ;
#29 = ORIENTED_EDGE ( 'NONE', *, *, #1420, .T. ) ;
#30 = CARTESIAN_POINT ( 'NONE',  ( 0.06200232415348937800, 0.4961414110861724300, -0.08423900646557543100 ) ) ;
#31 = CARTESIAN_POINT ( 'NONE',  ( -0.1104545934422342500, 0.4876472826039831600, -0.08536668753503991200 ) ) ;
#32 = CARTESIAN_POINT ( 'NONE',  ( 0.0000000000000000000, 0.0000000000000000000, -0.03937007874015751400 ) ) ;
#33 = CARTESIAN_POINT ( 'NONE',  ( 0.07011946888934333900, 0.4950598862501569600, -0.05884935289216547400 ) ) ;
#34 = EDGE_CURVE ( 'NONE', #2191, #1457, #2427, .T. ) ;
#35 = AXIS2_PLACEMENT_3D ( 'NONE', #2112, #510, #2120 ) ;
#36 = CARTESIAN_POINT ( 'NONE',  ( -0.2219933881459617800, 0.4480166689080624100, -0.06593616929771518900 ) ) ;
#37 = CIRCLE ( 'NONE', #2352, 0.5000000000000000000 ) ;
#38 = CARTESIAN_POINT ( 'NONE',  ( 0.1846958516598518600, 0.4646368931751228000, -0.06404209674901140100 ) ) ;
#39 = CARTESIAN_POINT ( 'NONE',  ( -0.1154848564189082400, 0.4864804736470757500, -0.07243664442601077700 ) ) ;
#40 = AXIS2_PLACEMENT_3D ( 'NONE', #573, #2187, #793 ) ;
#41 = CYLINDRICAL_SURFACE ( 'NONE', #1509, 0.5000000000000000000 ) ;
#42 = CARTESIAN_POINT ( 'NONE',  ( 0.05632321559881448000, 0.4968177102945611800, -0.07939062196843753300 ) ) ;
#43 = CARTESIAN_POINT ( 'NONE',  ( -0.1021418057118305400, 0.4894581314055829700, -0.09096862083672567500 ) ) ;
#44 = ORIENTED_EDGE ( 'NONE', *, *, #2847, .F. ) ;
#45 = DIRECTION ( 'NONE',  ( -0.0000000000000000000, -0.0000000000000000000, 1.000000000000000000 ) ) ;
#46 = B_SPLINE_CURVE_WITH_KNOTS ( 'NONE', 3,
 ( #2093, #473, #2582, #1167 ),
 .UNSPECIFIED., .F., .F.,
 ( 4, 4 ),
 ( 0.0000000000000000000, 1.000000000000000000 ),
 .UNSPECIFIED. ) ;
#47 = CARTESIAN_POINT ( 'NONE',  ( 6.089141237617258400E-017, -0.4944322300693972400, 0.09541547961692452300 ) ) ;
#48 = ORIENTED_EDGE ( 'NONE', *, *, #2238, .T. ) ;
#49 = CARTESIAN_POINT ( 'NONE',  ( -0.06942967329204280400, 0.4951560566796696100, -0.04816758207784844300 ) ) ;
#50 = CARTESIAN_POINT ( 'NONE',  ( -0.2124386692749137600, 0.4526254683803611100, -0.04078016252161511400 ) ) ;
#51 = CARTESIAN_POINT ( 'NONE',  ( 0.0000000000000000000, 0.0000000000000000000, -0.03937007874015751400 ) ) ;
#52 = DIRECTION ( 'NONE',  ( -0.0000000000000000000, 1.224606353822377300E-016, -1.000000000000000000 ) ) ;
#53 =( LENGTH_UNIT ( ) NAMED_UNIT ( * ) SI_UNIT ( $, .METRE. ) );
#54 = EDGE_CURVE ( 'NONE', #692, #624, #1333, .T. ) ;
#55 = EDGE_CURVE ( 'NONE', #1563, #2650, #1880, .T. ) ;
#56 = CARTESIAN_POINT ( 'NONE',  ( -0.1439998265260767900, 0.4788155555302024400, -0.08440754792223097200 ) ) ;
#57 = CARTESIAN_POINT ( 'NONE',  ( 0.07285371583277415500, 0.4946638930647422300, -0.05429047796363546700 ) ) ;
#58 = B_SPLINE_CURVE_WITH_KNOTS ( 'NONE', 3,
 ( #609, #483, #960, #1978, #1293, #836, #2725, #2517, #2497, #2274, #2262, #2242, #2220, #2023 ),
 .UNSPECIFIED., .F., .F.,
 ( 4, 2, 2, 2, 2, 2, 4 ),
 ( 0.0000000000000000000, 0.2499999999999994400, 0.3749999999999997200, 0.5000000000000000000, 0.7499999999999997800, 0.8749999999999997800, 1.000000000000000000 ),
 .UNSPECIFIED. ) ;
#59 = CARTESIAN_POINT ( 'NONE',  ( 0.06617132919729340500, 0.4956020129017470500, -0.05836500030922336900 ) ) ;
#60 = CARTESIAN_POINT ( 'NONE',  ( 0.04912585090731435400, 0.4975808597286786000, -0.08092428426522918500 ) ) ;
#61 = DIRECTION ( 'NONE',  ( -0.0000000000000000000, -0.0000000000000000000, 1.000000000000000000 ) ) ;
#62 = CARTESIAN_POINT ( 'NONE',  ( -0.1509481460564941200, 0.4766704533244140500, -0.07513044100360978500 ) ) ;
#63 = DATE_TIME_ROLE ( 'creation_date' ) ;
#64 = CARTESIAN_POINT ( 'NONE',  ( 0.1959915392970010600, 0.4599862134064368600, -0.09092102695973820800 ) ) ;
#65 = FACE_BOUND ( 'NONE', #2470, .T. ) ;
#66 = VERTEX_POINT ( 'NONE', #334 ) ;
#67 = CYLINDRICAL_SURFACE ( 'NONE', #2244, 0.5000000000000000000 ) ;
#68 = CARTESIAN_POINT ( 'NONE',  ( -0.05449621962863549600, 0.4970213788104508900, -0.03203876593628382500 ) ) ;
#69 = EDGE_CURVE ( 'NONE', #1660, #1958, #9, .T. ) ;
#70 = CARTESIAN_POINT ( 'NONE',  ( -0.08922754227057787300, 0.4919745875705079900, -0.06070580159505566800 ) ) ;
#71 = ORIENTED_EDGE ( 'NONE', *, *, #2324, .F. ) ;
#72 = CARTESIAN_POINT ( 'NONE',  ( 0.1603720295373525500, 0.4735836018204511200, -0.03793423472861837100 ) ) ;
#73 = ORIENTED_EDGE ( 'NONE', *, *, #1528, .T. ) ;
#74 = CARTESIAN_POINT ( 'NONE',  ( -0.1517922269526570700, 0.4764022669159416700, -0.05505293826894794300 ) ) ;
#75 = CARTESIAN_POINT ( 'NONE',  ( -0.06916933892723098300, 0.4951924941590906700, -0.04506659629731086400 ) ) ;
#76 = LOCAL_TIME ( 14, 2, 4.000000000000000000, #677 ) ;
#77 = DIRECTION ( 'NONE',  ( 0.1851758038360771200, 0.9827054094049053600, 0.0000000000000000000 ) ) ;
#78 = CARTESIAN_POINT ( 'NONE',  ( 0.1749244510094393700, 0.4684030836322844400, -0.04834881807288068900 ) ) ;
#79 = CARTESIAN_POINT ( 'NONE',  ( 0.1180616340356267100, 0.4858627589010204300, -0.04045447138422570600 ) ) ;
#80 = CARTESIAN_POINT ( 'NONE',  ( -0.1497191075598365800, 0.4770579269635229500, -0.04458965373340698800 ) ) ;
#81 = ADVANCED_FACE ( 'NONE', ( #1751 ), #2301, .T. ) ;
#82 = EDGE_CURVE ( 'NONE', #2484, #848, #2741, .T. ) ;
#83 = CARTESIAN_POINT ( 'NONE',  ( 0.07684051600676541900, 0.4940602609487198500, -0.07471787050822315000 ) ) ;
#84 = CARTESIAN_POINT ( 'NONE',  ( 0.0000000000000000000, -5.376214744674539800E-016, 4.350787401574804000 ) ) ;
#85 = CARTESIAN_POINT ( 'NONE',  ( 0.06238631027796489500, 0.4960932854273329400, -0.05162788552989924100 ) ) ;
#86 = CARTESIAN_POINT ( 'NONE',  ( 0.2044466021072772800, 0.4562911207625989200, -0.06593616929771518900 ) ) ;
#87 = AXIS2_PLACEMENT_3D ( 'NONE', #2545, #1131, #2763 ) ;
#88 = DIRECTION ( 'NONE',  ( -0.0000000000000000000, -0.0000000000000000000, 1.000000000000000000 ) ) ;
#89 = B_SPLINE_CURVE_WITH_KNOTS ( 'NONE', 3,
 ( #837, #1072, #2924, #1530, #165, #1777, #395, #2016, #623, #2243, #849, #2498, #1083, #2726, #1322, #2936, #1537, #181 ),
 .UNSPECIFIED., .F., .F.,
 ( 4, 2, 2, 2, 2, 2, 2, 2, 4 ),
 ( 0.0000000000000000000, 0.1249999999999993100, 0.1874999999999990000, 0.2499999999999987200, 0.4999999999999998900, 0.7500000000000011100, 0.8750000000000006700, 0.9375000000000003300, 1.000000000000000000 ),
 .UNSPECIFIED. ) ;
#90 = B_SPLINE_CURVE_WITH_KNOTS ( 'NONE', 3,
 ( #643, #2030, #2513, #1103, #2740, #1337, #2956, #1559, #199, #1810, #428, #2042, #655, #2272, #873, #2526, #1116, #2751, #1345, #2966, #1571, #212, #1817, #441 ),
 .UNSPECIFIED., .F., .F.,
 ( 4, 2, 2, 1, 2, 2, 1, 2, 2, 1, 1, 2, 2, 4 ),
 ( 0.0000000000000000000, 0.06250000000000176200, 0.1250000000000035200, 0.1875000000000052700, 0.2187500000000060000, 0.2500000000000067200, 0.3750000000000046100, 0.4375000000000038300, 0.5000000000000030000, 0.6249999999999998900, 0.6874999999999985600, 0.7187499999999978900, 0.7499999999999971100, 1.000000000000000000 ),
 .UNSPECIFIED. ) ;
#91 = VERTEX_POINT ( 'NONE', #765 ) ;
#92 = CARTESIAN_POINT ( 'NONE',  ( 0.07535108914710485200, 0.4942898939803210800, -0.07968867571972461400 ) ) ;
#93 = CARTESIAN_POINT ( 'NONE',  ( 0.1769747641133852800, 0.4676322642086909700, -0.06308988364123750700 ) ) ;
#94 = LENGTH_MEASURE_WITH_UNIT ( LENGTH_MEASURE( 0.02539999999999999900 ), #53 );
#95 = CARTESIAN_POINT ( 'NONE',  ( 0.2152647118369179500, 0.4512883079060289200, -0.04475329857572582500 ) ) ;
#96 = CIRCLE ( 'NONE', #581, 0.5000000000000001100 ) ;
#97 = VERTEX_POINT ( 'NONE', #1129 ) ;
#98 = CARTESIAN_POINT ( 'NONE',  ( -0.1378987072354045100, 0.4806079952741232300, -0.09142831075086313400 ) ) ;
#99 = CARTESIAN_POINT ( 'NONE',  ( 0.0000000000000000000, -4.102286176767980200E-018, -0.005871263680416325500 ) ) ;
#100 = FACE_OUTER_BOUND ( 'NONE', #413, .T. ) ;
#101 = ORIENTED_EDGE ( 'NONE', *, *, #1140, .T. ) ;
#102 = CARTESIAN_POINT ( 'NONE',  ( -0.1125935526753289300, 0.4871577689988613200, -0.04019419473684298500 ) ) ;
#103 = EDGE_CURVE ( 'NONE', #271, #938, #1142, .T. ) ;
#104 = VERTEX_POINT ( 'NONE', #2800 ) ;
#105 = ORIENTED_EDGE ( 'NONE', *, *, #69, .T. ) ;
#106 = CARTESIAN_POINT ( 'NONE',  ( 0.1740619869365042400, 0.4687242781039199800, -0.07621388355322247800 ) ) ;
#107 = CARTESIAN_POINT ( 'NONE',  ( -0.08827138278270581200, 0.4921464852883021800, -0.05549032208390537000 ) ) ;
#108 = DIRECTION ( 'NONE',  ( -0.0000000000000000000, -0.0000000000000000000, 1.000000000000000000 ) ) ;
#109 = CARTESIAN_POINT ( 'NONE',  ( 0.1217434150701648400, 0.4849521159274924300, -0.04588122894704857500 ) ) ;
#110 = CARTESIAN_POINT ( 'NONE',  ( 0.1049321676024134500, 0.4888657442415906300, -0.05789982477996999400 ) ) ;
#111 = CARTESIAN_POINT ( 'NONE',  ( 0.1290176214355014400, 0.4830677571607890900, -0.04533408764282893800 ) ) ;
#112 = CARTESIAN_POINT ( 'NONE',  ( 0.1661061738549870800, 0.4716031376070772800, -0.08364751662521498200 ) ) ;
#113 = CARTESIAN_POINT ( 'NONE',  ( -0.04133260351621593400, 0.4982889621431042000, -0.04361444605270761000 ) ) ;
#114 = CARTESIAN_POINT ( 'NONE',  ( -0.1305767480493059700, 0.4826486576145837500, -0.07040339772057101200 ) ) ;
#115 = DIRECTION ( 'NONE',  ( -1.000000000000000000, 0.0000000000000000000, 0.0000000000000000000 ) ) ;
#116 = CARTESIAN_POINT ( 'NONE',  ( 0.07617105541825382200, 0.4941639103743507000, -0.06366481860116764100 ) ) ;
#117 = EDGE_CURVE ( 'NONE', #2224, #2599, #1676, .T. ) ;
#118 = CARTESIAN_POINT ( 'NONE',  ( 0.1151373596955691000, 0.4865629218120642300, -0.03216185876168713800 ) ) ;
#119 = CARTESIAN_POINT ( 'NONE',  ( -0.1229269795891102700, 0.4846534417213165200, -0.05934817913084119300 ) ) ;
#120 = AXIS2_PLACEMENT_3D ( 'NONE', #716, #2343, #943 ) ;
#121 = CARTESIAN_POINT ( 'NONE',  ( -0.1353534546150286800, 0.4813311381265810700, -0.08267239818197659500 ) ) ;
#122 = B_SPLINE_CURVE_WITH_KNOTS ( 'NONE', 3,
 ( #1824, #7, #1584, #226 ),
 .UNSPECIFIED., .F., .F.,
 ( 4, 4 ),
 ( 0.0000000000000000000, 1.000000000000000000 ),
 .UNSPECIFIED. ) ;
#123 = EDGE_LOOP ( 'NONE', ( #2174, #915, #1750, #2328, #2793 ) ) ;
#124 = CARTESIAN_POINT ( 'NONE',  ( 0.0000000000000000000, -0.4944322300693976800, -0.01143903361101896800 ) ) ;
#125 = CARTESIAN_POINT ( 'NONE',  ( -0.1520072025094221200, 0.4763337174557975000, -0.06177202635404469000 ) ) ;
#126 = CARTESIAN_POINT ( 'NONE',  ( -0.04392261778727897500, 0.4980673558274992300, -0.03293482005306183600 ) ) ;
#127 = LINE ( 'NONE', #1301, #2044 ) ;
#128 = CARTESIAN_POINT ( 'NONE',  ( 0.06935172996757776900, 0.4951670701808073000, -0.09148333702758856800 ) ) ;
#129 = CARTESIAN_POINT ( 'NONE',  ( -0.1044295295646651800, 0.4889740444523614200, -0.05251871254746294500 ) ) ;
#130 = CARTESIAN_POINT ( 'NONE',  ( 0.1847906837189696200, 0.4645991855467201900, -0.06095575969747291800 ) ) ;
#131 = CIRCLE ( 'NONE', #1162, 0.4944322300693972900 ) ;
#132 = ADVANCED_FACE ( 'NONE', ( #2908 ), #990, .T. ) ;
#133 = ORIENTED_EDGE ( 'NONE', *, *, #2761, .F. ) ;
#134 = ORIENTED_EDGE ( 'NONE', *, *, #1251, .F. ) ;
#135 = EDGE_CURVE ( 'NONE', #2191, #827, #2222, .T. ) ;
#136 = CARTESIAN_POINT ( 'NONE',  ( 0.0000000000000000000, 0.0000000000000000000, -0.01700680354162161700 ) ) ;
#137 = DIRECTION ( 'NONE',  ( 0.0000000000000000000, 0.0000000000000000000, -1.000000000000000000 ) ) ;
#138 = CARTESIAN_POINT ( 'NONE',  ( 0.2096689916984778600, 0.4539150954971024600, -0.05041527287130695400 ) ) ;
#139 = CARTESIAN_POINT ( 'NONE',  ( 0.08378049991832793600, 0.4929308581430564800, -0.07862724260511094700 ) ) ;
#140 = AXIS2_PLACEMENT_3D ( 'NONE', #2059, #809, #1604 ) ;
#141 = CARTESIAN_POINT ( 'NONE',  ( -0.1152614982772529900, 0.4865334399242722800, -0.06684284203400763000 ) ) ;
#142 = CARTESIAN_POINT ( 'NONE',  ( 0.1805692373834305900, 0.4662621380976499900, -0.04255289294372625200 ) ) ;
#143 = CALENDAR_DATE ( 2016, 30, 9 ) ;
#144 = ORIENTED_EDGE ( 'NONE', *, *, #1385, .T. ) ;
#145 = CARTESIAN_POINT ( 'NONE',  ( 0.05375798975333082700, 0.4971020056737483500, -0.08715776192601276700 ) ) ;
#146 = CARTESIAN_POINT ( 'NONE',  ( -0.09881019071245783500, 0.4901393639243291600, -0.08468385636657108100 ) ) ;
#147 = CARTESIAN_POINT ( 'NONE',  ( 0.1242014704638447500, 0.4843284095005125400, -0.07640138247495675800 ) ) ;
#148 = CARTESIAN_POINT ( 'NONE',  ( 0.1544474879911783300, 0.4755494326068938100, -0.03150558399561433100 ) ) ;
#149 = CARTESIAN_POINT ( 'NONE',  ( -0.1360041780652991900, 0.4811476212017350400, -0.04021429364338552400 ) ) ;
#150 = CARTESIAN_POINT ( 'NONE',  ( 0.1612965872885962200, 0.4732737952010060400, -0.03114959003149715300 ) ) ;
#151 = CARTESIAN_POINT ( 'NONE',  ( -6.055048479497753200E-017, -0.4944322300693979600, -0.01143903361101890700 ) ) ;
#152 = CARTESIAN_POINT ( 'NONE',  ( -0.1080959936996136600, 0.4881754441839698000, -0.07300834916368854900 ) ) ;
#153 = EDGE_CURVE ( 'NONE', #2122, #1714, #460, .T. ) ;
#154 = VERTEX_POINT ( 'NONE', #2103 ) ;
#155 = CARTESIAN_POINT ( 'NONE',  ( 0.1959915392970010600, 0.4599862134064368600, -0.09092102695973820800 ) ) ;
#156 = CARTESIAN_POINT ( 'NONE',  ( -0.1433532401000908700, 0.4790092797189050000, -0.03198565321787655300 ) ) ;
#157 = CARTESIAN_POINT ( 'NONE',  ( -0.1590864879494102400, 0.4740163388743232600, -0.06658017868779757300 ) ) ;
#158 = CONICAL_SURFACE ( 'NONE', #1773, 0.5000000000000001100, 0.7853981633974789200 ) ;
#159 = CARTESIAN_POINT ( 'NONE',  ( 0.1468205995337575900, 0.4779579079961305800, -0.04642420034517931400 ) ) ;
#160 = ADVANCED_FACE ( 'NONE', ( #1597, #530 ), #2152, .T. ) ;
#161 = VERTEX_POINT ( 'NONE', #488 ) ;
#162 = CARTESIAN_POINT ( 'NONE',  ( -0.04761756033120462300, 0.4977274697511160900, -0.07703646007342265800 ) ) ;
#163 = CIRCLE ( 'NONE', #1256, 0.4999999999999999400 ) ;
#164 = CARTESIAN_POINT ( 'NONE',  ( 0.1243927259853083000, 0.4842793335969757800, -0.07663455958125503500 ) ) ;
#165 = CARTESIAN_POINT ( 'NONE',  ( 0.1378061077232168900, 0.4806345491410607400, -0.07740587248790094200 ) ) ;
#166 = CARTESIAN_POINT ( 'NONE',  ( 0.1148137182660939100, 0.4866393698568357000, -0.07703646007414637100 ) ) ;
#167 = LINE ( 'NONE', #1183, #2578 ) ;
#168 = CARTESIAN_POINT ( 'NONE',  ( -0.1557642889181766500, 0.4751184322483016400, -0.04130377091342782300 ) ) ;
#169 = VERTEX_POINT ( 'NONE', #1980 ) ;
#170 = CARTESIAN_POINT ( 'NONE',  ( -0.1554659237586947200, 0.4752167241396250100, -0.08315412026167767800 ) ) ;
#171 = VERTEX_POINT ( 'NONE', #1903 ) ;
#172 = EDGE_LOOP ( 'NONE', ( #843, #1955, #544, #877, #144 ) ) ;
#173 = ORIENTED_EDGE ( 'NONE', *, *, #2434, .T. ) ;
#174 = ORIENTED_EDGE ( 'NONE', *, *, #855, .T. ) ;
#175 = CARTESIAN_POINT ( 'NONE',  ( 0.1563242913148890100, 0.4749344836107093900, -0.03823508131793580000 ) ) ;
#176 = EDGE_CURVE ( 'NONE', #2383, #1712, #1521, .T. ) ;
#177 = CC_DESIGN_PERSON_AND_ORGANIZATION_ASSIGNMENT ( #224, #2360, ( #2386 ) ) ;
#178 = CARTESIAN_POINT ( 'NONE',  ( -0.04245223009359226600, 0.4981955127591712300, -0.08203846936212534600 ) ) ;
#179 = ORIENTED_EDGE ( 'NONE', *, *, #153, .F. ) ;
#180 = B_SPLINE_CURVE_WITH_KNOTS ( 'NONE', 3,
 ( #130, #359, #1976, #590, #2206, #815, #2459, #1043, #2696, #1289, #2898, #1504, #142, #1748, #365, #1985, #599, #2213, #823, #2469, #1057, #2700, #1298, #2910, #1512, #150, #1760 ),
 .UNSPECIFIED., .F., .F.,
 ( 4, 1, 1, 2, 2, 2, 2, 2, 2, 2, 2, 1, 2, 2, 4 ),
 ( 0.0000000000000000000, 0.06249999999999930600, 0.09374999999999895900, 0.1093749999999990800, 0.1249999999999992200, 0.1874999999999990800, 0.2499999999999989500, 0.4999999999999997800, 0.6249999999999995600, 0.6874999999999994400, 0.7499999999999993300, 0.8124999999999992200, 0.8437499999999984500, 0.8749999999999975600, 1.000000000000000000 ),
 .UNSPECIFIED. ) ;
#181 = CARTESIAN_POINT ( 'NONE',  ( 0.1590901593902417900, 0.4740151064947060200, -0.09167814385858739900 ) ) ;
#182 = AXIS2_PLACEMENT_3D ( 'NONE', #786, #1947, #2430 ) ;
#183 = CARTESIAN_POINT ( 'NONE',  ( 0.1198555851891306000, 0.4854231138628072300, -0.08203846936215637700 ) ) ;
#184 = CARTESIAN_POINT ( 'NONE',  ( -0.1429565837532824900, 0.4791281616308069600, -0.09161898578607329000 ) ) ;
#185 = CARTESIAN_POINT ( 'NONE',  ( -0.1230074649758107200, 0.4846330195348609300, -0.05710385261015705300 ) ) ;
#186 = ORIENTED_EDGE ( 'NONE', *, *, #2798, .F. ) ;
#187 = DIRECTION ( 'NONE',  ( 0.03330698226150075700, 0.9994451685473456600, 0.0000000000000000000 ) ) ;
#188 = CARTESIAN_POINT ( 'NONE',  ( 0.0000000000000000000, 0.0000000000000000000, -0.06669328619656436600 ) ) ;
#189 = CARTESIAN_POINT ( 'NONE',  ( 0.1246879285935520000, 0.4842034114814103800, -0.07700316367729315200 ) ) ;
#190 = EDGE_LOOP ( 'NONE', ( #1761, #1019, #2154 ) ) ;
#191 = DIRECTION ( 'NONE',  ( 8.659560562355053700E-017, -0.7071067811865572300, -0.7071067811865378000 ) ) ;
#192 = CARTESIAN_POINT ( 'NONE',  ( 6.123233995736767300E-017, -0.5000000000000001100, 0.08984770968632187200 ) ) ;
#193 = CARTESIAN_POINT ( 'NONE',  ( -0.2055955672965958700, 0.4557790287785997200, -0.06048650495287367200 ) ) ;
#194 = CARTESIAN_POINT ( 'NONE',  ( -0.06137651813015391300, 0.4962186351463353500, -0.04498048693551492300 ) ) ;
#195 = CARTESIAN_POINT ( 'NONE',  ( -0.09490564427991538000, 0.4909112324425323200, -0.05200361229947880700 ) ) ;
#196 = CARTESIAN_POINT ( 'NONE',  ( -0.1258663037413439400, 0.4838984220770085100, -0.04233910234137282900 ) ) ;
#197 = EDGE_CURVE ( 'NONE', #1127, #1971, #2184, .T. ) ;
#198 = CARTESIAN_POINT ( 'NONE',  ( 0.04715948626957466900, 0.4977710156331446300, -0.06684284203399734600 ) ) ;
#199 = CARTESIAN_POINT ( 'NONE',  ( -0.1317903004644557200, 0.4823186920980112600, -0.04677711893859124600 ) ) ;
#200 = ORIENTED_EDGE ( 'NONE', *, *, #1306, .T. ) ;
#201 = EDGE_CURVE ( 'NONE', #1174, #1150, #2382, .T. ) ;
#202 = CARTESIAN_POINT ( 'NONE',  ( 0.1260744275659693400, 0.4838447644306744800, -0.07884837952709412800 ) ) ;
#203 = CARTESIAN_POINT ( 'NONE',  ( -0.05688207049734080700, 0.4967547784764282400, -0.05882688567212976400 ) ) ;
#204 = CARTESIAN_POINT ( 'NONE',  ( 0.0000000000000000000, 0.0000000000000000000, -0.03262302574835117300 ) ) ;
#205 = CARTESIAN_POINT ( 'NONE',  ( -0.05122827693615282500, 0.4973687401135628600, -0.03867996093914462900 ) ) ;
#206 = ORIENTED_EDGE ( 'NONE', *, *, #912, .T. ) ;
#207 = CARTESIAN_POINT ( 'NONE',  ( -0.1057989133261937300, 0.4886787151971194200, -0.06244883509835141800 ) ) ;
#208 = CYLINDRICAL_SURFACE ( 'NONE', #1493, 0.5000000000000001100 ) ;
#209 = CARTESIAN_POINT ( 'NONE',  ( -0.1401399230173054600, 0.4799603212287365500, -0.03188232873911254300 ) ) ;
#210 = CARTESIAN_POINT ( 'NONE',  ( -0.1257738902042774600, 0.4839224524736743200, -0.08097993133040969100 ) ) ;
#211 = CIRCLE ( 'NONE', #838, 0.4999999999999999400 ) ;
#212 = CARTESIAN_POINT ( 'NONE',  ( -0.1302823149135689500, 0.4827282066390215500, -0.05799164110408966400 ) ) ;
#213 = ORIENTED_EDGE ( 'NONE', *, *, #2633, .F. ) ;
#214 = CARTESIAN_POINT ( 'NONE',  ( 0.1196790368537388700, 0.4854784419798028900, -0.07162551521507593000 ) ) ;
#215 = VERTEX_POINT ( 'NONE', #2010 ) ;
#216 = CARTESIAN_POINT ( 'NONE',  ( 0.2093467512935623100, 0.4540638035814255100, -0.03186590884950198800 ) ) ;
#217 = CARTESIAN_POINT ( 'NONE',  ( 0.1055442098200698900, 0.4887338041895037400, -0.03249870271106705000 ) ) ;
#218 = DIRECTION ( 'NONE',  ( 0.0000000000000000000, -1.000000000000000000, -2.024624379285791500E-016 ) ) ;
#219 = DIRECTION ( 'NONE',  ( -1.000000000000000000, 0.0000000000000000000, -0.0000000000000000000 ) ) ;
#220 = CARTESIAN_POINT ( 'NONE',  ( -0.09356443301344287400, 0.4911677523811319700, -0.09150117647215337500 ) ) ;
#221 = CARTESIAN_POINT ( 'NONE',  ( -0.1230080840801509500, 0.4846328760550930900, -0.06660819459394018400 ) ) ;
#222 = DIRECTION ( 'NONE',  ( -0.0000000000000000000, -0.0000000000000000000, 1.000000000000000000 ) ) ;
#223 = EDGE_CURVE ( 'NONE', #1581, #2862, #376, .T. ) ;
#224 = PERSON_AND_ORGANIZATION ( #1231, #2935 ) ;
#225 = CARTESIAN_POINT ( 'NONE',  ( 0.09341854361453931500, 0.4911954559868800800, -0.04626961657548191900 ) ) ;
#226 = CARTESIAN_POINT ( 'NONE',  ( 0.2178393359680879700, 0.4500511345447120200, -0.03186590884950198800 ) ) ;
#227 = EDGE_LOOP ( 'NONE', ( #564, #2461, #1663, #586, #2388, #354, #2476, #1204, #2946, #1932, #587, #1107, #2547, #1156, #1789, #1638 ) ) ;
#228 = CARTESIAN_POINT ( 'NONE',  ( -0.08596180129570223100, 0.4925551492644261700, -0.07471787050822899200 ) ) ;
#229 = CARTESIAN_POINT ( 'NONE',  ( -0.07912489112675395700, 0.4936995631675613100, -0.07899305558318375800 ) ) ;
#230 = CARTESIAN_POINT ( 'NONE',  ( 0.2079327584393097200, 0.4547170830943743100, -0.05558890501344303200 ) ) ;
#231 = CARTESIAN_POINT ( 'NONE',  ( -0.1973566733472811300, 0.4594076187961684800, -0.08486409176894474400 ) ) ;
#232 = CARTESIAN_POINT ( 'NONE',  ( 0.0000000000000000000, 0.0000000000000000000, -0.03937007874015751400 ) ) ;
#233 = CARTESIAN_POINT ( 'NONE',  ( 0.1360576254545840800, 0.4811323337249951400, -0.07201676439159769600 ) ) ;
#234 = ORIENTED_EDGE ( 'NONE', *, *, #820, .F. ) ;
#235 = VERTEX_POINT ( 'NONE', #1368 ) ;
#236 = ORIENTED_EDGE ( 'NONE', *, *, #2883, .F. ) ;
#237 = CARTESIAN_POINT ( 'NONE',  ( -0.09378372548548388800, 0.4911258931683041800, -0.08457673776680169100 ) ) ;
#238 = CARTESIAN_POINT ( 'NONE',  ( -0.2015563940486132500, 0.4576418954551547100, -0.05155094821958072800 ) ) ;
#239 = EDGE_CURVE ( 'NONE', #955, #2937, #1641, .T. ) ;
#240 = CARTESIAN_POINT ( 'NONE',  ( 0.2269146453298003800, 0.4455499528195710500, -0.07880715657815129400 ) ) ;
#241 = CARTESIAN_POINT ( 'NONE',  ( 0.05226272096577739400, 0.4972617500562341900, -0.05642650583806388400 ) ) ;
#242 = CARTESIAN_POINT ( 'NONE',  ( 0.1655712014078557200, 0.4717915384293457400, -0.09109692405064770400 ) ) ;
#243 = CYLINDRICAL_SURFACE ( 'NONE', #2092, 0.5000000000000000000 ) ;
#244 = AXIS2_PLACEMENT_3D ( 'NONE', #2051, #1578, #218 ) ;
#245 = DIRECTION ( 'NONE',  ( -0.0000000000000000000, -0.0000000000000000000, 1.000000000000000000 ) ) ;
#246 = CARTESIAN_POINT ( 'NONE',  ( 0.1021694761660770400, 0.4894502676658396000, -0.04319742542946009700 ) ) ;
#247 = FACE_OUTER_BOUND ( 'NONE', #399, .T. ) ;
#248 = CARTESIAN_POINT ( 'NONE',  ( 0.1523229250606719700, 0.4762367139770365400, -0.08316864215387528800 ) ) ;
#249 = CIRCLE ( 'NONE', #2, 4.390157480314961400 ) ;
#250 = DIRECTION ( 'NONE',  ( -0.0000000000000000000, -0.0000000000000000000, 1.000000000000000000 ) ) ;
#251 = CARTESIAN_POINT ( 'NONE',  ( -0.06668757797581814600, 0.4955336098275447400, -0.05812785569986366600 ) ) ;
#252 = CARTESIAN_POINT ( 'NONE',  ( 0.1816964318690520400, 0.4658181913267687700, -0.07728121596004759700 ) ) ;
#253 = CARTESIAN_POINT ( 'NONE',  ( -0.03605598904161067700, 0.4986987898594631400, -0.07884837952676335100 ) ) ;
#254 = ORIENTED_EDGE ( 'NONE', *, *, #345, .T. ) ;
#255 = ORIENTED_EDGE ( 'NONE', *, *, #2091, .T. ) ;
#256 = CARTESIAN_POINT ( 'NONE',  ( -0.1108460642701224600, 0.4875584492126166500, -0.08488176528224057600 ) ) ;
#257 = CARTESIAN_POINT ( 'NONE',  ( 0.0000000000000000000, 0.0000000000000000000, 17.96062992125984100 ) ) ;
#258 = ORIENTED_EDGE ( 'NONE', *, *, #176, .T. ) ;
#259 = CARTESIAN_POINT ( 'NONE',  ( 0.07272924519909020100, 0.4946829013082289000, -0.06008570311185558500 ) ) ;
#260 = CARTESIAN_POINT ( 'NONE',  ( -0.2168378704171730300, 0.4505345025111232000, -0.05041527287130694700 ) ) ;
#261 = CARTESIAN_POINT ( 'NONE',  ( 0.1847749243225725000, 0.4646054537230879800, -0.06221564566683276300 ) ) ;
#262 = EDGE_CURVE ( 'NONE', #2456, #992, #1110, .T. ) ;
#263 = CARTESIAN_POINT ( 'NONE',  ( -0.1153563952505322500, 0.4865109483729659300, -0.07386328864496959100 ) ) ;
#264 = CARTESIAN_POINT ( 'NONE',  ( -0.09978673742445022500, 0.4899416566698459600, -0.09144306569655374900 ) ) ;
#265 = CARTESIAN_POINT ( 'NONE',  ( -6.055048479497123400E-017, -0.4944322300693460000, -0.1113479021982223300 ) ) ;
#266 = ADVANCED_BREP_SHAPE_REPRESENTATION ( '20532-E0W', ( #2099, #269, #35 ), #2405 ) ;
#267 = DIRECTION ( 'NONE',  ( -0.0000000000000000000, -0.0000000000000000000, 1.000000000000000000 ) ) ;
#268 = CARTESIAN_POINT ( 'NONE',  ( -0.2123124994000917300, 0.4526846655560180000, -0.04129059273249526000 ) ) ;
#269 = MANIFOLD_SOLID_BREP ( '20532-001-1-solid2', #1414 ) ;
#270 = DIRECTION ( 'NONE',  ( -0.0000000000000000000, -0.0000000000000000000, 1.000000000000000000 ) ) ;
#271 = VERTEX_POINT ( 'NONE', #124 ) ;
#272 = EDGE_CURVE ( 'NONE', #2215, #2759, #578, .T. ) ;
#273 = CARTESIAN_POINT ( 'NONE',  ( 0.04687232202082076300, 0.4977981372287129100, -0.07066814991552257400 ) ) ;
#274 = FACE_OUTER_BOUND ( 'NONE', #2674, .T. ) ;
#275 = CARTESIAN_POINT ( 'NONE',  ( -0.1464794325996373000, 0.4780634322018556500, -0.08309890540041571500 ) ) ;
#276 = AXIS2_PLACEMENT_3D ( 'NONE', #2322, #922, #2591 ) ;
#277 = VECTOR ( 'NONE', #435, 39.37007874015748100 ) ;
#278 = ORIENTED_EDGE ( 'NONE', *, *, #350, .T. ) ;
#279 = CARTESIAN_POINT ( 'NONE',  ( 0.0000000000000000000, 0.0000000000000000000, -0.06593616929771518900 ) ) ;
#280 = ORIENTED_EDGE ( 'NONE', *, *, #1818, .F. ) ;
#281 = CARTESIAN_POINT ( 'NONE',  ( 0.05053025184710919400, 0.4974408562611820600, -0.08337742688846891400 ) ) ;
#282 = CARTESIAN_POINT ( 'NONE',  ( -0.1515417564425486600, 0.4764820098023159200, -0.07136539217180015700 ) ) ;
#283 = APPROVAL_ROLE ( '' ) ;
#284 = DIRECTION ( 'NONE',  ( 0.0000000000000000000, 1.000000000000000000, 1.381305580180739800E-016 ) ) ;
#285 = EDGE_CURVE ( 'NONE', #1054, #366, #2712, .T. ) ;
#286 = CARTESIAN_POINT ( 'NONE',  ( -0.05595930466371548700, 0.4968590019368077100, -0.03226049407547394000 ) ) ;
#287 = CARTESIAN_POINT ( 'NONE',  ( -0.08779627314733622100, 0.4922315303291298100, -0.06209703867787871900 ) ) ;
#288 = CARTESIAN_POINT ( 'NONE',  ( 0.0000000000000000000, 0.0000000000000000000, -0.03186590884950198800 ) ) ;
#289 = AXIS2_PLACEMENT_3D ( 'NONE', #645, #1990, #622 ) ;
#290 = CARTESIAN_POINT ( 'NONE',  ( 0.1623704763555930100, 0.4729016100395994100, -0.03810392179527575400 ) ) ;
#291 = CARTESIAN_POINT ( 'NONE',  ( -0.1517699131406911000, 0.4764093761403395100, -0.05474030633265654400 ) ) ;
#292 = CARTESIAN_POINT ( 'NONE',  ( -0.06930357017231869600, 0.4951737239867236000, -0.04592554235886987800 ) ) ;
#293 = CARTESIAN_POINT ( 'NONE',  ( 0.0000000000000000000, -1.650592511675795500E-017, 0.09541547961692459200 ) ) ;
#294 = ORIENTED_EDGE ( 'NONE', *, *, #657, .T. ) ;
#295 = DIRECTION ( 'NONE',  ( 0.0000000000000000000, -1.224606353822377300E-016, 1.000000000000000000 ) ) ;
#296 = CARTESIAN_POINT ( 'NONE',  ( 0.1754330112106536600, 0.4682128765947590200, -0.04983278909757717800 ) ) ;
#297 = ADVANCED_FACE ( 'NONE', ( #2780 ), #2085, .T. ) ;
#298 = CARTESIAN_POINT ( 'NONE',  ( -0.06442529258138034200, 0.4958320212245073100, -0.06138119571132325700 ) ) ;
#299 = ORIENTED_EDGE ( 'NONE', *, *, #2933, .F. ) ;
#300 = CARTESIAN_POINT ( 'NONE',  ( -0.1482058654500228700, 0.4775309951600998900, -0.04212284062321614000 ) ) ;
#301 = B_SPLINE_CURVE_WITH_KNOTS ( 'NONE', 3,
 ( #1146, #1598, #238, #1847 ),
 .UNSPECIFIED., .F., .F.,
 ( 4, 4 ),
 ( 0.0000000000000000000, 1.000000000000000000 ),
 .UNSPECIFIED. ) ;
#302 = FACE_BOUND ( 'NONE', #1410, .T. ) ;
#303 = ORIENTED_EDGE ( 'NONE', *, *, #448, .F. ) ;
#304 = B_SPLINE_CURVE_WITH_KNOTS ( 'NONE', 3,
 ( #644, #2033, #1191, #2857, #1464, #98, #1697, #321, #1942, #551, #2166, #775, #2415, #1010, #2656, #1248, #2868 ),
 .UNSPECIFIED., .F., .F.,
 ( 4, 1, 2, 2, 2, 2, 2, 2, 4 ),
 ( 0.0000000000000000000, 0.1250000000000016700, 0.1875000000000005800, 0.2499999999999995000, 0.4999999999999961100, 0.7499999999999926700, 0.8124999999999935600, 0.8749999999999945600, 1.000000000000000000 ),
 .UNSPECIFIED. ) ;
#305 = CYLINDRICAL_SURFACE ( 'NONE', #783, 0.5000000000000001100 ) ;
#306 = DIRECTION ( 'NONE',  ( -0.0000000000000000000, -0.0000000000000000000, 1.000000000000000000 ) ) ;
#308 = EDGE_LOOP ( 'NONE', ( #565, #1134, #381, #952, #1860, #2502, #2079, #2447, #996, #2467, #439, #1449, #424 ) ) ;
#307 = EDGE_CURVE ( 'NONE', #1971, #2292, #58, .T. ) ;
#309 = CARTESIAN_POINT ( 'NONE',  ( 0.07766726321442657400, 0.4939309630148540100, -0.03262302574835117300 ) ) ;
#310 = ORIENTED_EDGE ( 'NONE', *, *, #1951, .T. ) ;
#311 = CARTESIAN_POINT ( 'NONE',  ( 0.2137403331682760600, 0.4520122711029785400, -0.03930935501791917000 ) ) ;
#312 = DIRECTION ( 'NONE',  ( 1.000000000000000000, 0.0000000000000000000, 0.0000000000000000000 ) ) ;
#313 = VECTOR ( 'NONE', #1590, 39.37007874015748100 ) ;
#314 = VERTEX_POINT ( 'NONE', #2229 ) ;
#315 = VERTEX_POINT ( 'NONE', #2034 ) ;
#316 = DIRECTION ( 'NONE',  ( -0.0000000000000000000, -0.0000000000000000000, 1.000000000000000000 ) ) ;
#317 = CARTESIAN_POINT ( 'NONE',  ( 0.07277108048740511800, 0.4946769522561258500, -0.08292129327286064400 ) ) ;
#318 = CARTESIAN_POINT ( 'NONE',  ( 0.1768938557498377100, 0.4676628741877489900, -0.06465586742417031600 ) ) ;
#319 = CARTESIAN_POINT ( 'NONE',  ( 0.2157618443619780100, 0.4510508120796197800, -0.04611656238447941300 ) ) ;
#320 = DIRECTION ( 'NONE',  ( -0.0000000000000000000, -0.0000000000000000000, 1.000000000000000000 ) ) ;
#321 = CARTESIAN_POINT ( 'NONE',  ( -0.1352235004785212500, 0.4813686882662417400, -0.09080646986290469300 ) ) ;
#322 = DIRECTION ( 'NONE',  ( 0.0000000000000000000, 1.000000000000000000, 1.216526059678616900E-016 ) ) ;
#323 = EDGE_CURVE ( 'NONE', #1953, #928, #1454, .T. ) ;
#324 = PRODUCT_DEFINITION ( 'UNKNOWN', '', #1092, #2493 ) ;
#325 = CARTESIAN_POINT ( 'NONE',  ( -0.4944322300693972900, 6.089141237617258400E-017, -0.1113479021982212200 ) ) ;
#326 = CARTESIAN_POINT ( 'NONE',  ( 0.1736438468672872000, 0.4688793566048194400, -0.07700243575690483800 ) ) ;
#327 = DIRECTION ( 'NONE',  ( -0.0000000000000000000, -0.0000000000000000000, 1.000000000000000000 ) ) ;
#328 = AXIS2_PLACEMENT_3D ( 'NONE', #566, #115, #2439 ) ;
#329 = CARTESIAN_POINT ( 'NONE',  ( -0.1302289823264978200, 0.4827425942057447200, -0.06325859619681563400 ) ) ;
#330 = ORIENTED_EDGE ( 'NONE', *, *, #1669, .T. ) ;
#331 = DIRECTION ( 'NONE',  ( -0.0000000000000000000, -0.0000000000000000000, 1.000000000000000000 ) ) ;
#332 = EDGE_LOOP ( 'NONE', ( #2411, #254, #1519, #689 ) ) ;
#333 = CARTESIAN_POINT ( 'NONE',  ( 0.1034598713844384900, 0.4891790974178210600, -0.05595854389732320800 ) ) ;
#334 = CARTESIAN_POINT ( 'NONE',  ( 0.07766726321442657400, 0.4939309630148540100, -0.03262302574835117300 ) ) ;
#335 = CARTESIAN_POINT ( 'NONE',  ( 0.1283574969695212600, 0.4832438146070077200, -0.04281831282635136700 ) ) ;
#336 = CARTESIAN_POINT ( 'NONE',  ( 0.1644948199180887000, 0.4721668915819088900, -0.08419931860362689400 ) ) ;
#337 = CARTESIAN_POINT ( 'NONE',  ( -0.04051316170400934300, 0.4983559948312479800, -0.04588122894705033700 ) ) ;
#338 = ORIENTED_EDGE ( 'NONE', *, *, #2829, .T. ) ;
#339 = CARTESIAN_POINT ( 'NONE',  ( -0.1311350792101549900, 0.4824972664473633500, -0.07433045427434052700 ) ) ;
#340 = B_SPLINE_CURVE_WITH_KNOTS ( 'NONE', 3,
 ( #1226, #987, #1682, #309 ),
 .UNSPECIFIED., .F., .F.,
 ( 4, 4 ),
 ( 0.0000000000000000000, 1.000000000000000000 ),
 .UNSPECIFIED. ) ;
#341 = CIRCLE ( 'NONE', #1033, 0.4999999999999999400 ) ;
#342 = ORIENTED_EDGE ( 'NONE', *, *, #2496, .F. ) ;
#343 = VERTEX_POINT ( 'NONE', #1775 ) ;
#344 = CARTESIAN_POINT ( 'NONE',  ( -0.06543866444872358000, 0.4956995556932870500, -0.06001312747926134500 ) ) ;
#345 = EDGE_CURVE ( 'NONE', #2209, #2024, #249, .T. ) ;
#346 = CARTESIAN_POINT ( 'NONE',  ( -0.03289486675531552700, 0.4989167565976853600, -0.04598117601453603100 ) ) ;
#347 = CIRCLE ( 'NONE', #2779, 0.5000000000000000000 ) ;
#348 = ORIENTED_EDGE ( 'NONE', *, *, #2175, .T. ) ;
#349 = CARTESIAN_POINT ( 'NONE',  ( 0.1136803941832920800, 0.4869061050123022500, -0.03196725079197555700 ) ) ;
#350 = EDGE_CURVE ( 'NONE', #1136, #597, #2527, .T. ) ;
#351 = ORIENTED_EDGE ( 'NONE', *, *, #1690, .F. ) ;
#352 = CARTESIAN_POINT ( 'NONE',  ( 0.1455017623546051900, 0.4783609904159242800, -0.05006037432497139500 ) ) ;
#353 = CARTESIAN_POINT ( 'NONE',  ( -0.1367788603223825400, 0.4809280524316599800, -0.08371244449567294400 ) ) ;
#354 = ORIENTED_EDGE ( 'NONE', *, *, #307, .T. ) ;
#355 = CARTESIAN_POINT ( 'NONE',  ( -0.04582040743042459900, 0.4978966504959768100, -0.03241933707350248800 ) ) ;
#356 = ADVANCED_FACE ( 'NONE', ( #2008 ), #2646, .T. ) ;
#357 = CARTESIAN_POINT ( 'NONE',  ( 0.07188175494162625500, 0.4948072275189616700, -0.09101724453350050500 ) ) ;
#358 = CARTESIAN_POINT ( 'NONE',  ( -0.1075060182822735900, 0.4883066254777419000, -0.05411146925856132700 ) ) ;
#359 = CARTESIAN_POINT ( 'NONE',  ( 0.1847714945522053500, 0.4646068178873629100, -0.05979780913046080900 ) ) ;
#360 = CARTESIAN_POINT ( 'NONE',  ( 0.08115667577644074300, 0.4933760869303243600, -0.06316007400193485200 ) ) ;
#361 = DIRECTION ( 'NONE',  ( 1.000000000000000000, 0.0000000000000000000, 0.0000000000000000000 ) ) ;
#362 = EDGE_CURVE ( 'NONE', #992, #669, #1963, .T. ) ;
#363 = CARTESIAN_POINT ( 'NONE',  ( 0.08423922137834302700, 0.4928526933595128200, -0.07640997587823558600 ) ) ;
#364 = CARTESIAN_POINT ( 'NONE',  ( -0.1155090106798377000, 0.4864747368693431200, -0.06919182366604387200 ) ) ;
#365 = CARTESIAN_POINT ( 'NONE',  ( 0.1759722186511947500, 0.4680129572215324700, -0.03715065626229212300 ) ) ;
#366 = VERTEX_POINT ( 'NONE', #1349 ) ;
#367 = ORIENTED_EDGE ( 'NONE', *, *, #1113, .F. ) ;
#368 = CARTESIAN_POINT ( 'NONE',  ( 0.05671908442099536000, 0.4967740304795129100, -0.08936524230321503400 ) ) ;
#369 = CARTESIAN_POINT ( 'NONE',  ( -0.1006819848516356300, 0.4897588446586216300, -0.08423900646558771200 ) ) ;
#370 = CARTESIAN_POINT ( 'NONE',  ( 0.1276946851355200100, 0.4834191911606821600, -0.08154725250232124100 ) ) ;
#371 = CIRCLE ( 'NONE', #1975, 0.5000000000000000000 ) ;
#372 = ORIENTED_EDGE ( 'NONE', *, *, #2743, .T. ) ;
#373 = CARTESIAN_POINT ( 'NONE',  ( -0.1352774720056317300, 0.4813522904990013600, -0.04078428195976917900 ) ) ;
#374 = ORIENTED_EDGE ( 'NONE', *, *, #403, .T. ) ;
#375 = VECTOR ( 'NONE', #1476, 39.37007874015748100 ) ;
#376 = CIRCLE ( 'NONE', #2203, 5.397244094488188500 ) ;
#377 = CARTESIAN_POINT ( 'NONE',  ( -0.03177296638009651000, 0.4989894574315639800, -0.08888996561730598500 ) ) ;
#378 = EDGE_CURVE ( 'NONE', #2662, #1814, #840, .T. ) ;
#379 = CARTESIAN_POINT ( 'NONE',  ( -0.1081629420542428300, 0.4881606067332455700, -0.07111768807421428600 ) ) ;
#380 = CARTESIAN_POINT ( 'NONE',  ( 0.1281138227959045000, 0.4833082819515173200, -0.08235320605209987800 ) ) ;
#381 = ORIENTED_EDGE ( 'NONE', *, *, #2451, .T. ) ;
#382 = ORIENTED_EDGE ( 'NONE', *, *, #1609, .F. ) ;
#383 = AXIS2_PLACEMENT_3D ( 'NONE', #204, #1812, #434 ) ;
#384 = CARTESIAN_POINT ( 'NONE',  ( 0.1770267781707161900, 0.4676125744785912300, -0.06092026984283936000 ) ) ;
#385 = CARTESIAN_POINT ( 'NONE',  ( -0.1451002422149188500, 0.4784836764396229200, -0.03224963247208279700 ) ) ;
#386 = ADVANCED_FACE ( 'NONE', ( #1387 ), #702, .T. ) ;
#387 = CARTESIAN_POINT ( 'NONE',  ( -0.1589327444308948900, 0.4740679209706174500, -0.06899661635251092000 ) ) ;
#388 = EDGE_LOOP ( 'NONE', ( #501, #2735, #2155, #2339, #2772, #2298, #455, #1855, #959, #1361 ) ) ;
#389 = COORDINATED_UNIVERSAL_TIME_OFFSET ( 5, 0, .BEHIND. ) ;
#390 = DIRECTION ( 'NONE',  ( 0.0000000000000000000, -1.000000000000000000, -2.024624379285791500E-016 ) ) ;
#391 = CARTESIAN_POINT ( 'NONE',  ( 0.1472284230936840900, 0.4778323961090081800, -0.04556997453054994300 ) ) ;
#392 = CARTESIAN_POINT ( 'NONE',  ( -0.04711500416627616200, 0.4977752296143171900, -0.07746084801329114500 ) ) ;
#393 = CARTESIAN_POINT ( 'NONE',  ( 0.1222870048309406000, 0.4848188818589004300, -0.07410273538648203000 ) ) ;
#394 = B_SPLINE_CURVE_WITH_KNOTS ( 'NONE', 3,
 ( #1576, #1821, #39, #1619, #263, #1868, #485, #2101, #713, #2336, #936, #2595, #1181, #2805, #1404 ),
 .UNSPECIFIED., .F., .F.,
 ( 4, 1, 2, 2, 2, 2, 2, 4 ),
 ( 0.0000000000000000000, 0.1249999999999981700, 0.1874999999999982500, 0.2499999999999983300, 0.4999999999999988900, 0.6249999999999991100, 0.7499999999999994400, 1.000000000000000000 ),
 .UNSPECIFIED. ) ;
#395 = CARTESIAN_POINT ( 'NONE',  ( 0.1386999869812441700, 0.4803773780214294400, -0.07933859550854047100 ) ) ;
#396 = CARTESIAN_POINT ( 'NONE',  ( 0.1153049760618527800, 0.4865231395633206100, -0.07746084801366034900 ) ) ;
#397 = CARTESIAN_POINT ( 'NONE',  ( -0.1567481302360198600, 0.4747951711039271600, -0.04368006607823985600 ) ) ;
#398 = B_SPLINE_CURVE_WITH_KNOTS ( 'NONE', 3,
 ( #560, #1244, #782, #2423, #1015, #2661, #1255, #2874, #1474, #113, #1718, #337, #1954, #571, #2180, #791, #2436, #1026 ),
 .UNSPECIFIED., .F., .F.,
 ( 4, 1, 2, 2, 2, 2, 1, 2, 2, 4 ),
 ( 0.0000000000000000000, 0.1250000000000000800, 0.1875000000000000000, 0.2499999999999999400, 0.5000000000000001100, 0.7500000000000002200, 0.8125000000000001100, 0.8437500000000006700, 0.8750000000000012200, 1.000000000000000000 ),
 .UNSPECIFIED. ) ;
#399 = EDGE_LOOP ( 'NONE', ( #236, #2508, #1356, #937, #1239, #2586, #133, #1416, #1222, #299 ) ) ;
#400 = CARTESIAN_POINT ( 'NONE',  ( -0.1526396973376012400, 0.4761325381923300300, -0.08721190067242456900 ) ) ;
#401 = CARTESIAN_POINT ( 'NONE',  ( 0.1570090479680852400, 0.4747085270927650600, -0.03811372453502976500 ) ) ;
#402 = CARTESIAN_POINT ( 'NONE',  ( 0.07452208091247573800, 0.4944152702500949600, -0.05549032208390538400 ) ) ;
#403 = EDGE_CURVE ( 'NONE', #1224, #2599, #1315, .T. ) ;
#404 = ORIENTED_EDGE ( 'NONE', *, *, #2109, .F. ) ;
#405 = CARTESIAN_POINT ( 'NONE',  ( -0.2155338456908270900, 0.4511621169181357400, -0.04650350222725284400 ) ) ;
#406 = DIRECTION ( 'NONE',  ( -0.0000000000000000000, -0.0000000000000000000, 1.000000000000000000 ) ) ;
#407 = ORIENTED_EDGE ( 'NONE', *, *, #1914, .T. ) ;
#408 = CARTESIAN_POINT ( 'NONE',  ( -0.1411497147234121200, 0.4796631714375196900, -0.09167814385858739900 ) ) ;
#409 = CARTESIAN_POINT ( 'NONE',  ( -0.1230685889551839000, 0.4846175033204582800, -0.05595419982667779900 ) ) ;
#410 = ORIENTED_EDGE ( 'NONE', *, *, #1857, .F. ) ;
#411 = CARTESIAN_POINT ( 'NONE',  ( 0.06625340955855869900, 0.4955910468540223900, -0.09167814385858739900 ) ) ;
#412 = DIRECTION ( 'NONE',  ( -0.05297337612224425900, 0.9985959249977997000, 0.0000000000000000000 ) ) ;
#413 = EDGE_LOOP ( 'NONE', ( #179, #760, #2138, #1650, #1943, #303, #2123, #672, #442, #1044, #2421, #174, #410 ) ) ;
#414 = FACE_OUTER_BOUND ( 'NONE', #2668, .T. ) ;
#415 = CARTESIAN_POINT ( 'NONE',  ( 0.1283035255998898300, 0.4832579396231986300, -0.08274228815571865700 ) ) ;
#416 = CARTESIAN_POINT ( 'NONE',  ( 0.05442000312282856100, 0.4970296404679643300, -0.07212954152046363600 ) ) ;
#417 = ORIENTED_EDGE ( 'NONE', *, *, #2073, .T. ) ;
#418 = CARTESIAN_POINT ( 'NONE',  ( -0.1411497147234121200, 0.4796631714375196900, -0.08486409176894474400 ) ) ;
#419 = DIRECTION ( 'NONE',  ( 0.0000000000000000000, 1.000000000000000000, 1.381305580180739800E-016 ) ) ;
#420 = LINE ( 'NONE', #2643, #2809 ) ;
#421 = CARTESIAN_POINT ( 'NONE',  ( -0.06083050199800589500, 0.4962859280719464900, -0.04375074052199465900 ) ) ;
#422 = ORIENTED_EDGE ( 'NONE', *, *, #1755, .F. ) ;
#423 = CARTESIAN_POINT ( 'NONE',  ( -0.09676851384486588600, 0.4905466327830335600, -0.05165727999294494200 ) ) ;
#424 = ORIENTED_EDGE ( 'NONE', *, *, #480, .T. ) ;
#425 = CARTESIAN_POINT ( 'NONE',  ( -0.1275803042605802000, 0.4834504495039815800, -0.03890116969875637800 ) ) ;
#426 = ORIENTED_EDGE ( 'NONE', *, *, #2219, .F. ) ;
#427 = CARTESIAN_POINT ( 'NONE',  ( 0.04690623565458145600, 0.4977949439448421900, -0.06919182366608578300 ) ) ;
#428 = CARTESIAN_POINT ( 'NONE',  ( -0.1314788533420020700, 0.4824037213375618700, -0.04790909943912835500 ) ) ;
#429 = EDGE_CURVE ( 'NONE', #1457, #1572, #1423, .T. ) ;
#430 = CARTESIAN_POINT ( 'NONE',  ( 0.1285583084381603200, 0.4831901996668331300, -0.08330506930424093300 ) ) ;
#431 = CARTESIAN_POINT ( 'NONE',  ( -0.05871800928356248800, 0.4965403450963796200, -0.05659186551300236800 ) ) ;
#432 = AXIS2_PLACEMENT_3D ( 'NONE', #2601, #1876, #1187 ) ;
#433 = ORIENTED_EDGE ( 'NONE', *, *, #2894, .F. ) ;
#434 = DIRECTION ( 'NONE',  ( 0.01816980565498378000, 0.9998349154547765400, 0.0000000000000000000 ) ) ;
#435 = DIRECTION ( 'NONE',  ( 0.0000000000000000000, 0.0000000000000000000, 1.000000000000000000 ) ) ;
#436 = CARTESIAN_POINT ( 'NONE',  ( -0.1028674161245414600, 0.4893062123480199100, -0.05967667523448768500 ) ) ;
#437 = CARTESIAN_POINT ( 'NONE',  ( -0.04147541774492272100, 0.4982768203748636500, -0.08334985797124638800 ) ) ;
#438 = CARTESIAN_POINT ( 'NONE',  ( -0.1252318907254395000, 0.4840631092436908400, -0.07954750565457993600 ) ) ;
#439 = ORIENTED_EDGE ( 'NONE', *, *, #2390, .T. ) ;
#440 = B_SPLINE_CURVE_WITH_KNOTS ( 'NONE', 3,
 ( #1861, #256, #31, #2097, #703, #2329, #929, #2590, #1172, #2801, #1397, #43, #1624, #264, #1873, #490, #2105, #715, #2340, #941 ),
 .UNSPECIFIED., .F., .F.,
 ( 4, 1, 2, 2, 2, 2, 2, 1, 2, 2, 4 ),
 ( 0.0000000000000000000, 0.06250000000000080500, 0.09375000000000016700, 0.1249999999999995300, 0.2500000000000032200, 0.5000000000000108800, 0.7500000000000185400, 0.8125000000000191000, 0.8437500000000179900, 0.8750000000000168800, 1.000000000000000000 ),
 .UNSPECIFIED. ) ;
#441 = CARTESIAN_POINT ( 'NONE',  ( -0.1302194104504575100, 0.4827451761974792500, -0.06177202635404469000 ) ) ;
#442 = ORIENTED_EDGE ( 'NONE', *, *, #2598, .F. ) ;
#443 = CARTESIAN_POINT ( 'NONE',  ( -0.03277058342419520600, 0.4989249742168160300, -0.08510795620840226600 ) ) ;
#444 = CARTESIAN_POINT ( 'NONE',  ( 0.1033906902256864500, 0.4891949227778976100, -0.03313947110775165200 ) ) ;
#445 = CARTESIAN_POINT ( 'NONE',  ( 0.05607729149108391100, 0.4968465358359874800, -0.05350447483859224100 ) ) ;
#446 = CARTESIAN_POINT ( 'NONE',  ( 0.1598301651206249000, 0.4737661008530620300, -0.08486409176894474400 ) ) ;
#447 = CARTESIAN_POINT ( 'NONE',  ( -0.09193671140455718400, 0.4914764272588889600, -0.09126103786785368100 ) ) ;
#448 = EDGE_CURVE ( 'NONE', #2326, #1246, #882, .T. ) ;
#449 = CARTESIAN_POINT ( 'NONE',  ( -0.1228948704354094900, 0.4846615838094287000, -0.06179568625713372000 ) ) ;
#450 = AXIS2_PLACEMENT_3D ( 'NONE', #2934, #876, #2923 ) ;
#451 = CARTESIAN_POINT ( 'NONE',  ( 0.09334633249776272400, 0.4912091839812062200, -0.04739772822947412700 ) ) ;
#452 = CARTESIAN_POINT ( 'NONE',  ( -0.08616878718360239400, 0.4925189753831607000, -0.07578864517126436600 ) ) ;
#453 = SPHERICAL_SURFACE ( 'NONE', #2458, 4.390157480314961400 ) ;
#454 = CARTESIAN_POINT ( 'NONE',  ( -0.07875304667814069000, 0.4937590574950027600, -0.07753933915528293800 ) ) ;
#455 = ORIENTED_EDGE ( 'NONE', *, *, #54, .T. ) ;
#456 = CIRCLE ( 'NONE', #2727, 0.4999999999999999400 ) ;
#457 = ORIENTED_EDGE ( 'NONE', *, *, #891, .F. ) ;
#458 = CARTESIAN_POINT ( 'NONE',  ( 0.1590901593902417900, 0.4740151064947060200, -0.09167814385858739900 ) ) ;
#459 = CARTESIAN_POINT ( 'NONE',  ( -0.03756853451916700900, 0.4985929947280080500, -0.04902722522341679300 ) ) ;
#460 = CIRCLE ( 'NONE', #2060, 0.5000000000000000000 ) ;
#461 = CARTESIAN_POINT ( 'NONE',  ( 0.0000000000000000000, 0.0000000000000000000, -0.07653580588160374700 ) ) ;
#462 = ORIENTED_EDGE ( 'NONE', *, *, #685, .F. ) ;
#463 = CARTESIAN_POINT ( 'NONE',  ( -0.09435262601472088600, 0.4910169005692979200, -0.08468904595357067100 ) ) ;
#464 = DIRECTION ( 'NONE',  ( -0.0000000000000000000, -0.0000000000000000000, 1.000000000000000000 ) ) ;
#465 = CARTESIAN_POINT ( 'NONE',  ( 0.2308949602245615700, 0.4434946643905630100, -0.09092102695973820800 ) ) ;
#466 = CARTESIAN_POINT ( 'NONE',  ( 0.0000000000000000000, 6.416648016937802900E-016, -5.279133858267716300 ) ) ;
#467 = CARTESIAN_POINT ( 'NONE',  ( 0.1682742492698265600, 0.4708340041040167100, -0.09040655001701462800 ) ) ;
#468 = EDGE_CURVE ( 'NONE', #2943, #1973, #767, .T. ) ;
#469 = LOCAL_TIME ( 14, 2, 4.000000000000000000, #1067 ) ;
#470 = CARTESIAN_POINT ( 'NONE',  ( 0.1034839965268986600, 0.4891741092290093900, -0.04159835231737917000 ) ) ;
#471 = CARTESIAN_POINT ( 'NONE',  ( 0.1478751234029245200, 0.4776348977061652400, -0.07938226971871302500 ) ) ;
#472 = ORIENTED_EDGE ( 'NONE', *, *, #55, .T. ) ;
#473 = CARTESIAN_POINT ( 'NONE',  ( -0.2282348948511335700, 0.4448750942623818100, -0.08486409176894474400 ) ) ;
#474 = CARTESIAN_POINT ( 'NONE',  ( 0.1827235188395224800, 0.4654160959118905900, -0.07447366974215767500 ) ) ;
#475 = CARTESIAN_POINT ( 'NONE',  ( -0.03748420852002750500, 0.4985929776268553900, -0.07700316367713348800 ) ) ;
#476 = CARTESIAN_POINT ( 'NONE',  ( -0.04008413452029705600, 0.4983906722238676300, -0.04927959752303318100 ) ) ;
#477 = ORIENTED_EDGE ( 'NONE', *, *, #2558, .T. ) ;
#478 = DIRECTION ( 'NONE',  ( 0.0000000000000000000, 0.0000000000000000000, -1.000000000000000000 ) ) ;
#479 = CARTESIAN_POINT ( 'NONE',  ( 0.07466057996498365300, 0.4943945136002189100, -0.06173860951462722300 ) ) ;
#480 = EDGE_CURVE ( 'NONE', #1551, #1467, #504, .T. ) ;
#481 = APPROVAL ( #1199, 'UNSPECIFIED' ) ;
#482 = CARTESIAN_POINT ( 'NONE',  ( 0.1592471627805150900, 0.4739623836828785200, -0.03110879195065280700 ) ) ;
#483 = CARTESIAN_POINT ( 'NONE',  ( 0.05443924527945252100, 0.4970275342432700100, -0.06920960577621493300 ) ) ;
#484 = CARTESIAN_POINT ( 'NONE',  ( 0.01665349113075037900, 0.4997225842736728300, -0.07653580588160374700 ) ) ;
#485 = CARTESIAN_POINT ( 'NONE',  ( -0.1151148657955142800, 0.4865681867474627700, -0.07560444466244220500 ) ) ;
#487 = VERTEX_POINT ( 'NONE', #233 ) ;
#486 = AXIS2_PLACEMENT_3D ( 'NONE', #2064, #674, #2289 ) ;
#488 = CARTESIAN_POINT ( 'NONE',  ( -0.08827138278270581200, 0.4921464852883021800, -0.05549032208390537000 ) ) ;
#489 = ORIENTED_EDGE ( 'NONE', *, *, #2798, .T. ) ;
#490 = CARTESIAN_POINT ( 'NONE',  ( -0.09892893357440811500, 0.4901153908243328600, -0.09155334501840060900 ) ) ;
#491 = FACE_BOUND ( 'NONE', #1182, .T. ) ;
#492 = ORIENTED_EDGE ( 'NONE', *, *, #2812, .T. ) ;
#493 = CARTESIAN_POINT ( 'NONE',  ( 0.1590901593902417900, 0.4740151064947060200, -0.09167814385858739900 ) ) ;
#494 = FACE_OUTER_BOUND ( 'NONE', #2552, .T. ) ;
#495 = ORIENTED_EDGE ( 'NONE', *, *, #1914, .F. ) ;
#496 = CARTESIAN_POINT ( 'NONE',  ( -0.004542638897484199700, 0.4999793640060027400, -0.07350733828620700800 ) ) ;
#497 = CARTESIAN_POINT ( 'NONE',  ( -0.2117453513248872000, 0.4529503706279227600, -0.04329067648630769600 ) ) ;
#498 = CARTESIAN_POINT ( 'NONE',  ( -0.08513734296741998200, 0.4926983182764559400, -0.03262302574835115900 ) ) ;
#499 = ORIENTED_EDGE ( 'NONE', *, *, #285, .F. ) ;
#500 = DIRECTION ( 'NONE',  ( -0.0000000000000000000, 1.224606353822377300E-016, -1.000000000000000000 ) ) ;
#501 = ORIENTED_EDGE ( 'NONE', *, *, #833, .T. ) ;
#502 = CARTESIAN_POINT ( 'NONE',  ( -0.2037554365464980300, 0.4566001774832614300, -0.06593616929771518900 ) ) ;
#503 = EDGE_CURVE ( 'NONE', #1224, #1953, #167, .T. ) ;
#504 = B_SPLINE_CURVE_WITH_KNOTS ( 'NONE', 3,
 ( #2083, #914, #1370, #2550, #2318, #21, #681, #902, #1152, #1602, #2306, #2559, #2777, #2074, #2803, #708, #1400, #1177, #2592, #2333, #933, #1499, #1282, #1037, #2691, #2465, #819, #2450 ),
 .UNSPECIFIED., .F., .F.,
 ( 4, 2, 2, 2, 2, 2, 1, 1, 1, 2, 2, 1, 1, 1, 2, 2, 4 ),
 ( 0.0000000000000000000, 0.03124999999999971600, 0.06249999999999943100, 0.1249999999999991700, 0.1874999999999988900, 0.2499999999999986100, 0.3749999999999980600, 0.4374999999999977800, 0.4687499999999981700, 0.4843749999999977200, 0.4999999999999972200, 0.6249999999999932300, 0.6874999999999920100, 0.7187499999999916700, 0.7343749999999923400, 0.7499999999999930100, 1.000000000000000000 ),
 .UNSPECIFIED. ) ;
#505 = DIRECTION ( 'NONE',  ( -0.0000000000000000000, -0.0000000000000000000, 1.000000000000000000 ) ) ;
#506 = CARTESIAN_POINT ( 'NONE',  ( 0.04693095248585121100, 0.4977926164586510300, -0.07243664442599752300 ) ) ;
#507 = DIRECTION ( 'NONE',  ( -1.000000000000000000, 0.0000000000000000000, 0.0000000000000000000 ) ) ;
#508 = EDGE_CURVE ( 'NONE', #1572, #2293, #2168, .T. ) ;
#509 = CARTESIAN_POINT ( 'NONE',  ( -0.1482155432845169200, 0.4775272663220314600, -0.08133272210867903400 ) ) ;
#510 = DIRECTION ( 'NONE',  ( 0.0000000000000000000, 0.0000000000000000000, 1.000000000000000000 ) ) ;
#511 = DIRECTION ( 'NONE',  ( -1.000000000000000000, -1.224646799147353200E-016, -1.499710251424085300E-032 ) ) ;
#512 = DIRECTION ( 'NONE',  ( -0.4439867762919236800, 0.8960333378161247100, 0.0000000000000000000 ) ) ;
#513 = CARTESIAN_POINT ( 'NONE',  ( -0.09594333900751608700, 0.4907089479515124900, -0.05838399436150598600 ) ) ;
#514 = CARTESIAN_POINT ( 'NONE',  ( 0.0000000000000000000, -5.376214744674539800E-016, 4.350787401574804000 ) ) ;
#515 = CARTESIAN_POINT ( 'NONE',  ( -0.1517074225225570100, 0.4764292793265110200, -0.06966909668770693300 ) ) ;
#516 = PERSON_AND_ORGANIZATION_ROLE ( 'design_supplier' ) ;
#517 = EDGE_LOOP ( 'NONE', ( #739, #2432, #1201, #200, #2248, #2371, #2572, #907 ) ) ;
#518 = ORIENTED_EDGE ( 'NONE', *, *, #820, .T. ) ;
#519 = ORIENTED_EDGE ( 'NONE', *, *, #378, .F. ) ;
#520 = CARTESIAN_POINT ( 'NONE',  ( -0.05755261380579185900, 0.4966769810131889700, -0.03262116820332722200 ) ) ;
#521 = EDGE_CURVE ( 'NONE', #940, #1073, #1621, .T. ) ;
#522 = CARTESIAN_POINT ( 'NONE',  ( -0.08698877678360524000, 0.4923749446367625700, -0.06313302531641622200 ) ) ;
#523 = FACE_BOUND ( 'NONE', #227, .T. ) ;
#524 = DIRECTION ( 'NONE',  ( 0.4186935025871246200, 0.9081276071628510100, 0.0000000000000000000 ) ) ;
#525 = CARTESIAN_POINT ( 'NONE',  ( 0.1632298037641108900, 0.4726057054217235300, -0.03823429254587979600 ) ) ;
#526 = FACE_OUTER_BOUND ( 'NONE', #2002, .T. ) ;
#527 = CARTESIAN_POINT ( 'NONE',  ( -0.06474038284529133600, 0.4957910441176411300, -0.06096881717134671600 ) ) ;
#528 = CARTESIAN_POINT ( 'NONE',  ( 0.0000000000000000000, 0.0000000000000000000, -0.01143903361101887400 ) ) ;
#529 = CARTESIAN_POINT ( 'NONE',  ( -0.1514295483042732700, 0.4765177382343200900, -0.05119476909834453500 ) ) ;
#530 = FACE_OUTER_BOUND ( 'NONE', #1275, .T. ) ;
#531 = B_SPLINE_CURVE_WITH_KNOTS ( 'NONE', 3,
 ( #2858, #1465, #553, #2167, #776, #2416, #1011, #2657, #1250, #2869, #1470, #110, #1709, #333, #1948, #568, #2173, #787, #2431, #1021, #2666, #1259 ),
 .UNSPECIFIED., .F., .F.,
 ( 4, 2, 1, 1, 1, 2, 2, 2, 1, 2, 2, 2, 4 ),
 ( 0.0000000000000000000, 0.2500000000000251500, 0.3750000000000380800, 0.4375000000000449100, 0.4687500000000471800, 0.4843750000000472400, 0.5000000000000471800, 0.6250000000000375300, 0.6875000000000337500, 0.7187500000000314200, 0.7500000000000290900, 0.8750000000000146500, 1.000000000000000000 ),
 .UNSPECIFIED. ) ;
#532 = CARTESIAN_POINT ( 'NONE',  ( -0.06939135796736788100, 0.4951614287606889700, -0.04682700512282295100 ) ) ;
#533 = ORIENTED_EDGE ( 'NONE', *, *, #508, .F. ) ;
#534 = DIRECTION ( 'NONE',  ( 0.0000000000000000000, 1.000000000000000000, 1.381305580180739800E-016 ) ) ;
#535 = CARTESIAN_POINT ( 'NONE',  ( 0.2308949602245615700, 0.4434946643905630100, -0.09092102695973820800 ) ) ;
#536 = CARTESIAN_POINT ( 'NONE',  ( 0.1759905388247580100, 0.4680035856046440000, -0.05193692430594105300 ) ) ;
#537 = ORIENTED_EDGE ( 'NONE', *, *, #685, .T. ) ;
#538 = APPROVAL_DATE_TIME ( #1153, #1252 ) ;
#539 = CARTESIAN_POINT ( 'NONE',  ( -0.1454811325676528500, 0.4783684686414674800, -0.03973962447492175600 ) ) ;
#540 = EDGE_CURVE ( 'NONE', #1581, #2224, #1939, .T. ) ;
#541 = CARTESIAN_POINT ( 'NONE',  ( 0.06337280207395330800, 0.4959681629298143300, -0.05157004120423511200 ) ) ;
#542 = AXIS2_PLACEMENT_3D ( 'NONE', #858, #648, #419 ) ;
#543 = CARTESIAN_POINT ( 'NONE',  ( 0.2190577468679988600, 0.4494638627336888800, -0.05503684060803217000 ) ) ;
#544 = ORIENTED_EDGE ( 'NONE', *, *, #2163, .F. ) ;
#545 = CARTESIAN_POINT ( 'NONE',  ( -0.2380312482874369600, 0.4397057252739887700, -0.09092102695973820800 ) ) ;
#546 = CARTESIAN_POINT ( 'NONE',  ( 0.06997354978328611300, 0.4950795953550714600, -0.08430408952040274700 ) ) ;
#547 = CARTESIAN_POINT ( 'NONE',  ( 0.1768708362664134800, 0.4676715808357253000, -0.06499425636419727000 ) ) ;
#548 = CARTESIAN_POINT ( 'NONE',  ( 0.2160363356050712900, 0.4509194009278398300, -0.04681656915286155900 ) ) ;
#549 = CARTESIAN_POINT ( 'NONE',  ( -0.1302194104504575100, 0.4827451761974792500, -0.06177202635404469000 ) ) ;
#550 = CARTESIAN_POINT ( 'NONE',  ( -0.06407098497833223200, 0.4958779235751284400, -0.06183519259854079700 ) ) ;
#551 = CARTESIAN_POINT ( 'NONE',  ( -0.1320977682720971500, 0.4822357767311940000, -0.08931897149430333100 ) ) ;
#552 = DIRECTION ( 'NONE',  ( -0.1403587508878006700, 0.9901007125788852100, 0.0000000000000000000 ) ) ;
#553 = CARTESIAN_POINT ( 'NONE',  ( 0.1123799343009584800, 0.4872098630765252000, -0.06542253836806157000 ) ) ;
#554 = SHAPE_DEFINITION_REPRESENTATION ( #1169, #266 ) ;
#555 = EDGE_LOOP ( 'NONE', ( #889, #2365, #44, #101, #2870, #2401, #2570, #2414, #1729, #1147, #1893 ) ) ;
#556 = CONICAL_SURFACE ( 'NONE', #1885, 0.5000000000000001100, 0.7853981633974789200 ) ;
#557 = CARTESIAN_POINT ( 'NONE',  ( 0.0000000000000000000, 0.0000000000000000000, -0.07275022138735783000 ) ) ;
#558 = EDGE_CURVE ( 'NONE', #1996, #1620, #1088, .T. ) ;
#559 = CARTESIAN_POINT ( 'NONE',  ( 0.1727125335637120800, 0.4692233879775723500, -0.07848429209489278500 ) ) ;
#560 = CARTESIAN_POINT ( 'NONE',  ( -0.05122827693615282500, 0.4973687401135628600, -0.03867996093914462900 ) ) ;
#561 = DIRECTION ( 'NONE',  ( -0.0000000000000000000, -0.0000000000000000000, 1.000000000000000000 ) ) ;
#562 = VECTOR ( 'NONE', #2392, 39.37007874015748100 ) ;
#563 = B_SPLINE_CURVE_WITH_KNOTS ( 'NONE', 3,
 ( #2072, #240, #1848, #465 ),
 .UNSPECIFIED., .F., .F.,
 ( 4, 4 ),
 ( 0.0000000000000000000, 1.000000000000000000 ),
 .UNSPECIFIED. ) ;
#564 = ORIENTED_EDGE ( 'NONE', *, *, #1609, .T. ) ;
#565 = ORIENTED_EDGE ( 'NONE', *, *, #1030, .T. ) ;
#566 = CARTESIAN_POINT ( 'NONE',  ( 0.0000000000000000000, 0.0000000000000000000, 17.96062992125984100 ) ) ;
#567 = CARTESIAN_POINT ( 'NONE',  ( 0.1219759020311186000, 0.4848936787929466500, -0.04698128493731094200 ) ) ;
#568 = CARTESIAN_POINT ( 'NONE',  ( 0.1028212716994155200, 0.4893136028442622900, -0.05496153892167735700 ) ) ;
#569 = CARTESIAN_POINT ( 'NONE',  ( 0.1256060682239307800, 0.4839692200799729500, -0.03754881013272955800 ) ) ;
#570 = CARTESIAN_POINT ( 'NONE',  ( 0.1627638990238196900, 0.4727675658317448400, -0.08466149625541426200 ) ) ;
#571 = CARTESIAN_POINT ( 'NONE',  ( -0.04031398799421622600, 0.4983721338028016500, -0.04675815129121699300 ) ) ;
#572 = CARTESIAN_POINT ( 'NONE',  ( -0.1314124292890768400, 0.4824217805512316900, -0.07559056755649522200 ) ) ;
#573 = CARTESIAN_POINT ( 'NONE',  ( 0.0000000000000000000, 0.0000000000000000000, -0.07350733828620700800 ) ) ;
#574 = DIRECTION ( 'NONE',  ( -0.0000000000000000000, -0.0000000000000000000, 1.000000000000000000 ) ) ;
#575 = CARTESIAN_POINT ( 'NONE',  ( -0.03301919258992138500, 0.4989085462987573000, -0.04533408764282802200 ) ) ;
#576 = ORIENTED_EDGE ( 'NONE', *, *, #2604, .T. ) ;
#577 = EDGE_CURVE ( 'NONE', #2297, #2331, #909, .T. ) ;
#578 = B_SPLINE_CURVE_WITH_KNOTS ( 'NONE', 3,
 ( #2029, #1986, #231, #698 ),
 .UNSPECIFIED., .F., .F.,
 ( 4, 4 ),
 ( 0.0000000000000000000, 1.000000000000000000 ),
 .UNSPECIFIED. ) ;
#579 = CARTESIAN_POINT ( 'NONE',  ( 0.1111176970812613000, 0.4874965203930762800, -0.03186590884950198800 ) ) ;
#580 = CARTESIAN_POINT ( 'NONE',  ( 0.0000000000000000000, 0.0000000000000000000, -0.09092102695973820800 ) ) ;
#581 = AXIS2_PLACEMENT_3D ( 'NONE', #2609, #1194, #2824 ) ;
#582 = CARTESIAN_POINT ( 'NONE',  ( -0.1380481117506539300, 0.4805650831413885200, -0.08431254688511991000 ) ) ;
#583 = ADVANCED_FACE ( 'NONE', ( #100 ), #41, .T. ) ;
#584 = CARTESIAN_POINT ( 'NONE',  ( 0.2096689916984778600, 0.4539150954971024600, -0.05041527287130695400 ) ) ;
#585 = CARTESIAN_POINT ( 'NONE',  ( -0.04728651556743590500, 0.4977590520778603600, -0.03216185876168656900 ) ) ;
#586 = ORIENTED_EDGE ( 'NONE', *, *, #2344, .T. ) ;
#587 = ORIENTED_EDGE ( 'NONE', *, *, #932, .T. ) ;
#588 = CARTESIAN_POINT ( 'NONE',  ( 0.07705658615545703200, 0.4940296318505598700, -0.08874179876026097600 ) ) ;
#589 = CARTESIAN_POINT ( 'NONE',  ( -0.1102651912396732700, 0.4876907090283900700, -0.05642650583798288600 ) ) ;
#590 = CARTESIAN_POINT ( 'NONE',  ( 0.1846026473153628000, 0.4646739345094498300, -0.05665757870235246100 ) ) ;
#591 = FACE_BOUND ( 'NONE', #2137, .T. ) ;
#592 = VERTEX_POINT ( 'NONE', #1599 ) ;
#593 = EDGE_CURVE ( 'NONE', #1566, #1984, #563, .T. ) ;
#594 = FACE_OUTER_BOUND ( 'NONE', #2146, .T. ) ;
#595 = CARTESIAN_POINT ( 'NONE',  ( 0.1398146076371804300, 0.4800545540691646400, -0.04230705306484922700 ) ) ;
#596 = AXIS2_PLACEMENT_3D ( 'NONE', #1884, #500, #2818 ) ;
#597 = VERTEX_POINT ( 'NONE', #18 ) ;
#598 = CARTESIAN_POINT ( 'NONE',  ( -0.1406290804422448100, 0.4798162911137748300, -0.03869189923523459800 ) ) ;
#599 = CARTESIAN_POINT ( 'NONE',  ( 0.1730580235575079300, 0.4690966299394612700, -0.03501371800614315500 ) ) ;
#600 = ORIENTED_EDGE ( 'NONE', *, *, #1328, .T. ) ;
#601 = EDGE_LOOP ( 'NONE', ( #1965, #1603, #2052, #2107, #477 ) ) ;
#602 = CARTESIAN_POINT ( 'NONE',  ( 0.06052328247609142100, 0.4963256422465365200, -0.09096862083673840100 ) ) ;
#603 = VERTEX_POINT ( 'NONE', #2315 ) ;
#604 = CARTESIAN_POINT ( 'NONE',  ( -0.1028841377687970700, 0.4893008233999819300, -0.08315046613178594900 ) ) ;
#605 = APPROVAL_PERSON_ORGANIZATION ( #1221, #1252, #283 ) ;
#606 = ORIENTED_EDGE ( 'NONE', *, *, #2073, .F. ) ;
#607 = CARTESIAN_POINT ( 'NONE',  ( -0.1346022587942790900, 0.4815416976985898400, -0.04140193333303973000 ) ) ;
#608 = CARTESIAN_POINT ( 'NONE',  ( -0.1591930669259806800, 0.4739805560755633900, -0.06285471860531377500 ) ) ;
#609 = CARTESIAN_POINT ( 'NONE',  ( 0.05440448801972651300, 0.4970313387335967800, -0.07111768807421428600 ) ) ;
#610 = CARTESIAN_POINT ( 'NONE',  ( -0.03256844211746190400, 0.4989381690931668500, -0.08566852847397200800 ) ) ;
#611 = CARTESIAN_POINT ( 'NONE',  ( -0.05316955150873983700, 0.4971649613482022600, -0.07239532284102227800 ) ) ;
#612 = ORIENTED_EDGE ( 'NONE', *, *, #323, .T. ) ;
#613 = EDGE_CURVE ( 'NONE', #2383, #2943, #1864, .T. ) ;
#614 = B_SPLINE_CURVE_WITH_KNOTS ( 'NONE', 3,
 ( #2189, #2442, #1270, #2890, #1491, #128, #1734, #357, #1972, #588, #2202, #813, #2454, #1041, #2693, #1286, #2896, #1501, #139, #1745, #363, #1982 ),
 .UNSPECIFIED., .F., .F.,
 ( 4, 1, 2, 2, 2, 2, 2, 2, 1, 2, 2, 4 ),
 ( 0.0000000000000000000, 0.06249999999999912600, 0.09374999999999920900, 0.1249999999999993100, 0.2499999999999997800, 0.5000000000000025500, 0.6250000000000035500, 0.7500000000000045500, 0.8125000000000044400, 0.8437500000000038900, 0.8750000000000033300, 1.000000000000000000 ),
 .UNSPECIFIED. ) ;
#615 = DIRECTION ( 'NONE',  ( 1.000000000000000000, 0.0000000000000000000, 0.0000000000000000000 ) ) ;
#616 = CARTESIAN_POINT ( 'NONE',  ( -0.1489270408870065300, 0.4773078550997284000, -0.03352297509747906300 ) ) ;
#617 = B_SPLINE_CURVE_WITH_KNOTS ( 'NONE', 3,
 ( #2921, #2732, #2945, #1544 ),
 .UNSPECIFIED., .F., .F.,
 ( 4, 4 ),
 ( 0.0000000000000000000, 1.000000000000000000 ),
 .UNSPECIFIED. ) ;
#618 = CARTESIAN_POINT ( 'NONE',  ( -0.1587261009909749200, 0.4741371393794411300, -0.07101792362314918200 ) ) ;
#619 = CARTESIAN_POINT ( 'NONE',  ( 0.1482702214906853900, 0.4775110290577435100, -0.04359477306036511900 ) ) ;
#620 = CARTESIAN_POINT ( 'NONE',  ( -0.04703083602657906500, 0.4977831862321049300, -0.07753272599065187700 ) ) ;
#621 = VERTEX_POINT ( 'NONE', #1159 ) ;
#622 = DIRECTION ( 'NONE',  ( 0.0000000000000000000, -1.000000000000000000, -1.244533029128728900E-016 ) ) ;
#623 = CARTESIAN_POINT ( 'NONE',  ( 0.1420844539387665600, 0.4793919160113184200, -0.08461752470177413800 ) ) ;
#624 = VERTEX_POINT ( 'NONE', #1375 ) ;
#625 = CARTESIAN_POINT ( 'NONE',  ( 0.1153872383896215200, 0.4865036333364449700, -0.07753272599076740900 ) ) ;
#626 = CARTESIAN_POINT ( 'NONE',  ( -0.1581826039163122800, 0.4743187862087162000, -0.04887330981928408900 ) ) ;
#627 = ADVANCED_FACE ( 'NONE', ( #2418 ), #1175, .T. ) ;
#628 = CARTESIAN_POINT ( 'NONE',  ( -0.1496428179909920200, 0.4770822555812427900, -0.08957535205202094000 ) ) ;
#629 = CIRCLE ( 'NONE', #1719, 0.5000000000000000000 ) ;
#630 = LINE ( 'NONE', #496, #1710 ) ;
#631 = CARTESIAN_POINT ( 'NONE',  ( 0.1586082738905634800, 0.4741777875240273400, -0.03794613493620064400 ) ) ;
#632 = EDGE_CURVE ( 'NONE', #621, #2563, #46, .T. ) ;
#633 = CC_DESIGN_APPROVAL ( #481, ( #324 ) ) ;
#634 = CARTESIAN_POINT ( 'NONE',  ( 0.01665349113075036800, 0.4997225842736728300, -0.04769438401606770200 ) ) ;
#635 = ORIENTED_EDGE ( 'NONE', *, *, #197, .F. ) ;
#636 = CARTESIAN_POINT ( 'NONE',  ( -0.2142270961016595500, 0.4517840697459142900, -0.04259173158319872600 ) ) ;
#637 = AXIS2_PLACEMENT_3D ( 'NONE', #2760, #1360, #2977 ) ;
#638 = DIRECTION ( 'NONE',  ( 0.7071067811865517900, 8.659560562354985900E-017, -0.7071067811865430200 ) ) ;
#639 = CARTESIAN_POINT ( 'NONE',  ( 0.009084902827491889800, 0.4999174577273882700, -0.07653580588160374700 ) ) ;
#640 = CARTESIAN_POINT ( 'NONE',  ( -0.1232869819656262900, 0.4845619902333091500, -0.05345976817638162900 ) ) ;
#641 = VERTEX_POINT ( 'NONE', #2795 ) ;
#642 = CARTESIAN_POINT ( 'NONE',  ( -0.06421171452979516900, 0.4958597254394844200, -0.06165673634761172100 ) ) ;
#643 = CARTESIAN_POINT ( 'NONE',  ( -0.1335172130623950000, 0.4818434951475956100, -0.04272580436736995300 ) ) ;
#644 = CARTESIAN_POINT ( 'NONE',  ( -0.1411497147234121200, 0.4796631714375196900, -0.09167814385858739900 ) ) ;
#645 = CARTESIAN_POINT ( 'NONE',  ( 0.0000000000000000000, -5.376214744674539800E-016, 4.350787401574804000 ) ) ;
#646 = CARTESIAN_POINT ( 'NONE',  ( 0.1578464595400136700, 0.4744330075649134100, -0.03113532727327713400 ) ) ;
#647 = CARTESIAN_POINT ( 'NONE',  ( -0.04823982045296508500, 0.4976719383136546400, -0.06706127654424705300 ) ) ;
#648 = DIRECTION ( 'NONE',  ( -0.0000000000000000000, 1.224606353822377300E-016, -1.000000000000000000 ) ) ;
#649 = CARTESIAN_POINT ( 'NONE',  ( -0.05968467548171269700, 0.4964251261679402100, -0.04214299288262110500 ) ) ;
#650 = CARTESIAN_POINT ( 'NONE',  ( -0.09800470721733500800, 0.4903014012270887100, -0.05156462255925550700 ) ) ;
#651 = CARTESIAN_POINT ( 'NONE',  ( -0.1306553545431386200, 0.4826292634917089800, -0.03530452699600551000 ) ) ;
#652 = EDGE_CURVE ( 'NONE', #1664, #2256, #2509, .T. ) ;
#653 = CARTESIAN_POINT ( 'NONE',  ( -0.1275884980770904700, 0.4834473108536310700, -0.08467566920299658700 ) ) ;
#654 = B_SPLINE_CURVE_WITH_KNOTS ( 'NONE', 3,
 ( #1098, #2510, #1332, #2951, #1553, #194, #1805, #421, #2038, #649, #2266, #868, #2522, #1109, #2746, #1341, #2961, #1565, #205 ),
 .UNSPECIFIED., .F., .F.,
 ( 4, 2, 2, 2, 2, 2, 1, 2, 2, 4 ),
 ( 0.0000000000000000000, 0.1250000000000002200, 0.1875000000000001700, 0.2500000000000001100, 0.3750000000000006700, 0.5000000000000012200, 0.6250000000000017800, 0.6875000000000017800, 0.7500000000000017800, 1.000000000000000000 ),
 .UNSPECIFIED. ) ;
#655 = CARTESIAN_POINT ( 'NONE',  ( -0.1310077760323780900, 0.4825318303946305500, -0.05027054956963680100 ) ) ;
#656 = CARTESIAN_POINT ( 'NONE',  ( 0.07405165014190054400, 0.4944861772023232400, -0.05513338538712423500 ) ) ;
#657 = EDGE_CURVE ( 'NONE', #2209, #1622, #1792, .T. ) ;
#658 = CARTESIAN_POINT ( 'NONE',  ( -0.08339709092671812600, 0.4930023269749566600, -0.07451682748467258800 ) ) ;
#659 = CARTESIAN_POINT ( 'NONE',  ( -0.05958347304996967900, 0.4964371315500290000, -0.05535620930837643900 ) ) ;
#660 = CARTESIAN_POINT ( 'NONE',  ( 0.01665349113075037900, 0.4997225842736728300, -0.06896463689311191400 ) ) ;
#661 = CARTESIAN_POINT ( 'NONE',  ( -0.09974740320195979400, 0.4899498948701679900, -0.05864806347107263300 ) ) ;
#662 = CARTESIAN_POINT ( 'NONE',  ( -0.09647944757338175500, 0.4906034204894367300, -0.09167814385858738500 ) ) ;
#663 = CARTESIAN_POINT ( 'NONE',  ( -0.1243864825429026600, 0.4842809295657516400, -0.07655501925196794800 ) ) ;
#664 = EDGE_LOOP ( 'NONE', ( #255, #258, #2404, #2698, #771 ) ) ;
#665 = CARTESIAN_POINT ( 'NONE',  ( -0.1649321864524120600, 0.4720141670247057200, -0.06669328619656436600 ) ) ;
#666 = FACE_OUTER_BOUND ( 'NONE', #123, .T. ) ;
#667 = CARTESIAN_POINT ( 'NONE',  ( 0.1003942762353841100, 0.4898183136913061300, -0.03467044527338150600 ) ) ;
#668 = FACE_OUTER_BOUND ( 'NONE', #2845, .T. ) ;
#669 = VERTEX_POINT ( 'NONE', #1866 ) ;
#670 = ORIENTED_EDGE ( 'NONE', *, *, #1195, .F. ) ;
#671 = CARTESIAN_POINT ( 'NONE',  ( 0.0000000000000000000, 0.4944322300693460000, -0.1113479021982223300 ) ) ;
#672 = ORIENTED_EDGE ( 'NONE', *, *, #956, .F. ) ;
#673 = CARTESIAN_POINT ( 'NONE',  ( -0.08769307624670061300, 0.4922546503308510300, -0.08991409664965488400 ) ) ;
#674 = DIRECTION ( 'NONE',  ( -0.0000000000000000000, 1.224606353822377300E-016, -1.000000000000000000 ) ) ;
#675 = EDGE_CURVE ( 'NONE', #1712, #171, #1245, .T. ) ;
#676 = CARTESIAN_POINT ( 'NONE',  ( 0.06084355922581601700, 0.4962843494022661200, -0.05183532718753741700 ) ) ;
#677 = COORDINATED_UNIVERSAL_TIME_OFFSET ( 5, 0, .BEHIND. ) ;
#678 = CARTESIAN_POINT ( 'NONE',  ( -0.08624897352089408400, 0.4925049403094884900, -0.07615858735672324800 ) ) ;
#679 = CARTESIAN_POINT ( 'NONE',  ( -0.07841510084476083200, 0.4938127903968324000, -0.07502157208390536300 ) ) ;
#680 = CARTESIAN_POINT ( 'NONE',  ( 6.123233995736767300E-017, 0.5000000000000001100, -0.005871263680416264800 ) ) ;
#681 = CARTESIAN_POINT ( 'NONE',  ( 0.09358169164254859200, 0.4911644163933151000, -0.05129493050436129800 ) ) ;
#682 = DIRECTION ( 'NONE',  ( 0.003028462966074566700, 0.9999954141955167400, 0.0000000000000000000 ) ) ;
#683 = CARTESIAN_POINT ( 'NONE',  ( -0.09563245986069558700, 0.4907700701101028700, -0.08483648253632261600 ) ) ;
#684 = DIRECTION ( 'NONE',  ( -0.0000000000000000000, 1.224606353822377300E-016, -1.000000000000000000 ) ) ;
#685 = EDGE_CURVE ( 'NONE', #592, #2576, #2500, .T. ) ;
#686 = CARTESIAN_POINT ( 'NONE',  ( -0.06225062035525347200, 0.4961111002810541500, -0.06398748164044204500 ) ) ;
#687 = CARTESIAN_POINT ( 'NONE',  ( 0.1716246241647624300, 0.4696257478831318300, -0.08909061780993943200 ) ) ;
#688 = CARTESIAN_POINT ( 'NONE',  ( -0.03253302754926509800, 0.4989404795348626500, -0.04852248062418400300 ) ) ;
#689 = ORIENTED_EDGE ( 'NONE', *, *, #2163, .T. ) ;
#690 = AXIS2_PLACEMENT_3D ( 'NONE', #887, #406, #615 ) ;
#691 = CARTESIAN_POINT ( 'NONE',  ( 0.1112791686684470300, 0.4874596871747030000, -0.03867996093914462900 ) ) ;
#692 = VERTEX_POINT ( 'NONE', #482 ) ;
#693 = CARTESIAN_POINT ( 'NONE',  ( 0.1052488985795692300, 0.4887977891781820600, -0.04017144362263735900 ) ) ;
#694 = CARTESIAN_POINT ( 'NONE',  ( 0.1454924932851068800, 0.4783640018924296700, -0.07500665250272477200 ) ) ;
#695 = VERTEX_POINT ( 'NONE', #2602 ) ;
#696 = CARTESIAN_POINT ( 'NONE',  ( 0.06679500024564843900, 0.4955187421700366100, -0.05838399436150889400 ) ) ;
#697 = LINE ( 'NONE', #737, #2494 ) ;
#698 = CARTESIAN_POINT ( 'NONE',  ( -0.1952947881975155000, 0.4602824629538773700, -0.09092102695973820800 ) ) ;
#699 = CARTESIAN_POINT ( 'NONE',  ( 0.1831855406078246900, 0.4652344303486962200, -0.07293619803788507800 ) ) ;
#700 = VERTEX_POINT ( 'NONE', #1402 ) ;
#701 = CARTESIAN_POINT ( 'NONE',  ( -0.03798503630876913500, 0.4985550626874620300, -0.07640138247495198400 ) ) ;
#702 = CONICAL_SURFACE ( 'NONE', #450, 0.4944322300693971800, 0.7853981633974545000 ) ;
#703 = CARTESIAN_POINT ( 'NONE',  ( -0.1099456188653833700, 0.4877622071513101900, -0.08596540641920376300 ) ) ;
#704 = ORIENTED_EDGE ( 'NONE', *, *, #1346, .F. ) ;
#705 = CARTESIAN_POINT ( 'NONE',  ( 0.08364483393386312700, 0.4929538941485059300, -0.06290770170231846400 ) ) ;
#706 = B_SPLINE_CURVE_WITH_KNOTS ( 'NONE', 3,
 ( #549, #329, #2424, #1017, #2663, #1257, #2875, #1475, #114, #1720, #339, #1956, #572, #2182, #792, #2437, #1027, #2673, #1266, #2887, #1482, #121, #1728, #353, #1962, #582, #2192, #803, #2444, #1034, #2687, #1274 ),
 .UNSPECIFIED., .F., .F.,
 ( 4, 1, 1, 1, 2, 2, 1, 1, 1, 2, 2, 2, 2, 2, 2, 2, 2, 2, 4 ),
 ( 0.0000000000000000000, 0.1250000000000086900, 0.1875000000000135400, 0.2187500000000154900, 0.2343750000000157900, 0.2500000000000161000, 0.3750000000000147100, 0.4375000000000142100, 0.4687500000000135400, 0.4843750000000132100, 0.5000000000000128800, 0.5625000000000119900, 0.6250000000000109900, 0.7500000000000091000, 0.8125000000000076600, 0.8750000000000061100, 0.9062500000000052200, 0.9375000000000044400, 1.000000000000000000 ),
 .UNSPECIFIED. ) ;
#707 = CARTESIAN_POINT ( 'NONE',  ( 0.07550353127946839200, 0.4942664077125301100, -0.06271311067500397200 ) ) ;
#708 = CARTESIAN_POINT ( 'NONE',  ( 0.09828806807155804300, 0.4902442934604520100, -0.06138119571125728200 ) ) ;
#709 = CARTESIAN_POINT ( 'NONE',  ( 0.0000000000000000000, 0.0000000000000000000, -0.1057801322676185100 ) ) ;
#710 = CARTESIAN_POINT ( 'NONE',  ( 0.1294539929829632800, 0.4829509951338404900, -0.08566852847397200800 ) ) ;
#711 = CARTESIAN_POINT ( 'NONE',  ( 0.1401831313867135900, 0.4799545774130158400, -0.04886949253615653600 ) ) ;
#712 = EDGE_CURVE ( 'NONE', #1836, #714, #630, .T. ) ;
#713 = CARTESIAN_POINT ( 'NONE',  ( -0.1143031765740272600, 0.4867595083044555200, -0.07856780673809130000 ) ) ;
#714 = VERTEX_POINT ( 'NONE', #2814 ) ;
#715 = CARTESIAN_POINT ( 'NONE',  ( -0.09812672062339808400, 0.4902768339102303000, -0.09162573831061168700 ) ) ;
#716 = CARTESIAN_POINT ( 'NONE',  ( 0.0000000000000000000, -3.420453533404266900E-018, -0.01143903361101893300 ) ) ;
#717 = CARTESIAN_POINT ( 'NONE',  ( 0.0000000000000000000, 0.0000000000000000000, -0.03262302574835115900 ) ) ;
#718 = CARTESIAN_POINT ( 'NONE',  ( 0.04752281685490035400, 0.4977364885060423000, -0.06495230657094473700 ) ) ;
#719 = CARTESIAN_POINT ( 'NONE',  ( -0.2110028127823544400, 0.4532966713981583200, -0.04545622154106974300 ) ) ;
#720 = CARTESIAN_POINT ( 'NONE',  ( 0.04234775314436868600, 0.4982034401764239300, -0.07653580588160374700 ) ) ;
#721 = CARTESIAN_POINT ( 'NONE',  ( 0.07250524869413807500, 0.4947150896469706400, -0.05406377136219978100 ) ) ;
#722 = CARTESIAN_POINT ( 'NONE',  ( 0.0000000000000000000, 0.0000000000000000000, -0.01143903361101887400 ) ) ;
#723 = ORIENTED_EDGE ( 'NONE', *, *, #403, .F. ) ;
#724 = CARTESIAN_POINT ( 'NONE',  ( 0.0000000000000000000, 0.0000000000000000000, -0.09092102695973820800 ) ) ;
#725 = EDGE_CURVE ( 'NONE', #2293, #169, #1949, .T. ) ;
#726 = CARTESIAN_POINT ( 'NONE',  ( 0.04706239418707897100, 0.4977802043727125900, -0.07386328864496290200 ) ) ;
#727 = CARTESIAN_POINT ( 'NONE',  ( 0.1428458109642482500, 0.4791688439319250500, -0.04946493343056396900 ) ) ;
#728 = CARTESIAN_POINT ( 'NONE',  ( -0.1492690857811696800, 0.4771989055959215400, -0.07984142048734181600 ) ) ;
#729 = MECHANICAL_CONTEXT ( 'NONE', #1889, 'mechanical' ) ;
#731 = ORIENTED_EDGE ( 'NONE', *, *, #2975, .F. ) ;
#730 = AXIS2_PLACEMENT_3D ( 'NONE', #279, #1894, #512 ) ;
#732 = CARTESIAN_POINT ( 'NONE',  ( 0.2001067559315614400, 0.4582164367994862600, -0.07880715657815129400 ) ) ;
#733 = LINE ( 'NONE', #1767, #1277 ) ;
#734 = FACE_OUTER_BOUND ( 'NONE', #1302, .T. ) ;
#735 = CARTESIAN_POINT ( 'NONE',  ( -0.05209455500357016600, 0.4972792522745894700, -0.03187798998327459600 ) ) ;
#736 = CARTESIAN_POINT ( 'NONE',  ( -0.09656069965549335400, 0.4905874349002852200, -0.05836500030922335500 ) ) ;
#737 = CARTESIAN_POINT ( 'NONE',  ( -0.1125935526753289300, 0.4871577689988613200, -0.03262302574835115900 ) ) ;
#738 = CARTESIAN_POINT ( 'NONE',  ( -0.1517570415432260600, 0.4764134763303740600, -0.06907409264955680100 ) ) ;
#739 = ORIENTED_EDGE ( 'NONE', *, *, #1213, .F. ) ;
#740 = PERSON_AND_ORGANIZATION_ROLE ( 'classification_officer' ) ;
#741 = CARTESIAN_POINT ( 'NONE',  ( -0.1854939833856521500, 0.4643188367143028000, -0.06669328619656436600 ) ) ;
#742 = CARTESIAN_POINT ( 'NONE',  ( -0.2241976404074916600, 0.4469860204675081300, -0.05155094821958071400 ) ) ;
#743 = ORIENTED_EDGE ( 'NONE', *, *, #448, .T. ) ;
#744 = EDGE_CURVE ( 'NONE', #1005, #1514, #1407, .T. ) ;
#745 = ORIENTED_EDGE ( 'NONE', *, *, #20, .F. ) ;
#746 = CARTESIAN_POINT ( 'NONE',  ( -0.06031780113162539500, 0.4963494273139308400, -0.03358388004872615900 ) ) ;
#747 = LOCAL_TIME ( 14, 2, 4.000000000000000000, #1364 ) ;
#748 = DIRECTION ( 'NONE',  ( 1.000000000000000000, 0.0000000000000000000, 0.0000000000000000000 ) ) ;
#749 = AXIS2_PLACEMENT_3D ( 'NONE', #1859, #2560, #2065 ) ;
#750 = CARTESIAN_POINT ( 'NONE',  ( 0.1661340182781539700, 0.4715941299382119800, -0.03899846881891341100 ) ) ;
#751 = CARTESIAN_POINT ( 'NONE',  ( 0.1220740440876598000, 0.4848689867527955500, -0.04762378412430677600 ) ) ;
#752 = CARTESIAN_POINT ( 'NONE',  ( -0.1508946669614909300, 0.4766873250568997000, -0.04830723213106075800 ) ) ;
#753 = CARTESIAN_POINT ( 'NONE',  ( -0.06942967329204280400, 0.4951560566796696100, -0.04816758207784844300 ) ) ;
#754 = CARTESIAN_POINT ( 'NONE',  ( 0.07691924750054818200, 0.4940480030968138500, -0.07426445518505620000 ) ) ;
#755 = CARTESIAN_POINT ( 'NONE',  ( 0.1764884277280136800, 0.4678160514826990600, -0.05437816553580004200 ) ) ;
#756 = CARTESIAN_POINT ( 'NONE',  ( -0.1437965224258955200, 0.4788765057940641000, -0.03907029215137140800 ) ) ;
#757 = ADVANCED_FACE ( 'NONE', ( #2944 ), #1634, .T. ) ;
#758 = CARTESIAN_POINT ( 'NONE',  ( 0.04988657485315109400, 0.4975051051491039000, -0.03262302574835117300 ) ) ;
#759 = EDGE_CURVE ( 'NONE', #2862, #2224, #2258, .T. ) ;
#760 = ORIENTED_EDGE ( 'NONE', *, *, #1438, .F. ) ;
#761 = CIRCLE ( 'NONE', #2239, 0.4944322300693971800 ) ;
#762 = ORIENTED_EDGE ( 'NONE', *, *, #1306, .F. ) ;
#763 = LINE ( 'NONE', #2100, #835 ) ;
#764 = EDGE_LOOP ( 'NONE', ( #1875, #73, #2920, #975 ) ) ;
#765 = CARTESIAN_POINT ( 'NONE',  ( 0.2136024664316381300, 0.4520774118824351100, -0.03867996093914462900 ) ) ;
#766 = DIRECTION ( 'NONE',  ( 1.000000000000000000, 0.0000000000000000000, 0.0000000000000000000 ) ) ;
#767 = CIRCLE ( 'NONE', #749, 0.4944322300693972900 ) ;
#768 = ORIENTED_EDGE ( 'NONE', *, *, #323, .F. ) ;
#769 = ORIENTED_EDGE ( 'NONE', *, *, #962, .F. ) ;
#770 = CARTESIAN_POINT ( 'NONE',  ( 0.06897407828173819600, 0.4952197558978092000, -0.08457673776680099700 ) ) ;
#771 = ORIENTED_EDGE ( 'NONE', *, *, #1195, .T. ) ;
#772 = CARTESIAN_POINT ( 'NONE',  ( 0.1766812949054239200, 0.4677432409640349100, -0.06694949445107872800 ) ) ;
#773 = CARTESIAN_POINT ( 'NONE',  ( 0.2167189297559734800, 0.4505921036273693400, -0.04842763675721983200 ) ) ;
#774 = CARTESIAN_POINT ( 'NONE',  ( 0.0000000000000000000, 0.0000000000000000000, -0.03937007874015751400 ) ) ;
#775 = CARTESIAN_POINT ( 'NONE',  ( -0.1305507360855804600, 0.4826557386219894100, -0.08813136183991546200 ) ) ;
#776 = CARTESIAN_POINT ( 'NONE',  ( 0.1088585580487793900, 0.4880068251163611200, -0.06208842082767927800 ) ) ;
#777 = EDGE_CURVE ( 'NONE', #1637, #2529, #862, .T. ) ;
#778 = CC_DESIGN_PERSON_AND_ORGANIZATION_ASSIGNMENT ( #1295, #1429, ( #324 ) ) ;
#779 = DIRECTION ( 'NONE',  ( 0.4043106589289660600, 0.9146217202081007300, 0.0000000000000000000 ) ) ;
#780 = CARTESIAN_POINT ( 'NONE',  ( 0.1713516902759050500, 0.4697220754353028700, -0.08012024199510293900 ) ) ;
#781 = ORIENTED_EDGE ( 'NONE', *, *, #2689, .F. ) ;
#782 = CARTESIAN_POINT ( 'NONE',  ( -0.04918672282330898600, 0.4975756523836328800, -0.03879114111017675800 ) ) ;
#783 = AXIS2_PLACEMENT_3D ( 'NONE', #1089, #1797, #1068 ) ;
#784 = CARTESIAN_POINT ( 'NONE',  ( -0.4944322300693971800, 0.0000000000000000000, -0.01143903361101887400 ) ) ;
#785 = UNCERTAINTY_MEASURE_WITH_UNIT (LENGTH_MEASURE( 1.000000000000000100E-005 ), #1192, 'distance_accuracy_value', 'NONE');
#786 = CARTESIAN_POINT ( 'NONE',  ( 0.0000000000000000000, 0.0000000000000000000, -0.03937007874015751400 ) ) ;
#787 = CARTESIAN_POINT ( 'NONE',  ( 0.1020564208635115600, 0.4894739960488209100, -0.05362270324572955500 ) ) ;
#788 = B_SPLINE_CURVE_WITH_KNOTS ( 'NONE', 3,
 ( #138, #1063, #812, #1518 ),
 .UNSPECIFIED., .F., .F.,
 ( 4, 4 ),
 ( 0.0000000000000000000, 1.000000000000000000 ),
 .UNSPECIFIED. ) ;
#789 = CARTESIAN_POINT ( 'NONE',  ( 0.1216628107360398100, 0.4849742800336814800, -0.03433514033515863700 ) ) ;
#790 = CARTESIAN_POINT ( 'NONE',  ( 0.1598301651206249000, 0.4737661008530620300, -0.08486409176894474400 ) ) ;
#791 = CARTESIAN_POINT ( 'NONE',  ( -0.04017335331775027900, 0.4983834951498749600, -0.04762378412431898800 ) ) ;
#792 = CARTESIAN_POINT ( 'NONE',  ( -0.1314860912164385600, 0.4824017101903785300, -0.07589162675618824100 ) ) ;
#793 = DIRECTION ( 'NONE',  ( -0.05297337612224425900, 0.9985959249977997000, 0.0000000000000000000 ) ) ;
#794 = EDGE_CURVE ( 'NONE', #1003, #1705, #1097, .T. ) ;
#795 = CARTESIAN_POINT ( 'NONE',  ( -0.03370088408315875800, 0.4988631894580179400, -0.04281831282635291400 ) ) ;
#796 = CARTESIAN_POINT ( 'NONE',  ( 0.07452208091247573800, 0.4944152702500949600, -0.05549032208390538400 ) ) ;
#797 = ORIENTED_EDGE ( 'NONE', *, *, #2451, .F. ) ;
#798 = LINE ( 'NONE', #1508, #869 ) ;
#799 = CARTESIAN_POINT ( 'NONE',  ( 0.009084902827491889800, 0.4999174577273882700, -0.03262302574835117300 ) ) ;
#801 = ORIENTED_EDGE ( 'NONE', *, *, #153, .T. ) ;
#800 = EDGE_CURVE ( 'NONE', #2903, #66, #340, .T. ) ;
#802 = DIRECTION ( 'NONE',  ( -0.1403587508878006700, 0.9901007125788852100, 0.0000000000000000000 ) ) ;
#803 = CARTESIAN_POINT ( 'NONE',  ( -0.1388741921944632900, 0.4803270148877675800, -0.08458117615048230100 ) ) ;
#804 = LINE ( 'NONE', #2253, #1421 ) ;
#805 = ORIENTED_EDGE ( 'NONE', *, *, #1545, .T. ) ;
#806 = ORIENTED_EDGE ( 'NONE', *, *, #2580, .T. ) ;
#807 = CARTESIAN_POINT ( 'NONE',  ( -0.09647944757338175500, 0.4906034204894367300, -0.09167814385858738500 ) ) ;
#808 = CARTESIAN_POINT ( 'NONE',  ( 6.055048479497750800E-017, -0.4944322300693972400, 0.09541547961692452300 ) ) ;
#809 = DIRECTION ( 'NONE',  ( -0.0000000000000000000, -0.0000000000000000000, 1.000000000000000000 ) ) ;
#810 = CARTESIAN_POINT ( 'NONE',  ( -0.04877649775946549200, 0.4976159567238983000, -0.03196725079197608500 ) ) ;
#811 = CARTESIAN_POINT ( 'NONE',  ( 0.05845004892693251400, 0.4965722841286739400, -0.08210212089049570600 ) ) ;
#812 = CARTESIAN_POINT ( 'NONE',  ( 0.2122939759164133300, 0.4526956617529398500, -0.04259173158319874000 ) ) ;
#813 = CARTESIAN_POINT ( 'NONE',  ( 0.08037776668984865400, 0.4934975825170613300, -0.08554253858347622700 ) ) ;
#814 = CARTESIAN_POINT ( 'NONE',  ( -0.1125033049202674300, 0.4871789776609263300, -0.05922460737719204000 ) ) ;
#815 = CARTESIAN_POINT ( 'NONE',  ( 0.1845027526514601000, 0.4647136050925568800, -0.05565427131575358100 ) ) ;
#816 = ADVANCED_FACE ( 'NONE', ( #494 ), #2876, .F. ) ;
#817 = CARTESIAN_POINT ( 'NONE',  ( 0.05136948722378934000, 0.4973541753945219800, -0.08450919322260919100 ) ) ;
#818 = CARTESIAN_POINT ( 'NONE',  ( -0.08827138278270581200, 0.4921464852883021800, -0.05549032208390537000 ) ) ;
#819 = CARTESIAN_POINT ( 'NONE',  ( 0.1071033065870504900, 0.4883997371861318300, -0.07040739606402075800 ) ) ;
#820 = EDGE_CURVE ( 'NONE', #271, #928, #420, .T. ) ;
#821 = CARTESIAN_POINT ( 'NONE',  ( 0.0000000000000000000, 0.0000000000000000000, -0.03937007874015751400 ) ) ;
#822 = CARTESIAN_POINT ( 'NONE',  ( -0.1402260885752979700, 0.4799341500505006600, -0.03871826362835439200 ) ) ;
#823 = CARTESIAN_POINT ( 'NONE',  ( 0.1705410522155830500, 0.4700175450656546300, -0.03361361089739655500 ) ) ;
#824 = CARTESIAN_POINT ( 'NONE',  ( 0.06290884393153420300, 0.4960269118318151900, -0.09144306569654822600 ) ) ;
#825 = CARTESIAN_POINT ( 'NONE',  ( -0.1048274021484925800, 0.4888880077191024600, -0.08142470035865555200 ) ) ;
#826 = CARTESIAN_POINT ( 'NONE',  ( -0.07841510084476083200, 0.4938127903968324000, -0.07502157208390536300 ) ) ;
#827 = VERTEX_POINT ( 'NONE', #999 ) ;
#828 = B_SPLINE_CURVE_WITH_KNOTS ( 'NONE', 3,
 ( #662, #2055, #2974, #1579, #220, #1828, #447, #2063, #673, #2286, #890, #2548, #1135, #2765, #1365, #10, #1587, #229, #1838, #454, #2071, #679 ),
 .UNSPECIFIED., .F., .F.,
 ( 4, 1, 2, 2, 2, 2, 2, 2, 1, 2, 2, 4 ),
 ( 0.0000000000000000000, 0.06249999999999807100, 0.09374999999999794600, 0.1249999999999978400, 0.2499999999999985600, 0.4999999999999988900, 0.6249999999999980000, 0.7499999999999970000, 0.8124999999999972200, 0.8437499999999971100, 0.8749999999999971100, 1.000000000000000000 ),
 .UNSPECIFIED. ) ;
#829 = CARTESIAN_POINT ( 'NONE',  ( 0.0000000000000000000, 0.0000000000000000000, -0.03937007874015751400 ) ) ;
#830 = CARTESIAN_POINT ( 'NONE',  ( -0.1335172130623950000, 0.4818434951475956100, -0.04272580436736995300 ) ) ;
#831 = B_SPLINE_CURVE_WITH_KNOTS ( 'NONE', 3,
 ( #634, #2228, #2022, #2251 ),
 .UNSPECIFIED., .F., .F.,
 ( 4, 4 ),
 ( 0.0000000000000000000, 1.000000000000000000 ),
 .UNSPECIFIED. ) ;
#832 = CIRCLE ( 'NONE', #1931, 0.5000000000000000000 ) ;
#833 = EDGE_CURVE ( 'NONE', #1024, #2171, #2810, .T. ) ;
#834 = CARTESIAN_POINT ( 'NONE',  ( -0.05222723298426826300, 0.4972653189333108800, -0.07316989520455649500 ) ) ;
#835 = VECTOR ( 'NONE', #2305, 39.37007874015748100 ) ;
#836 = CARTESIAN_POINT ( 'NONE',  ( 0.05630826096723354200, 0.4968193954207170100, -0.06319854841887070900 ) ) ;
#837 = CARTESIAN_POINT ( 'NONE',  ( 0.1360576254545840800, 0.4811323337249951400, -0.07201676439159769600 ) ) ;
#838 = AXIS2_PLACEMENT_3D ( 'NONE', #1143, #2769, #1372 ) ;
#839 = CARTESIAN_POINT ( 'NONE',  ( 0.1102999444594602400, 0.4876826873401192700, -0.07316989520510101800 ) ) ;
#840 = CIRCLE ( 'NONE', #140, 0.5000000000000000000 ) ;
#841 = CARTESIAN_POINT ( 'NONE',  ( -0.1519262422993180300, 0.4763602148711584300, -0.03563859903739190200 ) ) ;
#842 = CARTESIAN_POINT ( 'NONE',  ( -0.1583875793715319700, 0.4742503982735701800, -0.07367519321186544200 ) ) ;
#843 = ORIENTED_EDGE ( 'NONE', *, *, #1048, .F. ) ;
#844 = ORIENTED_EDGE ( 'NONE', *, *, #1268, .F. ) ;
#845 = CARTESIAN_POINT ( 'NONE',  ( 0.1510458353360509300, 0.4766398563481202300, -0.04061974783444762700 ) ) ;
#846 = ADVANCED_FACE ( 'NONE', ( #2183, #1558 ), #2745, .T. ) ;
#847 = CARTESIAN_POINT ( 'NONE',  ( -0.04705356265770428000, 0.4977810403144387600, -0.07751272256921820600 ) ) ;
#848 = VERTEX_POINT ( 'NONE', #2885 ) ;
#849 = CARTESIAN_POINT ( 'NONE',  ( 0.1486157652898839900, 0.4774102061150544100, -0.08957864943619359100 ) ) ;
#850 = CARTESIAN_POINT ( 'NONE',  ( 0.1153650271540138400, 0.4865089026575579200, -0.07751272256919283800 ) ) ;
#851 = CARTESIAN_POINT ( 'NONE',  ( -0.1585389233420539700, 0.4741997583698144800, -0.05095051153092321200 ) ) ;
#852 = CARTESIAN_POINT ( 'NONE',  ( -0.1474981508132806600, 0.4777498082707593600, -0.09061492142475881300 ) ) ;
#853 = CARTESIAN_POINT ( 'NONE',  ( -0.2219933881459617800, 0.4480166689080624100, -0.06593616929771518900 ) ) ;
#854 = CARTESIAN_POINT ( 'NONE',  ( 0.1847906837189696200, 0.4645991855467201900, -0.06095575969747291800 ) ) ;
#855 = EDGE_CURVE ( 'NONE', #1746, #104, #347, .T. ) ;
#856 = CARTESIAN_POINT ( 'NONE',  ( 0.1251220659300471500, 0.4840915413047801000, -0.07755628227647384800 ) ) ;
#857 = CARTESIAN_POINT ( 'NONE',  ( -0.1125935526753289300, 0.4871577689988613200, -0.03262302574835115900 ) ) ;
#858 = CARTESIAN_POINT ( 'NONE',  ( 0.0000000000000000000, -1.650592511675795500E-017, 0.09541547961692459200 ) ) ;
#859 = DIMENSIONAL_EXPONENTS ( 1.000000000000000000, 0.0000000000000000000, 0.0000000000000000000, 0.0000000000000000000, 0.0000000000000000000, 0.0000000000000000000, 0.0000000000000000000 ) ;
#860 = CARTESIAN_POINT ( 'NONE',  ( -0.08938108610979031400, 0.4919464219251243300, -0.05466309538946390700 ) ) ;
#861 = CARTESIAN_POINT ( 'NONE',  ( -0.1234233578579609400, 0.4845272735214043400, -0.05226274581288616700 ) ) ;
#862 = B_SPLINE_CURVE_WITH_KNOTS ( 'NONE', 3,
 ( #2142, #1439, #1672, #754 ),
 .UNSPECIFIED., .F., .F.,
 ( 4, 4 ),
 ( 0.0000000000000000000, 1.000000000000000000 ),
 .UNSPECIFIED. ) ;
#863 = CARTESIAN_POINT ( 'NONE',  ( -0.08588330552205757100, 0.4925688356286915300, -0.07426445518505618600 ) ) ;
#864 = CARTESIAN_POINT ( 'NONE',  ( 0.1385074026871297700, 0.4804328998299951000, -0.04522597129941950700 ) ) ;
#865 = CARTESIAN_POINT ( 'NONE',  ( -0.05255726642887162400, 0.4972307400228369600, -0.06316617016519750200 ) ) ;
#866 = VERTEX_POINT ( 'NONE', #352 ) ;
#867 = CARTESIAN_POINT ( 'NONE',  ( 0.1104300651066688300, 0.4876532560378653600, -0.03187798998327431200 ) ) ;
#868 = CARTESIAN_POINT ( 'NONE',  ( -0.05817452673952210100, 0.4966044412969005100, -0.04073536126900664100 ) ) ;
#869 = VECTOR ( 'NONE', #1296, 39.37007874015748100 ) ;
#870 = CARTESIAN_POINT ( 'NONE',  ( -0.1348021336736499300, 0.4814883845125461600, -0.03286761091010900700 ) ) ;
#871 = CARTESIAN_POINT ( 'NONE',  ( -0.1284481746273784300, 0.4832194806036843000, -0.08598793716567403000 ) ) ;
#872 = CIRCLE ( 'NONE', #2478, 0.4944322300693972400 ) ;
#873 = CARTESIAN_POINT ( 'NONE',  ( -0.1308074468602531100, 0.4825861732106788100, -0.05160587525603608400 ) ) ;
#874 = EDGE_CURVE ( 'NONE', #1585, #2319, #2265, .T. ) ;
#875 = ORIENTED_EDGE ( 'NONE', *, *, #1489, .F. ) ;
#876 = DIRECTION ( 'NONE',  ( 0.0000000000000000000, 0.0000000000000000000, -1.000000000000000000 ) ) ;
#877 = ORIENTED_EDGE ( 'NONE', *, *, #2774, .T. ) ;
#878 = CARTESIAN_POINT ( 'NONE',  ( -0.05992294960290592300, 0.4963962723735489400, -0.05481582111843040500 ) ) ;
#879 = AXIS2_PLACEMENT_3D ( 'NONE', #1680, #306, #1923 ) ;
#880 = CARTESIAN_POINT ( 'NONE',  ( 0.06620650671736250100, 0.4955973148315917000, -0.08486409176894474400 ) ) ;
#881 = DIRECTION ( 'NONE',  ( -0.0000000000000000000, 1.224606353822377300E-016, -1.000000000000000000 ) ) ;
#882 = B_SPLINE_CURVE_WITH_KNOTS ( 'NONE', 3,
 ( #476, #459, #2569, #688 ),
 .UNSPECIFIED., .F., .F.,
 ( 4, 4 ),
 ( 0.0000000000000000000, 1.000000000000000000 ),
 .UNSPECIFIED. ) ;
#883 = CARTESIAN_POINT ( 'NONE',  ( -0.09759692291950158900, 0.4903834785078996500, -0.05839436028364127600 ) ) ;
#884 = CARTESIAN_POINT ( 'NONE',  ( -0.1240157863739394900, 0.4843759840590438100, -0.07486027986211588000 ) ) ;
#885 = CARTESIAN_POINT ( 'NONE',  ( -0.07017937544390033500, 0.4950503562894426100, -0.08334985797124638800 ) ) ;
#886 = CARTESIAN_POINT ( 'NONE',  ( 0.09689411004875205000, 0.4905250009037670500, -0.03762829090667033100 ) ) ;
#887 = CARTESIAN_POINT ( 'NONE',  ( 0.0000000000000000000, 0.0000000000000000000, -0.03937007874015751400 ) ) ;
#888 = CARTESIAN_POINT ( 'NONE',  ( 0.04234775314436867900, 0.4982034401764239300, -0.06896463689311191400 ) ) ;
#889 = ORIENTED_EDGE ( 'NONE', *, *, #2473, .F. ) ;
#890 = CARTESIAN_POINT ( 'NONE',  ( -0.08318853154841772400, 0.4930318619246640800, -0.08639378990827804900 ) ) ;
#891 = EDGE_CURVE ( 'NONE', #2708, #1484, #1722, .T. ) ;
#892 = ORIENTED_EDGE ( 'NONE', *, *, #932, .F. ) ;
#893 = DIRECTION ( 'NONE',  ( -0.0000000000000000000, -0.0000000000000000000, 1.000000000000000000 ) ) ;
#894 = CARTESIAN_POINT ( 'NONE',  ( 0.04880160333603000100, 0.4976130559024359300, -0.06129967331549308900 ) ) ;
#895 = CARTESIAN_POINT ( 'NONE',  ( 0.06101805327875502200, 0.4962629019824126300, -0.05180703981060666400 ) ) ;
#896 = AXIS2_PLACEMENT_3D ( 'NONE', #1138, #2766, #1367 ) ;
#897 = CARTESIAN_POINT ( 'NONE',  ( 0.1209458790556594100, 0.4851519022394265000, -0.04361444605271118400 ) ) ;
#898 = CARTESIAN_POINT ( 'NONE',  ( 0.1007589315133252500, 0.4897424197680787000, -0.04823856178711555300 ) ) ;
#899 = CARTESIAN_POINT ( 'NONE',  ( -0.08665617388030111300, 0.4924335275040784800, -0.07763867472332204600 ) ) ;
#900 = CARTESIAN_POINT ( 'NONE',  ( 0.0000000000000000000, 0.0000000000000000000, -0.06896463689311191400 ) ) ;
#901 = CARTESIAN_POINT ( 'NONE',  ( 0.1596944269541316900, 0.4738123006732535300, -0.09166876489075803700 ) ) ;
#902 = CARTESIAN_POINT ( 'NONE',  ( 0.09383739909473927400, 0.4911156273962390400, -0.05255236731515156700 ) ) ;
#903 = FACE_OUTER_BOUND ( 'NONE', #555, .T. ) ;
#904 = CARTESIAN_POINT ( 'NONE',  ( 0.1383442262957853000, 0.4804798818838385600, -0.04566714667455251700 ) ) ;
#905 = CARTESIAN_POINT ( 'NONE',  ( 0.1440523965680814100, 0.4787994434447394000, -0.07007665233829665800 ) ) ;
#906 = LINE ( 'NONE', #1831, #1451 ) ;
#907 = ORIENTED_EDGE ( 'NONE', *, *, #272, .T. ) ;
#908 = DIRECTION ( 'NONE',  ( -0.0000000000000000000, -0.0000000000000000000, 1.000000000000000000 ) ) ;
#909 = CIRCLE ( 'NONE', #1053, 0.4999999999999999400 ) ;
#910 = CARTESIAN_POINT ( 'NONE',  ( -0.04614204479947459800, 0.4978663592789969700, -0.06883450742612222400 ) ) ;
#911 = CARTESIAN_POINT ( 'NONE',  ( 0.1753678980447104000, 0.4682378582311078600, -0.08643478794132514200 ) ) ;
#912 = EDGE_CURVE ( 'NONE', #2314, #2271, #1193, .T. ) ;
#913 = CARTESIAN_POINT ( 'NONE',  ( -0.03344156487703838600, 0.4988804140763954400, -0.08342417888253861300 ) ) ;
#914 = CARTESIAN_POINT ( 'NONE',  ( 0.09334301496410212000, 0.4912098143230661500, -0.04858570025790007900 ) ) ;
#915 = ORIENTED_EDGE ( 'NONE', *, *, #2689, .T. ) ;
#916 = ORIENTED_EDGE ( 'NONE', *, *, #2633, .T. ) ;
#917 = CARTESIAN_POINT ( 'NONE',  ( 0.1067535558299116700, 0.4884708561180564600, -0.03946767019161612200 ) ) ;
#918 = APPROVAL_DATE_TIME ( #1529, #2345 ) ;
#919 = CARTESIAN_POINT ( 'NONE',  ( 0.1445737114310455300, 0.4786423646480166800, -0.07230633033591546400 ) ) ;
#920 = B_SPLINE_CURVE_WITH_KNOTS ( 'NONE', 3,
 ( #1094, #443, #2157, #2317, #913, #2568, #1161, #2789, #1386, #28, #1612, #253, #1858, #475, #2095, #701, #2325, #925, #2585 ),
 .UNSPECIFIED., .F., .F.,
 ( 4, 1, 2, 2, 2, 2, 1, 1, 2, 2, 4 ),
 ( 0.0000000000000000000, 0.06249999999999864000, 0.09374999999999904200, 0.1249999999999994400, 0.1874999999999999700, 0.2500000000000005000, 0.3750000000000015000, 0.4375000000000020000, 0.4687500000000018900, 0.5000000000000017800, 1.000000000000000000 ),
 .UNSPECIFIED. ) ;
#921 = ORIENTED_EDGE ( 'NONE', *, *, #613, .T. ) ;
#922 = DIRECTION ( 'NONE',  ( -0.0000000000000000000, -0.0000000000000000000, 1.000000000000000000 ) ) ;
#923 = B_SPLINE_CURVE_WITH_KNOTS ( 'NONE', 3,
 ( #1926, #311, #2400, #1000, #2644, #1235, #2856, #1460, #95, #1692, #319, #1936, #548, #2165, #773, #2409 ),
 .UNSPECIFIED., .F., .F.,
 ( 4, 1, 2, 2, 2, 1, 2, 2, 4 ),
 ( 0.0000000000000000000, 0.1250000000000030300, 0.1875000000000046600, 0.2500000000000062700, 0.5000000000000032200, 0.6250000000000025500, 0.6874999999999997800, 0.7499999999999968900, 1.000000000000000000 ),
 .UNSPECIFIED. ) ;
#924 = CARTESIAN_POINT ( 'NONE',  ( 0.1841628550997368400, 0.4648484950297596700, -0.06881182077032665900 ) ) ;
#925 = CARTESIAN_POINT ( 'NONE',  ( -0.04263719443056161700, 0.4981911873372174000, -0.07162551521514748400 ) ) ;
#926 = ORIENTED_EDGE ( 'NONE', *, *, #1951, .F. ) ;
#927 = CARTESIAN_POINT ( 'NONE',  ( 0.0000000000000000000, 0.0000000000000000000, -0.04019419473684299200 ) ) ;
#928 = VERTEX_POINT ( 'NONE', #2211 ) ;
#929 = CARTESIAN_POINT ( 'NONE',  ( -0.1093108585990766700, 0.4879050778251554600, -0.08666573964829317500 ) ) ;
#930 = DIRECTION ( 'NONE',  ( 0.0000000000000000000, -1.000000000000000000, -1.216526059678616900E-016 ) ) ;
#931 = CARTESIAN_POINT ( 'NONE',  ( 0.07617105541825382200, 0.4941639103743507000, -0.06366481860116764100 ) ) ;
#932 = EDGE_CURVE ( 'NONE', #2393, #827, #2115, .T. ) ;
#933 = CARTESIAN_POINT ( 'NONE',  ( 0.1020338717865261500, 0.4894788310321752100, -0.06563369755452702600 ) ) ;
#934 = CC_DESIGN_DATE_AND_TIME_ASSIGNMENT ( #1843, #63, ( #324 ) ) ;
#935 = CARTESIAN_POINT ( 'NONE',  ( 0.0000000000000000000, -5.376214744674539800E-016, 4.350787401574804000 ) ) ;
#936 = CARTESIAN_POINT ( 'NONE',  ( -0.1136335930323667900, 0.4869162792426248200, -0.08028764162927573600 ) ) ;
#937 = ORIENTED_EDGE ( 'NONE', *, *, #1648, .F. ) ;
#938 = VERTEX_POINT ( 'NONE', #1065 ) ;
#939 = AXIS2_PLACEMENT_3D ( 'NONE', #2767, #1369, #12 ) ;
#940 = VERTEX_POINT ( 'NONE', #2254 ) ;
#941 = CARTESIAN_POINT ( 'NONE',  ( -0.09647944757338175500, 0.4906034204894367300, -0.09167814385858738500 ) ) ;
#942 = CARTESIAN_POINT ( 'NONE',  ( 0.1387289638711876300, 0.4803769158570361200, -0.07137006037383068800 ) ) ;
#943 = DIRECTION ( 'NONE',  ( 0.0000000000000000000, 1.000000000000000000, 1.208642382658147400E-016 ) ) ;
#944 = DIRECTION ( 'NONE',  ( -0.2251871053506578600, 0.9743155379977226400, 0.0000000000000000000 ) ) ;
#945 = CIRCLE ( 'NONE', #2672, 0.4999999999999999400 ) ;
#946 = CARTESIAN_POINT ( 'NONE',  ( -0.2105840636322486000, 0.4534913016853750500, -0.04654732692141573500 ) ) ;
#947 = DIRECTION ( 'NONE',  ( 1.000000000000000000, 0.0000000000000000000, 0.0000000000000000000 ) ) ;
#948 = ORIENTED_EDGE ( 'NONE', *, *, #2598, .T. ) ;
#949 = CARTESIAN_POINT ( 'NONE',  ( 0.07049562988057649100, 0.4950061694138480100, -0.05294843416946324500 ) ) ;
#950 = DIRECTION ( 'NONE',  ( 1.000000000000000000, 0.0000000000000000000, 0.0000000000000000000 ) ) ;
#951 = FACE_OUTER_BOUND ( 'NONE', #2940, .T. ) ;
#952 = ORIENTED_EDGE ( 'NONE', *, *, #1970, .F. ) ;
#953 = CARTESIAN_POINT ( 'NONE',  ( 0.0000000000000000000, 0.0000000000000000000, -0.08334985797124638800 ) ) ;
#954 = DIRECTION ( 'NONE',  ( -0.3905895763950310000, 0.9205649259077549600, 0.0000000000000000000 ) ) ;
#955 = VERTEX_POINT ( 'NONE', #1539 ) ;
#956 = EDGE_CURVE ( 'NONE', #215, #154, #654, .T. ) ;
#957 = ORIENTED_EDGE ( 'NONE', *, *, #652, .F. ) ;
#958 = CARTESIAN_POINT ( 'NONE',  ( 0.04730950846905653700, 0.4977568111942308200, -0.07560444466243861100 ) ) ;
#959 = ORIENTED_EDGE ( 'NONE', *, *, #1648, .T. ) ;
#960 = CARTESIAN_POINT ( 'NONE',  ( 0.05457750836329571700, 0.4970125978494701100, -0.06780716617002709200 ) ) ;
#961 = CARTESIAN_POINT ( 'NONE',  ( 0.0000000000000000000, 0.4944322300693972400, 0.09541547961692466200 ) ) ;
#962 = EDGE_CURVE ( 'NONE', #2224, #2862, #872, .T. ) ;
#963 = CARTESIAN_POINT ( 'NONE',  ( -0.1500388045688912400, 0.4769574764659564900, -0.07824765485108388400 ) ) ;
#964 = APPLICATION_CONTEXT ( 'configuration controlled 3d designs of mechanical parts and assemblies' ) ;
#965 = B_SPLINE_CURVE_WITH_KNOTS ( 'NONE', 3,
 ( #898, #2310, #2561, #1154, #2783, #1379, #23, #1605, #246, #1851, #470, #2087, #693, #2320, #917, #2574, #1163, #2792, #1388 ),
 .UNSPECIFIED., .F., .F.,
 ( 4, 2, 2, 2, 2, 2, 1, 2, 2, 4 ),
 ( 0.0000000000000000000, 0.1249999999999999400, 0.1874999999999995800, 0.2499999999999992200, 0.3750000000000010500, 0.5000000000000028900, 0.6250000000000046600, 0.6875000000000055500, 0.7500000000000064400, 1.000000000000000000 ),
 .UNSPECIFIED. ) ;
#966 = CARTESIAN_POINT ( 'NONE',  ( -0.06336785338986845900, 0.4959686605969481600, -0.06271734379688123600 ) ) ;
#967 = CARTESIAN_POINT ( 'NONE',  ( 0.0000000000000000000, -1.650592511675795500E-017, 0.09541547961692459200 ) ) ;
#968 = CARTESIAN_POINT ( 'NONE',  ( -0.05139302186945000900, 0.4973517440435151200, -0.03186590884950198800 ) ) ;
#969 = CARTESIAN_POINT ( 'NONE',  ( -0.09401588549883083100, 0.4910815197507386000, -0.05857239087563105600 ) ) ;
#970 = CARTESIAN_POINT ( 'NONE',  ( -0.1519886634322912500, 0.4763396336300016500, -0.06473600968433534900 ) ) ;
#971 = APPROVAL_STATUS ( 'not_yet_approved' ) ;
#972 = CARTESIAN_POINT ( 'NONE',  ( -0.1519982671073260300, 0.4763365689135594700, -0.06032965176032752100 ) ) ;
#973 = CARTESIAN_POINT ( 'NONE',  ( -0.06315568375811621300, 0.4959961399824498500, -0.03526630181476190400 ) ) ;
#974 = EDGE_CURVE ( 'NONE', #1958, #2054, #1022, .T. ) ;
#975 = ORIENTED_EDGE ( 'NONE', *, *, #1472, .F. ) ;
#976 = VERTEX_POINT ( 'NONE', #1121 ) ;
#977 = CARTESIAN_POINT ( 'NONE',  ( 0.05440448801972651300, 0.4970313387335967800, -0.07111768807421428600 ) ) ;
#978 = CARTESIAN_POINT ( 'NONE',  ( 0.1717493362606030700, 0.4695791571455318300, -0.04270879201236467400 ) ) ;
#979 = ORIENTED_EDGE ( 'NONE', *, *, #2363, .F. ) ;
#980 = DIRECTION ( 'NONE',  ( 1.000000000000000000, 0.0000000000000000000, -0.0000000000000000000 ) ) ;
#981 = CARTESIAN_POINT ( 'NONE',  ( -0.1507476328391519300, 0.4767338378649294000, -0.04768624248200424600 ) ) ;
#982 = VECTOR ( 'NONE', #1737, 39.37007874015748900 ) ;
#983 = VERTEX_POINT ( 'NONE', #2755 ) ;
#984 = ORIENTED_EDGE ( 'NONE', *, *, #2363, .T. ) ;
#985 = CIRCLE ( 'NONE', #486, 0.4944322300693971800 ) ;
#986 = CARTESIAN_POINT ( 'NONE',  ( -0.1411497147234121200, 0.4796631714375196900, -0.03186590884950198800 ) ) ;
#987 = CARTESIAN_POINT ( 'NONE',  ( 0.08165430740792518900, 0.4932916483739606700, -0.05281280971766269500 ) ) ;
#988 = DIRECTION ( 'NONE',  ( -0.0000000000000000000, -0.0000000000000000000, 1.000000000000000000 ) ) ;
#989 = CARTESIAN_POINT ( 'NONE',  ( 0.1767335296341462400, 0.4677234887535094400, -0.05607883162261856300 ) ) ;
#990 = CONICAL_SURFACE ( 'NONE', #1426, 0.4944322300693971800, 0.7853981633974545000 ) ;
#991 = ADVANCED_FACE ( 'NONE', ( #951 ), #2338, .T. ) ;
#992 = VERTEX_POINT ( 'NONE', #1354 ) ;
#993 = DIRECTION ( 'NONE',  ( 0.09977314970630221700, 0.9950102102982079100, 0.0000000000000000000 ) ) ;
#994 = CARTESIAN_POINT ( 'NONE',  ( -0.1430865823865560300, 0.4790889816860516300, -0.03889035818183241700 ) ) ;
#995 = EDGE_CURVE ( 'NONE', #2024, #1941, #2048, .T. ) ;
#996 = ORIENTED_EDGE ( 'NONE', *, *, #82, .T. ) ;
#997 = CARTESIAN_POINT ( 'NONE',  ( 0.07663288148294611400, 0.4940925039633694000, -0.07578864517125627500 ) ) ;
#998 = APPROVAL_PERSON_ORGANIZATION ( #1606, #2345, #2622 ) ;
#999 = CARTESIAN_POINT ( 'NONE',  ( 0.04988657485315110800, 0.4975051051491039500, -0.04019419473684299200 ) ) ;
#1000 = CARTESIAN_POINT ( 'NONE',  ( 0.2140808896936715600, 0.4518510545498411500, -0.04078016251992016400 ) ) ;
#1001 = AXIS2_PLACEMENT_3D ( 'NONE', #461, #2075, #682 ) ;
#1002 = CARTESIAN_POINT ( 'NONE',  ( 0.2208673535327547700, 0.4485773874258596200, -0.06048650495287367900 ) ) ;
#1003 = VERTEX_POINT ( 'NONE', #2284 ) ;
#1004 = CARTESIAN_POINT ( 'NONE',  ( -0.05974406844613933800, 0.4964179371934370200, -0.06649790261935514800 ) ) ;
#1005 = VERTEX_POINT ( 'NONE', #1363 ) ;
#1006 = CARTESIAN_POINT ( 'NONE',  ( 0.06840032079679543600, 0.4952993143498676300, -0.08468904595357046300 ) ) ;
#1007 = CARTESIAN_POINT ( 'NONE',  ( 0.1764042072693053900, 0.4678477952764874500, -0.06869174565462513000 ) ) ;
#1008 = CARTESIAN_POINT ( 'NONE',  ( 0.0000000000000000000, 1.107003563323749100E-015, -0.1181102362204725500 ) ) ;
#1009 = DIRECTION ( 'NONE',  ( -0.0000000000000000000, -0.0000000000000000000, 1.000000000000000000 ) ) ;
#1010 = CARTESIAN_POINT ( 'NONE',  ( -0.1298210692570567800, 0.4828524746754705400, -0.08748432680228458700 ) ) ;
#1011 = CARTESIAN_POINT ( 'NONE',  ( 0.1071608895924158900, 0.4883815980696078500, -0.06035681595607503300 ) ) ;
#1012 = CARTESIAN_POINT ( 'NONE',  ( 0.1294042373820774900, 0.4829643371069187200, -0.04778128232411390400 ) ) ;
#1013 = EDGE_CURVE ( 'NONE', #2842, #1583, #122, .T. ) ;
#1014 = CARTESIAN_POINT ( 'NONE',  ( 0.1696981460054677300, 0.4703223950139826500, -0.08160948001805826100 ) ) ;
#1015 = CARTESIAN_POINT ( 'NONE',  ( -0.04753517020057915900, 0.4977353819026302300, -0.03911703601522339300 ) ) ;
#1016 = ORIENTED_EDGE ( 'NONE', *, *, #2014, .F. ) ;
#1017 = CARTESIAN_POINT ( 'NONE',  ( -0.1303513461635922900, 0.4827095690708209100, -0.06724337304185514000 ) ) ;
#1018 = VECTOR ( 'NONE', #684, 39.37007874015748100 ) ;
#1019 = ORIENTED_EDGE ( 'NONE', *, *, #540, .T. ) ;
#1020 = CARTESIAN_POINT ( 'NONE',  ( 0.0000000000000000000, 0.0000000000000000000, -0.09092102695973820800 ) ) ;
#1021 = CARTESIAN_POINT ( 'NONE',  ( 0.1009419830793364700, 0.4897048368842877300, -0.05045872916720638800 ) ) ;
#1022 = LINE ( 'NONE', #660, #277 ) ;
#1023 = CARTESIAN_POINT ( 'NONE',  ( 0.1190318822174351000, 0.4856250789570077400, -0.03314791996390706300 ) ) ;
#1024 = VERTEX_POINT ( 'NONE', #384 ) ;
#1025 = CARTESIAN_POINT ( 'NONE',  ( 0.0000000000000000000, 0.0000000000000000000, -0.03937007874015751400 ) ) ;
#1026 = CARTESIAN_POINT ( 'NONE',  ( -0.04008413452029705600, 0.4983906722238676300, -0.04927959752303318100 ) ) ;
#1027 = CARTESIAN_POINT ( 'NONE',  ( -0.1319031975242052900, 0.4822878716659501600, -0.07737554851072377100 ) ) ;
#1028 = CARTESIAN_POINT ( 'NONE',  ( -0.5000000000000000000, 6.123233995736766000E-017, -0.03937007874015751400 ) ) ;
#1029 = CARTESIAN_POINT ( 'NONE',  ( -0.03653950327724747600, 0.4986661759732097800, -0.03754881013273023800 ) ) ;
#1030 = EDGE_CURVE ( 'NONE', #1467, #1174, #2608, .T. ) ;
#1031 = DIRECTION ( 'NONE',  ( 0.0000000000000000000, 0.0000000000000000000, -1.000000000000000000 ) ) ;
#1032 = CARTESIAN_POINT ( 'NONE',  ( -0.1003028937365505700, 0.4898366350777144100, -0.05162788552989856100 ) ) ;
#1033 = AXIS2_PLACEMENT_3D ( 'NONE', #557, #2169, #779 ) ;
#1034 = CARTESIAN_POINT ( 'NONE',  ( -0.1398436170443748700, 0.4800457759312760100, -0.08478195899521366600 ) ) ;
#1035 = DIRECTION ( 'NONE',  ( -0.0000000000000000000, -0.0000000000000000000, 1.000000000000000000 ) ) ;
#1036 = CARTESIAN_POINT ( 'NONE',  ( -0.05139302186945000900, 0.4973517440435151200, -0.03186590884950198800 ) ) ;
#1037 = CARTESIAN_POINT ( 'NONE',  ( 0.1035658918330248200, 0.4891565438219971400, -0.06713182649474201700 ) ) ;
#1038 = ORIENTED_EDGE ( 'NONE', *, *, #1233, .T. ) ;
#1039 = CARTESIAN_POINT ( 'NONE',  ( 0.06400992328063248600, 0.4958858385334205000, -0.08469992556808754500 ) ) ;
#1040 = ADVANCED_FACE ( 'NONE', ( #2680 ), #1969, .T. ) ;
#1041 = CARTESIAN_POINT ( 'NONE',  ( 0.08229706601384397000, 0.4931808894675385200, -0.08264384681701561500 ) ) ;
#1042 = CARTESIAN_POINT ( 'NONE',  ( -0.1141548947257499300, 0.4867943999464279200, -0.06247751912080423700 ) ) ;
#1043 = CARTESIAN_POINT ( 'NONE',  ( 0.1843372462153802500, 0.4647792987493241100, -0.05431439203177629300 ) ) ;
#1044 = ORIENTED_EDGE ( 'NONE', *, *, #2604, .F. ) ;
#1045 = ORIENTED_EDGE ( 'NONE', *, *, #759, .T. ) ;
#1046 = CARTESIAN_POINT ( 'NONE',  ( 0.05206940789731443600, 0.4972814758311045500, -0.08536668753507005400 ) ) ;
#1047 = CARTESIAN_POINT ( 'NONE',  ( 0.0000000000000000000, 0.0000000000000000000, -0.03937007874015751400 ) ) ;
#1048 = EDGE_CURVE ( 'NONE', #2972, #1960, #804, .T. ) ;
#1049 = CARTESIAN_POINT ( 'NONE',  ( -0.09704241652546667700, 0.4904926569644724200, -0.08485122380936631300 ) ) ;
#1050 = CARTESIAN_POINT ( 'NONE',  ( 0.04997885203092380200, 0.4974961952039424500, -0.05922460737707215700 ) ) ;
#1051 = LINE ( 'NONE', #639, #2771 ) ;
#1052 = CARTESIAN_POINT ( 'NONE',  ( -0.02648668806112212900, 0.4992979624988998500, -0.06669328619656436600 ) ) ;
#1054 = VERTEX_POINT ( 'NONE', #1096 ) ;
#1053 = AXIS2_PLACEMENT_3D ( 'NONE', #900, #2555, #1148 ) ;
#1055 = CARTESIAN_POINT ( 'NONE',  ( -0.1394966752411883100, 0.4801466670700509400, -0.03879984460865371800 ) ) ;
#1056 = B_SPLINE_CURVE_WITH_KNOTS ( 'NONE', 3,
 ( #2373, #742, #1929, #545 ),
 .UNSPECIFIED., .F., .F.,
 ( 4, 4 ),
 ( 0.0000000000000000000, 1.000000000000000000 ),
 .UNSPECIFIED. ) ;
#1057 = CARTESIAN_POINT ( 'NONE',  ( 0.1676700444215297500, 0.4710501097383333900, -0.03241860436542646400 ) ) ;
#1058 = SPHERICAL_SURFACE ( 'NONE', #328, 18.07874015748031500 ) ;
#1059 = VECTOR ( 'NONE', #191, 39.37007874015748100 ) ;
#1060 = CARTESIAN_POINT ( 'NONE',  ( 0.06377698867643769000, 0.4959158456194193700, -0.09155334501839781900 ) ) ;
#1061 = CARTESIAN_POINT ( 'NONE',  ( -0.1062773000957138200, 0.4885747408146338100, -0.07939062196857060700 ) ) ;
#1062 = VERTEX_POINT ( 'NONE', #1331 ) ;
#1063 = CARTESIAN_POINT ( 'NONE',  ( 0.2109828011956216600, 0.4533082306554555000, -0.04650350222725285100 ) ) ;
#1064 = DIRECTION ( 'NONE',  ( 1.000000000000000000, 0.0000000000000000000, 0.0000000000000000000 ) ) ;
#1065 = CARTESIAN_POINT ( 'NONE',  ( 0.0000000000000000000, -2.688196153010263800E-016, -0.03937007874015751400 ) ) ;
#1066 = CARTESIAN_POINT ( 'NONE',  ( -0.08873965482910121900, 0.4920624960243543700, -0.05513338538703202500 ) ) ;
#1067 = COORDINATED_UNIVERSAL_TIME_OFFSET ( 5, 0, .BEHIND. ) ;
#1068 = DIRECTION ( 'NONE',  ( 0.0000000000000000000, 1.000000000000000000, 1.195183497228114800E-016 ) ) ;
#1069 = CARTESIAN_POINT ( 'NONE',  ( -0.05076354390207805900, 0.4974164153401136000, -0.07439307394502199500 ) ) ;
#1070 = EDGE_CURVE ( 'NONE', #2349, #1237, #2049, .T. ) ;
#1071 = ORIENTED_EDGE ( 'NONE', *, *, #540, .F. ) ;
#1072 = CARTESIAN_POINT ( 'NONE',  ( 0.1364680786114106900, 0.4810162632014329800, -0.07361262090192141600 ) ) ;
#1073 = VERTEX_POINT ( 'NONE', #2037 ) ;
#1074 = CARTESIAN_POINT ( 'NONE',  ( 0.1117345812873226500, 0.4873555283197814600, -0.07439307394528453500 ) ) ;
#1075 = CARTESIAN_POINT ( 'NONE',  ( -0.1532979912846077200, 0.4759199559463978500, -0.03713848866862253000 ) ) ;
#1076 = ADVANCED_FACE ( 'NONE', ( #734 ), #1283, .T. ) ;
#1077 = CARTESIAN_POINT ( 'NONE',  ( -0.1571194111447971300, 0.4746721059924243800, -0.07898985057686290500 ) ) ;
#1078 = CARTESIAN_POINT ( 'NONE',  ( 0.1531562034168924000, 0.4759656960043895400, -0.03931398446185367000 ) ) ;
#1079 = CARTESIAN_POINT ( 'NONE',  ( 0.05976976522958617900, 0.4964151657118557900, -0.08315046613180503100 ) ) ;
#1080 = CARTESIAN_POINT ( 'NONE',  ( -0.04543942966942377700, 0.4979313739139356600, -0.07893774336115597100 ) ) ;
#1081 = CARTESIAN_POINT ( 'NONE',  ( 0.1162556328261432800, 0.4862968515589967100, -0.06883450742612222400 ) ) ;
#1082 = CARTESIAN_POINT ( 'NONE',  ( 0.1418492245392450600, 0.4794588564858799400, -0.03899105383383343800 ) ) ;
#1083 = CARTESIAN_POINT ( 'NONE',  ( 0.1537352959588598200, 0.4757808858961920000, -0.09117608072445870800 ) ) ;
#1084 = CARTESIAN_POINT ( 'NONE',  ( 0.1169418872279710700, 0.4861326875535758600, -0.07893774336185406500 ) ) ;
#1085 = CARTESIAN_POINT ( 'NONE',  ( -0.1586362579025810400, 0.4741672048657794600, -0.05163070796338425200 ) ) ;
#1086 = CARTESIAN_POINT ( 'NONE',  ( -0.1455163481722958900, 0.4783567262816341700, -0.09120241670074043200 ) ) ;
#1087 = VERTEX_POINT ( 'NONE', #2521 ) ;
#1088 = B_SPLINE_CURVE_WITH_KNOTS ( 'NONE', 3,
 ( #2287, #1589, #230, #1840 ),
 .UNSPECIFIED., .F., .F.,
 ( 4, 4 ),
 ( 0.0000000000000000000, 1.000000000000000000 ),
 .UNSPECIFIED. ) ;
#1089 = CARTESIAN_POINT ( 'NONE',  ( 0.0000000000000000000, 0.0000000000000000000, -0.03937007874015751400 ) ) ;
#1090 = EDGE_CURVE ( 'NONE', #976, #2398, #1353, .T. ) ;
#1091 = VERTEX_POINT ( 'NONE', #2960 ) ;
#1092 = PRODUCT_DEFINITION_FORMATION_WITH_SPECIFIED_SOURCE ( 'ANY', '', #2386, .NOT_KNOWN. ) ;
#1093 = CIRCLE ( 'NONE', #2820, 0.4944322300693971800 ) ;
#1094 = CARTESIAN_POINT ( 'NONE',  ( -0.03256844211746190400, 0.4989381690931668500, -0.08566852847397200800 ) ) ;
#1095 = AXIS2_PLACEMENT_3D ( 'NONE', #288, #1908, #524 ) ;
#1096 = CARTESIAN_POINT ( 'NONE',  ( -0.1854939833856521500, 0.4643188367143028000, -0.06669328619656436600 ) ) ;
#1097 = LINE ( 'NONE', #2628, #562 ) ;
#1098 = CARTESIAN_POINT ( 'NONE',  ( -0.06192417983019887100, 0.4961505779018675600, -0.04823856178711555300 ) ) ;
#1099 = CARTESIAN_POINT ( 'NONE',  ( -0.09027761940247390500, 0.4917824543918087300, -0.05406377136211912300 ) ) ;
#1100 = VERTEX_POINT ( 'NONE', #1340 ) ;
#1101 = CARTESIAN_POINT ( 'NONE',  ( -0.1242262336689813800, 0.4843223816571057800, -0.04727358343026765600 ) ) ;
#1102 = CARTESIAN_POINT ( 'NONE',  ( -0.06063214467415105300, 0.4963105681451753800, -0.06563369755470013800 ) ) ;
#1103 = CARTESIAN_POINT ( 'NONE',  ( -0.1326849324814744800, 0.4820733807000258100, -0.04428210266099091900 ) ) ;
#1104 = VERTEX_POINT ( 'NONE', #2047 ) ;
#1105 = ORIENTED_EDGE ( 'NONE', *, *, #593, .F. ) ;
#1106 = CARTESIAN_POINT ( 'NONE',  ( -0.05487364667036531000, 0.4969799431544356700, -0.06091930744052067400 ) ) ;
#1107 = ORIENTED_EDGE ( 'NONE', *, *, #135, .F. ) ;
#1108 = CARTESIAN_POINT ( 'NONE',  ( 0.1111176970812613000, 0.4874965203930762800, -0.03186590884950198800 ) ) ;
#1109 = CARTESIAN_POINT ( 'NONE',  ( -0.05646400758836349300, 0.4968016855910395400, -0.03973251443601914800 ) ) ;
#1110 = B_SPLINE_CURVE_WITH_KNOTS ( 'NONE', 3,
 ( #1359, #1910, #2186, #710 ),
 .UNSPECIFIED., .F., .F.,
 ( 4, 4 ),
 ( 0.0000000000000000000, 1.000000000000000000 ),
 .UNSPECIFIED. ) ;
#1111 = DIRECTION ( 'NONE',  ( 0.0000000000000000000, 0.0000000000000000000, -1.000000000000000000 ) ) ;
#1112 = CARTESIAN_POINT ( 'NONE',  ( -0.1373622334801733200, 0.4807618040458537200, -0.03221277285895395000 ) ) ;
#1113 = EDGE_CURVE ( 'NONE', #641, #1551, #1488, .T. ) ;
#1114 = CARTESIAN_POINT ( 'NONE',  ( -0.1269991666065938000, 0.4836023414430853900, -0.08366449818721025100 ) ) ;
#1115 = CARTESIAN_POINT ( 'NONE',  ( -0.06839265157744077500, 0.4953003938461035800, -0.05436899570795417800 ) ) ;
#1116 = CARTESIAN_POINT ( 'NONE',  ( -0.1305279148303281300, 0.4826618607439380800, -0.05401658861647753300 ) ) ;
#1117 = EDGE_CURVE ( 'NONE', #1003, #366, #211, .T. ) ;
#1118 = CARTESIAN_POINT ( 'NONE',  ( 0.1286086025223021600, 0.4831768135659260100, -0.08342417888254859100 ) ) ;
#1119 = CARTESIAN_POINT ( 'NONE',  ( -0.06107682664978850200, 0.4962557127754275700, -0.05258836744429400100 ) ) ;
#1120 = CARTESIAN_POINT ( 'NONE',  ( 0.1087124771245157200, 0.4880385848949580500, -0.03197588338175039200 ) ) ;
#1121 = CARTESIAN_POINT ( 'NONE',  ( 0.01438323662709293000, 0.4997930796881135400, -0.03262302574835117300 ) ) ;
#1122 = CARTESIAN_POINT ( 'NONE',  ( 0.05820131481992038600, 0.4966022047337583200, -0.05251871254742497600 ) ) ;
#1123 = DIRECTION ( 'NONE',  ( -0.0000000000000000000, -0.0000000000000000000, 1.000000000000000000 ) ) ;
#1124 = CARTESIAN_POINT ( 'NONE',  ( -0.1234971664971164800, 0.4845084937216993500, -0.07185018457345587800 ) ) ;
#1125 = ORIENTED_EDGE ( 'NONE', *, *, #1013, .F. ) ;
#1126 = ORIENTED_EDGE ( 'NONE', *, *, #1030, .F. ) ;
#1127 = VERTEX_POINT ( 'NONE', #880 ) ;
#1128 = ORIENTED_EDGE ( 'NONE', *, *, #675, .T. ) ;
#1129 = CARTESIAN_POINT ( 'NONE',  ( 0.1596283839517475800, 0.4738341260788984700, -0.03792284404029545200 ) ) ;
#1130 = CARTESIAN_POINT ( 'NONE',  ( 0.09421353642898484800, 0.4910438013664691900, -0.04251280512569601700 ) ) ;
#1131 = DIRECTION ( 'NONE',  ( -0.0000000000000000000, -0.0000000000000000000, 1.000000000000000000 ) ) ;
#1132 = DIRECTION ( 'NONE',  ( -0.0000000000000000000, -0.0000000000000000000, 1.000000000000000000 ) ) ;
#1133 = FACE_BOUND ( 'NONE', #2606, .T. ) ;
#1134 = ORIENTED_EDGE ( 'NONE', *, *, #201, .T. ) ;
#1135 = CARTESIAN_POINT ( 'NONE',  ( -0.08110870989713002400, 0.4933779752958724600, -0.08370287251892397100 ) ) ;
#1136 = VERTEX_POINT ( 'NONE', #2295 ) ;
#1137 = ORIENTED_EDGE ( 'NONE', *, *, #468, .F. ) ;
#1138 = CARTESIAN_POINT ( 'NONE',  ( 0.0000000000000000000, 6.416648016937802900E-016, -5.279133858267716300 ) ) ;
#1139 = CONICAL_SURFACE ( 'NONE', #1461, 0.4944322300693972400, 0.7853981633974621600 ) ;
#1140 = EDGE_CURVE ( 'NONE', #2752, #1087, #1902, .T. ) ;
#1141 = CARTESIAN_POINT ( 'NONE',  ( 0.06471197866371469800, 0.4957950650212537000, -0.05156462255925783900 ) ) ;
#1142 = CIRCLE ( 'NONE', #1573, 4.390157480314961400 ) ;
#1143 = CARTESIAN_POINT ( 'NONE',  ( 0.0000000000000000000, 0.0000000000000000000, -0.07350733828620700800 ) ) ;
#1144 = ORIENTED_EDGE ( 'NONE', *, *, #891, .T. ) ;
#1145 = CARTESIAN_POINT ( 'NONE',  ( -0.08812880410796430900, 0.4921729687165008500, -0.08083587239294852400 ) ) ;
#1146 = CARTESIAN_POINT ( 'NONE',  ( -0.1871297024073174900, 0.4636620261321264800, -0.09092102695973820800 ) ) ;
#1147 = ORIENTED_EDGE ( 'NONE', *, *, #1772, .F. ) ;
#1148 = DIRECTION ( 'NONE',  ( 0.003028462966074566700, 0.9999954141955167400, 0.0000000000000000000 ) ) ;
#1149 = CARTESIAN_POINT ( 'NONE',  ( 0.05067113064972935500, 0.4974264534485609600, -0.05824997388158630700 ) ) ;
#1150 = VERTEX_POINT ( 'NONE', #1593 ) ;
#1151 = CARTESIAN_POINT ( 'NONE',  ( 0.1611287175667875700, 0.4733260804416990500, -0.09162389665098487300 ) ) ;
#1152 = CARTESIAN_POINT ( 'NONE',  ( 0.09399311397414085400, 0.4910858677047654200, -0.05316718035583750000 ) ) ;
#1153 = DATE_AND_TIME ( #1762, #2391 ) ;
#1154 = CARTESIAN_POINT ( 'NONE',  ( 0.1010206469802243200, 0.4896885055301563600, -0.04590851395438358400 ) ) ;
#1155 = B_SPLINE_CURVE_WITH_KNOTS ( 'NONE', 3,
 ( #2419, #1012, #1253, #2872, #1471, #111, #1715, #335, #1950, #569, #2178, #789, #2433, #1023, #2671, #1263, #2882, #1480, #118, #1725, #349, #1959, #579 ),
 .UNSPECIFIED., .F., .F.,
 ( 4, 1, 2, 2, 2, 2, 1, 2, 2, 1, 2, 2, 4 ),
 ( 0.0000000000000000000, 0.06250000000000018000, 0.09375000000000043000, 0.1250000000000006700, 0.2500000000000026100, 0.5000000000000057700, 0.6250000000000067700, 0.6875000000000072200, 0.7500000000000076600, 0.8125000000000079900, 0.8437500000000082200, 0.8750000000000084400, 1.000000000000000000 ),
 .UNSPECIFIED. ) ;
#1156 = ORIENTED_EDGE ( 'NONE', *, *, #429, .T. ) ;
#1157 = EDGE_CURVE ( 'NONE', #2589, #2484, #965, .T. ) ;
#1158 = B_SPLINE_CURVE_WITH_KNOTS ( 'NONE', 3,
 ( #1305, #2713, #1526, #159, #1771, #391, #2009, #619, #2237, #845, #2490, #1078, #2720, #1316, #2930, #1534, #175, #1785, #401, #2021, #631, #2250 ),
 .UNSPECIFIED., .F., .F.,
 ( 4, 1, 1, 2, 2, 2, 1, 2, 2, 1, 2, 2, 4 ),
 ( 0.0000000000000000000, 0.1249999999999962000, 0.1874999999999942800, 0.2187499999999933400, 0.2499999999999923900, 0.4999999999999897900, 0.6249999999999905600, 0.6874999999999906700, 0.7499999999999906700, 0.8124999999999954500, 0.8437499999999955600, 0.8749999999999955600, 1.000000000000000000 ),
 .UNSPECIFIED. ) ;
#1159 = CARTESIAN_POINT ( 'NONE',  ( -0.2302231411613406800, 0.4438437847641953900, -0.09092102695973820800 ) ) ;
#1160 = CARTESIAN_POINT ( 'NONE',  ( 0.1773466618900747800, 0.4674914652965013700, -0.08441700841738905600 ) ) ;
#1161 = CARTESIAN_POINT ( 'NONE',  ( -0.03375653223034443700, 0.4988592260568131500, -0.08274228815549325400 ) ) ;
#1162 = AXIS2_PLACEMENT_3D ( 'NONE', #1636, #270, #1886 ) ;
#1163 = CARTESIAN_POINT ( 'NONE',  ( 0.1084645702166565800, 0.4880948925558914500, -0.03890581192743314300 ) ) ;
#1164 = CARTESIAN_POINT ( 'NONE',  ( 0.1440523965680814100, 0.4787994434447394000, -0.07007665233829665800 ) ) ;
#1165 = CARTESIAN_POINT ( 'NONE',  ( 0.06831614389314227800, 0.4953109631841352600, -0.05851251671244522800 ) ) ;
#1166 = EDGE_LOOP ( 'NONE', ( #433, #2823, #2685, #2397 ) ) ;
#1167 = CARTESIAN_POINT ( 'NONE',  ( -0.2242377927008958900, 0.4468975411933142600, -0.07275022138735783000 ) ) ;
#1168 = VERTEX_POINT ( 'NONE', #905 ) ;
#1169 = PRODUCT_DEFINITION_SHAPE ( 'NONE', 'NONE',  #324 ) ;
#1170 = CARTESIAN_POINT ( 'NONE',  ( 0.1845769426080032000, 0.4646841467643821300, -0.06551712475225751600 ) ) ;
#1171 = ORIENTED_EDGE ( 'NONE', *, *, #1455, .T. ) ;
#1172 = CARTESIAN_POINT ( 'NONE',  ( -0.1071268610609235300, 0.4883903537826723200, -0.08856594390435153200 ) ) ;
#1173 = CIRCLE ( 'NONE', #2036, 0.5000000000000000000 ) ;
#1174 = VERTEX_POINT ( 'NONE', #1614 ) ;
#1175 = CYLINDRICAL_SURFACE ( 'NONE', #1844, 0.5000000000000000000 ) ;
#1176 = CARTESIAN_POINT ( 'NONE',  ( -0.2014626224073519700, 0.4576164461344813800, -0.07275022138735783000 ) ) ;
#1177 = CARTESIAN_POINT ( 'NONE',  ( 0.09863833974290313300, 0.4901739325362357000, -0.06183519259855749200 ) ) ;
#1178 = DIRECTION ( 'NONE',  ( -1.224646799147353200E-016, -1.000000000000000000, 0.0000000000000000000 ) ) ;
#1179 = CARTESIAN_POINT ( 'NONE',  ( -0.2129176709120647600, 0.4524003375478202200, -0.03867996093914462300 ) ) ;
#1180 = EDGE_CURVE ( 'NONE', #2784, #1600, #440, .T. ) ;
#1181 = CARTESIAN_POINT ( 'NONE',  ( -0.1126153873711097100, 0.4871529732127772800, -0.08233972885738331800 ) ) ;
#1182 = EDGE_LOOP ( 'NONE', ( #2028, #3, #1186, #957, #1188 ) ) ;
#1183 = CARTESIAN_POINT ( 'NONE',  ( 0.0000000000000000000, 0.5000000000000001100, -0.03937007874015745900 ) ) ;
#1184 = CARTESIAN_POINT ( 'NONE',  ( 0.5000000000000000000, 0.0000000000000000000, -0.1057801322676185100 ) ) ;
#1185 = CARTESIAN_POINT ( 'NONE',  ( 0.1950747872933190400, 0.4604420830247089000, -0.07123598758965947500 ) ) ;
#1186 = ORIENTED_EDGE ( 'NONE', *, *, #2558, .F. ) ;
#1187 = DIRECTION ( 'NONE',  ( 0.0000000000000000000, 1.000000000000000000, 0.0000000000000000000 ) ) ;
#1188 = ORIENTED_EDGE ( 'NONE', *, *, #2279, .F. ) ;
#1189 = CARTESIAN_POINT ( 'NONE',  ( -0.2101738166071006300, 0.4536816480412527200, -0.04755321047285941700 ) ) ;
#1190 = CARTESIAN_POINT ( 'NONE',  ( -0.1424188579538020200, 0.4792879696809978500, -0.08477556863832928800 ) ) ;
#1191 = CARTESIAN_POINT ( 'NONE',  ( -0.1393989130802545700, 0.4801755671324405300, -0.09160122666484636600 ) ) ;
#1192 =( CONVERSION_BASED_UNIT ( 'INCH', #94 ) LENGTH_UNIT ( ) NAMED_UNIT ( #859 ) );
#1193 = B_SPLINE_CURVE_WITH_KNOTS ( 'NONE', 3,
 ( #1303, #2479, #2709, #2918, #1522, #156, #1768, #385, #2004, #616, #2234, #841, #2487, #1075, #2718, #1312, #2926, #1532, #168, #1780, #397, #2019, #626, #2246, #851, #2501, #1085, #2729, #1324, #2939 ),
 .UNSPECIFIED., .F., .F.,
 ( 4, 1, 2, 2, 2, 2, 1, 2, 2, 1, 2, 2, 1, 1, 1, 2, 2, 4 ),
 ( 0.0000000000000000000, 0.03125000000000272000, 0.04687500000000345600, 0.06250000000000419100, 0.1250000000000028900, 0.2499999999999992500, 0.3124999999999979500, 0.3437499999999972800, 0.3749999999999966100, 0.4374999999999955600, 0.4687499999999950600, 0.4999999999999945600, 0.6249999999999934500, 0.6874999999999930100, 0.7187499999999926700, 0.7343749999999926700, 0.7499999999999925600, 1.000000000000000000 ),
 .UNSPECIFIED. ) ;
#1194 = DIRECTION ( 'NONE',  ( -0.0000000000000000000, 1.224606353822377300E-016, -1.000000000000000000 ) ) ;
#1195 = EDGE_CURVE ( 'NONE', #1973, #2878, #131, .T. ) ;
#1196 = CARTESIAN_POINT ( 'NONE',  ( 0.04813963366844079000, 0.4976772154418734300, -0.07856780673808889900 ) ) ;
#1197 = DIRECTION ( 'NONE',  ( 0.0000000000000000000, 0.7071067811865574500, -0.7071067811865375800 ) ) ;
#1198 = CARTESIAN_POINT ( 'NONE',  ( -0.1505239463494499300, 0.4768045133347014200, -0.07672917492446128300 ) ) ;
#1199 = APPROVAL_STATUS ( 'not_yet_approved' ) ;
#1200 = AXIS2_PLACEMENT_3D ( 'NONE', #2412, #1009, #2655 ) ;
#1201 = ORIENTED_EDGE ( 'NONE', *, *, #2913, .T. ) ;
#1202 = EDGE_LOOP ( 'NONE', ( #1716, #2681, #1394 ) ) ;
#1203 = CARTESIAN_POINT ( 'NONE',  ( 0.1294882723780563800, 0.4829418053104807000, -0.04852248062418400300 ) ) ;
#1204 = ORIENTED_EDGE ( 'NONE', *, *, #1591, .T. ) ;
#1205 = CARTESIAN_POINT ( 'NONE',  ( -0.05304558514881362000, 0.4971787496533324700, -0.03191372596883589700 ) ) ;
#1206 = CARTESIAN_POINT ( 'NONE',  ( -0.09264769433199250600, 0.4913424830261551300, -0.05884935289215741100 ) ) ;
#1207 = FACE_BOUND ( 'NONE', #1743, .T. ) ;
#1208 = CARTESIAN_POINT ( 'NONE',  ( -0.02648668806112212900, 0.4992979624988998500, -0.07350733828620700800 ) ) ;
#1209 = ORIENTED_EDGE ( 'NONE', *, *, #1472, .T. ) ;
#1210 = CYLINDRICAL_SURFACE ( 'NONE', #1778, 0.5000000000000000000 ) ;
#1211 = CARTESIAN_POINT ( 'NONE',  ( -0.1519601847901456100, 0.4763487227029185600, -0.05834677410124537700 ) ) ;
#1212 = ORIENTED_EDGE ( 'NONE', *, *, #2618, .F. ) ;
#1213 = EDGE_CURVE ( 'NONE', #2084, #2759, #2540, .T. ) ;
#1214 = CARTESIAN_POINT ( 'NONE',  ( -0.06719401914122051500, 0.4954652207967800100, -0.03946874558443982200 ) ) ;
#1215 = DIRECTION ( 'NONE',  ( -1.000000000000000000, 0.0000000000000000000, 0.0000000000000000000 ) ) ;
#1216 = CARTESIAN_POINT ( 'NONE',  ( 0.0000000000000000000, -4.102286176767980200E-018, -0.005871263680416325500 ) ) ;
#1217 = AXIS2_PLACEMENT_3D ( 'NONE', #1627, #267, #1879 ) ;
#1218 = CARTESIAN_POINT ( 'NONE',  ( 0.1740742314985372900, 0.4687198934875151900, -0.04638921123175889600 ) ) ;
#1219 = ORIENTED_EDGE ( 'NONE', *, *, #2056, .T. ) ;
#1220 = ORIENTED_EDGE ( 'NONE', *, *, #2880, .F. ) ;
#1221 = PERSON_AND_ORGANIZATION ( #1231, #2935 ) ;
#1222 = ORIENTED_EDGE ( 'NONE', *, *, #2538, .F. ) ;
#1223 = CARTESIAN_POINT ( 'NONE',  ( -0.1505158220405202800, 0.4768071092047861900, -0.04678252499168993700 ) ) ;
#1224 = VERTEX_POINT ( 'NONE', #2113 ) ;
#1225 = ADVANCED_FACE ( 'NONE', ( #2614 ), #1210, .T. ) ;
#1226 = CARTESIAN_POINT ( 'NONE',  ( 0.08364483393386312700, 0.4929538941485059300, -0.06290770170231846400 ) ) ;
#1227 = CARTESIAN_POINT ( 'NONE',  ( 0.0000000000000000000, 0.0000000000000000000, -0.01700680354162161700 ) ) ;
#1228 = CARTESIAN_POINT ( 'NONE',  ( 0.1769212819755079900, 0.4676525139972269000, -0.05776601700186288100 ) ) ;
#1229 = ORIENTED_EDGE ( 'NONE', *, *, #1506, .F. ) ;
#1230 = CARTESIAN_POINT ( 'NONE',  ( -0.1423772173205861100, 0.4793004437200349400, -0.03875385041743808400 ) ) ;
#1231 = PERSON ( 'UNSPECIFIED', 'UNSPECIFIED', 'UNSPECIFIED', ('UNSPECIFIED'), ('UNSPECIFIED'), ('UNSPECIFIED') ) ;
#1232 = CARTESIAN_POINT ( 'NONE',  ( 0.07655243701733227500, 0.4941049747263914200, -0.07615858735664034200 ) ) ;
#1233 = EDGE_CURVE ( 'NONE', #603, #938, #1830, .T. ) ;
#1234 = DIRECTION ( 'NONE',  ( 0.0000000000000000000, -0.7071067811865692200, 0.7071067811865257000 ) ) ;
#1235 = CARTESIAN_POINT ( 'NONE',  ( 0.2142068279991082800, 0.4517913663071024300, -0.04129059273307215900 ) ) ;
#1236 = DIRECTION ( 'NONE',  ( -0.0000000000000000000, -0.0000000000000000000, 1.000000000000000000 ) ) ;
#1237 = VERTEX_POINT ( 'NONE', #502 ) ;
#1238 = CARTESIAN_POINT ( 'NONE',  ( -0.09024259218021697700, 0.4917898715552114800, -0.04529290385253044400 ) ) ;
#1239 = ORIENTED_EDGE ( 'NONE', *, *, #1877, .F. ) ;
#1240 = FACE_OUTER_BOUND ( 'NONE', #2822, .T. ) ;
#1241 = CARTESIAN_POINT ( 'NONE',  ( 0.06710903549320197700, 0.4954767466289965400, -0.08483648253632322700 ) ) ;
#1242 = CARTESIAN_POINT ( 'NONE',  ( 0.1759580414965990800, 0.4680158980889657100, -0.07097404731757825400 ) ) ;
#1243 = B_SPLINE_CURVE_WITH_KNOTS ( 'NONE', 3,
 ( #2158, #543, #1002, #2645 ),
 .UNSPECIFIED., .F., .F.,
 ( 4, 4 ),
 ( 0.0000000000000000000, 1.000000000000000000 ),
 .UNSPECIFIED. ) ;
#1244 = CARTESIAN_POINT ( 'NONE',  ( -0.05036714218490097300, 0.4974574357752693000, -0.03869989418081296000 ) ) ;
#1245 = CIRCLE ( 'NONE', #1217, 0.5000000000000000000 ) ;
#1246 = VERTEX_POINT ( 'NONE', #2821 ) ;
#1247 = ORIENTED_EDGE ( 'NONE', *, *, #1528, .F. ) ;
#1248 = CARTESIAN_POINT ( 'NONE',  ( -0.1289787265655052100, 0.4830784506354547900, -0.08660508852056036900 ) ) ;
#1249 = CARTESIAN_POINT ( 'NONE',  ( 0.1878315803145100800, 0.4633781365543197000, -0.09092102695973820800 ) ) ;
#1250 = CARTESIAN_POINT ( 'NONE',  ( 0.1067892476969974200, 0.4884629589676562900, -0.05996396748089150000 ) ) ;
#1251 = EDGE_CURVE ( 'NONE', #848, #235, #2892, .T. ) ;
#1252 = APPROVAL ( #1654, 'UNSPECIFIED' ) ;
#1253 = CARTESIAN_POINT ( 'NONE',  ( 0.1292741461013302800, 0.4829991824669654900, -0.04679048161419257400 ) ) ;
#1254 = CARTESIAN_POINT ( 'NONE',  ( 0.1682270184631196600, 0.4708500537211509600, -0.08255983216148188300 ) ) ;
#1255 = CARTESIAN_POINT ( 'NONE',  ( -0.04551991131608270500, 0.4979257059092672700, -0.03975658507588112500 ) ) ;
#1256 = AXIS2_PLACEMENT_3D ( 'NONE', #1424, #61, #1652 ) ;
#1257 = CARTESIAN_POINT ( 'NONE',  ( -0.1304285927906918000, 0.4826887011933712100, -0.06849592387264101500 ) ) ;
#1258 = DIRECTION ( 'NONE',  ( 0.01816980565498378000, 0.9998349154547765400, 0.0000000000000000000 ) ) ;
#1259 = CARTESIAN_POINT ( 'NONE',  ( 0.1007589315133252500, 0.4897424197680787000, -0.04823856178711555300 ) ) ;
#1260 = CARTESIAN_POINT ( 'NONE',  ( 0.04775747855822822000, 0.4977140295330471600, -0.06410639695211080300 ) ) ;
#1261 = ORIENTED_EDGE ( 'NONE', *, *, #135, .T. ) ;
#1262 = ORIENTED_EDGE ( 'NONE', *, *, #593, .T. ) ;
#1263 = CARTESIAN_POINT ( 'NONE',  ( 0.1173802070822579600, 0.4860269275252251900, -0.03262354532156053200 ) ) ;
#1264 = CARTESIAN_POINT ( 'NONE',  ( -0.09861433038210819200, 0.4901787570298089000, -0.05155094821958072100 ) ) ;
#1265 = CARTESIAN_POINT ( 'NONE',  ( -0.1229039914483213300, 0.4846592710086261600, -0.06075522548151205500 ) ) ;
#1266 = CARTESIAN_POINT ( 'NONE',  ( -0.1324940817516706600, 0.4821259079192172800, -0.07892940772082691900 ) ) ;
#1267 = CARTESIAN_POINT ( 'NONE',  ( 0.1201626093313696200, 0.4853474191100123300, -0.04241453726921929500 ) ) ;
#1268 = EDGE_CURVE ( 'NONE', #2491, #2426, #2135, .T. ) ;
#1269 = CARTESIAN_POINT ( 'NONE',  ( -0.04059661365369844600, 0.4983510878589849100, -0.03433514033515811000 ) ) ;
#1270 = CARTESIAN_POINT ( 'NONE',  ( 0.06789314507945495800, 0.4953696276421382100, -0.09162329241440324300 ) ) ;
#1271 = AXIS2_PLACEMENT_3D ( 'NONE', #1786, #1741, #187 ) ;
#1272 = CARTESIAN_POINT ( 'NONE',  ( -0.1016531077334604400, 0.4895576742305895500, -0.05180703981060623400 ) ) ;
#1273 = ORIENTED_EDGE ( 'NONE', *, *, #2894, .T. ) ;
#1274 = CARTESIAN_POINT ( 'NONE',  ( -0.1411497147234121200, 0.4796631714375196900, -0.08486409176894474400 ) ) ;
#1275 = EDGE_LOOP ( 'NONE', ( #1125, #1485, #1105, #984, #844, #1596, #1511, #926 ) ) ;
#1276 = ADVANCED_FACE ( 'NONE', ( #668 ), #1139, .T. ) ;
#1277 = VECTOR ( 'NONE', #1520, 39.37007874015748100 ) ;
#1278 = ORIENTED_EDGE ( 'NONE', *, *, #2515, .T. ) ;
#1279 = CARTESIAN_POINT ( 'NONE',  ( 0.2178393359680879700, 0.4500511345447120200, -0.03186590884950198800 ) ) ;
#1280 = CARTESIAN_POINT ( 'NONE',  ( 0.1377398600730205300, 0.4806534989873634300, -0.04750509019804796700 ) ) ;
#1281 = CARTESIAN_POINT ( 'NONE',  ( -0.09122738209286829200, 0.4916071243955703600, -0.04019419473684298500 ) ) ;
#1282 = CARTESIAN_POINT ( 'NONE',  ( 0.1033010803681300400, 0.4892125357243294300, -0.06687708274147347000 ) ) ;
#1283 = CONICAL_SURFACE ( 'NONE', #542, 0.4944322300693972400, 0.7853981633974621600 ) ;
#1284 = ORIENTED_EDGE ( 'NONE', *, *, #2031, .T. ) ;
#1285 = CARTESIAN_POINT ( 'NONE',  ( 0.2022491395344456200, 0.4573361674034133200, -0.05155094821958072800 ) ) ;
#1286 = CARTESIAN_POINT ( 'NONE',  ( 0.08325497562114027300, 0.4930199463848246600, -0.08038839910541627200 ) ) ;
#1287 = ORIENTED_EDGE ( 'NONE', *, *, #974, .F. ) ;
#1288 = CARTESIAN_POINT ( 'NONE',  ( -0.1149063365290959300, 0.4866174718786943100, -0.06495230657115239100 ) ) ;
#1289 = CARTESIAN_POINT ( 'NONE',  ( 0.1838138606387022000, 0.4649865635804366600, -0.05151580548961329900 ) ) ;
#1290 = CARTESIAN_POINT ( 'NONE',  ( 0.05258832210816717600, 0.4972267875031045100, -0.08596540641921901500 ) ) ;
#1291 = CARTESIAN_POINT ( 'NONE',  ( -0.09774263742081150400, 0.4903536270891764000, -0.08481377161491407400 ) ) ;
#1292 = EDGE_CURVE ( 'NONE', #1548, #2708, #1588, .T. ) ;
#1293 = CARTESIAN_POINT ( 'NONE',  ( 0.05558640869593780400, 0.4969006772863656100, -0.06457604113557917400 ) ) ;
#1294 = CARTESIAN_POINT ( 'NONE',  ( 0.1531807588022580400, 0.4759592238364995200, -0.03177078061229973700 ) ) ;
#1295 = PERSON_AND_ORGANIZATION ( #1231, #2935 ) ;
#1296 = DIRECTION ( 'NONE',  ( 0.0000000000000000000, 0.0000000000000000000, -1.000000000000000000 ) ) ;
#1297 = CARTESIAN_POINT ( 'NONE',  ( -0.1381695659784273900, 0.4805306663690515100, -0.03909698571362646400 ) ) ;
#1298 = CARTESIAN_POINT ( 'NONE',  ( 0.1654941538742730500, 0.4718176566321885500, -0.03182049692762407800 ) ) ;
#1299 = CARTESIAN_POINT ( 'NONE',  ( 0.06458854080189295500, 0.4958109998441183100, -0.09162573831061814100 ) ) ;
#1300 = CARTESIAN_POINT ( 'NONE',  ( -0.1073343111501224300, 0.4883435172795388400, -0.07697261921801341900 ) ) ;
#1301 = CARTESIAN_POINT ( 'NONE',  ( 0.5000000000000000000, 0.0000000000000000000, -0.03937007874015751400 ) ) ;
#1302 = EDGE_LOOP ( 'NONE', ( #1045, #2307, #723, #495 ) ) ;
#1303 = CARTESIAN_POINT ( 'NONE',  ( -0.1411497147234121200, 0.4796631714375196900, -0.03186590884950198800 ) ) ;
#1304 = CARTESIAN_POINT ( 'NONE',  ( -0.1591274636209721900, 0.4740025851148307300, -0.06563779841926092900 ) ) ;
#1305 = CARTESIAN_POINT ( 'NONE',  ( 0.1455017623546051900, 0.4783609904159242800, -0.05006037432497139500 ) ) ;
#1306 = EDGE_CURVE ( 'NONE', #695, #1062, #1056, .T. ) ;
#1307 = ADVANCED_FACE ( 'NONE', ( #6 ), #67, .T. ) ;
#1308 = CARTESIAN_POINT ( 'NONE',  ( -0.05032376874119065500, 0.4974611307397689400, -0.07476184635640216500 ) ) ;
#1309 = CARTESIAN_POINT ( 'NONE',  ( 0.1592471627805150900, 0.4739623836828785200, -0.03110879195065280700 ) ) ;
#1310 = AXIS2_PLACEMENT_3D ( 'NONE', #724, #2355, #954 ) ;
#1311 = CARTESIAN_POINT ( 'NONE',  ( 0.1121654082264805600, 0.4872565848652980500, -0.07476184635628160800 ) ) ;
#1312 = CARTESIAN_POINT ( 'NONE',  ( -0.1542150146817537500, 0.4756237215296869600, -0.03837890255454383400 ) ) ;
#1313 = CARTESIAN_POINT ( 'NONE',  ( -0.1564728795370661200, 0.4748855053465275100, -0.08076767141740898200 ) ) ;
#1314 = SPHERICAL_SURFACE ( 'NONE', #1550, 4.390157480314961400 ) ;
#1315 = CIRCLE ( 'NONE', #596, 0.5000000000000001100 ) ;
#1316 = CARTESIAN_POINT ( 'NONE',  ( 0.1543773610512398100, 0.4755710107993769700, -0.03878857990881860700 ) ) ;
#1317 = CARTESIAN_POINT ( 'NONE',  ( -0.04437278316066059500, 0.4980272040708618700, -0.07993955739894899300 ) ) ;
#1318 = ORIENTED_EDGE ( 'NONE', *, *, #2109, .T. ) ;
#1319 = DIRECTION ( 'NONE',  ( 0.0000000000000000000, 0.0000000000000000000, -1.000000000000000000 ) ) ;
#1320 = ORIENTED_EDGE ( 'NONE', *, *, #1117, .F. ) ;
#1321 = EDGE_LOOP ( 'NONE', ( #2731, #805, #1562, #342 ) ) ;
#1322 = CARTESIAN_POINT ( 'NONE',  ( 0.1562348411400715800, 0.4749643444068346600, -0.09153532264127015000 ) ) ;
#1323 = CARTESIAN_POINT ( 'NONE',  ( 0.1179827745764849100, 0.4858807516081465300, -0.07993955739929813100 ) ) ;
#1324 = CARTESIAN_POINT ( 'NONE',  ( -0.1591753038998393300, 0.4739865224242060800, -0.05769510549408150100 ) ) ;
#1325 = CARTESIAN_POINT ( 'NONE',  ( -0.1443389994003045400, 0.4787131665409589100, -0.09143655252801069500 ) ) ;
#1326 = B_SPLINE_CURVE_WITH_KNOTS ( 'NONE', 3,
 ( #2106, #1874, #942, #2600 ),
 .UNSPECIFIED., .F., .F.,
 ( 4, 4 ),
 ( 0.0000000000000000000, 1.000000000000000000 ),
 .UNSPECIFIED. ) ;
#1327 = CARTESIAN_POINT ( 'NONE',  ( -0.5000000000000000000, 6.123233995736766000E-017, -0.1057801322676185100 ) ) ;
#1328 = EDGE_CURVE ( 'NONE', #928, #1953, #1749, .T. ) ;
#1329 = DIRECTION ( 'NONE',  ( 1.000000000000000000, 0.0000000000000000000, 0.0000000000000000000 ) ) ;
#1330 = CARTESIAN_POINT ( 'NONE',  ( 0.03304352980168360300, 0.4989943077649266500, -0.05685076651152500000 ) ) ;
#1331 = CARTESIAN_POINT ( 'NONE',  ( -0.2380312482874369600, 0.4397057252739887700, -0.09092102695973820800 ) ) ;
#1332 = CARTESIAN_POINT ( 'NONE',  ( -0.06183676219830730500, 0.4961614949786760700, -0.04681565060418237800 ) ) ;
#1333 = B_SPLINE_CURVE_WITH_KNOTS ( 'NONE', 3,
 ( #1309, #646, #2294, #148, #1294, #2045, #2906, #2199, #1082, #595, #2452, #864, #904, #2543, #1280, #2588 ),
 .UNSPECIFIED., .F., .F.,
 ( 4, 2, 2, 2, 2, 2, 2, 4 ),
 ( 0.0000000000000000000, 0.1249999999999987000, 0.2499999999999973900, 0.4999999999999976700, 0.7499999999999978900, 0.8749999999999986700, 0.9374999999999993300, 1.000000000000000000 ),
 .UNSPECIFIED. ) ;
#1334 = CARTESIAN_POINT ( 'NONE',  ( -0.09142808811427183300, 0.4915705693445601700, -0.05336958532641459400 ) ) ;
#1335 = CARTESIAN_POINT ( 'NONE',  ( -0.1254720307947485300, 0.4840008299982411200, -0.04331971535794930400 ) ) ;
#1336 = CARTESIAN_POINT ( 'NONE',  ( -0.05907780020628741100, 0.4964975647854049100, -0.06713182649477397700 ) ) ;
#1337 = CARTESIAN_POINT ( 'NONE',  ( -0.1322926120327722600, 0.4821811729291472500, -0.04522566697895188900 ) ) ;
#1338 = CARTESIAN_POINT ( 'NONE',  ( 0.0000000000000000000, -5.376214744674539800E-016, 4.350787401574804000 ) ) ;
#1339 = CARTESIAN_POINT ( 'NONE',  ( -0.05565234593237353800, 0.4968931697048696900, -0.06012047643651769600 ) ) ;
#1340 = CARTESIAN_POINT ( 'NONE',  ( -0.05139302186945000900, 0.4973517440435151200, -0.03186590884950198800 ) ) ;
#1341 = CARTESIAN_POINT ( 'NONE',  ( -0.05545136315923201300, 0.4969157076602603300, -0.03932915797703783600 ) ) ;
#1342 = CARTESIAN_POINT ( 'NONE',  ( -0.1072953730966103300, 0.4883520857149227800, -0.06533280743694069900 ) ) ;
#1343 = CARTESIAN_POINT ( 'NONE',  ( -0.1383505255710455500, 0.4804780686046073400, -0.03204810073157829400 ) ) ;
#1344 = CARTESIAN_POINT ( 'NONE',  ( -0.1266070149616746500, 0.4837051903139607000, -0.08290857292868875100 ) ) ;
#1345 = CARTESIAN_POINT ( 'NONE',  ( -0.1303801305389374100, 0.4827017937716174300, -0.05605763556921448300 ) ) ;
#1346 = EDGE_CURVE ( 'NONE', #669, #2589, #531, .T. ) ;
#1347 = CIRCLE ( 'NONE', #1200, 0.4999999999999999400 ) ;
#1348 = ORIENTED_EDGE ( 'NONE', *, *, #912, .F. ) ;
#1349 = CARTESIAN_POINT ( 'NONE',  ( -0.1854939833856521500, 0.4643188367143028000, -0.07350733828620700800 ) ) ;
#1350 = CARTESIAN_POINT ( 'NONE',  ( -0.06189308848190721400, 0.4961544583896238500, -0.04946975771852851100 ) ) ;
#1351 = AXIS2_PLACEMENT_3D ( 'NONE', #1693, #320, #1938 ) ;
#1352 = CARTESIAN_POINT ( 'NONE',  ( 0.1080728736146787500, 0.4881806458034975100, -0.03203876593628376300 ) ) ;
#1353 = CIRCLE ( 'NONE', #383, 0.4999999999999999400 ) ;
#1354 = CARTESIAN_POINT ( 'NONE',  ( 0.1294539929829632800, 0.4829509951338404900, -0.08566852847397200800 ) ) ;
#1355 = CARTESIAN_POINT ( 'NONE',  ( 0.0000000000000000000, -5.376214744674539800E-016, 4.350787401574804000 ) ) ;
#1356 = ORIENTED_EDGE ( 'NONE', *, *, #2667, .F. ) ;
#1357 = CARTESIAN_POINT ( 'NONE',  ( 0.001514231483037283100, 0.4999977070977583100, -0.06896463689311191400 ) ) ;
#1358 = CARTESIAN_POINT ( 'NONE',  ( -0.1232097655551537000, 0.4845816280768100400, -0.06919451052995706500 ) ) ;
#1359 = CARTESIAN_POINT ( 'NONE',  ( 0.1302194104504577900, 0.4827451761974791400, -0.09092102695973822100 ) ) ;
#1360 = DIRECTION ( 'NONE',  ( -0.0000000000000000000, -0.0000000000000000000, 1.000000000000000000 ) ) ;
#1361 = ORIENTED_EDGE ( 'NONE', *, *, #2667, .T. ) ;
#1362 = CARTESIAN_POINT ( 'NONE',  ( 0.09359005784502835700, 0.4911628088441707400, -0.04506659629730953200 ) ) ;
#1363 = CARTESIAN_POINT ( 'NONE',  ( -0.09656069965549335400, 0.4905874349002852200, -0.05836500030922335500 ) ) ;
#1364 = COORDINATED_UNIVERSAL_TIME_OFFSET ( 5, 0, .BEHIND. ) ;
#1365 = CARTESIAN_POINT ( 'NONE',  ( -0.07985514316864462900, 0.4935820147778230400, -0.08116426858941457000 ) ) ;
#1366 = EDGE_CURVE ( 'NONE', #1246, #1100, #13, .T. ) ;
#1367 = DIRECTION ( 'NONE',  ( 0.0000000000000000000, 0.0000000000000000000, -1.000000000000000000 ) ) ;
#1368 = CARTESIAN_POINT ( 'NONE',  ( 0.1294882723780563800, 0.4829418053104807000, -0.04852248062418400300 ) ) ;
#1369 = DIRECTION ( 'NONE',  ( -1.000000000000000000, 1.224646799147353200E-016, 0.0000000000000000000 ) ) ;
#1370 = CARTESIAN_POINT ( 'NONE',  ( 0.09335643135497062600, 0.4912072647854319700, -0.04895210781979784900 ) ) ;
#1371 = AXIS2_PLACEMENT_3D ( 'NONE', #1382, #26, #1610 ) ;
#1372 = DIRECTION ( 'NONE',  ( -0.3709879667713043600, 0.9286376734286057000, 0.0000000000000000000 ) ) ;
#1373 = CARTESIAN_POINT ( 'NONE',  ( -0.09121210722306302700, 0.4916116414359753000, -0.08371407223434063100 ) ) ;
#1374 = B_SPLINE_CURVE_WITH_KNOTS ( 'NONE', 3,
 ( #611, #2464, #834, #2483, #1069, #2714, #1308, #2922, #1527, #162, #1774, #392, #2013, #620, #2240, #847, #2492, #1080, #2723, #1317, #2931, #1536, #178, #1787 ),
 .UNSPECIFIED., .F., .F.,
 ( 4, 1, 1, 2, 2, 2, 1, 1, 1, 2, 2, 1, 2, 2, 4 ),
 ( 0.0000000000000000000, 0.1249999999999619700, 0.1874999999999440700, 0.2187499999999351100, 0.2499999999999261700, 0.3749999999998907000, 0.4374999999998733800, 0.4687499999998639400, 0.4843749999998588400, 0.4921874999998607800, 0.4999999999998626700, 0.6249999999998939700, 0.6874999999999111800, 0.7499999999999283900, 1.000000000000000000 ),
 .UNSPECIFIED. ) ;
#1375 = CARTESIAN_POINT ( 'NONE',  ( 0.1375140929753827500, 0.4807180818662408200, -0.04827405164174911100 ) ) ;
#1376 = CARTESIAN_POINT ( 'NONE',  ( 0.1616245592772972700, 0.4731570132943350200, -0.09159947990500819100 ) ) ;
#1377 = ORIENTED_EDGE ( 'NONE', *, *, #2219, .T. ) ;
#1378 = ORIENTED_EDGE ( 'NONE', *, *, #69, .F. ) ;
#1379 = CARTESIAN_POINT ( 'NONE',  ( 0.1012994246533484000, 0.4896309195804259800, -0.04498048693536359200 ) ) ;
#1380 = CARTESIAN_POINT ( 'NONE',  ( 0.1559090428507237900, 0.4750711004401675900, -0.08442503048369745500 ) ) ;
#1381 = CARTESIAN_POINT ( 'NONE',  ( 0.0000000000000000000, 0.0000000000000000000, -0.01143903361101887400 ) ) ;
#1382 = CARTESIAN_POINT ( 'NONE',  ( 0.0000000000000000000, 0.0000000000000000000, -0.1113479021982212200 ) ) ;
#1383 = VECTOR ( 'NONE', #2335, 39.37007874015748100 ) ;
#1384 = CARTESIAN_POINT ( 'NONE',  ( 0.1782929675075497200, 0.4671313467794384100, -0.08324798337906129400 ) ) ;
#1385 = EDGE_CURVE ( 'NONE', #1091, #1960, #2460, .T. ) ;
#1386 = CARTESIAN_POINT ( 'NONE',  ( -0.03438490172413639900, 0.4988163244398978700, -0.08154725250198298400 ) ) ;
#1387 = FACE_OUTER_BOUND ( 'NONE', #172, .T. ) ;
#1388 = CARTESIAN_POINT ( 'NONE',  ( 0.1112791686684470300, 0.4874596871747030000, -0.03867996093914462900 ) ) ;
#1389 = VERTEX_POINT ( 'NONE', #116 ) ;
#1390 = ORIENTED_EDGE ( 'NONE', *, *, #1892, .F. ) ;
#1391 = DIRECTION ( 'NONE',  ( 0.0000000000000000000, -1.224606353822377300E-016, 1.000000000000000000 ) ) ;
#1392 = CARTESIAN_POINT ( 'NONE',  ( 0.06886249199400773500, 0.4952353194463053300, -0.05859076811014290300 ) ) ;
#1393 = CARTESIAN_POINT ( 'NONE',  ( -0.2202797164726987300, 0.4488657975394694200, -0.06076253715557910400 ) ) ;
#1394 = ORIENTED_EDGE ( 'NONE', *, *, #103, .T. ) ;
#1395 = CARTESIAN_POINT ( 'NONE',  ( 0.1846764057520999800, 0.4646446228594695000, -0.06433152743444368900 ) ) ;
#1396 = CARTESIAN_POINT ( 'NONE',  ( -0.07916275867683104900, 0.4936934855137080100, -0.06290770170231845000 ) ) ;
#1397 = CARTESIAN_POINT ( 'NONE',  ( -0.1034996722181203700, 0.4891720655834276800, -0.09052138411031394900 ) ) ;
#1398 = CARTESIAN_POINT ( 'NONE',  ( 0.0000000000000000000, 0.0000000000000000000, -0.03186590884950198100 ) ) ;
#1399 = EDGE_CURVE ( 'NONE', #2300, #161, #2474, .T. ) ;
#1400 = CARTESIAN_POINT ( 'NONE',  ( 0.09849922420040738100, 0.4902019118972249000, -0.06165673634757717900 ) ) ;
#1401 = CC_DESIGN_APPROVAL ( #1252, ( #1092 ) ) ;
#1402 = CARTESIAN_POINT ( 'NONE',  ( -0.02648668806112212900, 0.4992979624988998500, -0.06669328619656436600 ) ) ;
#1403 = CARTESIAN_POINT ( 'NONE',  ( -0.2125935644108074000, 0.4525527605522729500, -0.04013419621414603100 ) ) ;
#1404 = CARTESIAN_POINT ( 'NONE',  ( -0.1111407651977046500, 0.4874912617793971100, -0.08450919322260919100 ) ) ;
#1405 = CARTESIAN_POINT ( 'NONE',  ( 0.009084902827491889800, 0.4999174577273882700, -0.09092102695973820800 ) ) ;
#1406 = AXIS2_PLACEMENT_3D ( 'NONE', #232, #222, #1842 ) ;
#1407 = B_SPLINE_CURVE_WITH_KNOTS ( 'NONE', 3,
 ( #736, #513, #2126, #2366, #969, #2619, #1206, #2831, #1433, #70, #1659, #287, #1907, #522, #2132 ),
 .UNSPECIFIED., .F., .F.,
 ( 4, 1, 2, 2, 2, 2, 2, 4 ),
 ( 0.0000000000000000000, 0.1249999999999968600, 0.1874999999999952800, 0.2499999999999937300, 0.4999999999999980000, 0.7500000000000022200, 0.8750000000000011100, 1.000000000000000000 ),
 .UNSPECIFIED. ) ;
#1408 = ORIENTED_EDGE ( 'NONE', *, *, #1732, .F. ) ;
#1409 = DIRECTION ( 'NONE',  ( 0.0000000000000000000, 0.0000000000000000000, 1.000000000000000000 ) ) ;
#1410 = EDGE_LOOP ( 'NONE', ( #1378, #2161, #1287 ) ) ;
#1411 = CARTESIAN_POINT ( 'NONE',  ( -0.05934656177309674500, 0.4964655113104667300, -0.06687708274153426900 ) ) ;
#1412 = CARTESIAN_POINT ( 'NONE',  ( -0.2092608026992709100, 0.4541034204381825300, -0.04958717626319065300 ) ) ;
#1413 = CARTESIAN_POINT ( 'NONE',  ( -0.1433970012480954800, 0.4789964585412435600, -0.08460366588814510800 ) ) ;
#1414 = CLOSED_SHELL ( 'NONE', ( #816, #132, #757, #1535, #2722, #2682, #160, #2200, #1781, #1523, #81, #2895, #1225, #1307, #583, #2012, #1040, #627, #2482, #2148, #2235, #1490, #846, #386, #1922 ) ) ;
#1415 =( NAMED_UNIT ( * ) SI_UNIT ( $, .STERADIAN. ) SOLID_ANGLE_UNIT ( ) );
#1416 = ORIENTED_EDGE ( 'NONE', *, *, #1800, .F. ) ;
#1417 = ORIENTED_EDGE ( 'NONE', *, *, #2261, .T. ) ;
#1418 = CARTESIAN_POINT ( 'NONE',  ( 0.1221608388721730500, 0.4848471196635563700, -0.04927959752303318100 ) ) ;
#1419 = LINE ( 'NONE', #2221, #1964 ) ;
#1420 = EDGE_CURVE ( 'NONE', #343, #1104, #1919, .T. ) ;
#1421 = VECTOR ( 'NONE', #638, 39.37007874015748900 ) ;
#1422 = CARTESIAN_POINT ( 'NONE',  ( 0.04882408652301426000, 0.4976105555875202100, -0.08028764162927219700 ) ) ;
#1423 = B_SPLINE_CURVE_WITH_KNOTS ( 'NONE', 3,
 ( #2111, #656, #1645, #57, #721, #2260, #2350, #949, #2690, #2280, #1560, #1497, #2463, #1141, #22 ),
 .UNSPECIFIED., .F., .F.,
 ( 4, 1, 2, 2, 2, 2, 2, 4 ),
 ( 0.0000000000000000000, 0.1249999999999955900, 0.1874999999999944500, 0.2499999999999933400, 0.4999999999999964500, 0.7499999999999994400, 0.8749999999999997800, 1.000000000000000000 ),
 .UNSPECIFIED. ) ;
#1424 = CARTESIAN_POINT ( 'NONE',  ( 0.0000000000000000000, 0.0000000000000000000, -0.06669328619656436600 ) ) ;
#1425 = CLOSED_SHELL ( 'NONE', ( #991, #1076, #1684, #2927, #2851, #356, #1977, #2446, #1276, #297 ) ) ;
#1426 = AXIS2_PLACEMENT_3D ( 'NONE', #528, #2733, #1834 ) ;
#1427 = CARTESIAN_POINT ( 'NONE',  ( -0.1506770520288985800, 0.4767561504478524700, -0.07617401530900226600 ) ) ;
#1428 = ORIENTED_EDGE ( 'NONE', *, *, #995, .F. ) ;
#1429 = PERSON_AND_ORGANIZATION_ROLE ( 'creator' ) ;
#1430 = CARTESIAN_POINT ( 'NONE',  ( -0.05736220837225806300, 0.4967007984916923000, -0.06873879036770612300 ) ) ;
#1431 = CARTESIAN_POINT ( 'NONE',  ( 0.1980520973648297000, 0.4591082480767069200, -0.08486409176894474400 ) ) ;
#1432 = CARTESIAN_POINT ( 'NONE',  ( -0.05434404701902104800, 0.4970380142226708500, -0.03202319308532819400 ) ) ;
#1433 = CARTESIAN_POINT ( 'NONE',  ( -0.09005515650875387000, 0.4918239367295375000, -0.06008570311184746600 ) ) ;
#1434 = CARTESIAN_POINT ( 'NONE',  ( 0.01665349113075037900, 0.4997225842736728300, -0.06896463689311191400 ) ) ;
#1435 = CARTESIAN_POINT ( 'NONE',  ( -0.1518179471445138300, 0.4763940716109572600, -0.05543008365680075800 ) ) ;
#1436 = ORIENTED_EDGE ( 'NONE', *, *, #2196, .F. ) ;
#1437 = CARTESIAN_POINT ( 'NONE',  ( -0.06886734222703014300, 0.4952346400249935100, -0.04353783700840334300 ) ) ;
#1438 = EDGE_CURVE ( 'NONE', #2937, #2122, #1374, .T. ) ;
#1439 = CARTESIAN_POINT ( 'NONE',  ( 0.08190366919453183300, 0.4932526311640253500, -0.07476919978428898900 ) ) ;
#1440 = EDGE_LOOP ( 'NONE', ( #1408, #2953, #612, #234 ) ) ;
#1441 = DIRECTION ( 'NONE',  ( -0.0000000000000000000, -0.0000000000000000000, 1.000000000000000000 ) ) ;
#1442 = CARTESIAN_POINT ( 'NONE',  ( 0.1747787859594607800, 0.4684574656688365000, -0.04797384041764251500 ) ) ;
#1443 = EDGE_LOOP ( 'NONE', ( #2050, #2263, #2965, #1284, #2817, #48, #762, #1525 ) ) ;
#1444 = ORIENTED_EDGE ( 'NONE', *, *, #1268, .T. ) ;
#1445 = CARTESIAN_POINT ( 'NONE',  ( -0.1499171278091265300, 0.4769957034677113600, -0.04505125834221525300 ) ) ;
#1446 = CARTESIAN_POINT ( 'NONE',  ( 0.07691924750054818200, 0.4940480030968138500, -0.07426445518505620000 ) ) ;
#1447 = FACE_OUTER_BOUND ( 'NONE', #1440, .T. ) ;
#1448 = DIRECTION ( 'NONE',  ( 1.000000000000000000, 0.0000000000000000000, 0.0000000000000000000 ) ) ;
#1449 = ORIENTED_EDGE ( 'NONE', *, *, #1113, .T. ) ;
#1450 = CARTESIAN_POINT ( 'NONE',  ( 0.1770267781707161900, 0.4676125744785912300, -0.06092026984283936000 ) ) ;
#1451 = VECTOR ( 'NONE', #2549, 39.37007874015748100 ) ;
#1452 = ORIENTED_EDGE ( 'NONE', *, *, #1328, .F. ) ;
#1453 = CARTESIAN_POINT ( 'NONE',  ( -0.1410702712988623200, 0.4796865419788899900, -0.03867996093914462900 ) ) ;
#1454 = CIRCLE ( 'NONE', #2694, 0.5000000000000001100 ) ;
#1455 = EDGE_CURVE ( 'NONE', #2054, #1660, #831, .T. ) ;
#1456 = CARTESIAN_POINT ( 'NONE',  ( 0.07614388078559966600, 0.4941681706672249600, -0.07763867472322934200 ) ) ;
#1457 = VERTEX_POINT ( 'NONE', #402 ) ;
#1458 = CARTESIAN_POINT ( 'NONE',  ( 0.1770267781707161900, 0.4676125744785912300, -0.06092026984283936000 ) ) ;
#1459 = B_SPLINE_CURVE_WITH_KNOTS ( 'NONE', 3,
 ( #2035, #647, #2264, #865, #2519, #1106, #2744, #1339, #2958, #1564, #203, #1811, #431, #2046, #659, #2275, #878, #2531, #1119, #2753, #1350, #2970 ),
 .UNSPECIFIED., .F., .F.,
 ( 4, 2, 1, 1, 1, 2, 2, 2, 1, 2, 2, 2, 4 ),
 ( 0.0000000000000000000, 0.2499999999999951200, 0.3749999999999923400, 0.4374999999999909500, 0.4687499999999902900, 0.4843749999999904000, 0.4999999999999904500, 0.6249999999999924500, 0.6874999999999937800, 0.7187499999999945600, 0.7499999999999954500, 0.8749999999999977800, 1.000000000000000000 ),
 .UNSPECIFIED. ) ;
#1460 = CARTESIAN_POINT ( 'NONE',  ( 0.2147726318961098700, 0.4515228107727121100, -0.04329067648755636300 ) ) ;
#1461 = AXIS2_PLACEMENT_3D ( 'NONE', #967, #1904, #284 ) ;
#1462 = CARTESIAN_POINT ( 'NONE',  ( -0.1410702712988623200, 0.4796865419788899900, -0.03867996093914462900 ) ) ;
#1463 = B_SPLINE_CURVE_WITH_KNOTS ( 'NONE', 3,
 ( #1643, #711, #727, #2358 ),
 .UNSPECIFIED., .F., .F.,
 ( 4, 4 ),
 ( 0.0000000000000000000, 1.000000000000000000 ),
 .UNSPECIFIED. ) ;
#1464 = CARTESIAN_POINT ( 'NONE',  ( -0.1380536592690739500, 0.4805634806449442000, -0.09144932679080511300 ) ) ;
#1465 = CARTESIAN_POINT ( 'NONE',  ( 0.1142066056589529100, 0.4867866983454522400, -0.06706127654376710400 ) ) ;
#1466 = CARTESIAN_POINT ( 'NONE',  ( 0.1744849423428151700, 0.4685671298023541000, -0.07535081283339488400 ) ) ;
#1467 = VERTEX_POINT ( 'NONE', #2507 ) ;
#1468 = ORIENTED_EDGE ( 'NONE', *, *, #2652, .T. ) ;
#1469 = CARTESIAN_POINT ( 'NONE',  ( 0.0000000000000000000, 0.0000000000000000000, -0.1057801322676185100 ) ) ;
#1470 = CARTESIAN_POINT ( 'NONE',  ( 0.1057278538166344800, 0.4886946907943222100, -0.05882688567212535100 ) ) ;
#1471 = CARTESIAN_POINT ( 'NONE',  ( 0.1290458788760861500, 0.4830602068250938200, -0.04548197119484467100 ) ) ;
#1472 = EDGE_CURVE ( 'NONE', #714, #700, #2377, .T. ) ;
#1473 = CARTESIAN_POINT ( 'NONE',  ( 0.1670084545472446400, 0.4712839380720597000, -0.08323060586166015900 ) ) ;
#1474 = CARTESIAN_POINT ( 'NONE',  ( -0.04213716368680064900, 0.4982224697406824100, -0.04241453726921809400 ) ) ;
#1475 = CARTESIAN_POINT ( 'NONE',  ( -0.1304490378762610800, 0.4826831763519677200, -0.06878212976452141600 ) ) ;
#1476 = DIRECTION ( 'NONE',  ( -0.0000000000000000000, -0.0000000000000000000, 1.000000000000000000 ) ) ;
#1477 = CARTESIAN_POINT ( 'NONE',  ( -0.03261984641798050500, 0.4989348185777675000, -0.04778128232410590300 ) ) ;
#1478 = VERTEX_POINT ( 'NONE', #854 ) ;
#1479 = CIRCLE ( 'NONE', #879, 0.4999999999999999400 ) ;
#1480 = CARTESIAN_POINT ( 'NONE',  ( 0.1157162018664134600, 0.4864255843452018300, -0.03225900052629995800 ) ) ;
#1481 = CARTESIAN_POINT ( 'NONE',  ( -0.1871297024073174900, 0.4636620261321264800, -0.09092102695973820800 ) ) ;
#1482 = CARTESIAN_POINT ( 'NONE',  ( -0.1339917331673037600, 0.4817126781273588500, -0.08134778723824258300 ) ) ;
#1483 = VECTOR ( 'NONE', #2025, 39.37007874015748100 ) ;
#1484 = VERTEX_POINT ( 'NONE', #2947 ) ;
#1485 = ORIENTED_EDGE ( 'NONE', *, *, #2324, .T. ) ;
#1486 = CARTESIAN_POINT ( 'NONE',  ( 0.2093467512935623100, 0.4540638035814255100, -0.03186590884950198800 ) ) ;
#1487 = CARTESIAN_POINT ( 'NONE',  ( -0.04329715164134508000, 0.4981221365849661200, -0.03314791996390665400 ) ) ;
#1488 = B_SPLINE_CURVE_WITH_KNOTS ( 'NONE', 3,
 ( #1108, #867, #2533, #1120, #2754, #1352, #2971, #1577, #217, #1823, #444, #2062, #667, #2283, #886, #2544, #1130, #2762, #1362, #5, #1582, #225, #1835, #451, #2069 ),
 .UNSPECIFIED., .F., .F.,
 ( 4, 1, 2, 2, 2, 2, 2, 2, 2, 2, 2, 2, 4 ),
 ( 0.0000000000000000000, 0.06250000000000044400, 0.09374999999999984700, 0.1249999999999992500, 0.1874999999999995000, 0.2499999999999997500, 0.3750000000000000000, 0.5000000000000002200, 0.7500000000000000000, 0.8749999999999998900, 0.9062499999999998900, 0.9374999999999998900, 1.000000000000000000 ),
 .UNSPECIFIED. ) ;
#1489 = EDGE_CURVE ( 'NONE', #983, #940, #304, .T. ) ;
#1490 = ADVANCED_FACE ( 'NONE', ( #526 ), #2843, .T. ) ;
#1491 = CARTESIAN_POINT ( 'NONE',  ( 0.06919519352107592100, 0.4951889430286592300, -0.09150117647215567900 ) ) ;
#1492 = CARTESIAN_POINT ( 'NONE',  ( -0.1033271790988055100, 0.4892085451357282600, -0.05215441583465653400 ) ) ;
#1493 = AXIS2_PLACEMENT_3D ( 'NONE', #821, #2907, #2210 ) ;
#1494 = CARTESIAN_POINT ( 'NONE',  ( -0.1952947881975155000, 0.4602824629538773700, -0.09092102695973820800 ) ) ;
#1495 = CARTESIAN_POINT ( 'NONE',  ( 0.05440448801972651300, 0.4970313387335967800, -0.07111768807421428600 ) ) ;
#1496 = CARTESIAN_POINT ( 'NONE',  ( 0.07617105541825382200, 0.4941639103743507000, -0.06366481860116764100 ) ) ;
#1497 = CARTESIAN_POINT ( 'NONE',  ( 0.06596142335144938900, 0.4956301391521374400, -0.05165727999294444200 ) ) ;
#1498 = CARTESIAN_POINT ( 'NONE',  ( -0.09652587765878180300, 0.4905942875148485700, -0.08486409176894474400 ) ) ;
#1499 = CARTESIAN_POINT ( 'NONE',  ( 0.1029093626750457700, 0.4892951922466642300, -0.06649790261925417300 ) ) ;
#1500 = CARTESIAN_POINT ( 'NONE',  ( 0.07254080193474053700, 0.4947108602632058800, -0.04529290385253045800 ) ) ;
#1501 = CARTESIAN_POINT ( 'NONE',  ( 0.08368264657646105900, 0.4929474837440805400, -0.07899305558318470100 ) ) ;
#1502 = CARTESIAN_POINT ( 'NONE',  ( -0.1151993573985529200, 0.4865481592832418500, -0.06645132292845369600 ) ) ;
#1503 = ORIENTED_EDGE ( 'NONE', *, *, #2774, .F. ) ;
#1504 = CARTESIAN_POINT ( 'NONE',  ( 0.1822755894245985400, 0.4655931003095154500, -0.04592376709720624000 ) ) ;
#1505 = CARTESIAN_POINT ( 'NONE',  ( 0.05323533200517866600, 0.4971581521020617700, -0.08666573964829237000 ) ) ;
#1506 = EDGE_CURVE ( 'NONE', #2683, #2967, #456, .T. ) ;
#1507 = CARTESIAN_POINT ( 'NONE',  ( -0.09869870720322654300, 0.4901618103573531200, -0.08469992556808780800 ) ) ;
#1508 = CARTESIAN_POINT ( 'NONE',  ( 0.09258790191803856200, 0.4913527047024526800, -0.08334985797124638800 ) ) ;
#1509 = AXIS2_PLACEMENT_3D ( 'NONE', #2304, #893, #11 ) ;
#1510 = CARTESIAN_POINT ( 'NONE',  ( -0.1364836604912529300, 0.4810117804558215500, -0.03991306389262436900 ) ) ;
#1511 = ORIENTED_EDGE ( 'NONE', *, *, #55, .F. ) ;
#1512 = CARTESIAN_POINT ( 'NONE',  ( 0.1630800789109366800, 0.4726600054065939700, -0.03132282323232353500 ) ) ;
#1513 = FACE_OUTER_BOUND ( 'NONE', #1694, .T. ) ;
#1514 = VERTEX_POINT ( 'NONE', #2259 ) ;
#1515 = CARTESIAN_POINT ( 'NONE',  ( 0.06625340955855869900, 0.4955910468540223900, -0.09167814385858739900 ) ) ;
#1516 = CARTESIAN_POINT ( 'NONE',  ( -0.1079196140786120300, 0.4882144662494614100, -0.07449987284505676900 ) ) ;
#1517 = FACE_OUTER_BOUND ( 'NONE', #332, .T. ) ;
#1518 = CARTESIAN_POINT ( 'NONE',  ( 0.2136024664316381300, 0.4520774118824351100, -0.03867996093914462900 ) ) ;
#1519 = ORIENTED_EDGE ( 'NONE', *, *, #995, .T. ) ;
#1520 = DIRECTION ( 'NONE',  ( 0.0000000000000000000, 0.0000000000000000000, -1.000000000000000000 ) ) ;
#1521 = LINE ( 'NONE', #1764, #2846 ) ;
#1522 = CARTESIAN_POINT ( 'NONE',  ( -0.1432640894722362300, 0.4790359391516470500, -0.03197806555682375400 ) ) ;
#1523 = ADVANCED_FACE ( 'NONE', ( #594 ), #2218, .T. ) ;
#1524 = CARTESIAN_POINT ( 'NONE',  ( -0.1590905564656464900, 0.4740149732950031400, -0.06649203623446745000 ) ) ;
#1525 = ORIENTED_EDGE ( 'NONE', *, *, #2913, .F. ) ;
#1526 = CARTESIAN_POINT ( 'NONE',  ( 0.1462616902401135100, 0.4781293858505369400, -0.04775028829282963700 ) ) ;
#1527 = CARTESIAN_POINT ( 'NONE',  ( -0.04838587598152449500, 0.4976535660401490400, -0.07638982381118165900 ) ) ;
#1528 = EDGE_CURVE ( 'NONE', #1836, #1961, #2905, .T. ) ;
#1529 = DATE_AND_TIME ( #2159, #2790 ) ;
#1530 = CARTESIAN_POINT ( 'NONE',  ( 0.1375219760354470800, 0.4807158774091283000, -0.07670882296348285900 ) ) ;
#1531 = CARTESIAN_POINT ( 'NONE',  ( 0.1140623905445439800, 0.4868162238979309400, -0.07638982381190545500 ) ) ;
#1532 = CARTESIAN_POINT ( 'NONE',  ( -0.1553919992007881400, 0.4752403233614036500, -0.04050512018240821200 ) ) ;
#1533 = CARTESIAN_POINT ( 'NONE',  ( -0.1562856594915300900, 0.4749471568820048400, -0.08123229594835799900 ) ) ;
#1534 = CARTESIAN_POINT ( 'NONE',  ( 0.1557114192163106000, 0.4751360540714578100, -0.03836475698212616500 ) ) ;
#1535 = ADVANCED_FACE ( 'NONE', ( #2296 ), #1058, .T. ) ;
#1536 = CARTESIAN_POINT ( 'NONE',  ( -0.04330940959047777100, 0.4981213140285292700, -0.08100956024885626300 ) ) ;
#1537 = CARTESIAN_POINT ( 'NONE',  ( 0.1582531099063619900, 0.4742960391780390900, -0.09165898893365020900 ) ) ;
#1538 = CARTESIAN_POINT ( 'NONE',  ( 0.1190200098418029600, 0.4856282381676766400, -0.08100956024888729400 ) ) ;
#1539 = CARTESIAN_POINT ( 'NONE',  ( -0.06942967329204280400, 0.4951560566796696100, -0.04816758207784844300 ) ) ;
#1540 = CARTESIAN_POINT ( 'NONE',  ( -0.1436948001252779400, 0.4789069097158542000, -0.09153081316844742500 ) ) ;
#1541 = CARTESIAN_POINT ( 'NONE',  ( -0.1229920475294869300, 0.4846369324636295400, -0.05744483071641268100 ) ) ;
#1542 = ORIENTED_EDGE ( 'NONE', *, *, #2473, .T. ) ;
#1543 = B_SPLINE_CURVE_WITH_KNOTS ( 'NONE', 3,
 ( #2523, #2026, #2747, #1342, #2962, #1567, #207, #1813, #436, #2053, #661, #2277, #883, #2535 ),
 .UNSPECIFIED., .F., .F.,
 ( 4, 2, 2, 2, 2, 2, 4 ),
 ( 0.0000000000000000000, 0.2500000000000016100, 0.3750000000000024400, 0.5000000000000032200, 0.7500000000000026600, 0.8750000000000014400, 1.000000000000000000 ),
 .UNSPECIFIED. ) ;
#1544 = CARTESIAN_POINT ( 'NONE',  ( -0.07916275867683104900, 0.4936934855137080100, -0.06290770170231845000 ) ) ;
#1545 = EDGE_CURVE ( 'NONE', #1712, #1091, #1594, .T. ) ;
#1546 = CC_DESIGN_PERSON_AND_ORGANIZATION_ASSIGNMENT ( #2915, #1901, ( #1092 ) ) ;
#1547 = ORIENTED_EDGE ( 'NONE', *, *, #1366, .T. ) ;
#1548 = VERTEX_POINT ( 'NONE', #125 ) ;
#1549 = CARTESIAN_POINT ( 'NONE',  ( 0.01438323662709293000, 0.4997930796881135400, -0.03262302574835117300 ) ) ;
#1551 = VERTEX_POINT ( 'NONE', #1730 ) ;
#1550 = AXIS2_PLACEMENT_3D ( 'NONE', #514, #507, #2127 ) ;
#1552 = CARTESIAN_POINT ( 'NONE',  ( -0.2092608026992709100, 0.4541034204381825300, -0.04958717626319065300 ) ) ;
#1553 = CARTESIAN_POINT ( 'NONE',  ( -0.06158320937208582000, 0.4961930261175652200, -0.04560854266397755500 ) ) ;
#1554 = CARTESIAN_POINT ( 'NONE',  ( -0.09396639635062208100, 0.4910917001405218400, -0.05227322746892348200 ) ) ;
#1555 = CYLINDRICAL_SURFACE ( 'NONE', #276, 0.5000000000000000000 ) ;
#1556 = CARTESIAN_POINT ( 'NONE',  ( -0.1258164638915400300, 0.4839113788641522000, -0.04245909023523575200 ) ) ;
#1557 = CARTESIAN_POINT ( 'NONE',  ( 0.04722306177656320600, 0.4977649904155547800, -0.06645132292834987600 ) ) ;
#1558 = FACE_OUTER_BOUND ( 'NONE', #2787, .T. ) ;
#1559 = CARTESIAN_POINT ( 'NONE',  ( -0.1319129781667463300, 0.4822851544831409100, -0.04636489055180023600 ) ) ;
#1560 = CARTESIAN_POINT ( 'NONE',  ( 0.06641727880642146800, 0.4955693442289967900, -0.05172493582550550400 ) ) ;
#1561 = DIRECTION ( 'NONE',  ( 0.0000000000000000000, 1.000000000000000000, 1.216526059678616900E-016 ) ) ;
#1562 = ORIENTED_EDGE ( 'NONE', *, *, #1988, .F. ) ;
#1563 = VERTEX_POINT ( 'NONE', #1486 ) ;
#1564 = CARTESIAN_POINT ( 'NONE',  ( -0.05583342463257384000, 0.4968728634590283100, -0.05993180322924349800 ) ) ;
#1565 = CARTESIAN_POINT ( 'NONE',  ( -0.05278046957687280300, 0.4972088664664193200, -0.03871763598477556000 ) ) ;
#1566 = VERTEX_POINT ( 'NONE', #1966 ) ;
#1567 = CARTESIAN_POINT ( 'NONE',  ( -0.1062920033139913600, 0.4885715320716705300, -0.06319854841886997400 ) ) ;
#1568 = CARTESIAN_POINT ( 'NONE',  ( -0.1393385286035198600, 0.4801928302653152300, -0.03192604648979894400 ) ) ;
#1569 = EDGE_CURVE ( 'NONE', #1622, #2972, #1670, .T. ) ;
#1570 = CARTESIAN_POINT ( 'NONE',  ( -0.1259811444306197500, 0.4838685386685152000, -0.08149412998360880400 ) ) ;
#1571 = CARTESIAN_POINT ( 'NONE',  ( -0.1303424361962635100, 0.4827119735145385900, -0.05674060841411807100 ) ) ;
#1572 = VERTEX_POINT ( 'NONE', #2195 ) ;
#1573 = AXIS2_PLACEMENT_3D ( 'NONE', #2514, #980, #137 ) ;
#1574 = CARTESIAN_POINT ( 'NONE',  ( 0.1289889898720011400, 0.4830754483574753500, -0.08436864539850653900 ) ) ;
#1575 = CARTESIAN_POINT ( 'NONE',  ( 0.05507349784576196000, 0.4969585639541801400, -0.05411146925861876800 ) ) ;
#1576 = CARTESIAN_POINT ( 'NONE',  ( -0.1155421523448528500, 0.4864668652966189200, -0.07066814991552257400 ) ) ;
#1577 = CARTESIAN_POINT ( 'NONE',  ( 0.1066351846901123100, 0.4884969283119318700, -0.03226049407547403000 ) ) ;
#1578 = DIRECTION ( 'NONE',  ( -1.000000000000000000, 0.0000000000000000000, -0.0000000000000000000 ) ) ;
#1579 = CARTESIAN_POINT ( 'NONE',  ( -0.09406181640096025800, 0.4910727428799239700, -0.09155386653465454000 ) ) ;
#1580 = CARTESIAN_POINT ( 'NONE',  ( -0.1231338423589440800, 0.4846009255808066400, -0.06829408038695107500 ) ) ;
#1581 = VERTEX_POINT ( 'NONE', #2676 ) ;
#1582 = CARTESIAN_POINT ( 'NONE',  ( 0.09345691232903047300, 0.4911881587573476100, -0.04592554235886801100 ) ) ;
#1583 = VERTEX_POINT ( 'NONE', #1279 ) ;
#1584 = CARTESIAN_POINT ( 'NONE',  ( 0.2248742244563430900, 0.4466460205048566300, -0.05155094821958073500 ) ) ;
#1585 = VERTEX_POINT ( 'NONE', #2893 ) ;
#1586 = CARTESIAN_POINT ( 'NONE',  ( 0.1587153666221992300, 0.4741421902941570500, -0.08483941996608761200 ) ) ;
#1587 = CARTESIAN_POINT ( 'NONE',  ( -0.07929090672141883600, 0.4936729273303902500, -0.07955840906611569300 ) ) ;
#1588 = B_SPLINE_CURVE_WITH_KNOTS ( 'NONE', 3,
 ( #2626, #972, #1211, #2836, #1435, #74, #1666, #291, #1912, #529, #2139, #752, #2385, #981, #2632, #1223, #2844, #1445, #80, #1678, #300, #1920, #539, #2150, #756, #2396, #994, #2640, #1230, #2853, #1453 ),
 .UNSPECIFIED., .F., .F.,
 ( 4, 1, 1, 1, 2, 2, 1, 1, 1, 2, 2, 2, 2, 2, 2, 1, 2, 2, 4 ),
 ( 0.0000000000000000000, 0.1250000000000041900, 0.1875000000000062500, 0.2187500000000068000, 0.2343750000000071600, 0.2500000000000074900, 0.3750000000000097700, 0.4375000000000109400, 0.4687500000000114900, 0.4843750000000118200, 0.5000000000000121000, 0.5625000000000116600, 0.6250000000000112100, 0.7500000000000113200, 0.8750000000000115500, 0.9062500000000095500, 0.9218750000000084400, 0.9375000000000074400, 1.000000000000000000 ),
 .UNSPECIFIED. ) ;
#1589 = CARTESIAN_POINT ( 'NONE',  ( 0.2061919237050609500, 0.4555091088977724600, -0.06076253715557911700 ) ) ;
#1590 = DIRECTION ( 'NONE',  ( 0.0000000000000000000, 0.0000000000000000000, -1.000000000000000000 ) ) ;
#1591 = EDGE_CURVE ( 'NONE', #1389, #2903, #2781, .T. ) ;
#1592 = CYLINDRICAL_SURFACE ( 'NONE', #2282, 0.5000000000000000000 ) ;
#1593 = CARTESIAN_POINT ( 'NONE',  ( 0.09258790191803856200, 0.4913527047024526800, -0.08334985797124638800 ) ) ;
#1594 = LINE ( 'NONE', #1028, #375 ) ;
#1595 = CARTESIAN_POINT ( 'NONE',  ( -0.09327866243330995600, 0.4912222440457758600, -0.08445784838472507300 ) ) ;
#1596 = ORIENTED_EDGE ( 'NONE', *, *, #2739, .T. ) ;
#1597 = FACE_BOUND ( 'NONE', #2136, .T. ) ;
#1598 = CARTESIAN_POINT ( 'NONE',  ( -0.1943773469519262900, 0.4607369438731792100, -0.07123598758965947500 ) ) ;
#1599 = CARTESIAN_POINT ( 'NONE',  ( -0.08513734296741998200, 0.4926983182764559400, -0.03262302574835115900 ) ) ;
#1600 = VERTEX_POINT ( 'NONE', #807 ) ;
#1601 = CARTESIAN_POINT ( 'NONE',  ( 0.1636099711953809300, 0.4724752435785561400, -0.09142235027243399100 ) ) ;
#1602 = CARTESIAN_POINT ( 'NONE',  ( 0.09436023547423999500, 0.4910154589166661500, -0.05436899570779101000 ) ) ;
#1603 = ORIENTED_EDGE ( 'NONE', *, *, #1070, .T. ) ;
#1604 = DIRECTION ( 'NONE',  ( 0.03330698226150075700, 0.9994451685473456600, 0.0000000000000000000 ) ) ;
#1605 = CARTESIAN_POINT ( 'NONE',  ( 0.1018381139073430800, 0.4895192242714862000, -0.04375074052200395000 ) ) ;
#1606 = PERSON_AND_ORGANIZATION ( #1231, #2935 ) ;
#1607 = CARTESIAN_POINT ( 'NONE',  ( 0.1546044231815358000, 0.4754973211387445400, -0.08404408272918577300 ) ) ;
#1608 = DIRECTION ( 'NONE',  ( 1.000000000000000000, 0.0000000000000000000, 0.0000000000000000000 ) ) ;
#1609 = EDGE_CURVE ( 'NONE', #169, #1695, #2227, .T. ) ;
#1610 = DIRECTION ( 'NONE',  ( 1.000000000000000000, 0.0000000000000000000, 0.0000000000000000000 ) ) ;
#1611 = CARTESIAN_POINT ( 'NONE',  ( 0.1805078738989894200, 0.4662806347683928800, -0.07988513028263859200 ) ) ;
#1612 = CARTESIAN_POINT ( 'NONE',  ( -0.03532131251959116900, 0.4987510417500831100, -0.07995844091749147700 ) ) ;
#1613 = AXIS2_PLACEMENT_3D ( 'NONE', #1891, #511, #2121 ) ;
#1614 = CARTESIAN_POINT ( 'NONE',  ( 0.1208067351058188400, 0.4851862866498521900, -0.08334985797124638800 ) ) ;
#1615 = DIRECTION ( 'NONE',  ( 1.000000000000000000, 0.0000000000000000000, 0.0000000000000000000 ) ) ;
#1616 = CARTESIAN_POINT ( 'NONE',  ( 0.07105454823273500700, 0.4949262239257465900, -0.05918526381711684100 ) ) ;
#1617 = CARTESIAN_POINT ( 'NONE',  ( -0.2185611728484480300, 0.4497050938261064600, -0.05558890501344303200 ) ) ;
#1618 = CARTESIAN_POINT ( 'NONE',  ( 0.1847467047445355800, 0.4646166774908644400, -0.06318744810794088600 ) ) ;
#1619 = CARTESIAN_POINT ( 'NONE',  ( -0.1154118468354228800, 0.4864977969343711700, -0.07331216525975917100 ) ) ;
#1620 = VERTEX_POINT ( 'NONE', #584 ) ;
#1621 = B_SPLINE_CURVE_WITH_KNOTS ( 'NONE', 3,
 ( #871, #2270, #653, #2525, #1114, #2750, #1344, #2964, #1570, #210, #1816, #438, #2057, #663, #2278, #884, #2539, #1124, #2758, #1358, #2976, #1580, #221, #1829, #449 ),
 .UNSPECIFIED., .F., .F.,
 ( 4, 1, 2, 2, 1, 2, 2, 1, 2, 2, 1, 1, 2, 2, 4 ),
 ( 0.0000000000000000000, 0.06250000000000217900, 0.09375000000000292800, 0.1250000000000036900, 0.1875000000000041900, 0.2187500000000035500, 0.2500000000000028900, 0.3750000000000051600, 0.4375000000000051100, 0.5000000000000050000, 0.6250000000000043300, 0.6875000000000041100, 0.7187500000000034400, 0.7500000000000026600, 1.000000000000000000 ),
 .UNSPECIFIED. ) ;
#1622 = VERTEX_POINT ( 'NONE', #151 ) ;
#1623 = ORIENTED_EDGE ( 'NONE', *, *, #855, .F. ) ;
#1624 = CARTESIAN_POINT ( 'NONE',  ( -0.1003212538394616700, 0.4898324042033643200, -0.09134707364931993200 ) ) ;
#1625 = DIRECTION ( 'NONE',  ( -0.4343152076952054300, 0.9007609562834473200, 0.0000000000000000000 ) ) ;
#1626 = CARTESIAN_POINT ( 'NONE',  ( 0.0000000000000000000, -2.688018591664276500E-016, -0.03937007874015751400 ) ) ;
#1627 = CARTESIAN_POINT ( 'NONE',  ( 0.0000000000000000000, 0.0000000000000000000, -0.1057801322676185100 ) ) ;
#1628 = CYLINDRICAL_SURFACE ( 'NONE', #2959, 0.5000000000000000000 ) ;
#1629 = CARTESIAN_POINT ( 'NONE',  ( -0.2123423526180840100, 0.4526706618662785200, -0.04117105675158890700 ) ) ;
#1630 = EDGE_CURVE ( 'NONE', #1746, #1632, #1685, .T. ) ;
#1631 = CARTESIAN_POINT ( 'NONE',  ( 0.1878315803145100800, 0.4633781365543197000, -0.09092102695973820800 ) ) ;
#1632 = VERTEX_POINT ( 'NONE', #610 ) ;
#1633 = CARTESIAN_POINT ( 'NONE',  ( 0.4944322300693971800, 6.089141237617258400E-017, -0.01143903361101887400 ) ) ;
#1634 = CONICAL_SURFACE ( 'NONE', #2145, 0.5000000000000000000, 0.7853981633974452800 ) ;
#1635 = CARTESIAN_POINT ( 'NONE',  ( 0.1221608388721730500, 0.4848471196635563700, -0.04927959752303318100 ) ) ;
#1636 = CARTESIAN_POINT ( 'NONE',  ( 0.0000000000000000000, 0.0000000000000000000, -0.1113479021982212200 ) ) ;
#1637 = VERTEX_POINT ( 'NONE', #2481 ) ;
#1638 = ORIENTED_EDGE ( 'NONE', *, *, #725, .T. ) ;
#1639 = CARTESIAN_POINT ( 'NONE',  ( -0.1592023064511586000, 0.4739774526500510300, -0.06179568625713372000 ) ) ;
#1640 = CARTESIAN_POINT ( 'NONE',  ( 0.04688745254998000900, 0.4977967125487430300, -0.07141461632445649000 ) ) ;
#1641 = B_SPLINE_CURVE_WITH_KNOTS ( 'NONE', 3,
 ( #49, #2556, #2462, #2505, #2566, #2624, #2438, #2583, #2828, #1115, #1706, #1696, #251, #344, #527, #298, #642, #550, #966, #686, #1102, #1004, #1411, #1336, #1686, #1430, #1739, #2249 ),
 .UNSPECIFIED., .F., .F.,
 ( 4, 2, 2, 2, 2, 2, 1, 1, 1, 2, 2, 1, 1, 1, 2, 2, 4 ),
 ( 0.0000000000000000000, 0.03124999999999843200, 0.06249999999999686400, 0.1249999999999938900, 0.1874999999999909200, 0.2499999999999879500, 0.3749999999999820700, 0.4374999999999789600, 0.4687499999999776800, 0.4843749999999773500, 0.4999999999999770200, 0.6249999999999796800, 0.6874999999999814600, 0.7187499999999823500, 0.7343749999999830100, 0.7499999999999836800, 1.000000000000000000 ),
 .UNSPECIFIED. ) ;
#1642 = ORIENTED_EDGE ( 'NONE', *, *, #800, .F. ) ;
#1643 = CARTESIAN_POINT ( 'NONE',  ( 0.1375140929753827500, 0.4807180818662408200, -0.04827405164174911100 ) ) ;
#1644 = CARTESIAN_POINT ( 'NONE',  ( -0.1455364145991447100, 0.4783516458156826800, -0.08374369732932940300 ) ) ;
#1645 = CARTESIAN_POINT ( 'NONE',  ( 0.07340693192854798300, 0.4945823318153767500, -0.05466309538962527100 ) ) ;
#1646 = APPLICATION_PROTOCOL_DEFINITION ( 'international standard', 'config_control_design', 1994, #1889 ) ;
#1647 = CARTESIAN_POINT ( 'NONE',  ( 0.001514231483037283100, 0.4999977070977583100, -0.06896463689311191400 ) ) ;
#1648 = EDGE_CURVE ( 'NONE', #866, #97, #1158, .T. ) ;
#1650 = ORIENTED_EDGE ( 'NONE', *, *, #2303, .F. ) ;
#1649 = CARTESIAN_POINT ( 'NONE',  ( 0.04986435693439577500, 0.4975075785255067000, -0.08233972885735638100 ) ) ;
#1651 = ORIENTED_EDGE ( 'NONE', *, *, #1489, .T. ) ;
#1652 = DIRECTION ( 'NONE',  ( -0.3709879667713043600, 0.9286376734286057000, 0.0000000000000000000 ) ) ;
#1653 = CARTESIAN_POINT ( 'NONE',  ( -0.1512611822123478800, 0.4765712015838683400, -0.07354744809865862400 ) ) ;
#1654 = APPROVAL_STATUS ( 'not_yet_approved' ) ;
#1655 = AXIS2_PLACEMENT_3D ( 'NONE', #829, #2477, #1064 ) ;
#1656 = CARTESIAN_POINT ( 'NONE',  ( 0.2021553294644830000, 0.4573108601040503100, -0.07275022138735783000 ) ) ;
#1657 = EDGE_LOOP ( 'NONE', ( #351, #457, #2212, #2716, #2151 ) ) ;
#1658 = CARTESIAN_POINT ( 'NONE',  ( -0.05538555786246666300, 0.4969233298750224100, -0.03216039792150271500 ) ) ;
#1659 = CARTESIAN_POINT ( 'NONE',  ( -0.08813355750824744500, 0.4921713251700520200, -0.06173860951446048100 ) ) ;
#1660 = VERTEX_POINT ( 'NONE', #2506 ) ;
#1661 = DIRECTION ( 'NONE',  ( 0.0000000000000000000, -1.000000000000000000, -1.216526059678616900E-016 ) ) ;
#1662 = CARTESIAN_POINT ( 'NONE',  ( 0.1614209498592862300, 0.4732273207258020400, -0.03799003933301379300 ) ) ;
#1663 = ORIENTED_EDGE ( 'NONE', *, *, #777, .T. ) ;
#1664 = VERTEX_POINT ( 'NONE', #853 ) ;
#1665 = CARTESIAN_POINT ( 'NONE',  ( 0.06389713847148031900, 0.4959003988221170100, -0.08468385636657324600 ) ) ;
#1666 = CARTESIAN_POINT ( 'NONE',  ( -0.1517745657681957600, 0.4764078937966608200, -0.05480527226520211900 ) ) ;
#1667 = FACE_OUTER_BOUND ( 'NONE', #1321, .T. ) ;
#1668 = ORIENTED_EDGE ( 'NONE', *, *, #262, .F. ) ;
#1669 = EDGE_CURVE ( 'NONE', #1514, #2015, #617, .T. ) ;
#1670 = CIRCLE ( 'NONE', #2867, 0.4944322300693971800 ) ;
#1671 = CARTESIAN_POINT ( 'NONE',  ( -0.06922034442665477000, 0.4951853649725168100, -0.04536068625273525400 ) ) ;
#1672 = CARTESIAN_POINT ( 'NONE',  ( 0.07941292811379673000, 0.4936597573492843600, -0.07451682748467258800 ) ) ;
#1673 = CARTESIAN_POINT ( 'NONE',  ( 0.4944322300693972900, 0.0000000000000000000, -0.1113479021982212200 ) ) ;
#1674 = AXIS2_PLACEMENT_3D ( 'NONE', #935, #2593, #1178 ) ;
#1675 = CARTESIAN_POINT ( 'NONE',  ( 0.1752363333140230500, 0.4682865327504125400, -0.04921172003622622400 ) ) ;
#1676 = LINE ( 'NONE', #808, #1059 ) ;
#1677 = ORIENTED_EDGE ( 'NONE', *, *, #503, .T. ) ;
#1678 = CARTESIAN_POINT ( 'NONE',  ( -0.1489254887477767200, 0.4773065117827614600, -0.04307810582466350300 ) ) ;
#1679 = ORIENTED_EDGE ( 'NONE', *, *, #1180, .F. ) ;
#1680 = CARTESIAN_POINT ( 'NONE',  ( 0.0000000000000000000, 0.0000000000000000000, -0.09092102695973820800 ) ) ;
#1681 = PERSON_AND_ORGANIZATION ( #1231, #2935 ) ;
#1682 = CARTESIAN_POINT ( 'NONE',  ( 0.07966173510223086000, 0.4936173459616966000, -0.04271791773300692700 ) ) ;
#1683 = B_SPLINE_CURVE_WITH_KNOTS ( 'NONE', 3,
 ( #1446, #83, #2399, #997, #2642, #1232, #2854, #1456, #92, #1689, #317, #1934, #546, #2162, #770, #2407, #1006, #2651, #1241, #2863 ),
 .UNSPECIFIED., .F., .F.,
 ( 4, 1, 2, 2, 2, 2, 2, 1, 2, 2, 4 ),
 ( 0.0000000000000000000, 0.06249999999999793200, 0.09374999999999764100, 0.1249999999999973600, 0.2499999999999988300, 0.4999999999999990000, 0.7499999999999991100, 0.8124999999999994400, 0.8437499999999981100, 0.8749999999999966700, 1.000000000000000000 ),
 .UNSPECIFIED. ) ;
#1684 = ADVANCED_FACE ( 'NONE', ( #2775 ), #305, .T. ) ;
#1685 = B_SPLINE_CURVE_WITH_KNOTS ( 'NONE', 3,
 ( #1997, #377, #1763, #2226 ),
 .UNSPECIFIED., .F., .F.,
 ( 4, 4 ),
 ( 0.0000000000000000000, 1.000000000000000000 ),
 .UNSPECIFIED. ) ;
#1686 = CARTESIAN_POINT ( 'NONE',  ( -0.05889347709394381800, 0.4965194523712218000, -0.06730517546744332900 ) ) ;
#1687 = CARTESIAN_POINT ( 'NONE',  ( 0.05524795452110811000, 0.4969383349473613900, -0.07697261921816675500 ) ) ;
#1688 = ORIENTED_EDGE ( 'NONE', *, *, #1090, .T. ) ;
#1689 = CARTESIAN_POINT ( 'NONE',  ( 0.07466560939836171300, 0.4943945428722741300, -0.08083587239297833300 ) ) ;
#1690 = EDGE_CURVE ( 'NONE', #1484, #1995, #90, .T. ) ;
#1691 = CARTESIAN_POINT ( 'NONE',  ( 0.1769202701335591300, 0.4676528825953415500, -0.06423081192573086600 ) ) ;
#1692 = CARTESIAN_POINT ( 'NONE',  ( 0.2155121964817961200, 0.4511702034380228300, -0.04545622153997741500 ) ) ;
#1693 = CARTESIAN_POINT ( 'NONE',  ( 0.0000000000000000000, 0.0000000000000000000, -0.03262302574835117300 ) ) ;
#1694 = EDGE_LOOP ( 'NONE', ( #1377, #1038, #2724 ) ) ;
#1695 = VERTEX_POINT ( 'NONE', #411 ) ;
#1696 = CARTESIAN_POINT ( 'NONE',  ( -0.06750518110770049900, 0.4954222859136119300, -0.05655666435427645500 ) ) ;
#1697 = CARTESIAN_POINT ( 'NONE',  ( -0.1363894599606499700, 0.4810400112977695800, -0.09115460852219038600 ) ) ;
#1698 = DIRECTION ( 'NONE',  ( -0.0000000000000000000, 1.224606353822377300E-016, -1.000000000000000000 ) ) ;
#1699 = ORIENTED_EDGE ( 'NONE', *, *, #1669, .F. ) ;
#1700 = CARTESIAN_POINT ( 'NONE',  ( -0.2086589527926642500, 0.4543802828242755600, -0.03186590884950198100 ) ) ;
#1701 = CARTESIAN_POINT ( 'NONE',  ( 0.1737704063410124600, 0.4688324541458326300, -0.07677228290253253200 ) ) ;
#1702 = CARTESIAN_POINT ( 'NONE',  ( 0.0000000000000000000, 0.0000000000000000000, -0.07275022138735783000 ) ) ;
#1703 = CARTESIAN_POINT ( 'NONE',  ( 0.009084902827491889800, 0.4999174577273882700, -0.07653580588160374700 ) ) ;
#1704 = VECTOR ( 'NONE', #2302, 39.37007874015748100 ) ;
#1705 = VERTEX_POINT ( 'NONE', #665 ) ;
#1706 = CARTESIAN_POINT ( 'NONE',  ( -0.06815441016620255000, 0.4953332454913156900, -0.05501531027128699800 ) ) ;
#1707 = DIRECTION ( 'NONE',  ( 1.000000000000000000, 0.0000000000000000000, 0.0000000000000000000 ) ) ;
#1708 = DIRECTION ( 'NONE',  ( -0.0000000000000000000, -0.0000000000000000000, 1.000000000000000000 ) ) ;
#1709 = CARTESIAN_POINT ( 'NONE',  ( 0.1039203531027044800, 0.4890814647210274300, -0.05659186551299567200 ) ) ;
#1710 = VECTOR ( 'NONE', #1409, 39.37007874015748100 ) ;
#1711 = EDGE_CURVE ( 'NONE', #171, #1712, #2149, .T. ) ;
#1712 = VERTEX_POINT ( 'NONE', #1327 ) ;
#1713 = CC_DESIGN_PERSON_AND_ORGANIZATION_ASSIGNMENT ( #2312, #516, ( #1092 ) ) ;
#1714 = VERTEX_POINT ( 'NONE', #885 ) ;
#1715 = CARTESIAN_POINT ( 'NONE',  ( 0.1286882284447429500, 0.4831556832403255400, -0.04387997315485522900 ) ) ;
#1716 = ORIENTED_EDGE ( 'NONE', *, *, #1233, .F. ) ;
#1717 = CARTESIAN_POINT ( 'NONE',  ( 0.1651469669774326400, 0.4719391894981400100, -0.08398869540949835400 ) ) ;
#1718 = CARTESIAN_POINT ( 'NONE',  ( -0.04068058469071202800, 0.4983423593759759300, -0.04535717515184326000 ) ) ;
#1719 = AXIS2_PLACEMENT_3D ( 'NONE', #2840, #1441, #77 ) ;
#1720 = CARTESIAN_POINT ( 'NONE',  ( -0.1307953993562381800, 0.4825894991748424000, -0.07237191221875448300 ) ) ;
#1721 = CARTESIAN_POINT ( 'NONE',  ( -0.03275423598437540700, 0.4989260217096969700, -0.04679048161417857100 ) ) ;
#1722 = B_SPLINE_CURVE_WITH_KNOTS ( 'NONE', 3,
 ( #2468, #598, #822, #1055, #2699, #1297, #2909, #1510, #149, #1759, #373, #1993, #607, #2223, #830 ),
 .UNSPECIFIED., .F., .F.,
 ( 4, 2, 2, 2, 1, 2, 2, 4 ),
 ( 0.0000000000000000000, 0.1249999999999965300, 0.2499999999999930600, 0.4999999999999907900, 0.6249999999999867900, 0.6874999999999839000, 0.7499999999999810200, 1.000000000000000000 ),
 .UNSPECIFIED. ) ;
#1723 = CARTESIAN_POINT ( 'NONE',  ( 0.07353166570764774200, 0.4945645532647433600, -0.05039161296821792500 ) ) ;
#1724 = ORIENTED_EDGE ( 'NONE', *, *, #794, .F. ) ;
#1725 = CARTESIAN_POINT ( 'NONE',  ( 0.1147598984356054100, 0.4866520470583110500, -0.03210736342370450200 ) ) ;
#1726 = ORIENTED_EDGE ( 'NONE', *, *, #1545, .F. ) ;
#1727 = CARTESIAN_POINT ( 'NONE',  ( -0.1229700844899893800, 0.4846425060670294100, -0.05797550347739131900 ) ) ;
#1728 = CARTESIAN_POINT ( 'NONE',  ( -0.1358201121177365400, 0.4811996938809547900, -0.08305702223721371500 ) ) ;
#1729 = ORIENTED_EDGE ( 'NONE', *, *, #2580, .F. ) ;
#1730 = CARTESIAN_POINT ( 'NONE',  ( 0.09333181835819567800, 0.4912119417135059100, -0.04816758207784844300 ) ) ;
#1731 = CARTESIAN_POINT ( 'NONE',  ( 0.06620650671736250100, 0.4955973148315917000, -0.08486409176894474400 ) ) ;
#1732 = EDGE_CURVE ( 'NONE', #603, #271, #985, .T. ) ;
#1733 = CARTESIAN_POINT ( 'NONE',  ( -0.04499036883253137300, 0.4979720413904749600, -0.03262354532155976200 ) ) ;
#1734 = CARTESIAN_POINT ( 'NONE',  ( 0.07083579276729479200, 0.4949583092726855300, -0.09126103786786561600 ) ) ;
#1735 = AXIS2_PLACEMENT_3D ( 'NONE', #1967, #1708, #2692 ) ;
#1736 = CARTESIAN_POINT ( 'NONE',  ( -0.1065194477490861600, 0.4885230291853463500, -0.05350447483855390300 ) ) ;
#1737 = DIRECTION ( 'NONE',  ( -0.7071067811865517900, 0.0000000000000000000, -0.7071067811865430200 ) ) ;
#1738 = ORIENTED_EDGE ( 'NONE', *, *, #1420, .F. ) ;
#1739 = CARTESIAN_POINT ( 'NONE',  ( -0.05548477466883366300, 0.4969173586677337300, -0.07040739606281548600 ) ) ;
#1740 = CARTESIAN_POINT ( 'NONE',  ( 0.07866532106722599900, 0.4937794410859484600, -0.06341244630155125400 ) ) ;
#1741 = DIRECTION ( 'NONE',  ( -0.0000000000000000000, -0.0000000000000000000, 1.000000000000000000 ) ) ;
#1742 = DIRECTION ( 'NONE',  ( -0.0000000000000000000, -0.0000000000000000000, 1.000000000000000000 ) ) ;
#1743 = EDGE_LOOP ( 'NONE', ( #1320, #1869, #2636, #1899 ) ) ;
#1744 = FACE_BOUND ( 'NONE', #2562, .T. ) ;
#1745 = CARTESIAN_POINT ( 'NONE',  ( 0.08405389214867309300, 0.4928843601029576600, -0.07753933915531792400 ) ) ;
#1746 = VERTEX_POINT ( 'NONE', #2058 ) ;
#1747 = CARTESIAN_POINT ( 'NONE',  ( -0.1154264629314711700, 0.4864943473975105200, -0.06799342668207684900 ) ) ;
#1748 = CARTESIAN_POINT ( 'NONE',  ( 0.1772439552747083200, 0.4675318043157424800, -0.03838837941573704200 ) ) ;
#1749 = CIRCLE ( 'NONE', #2096, 0.5000000000000001100 ) ;
#1750 = ORIENTED_EDGE ( 'NONE', *, *, #2721, .T. ) ;
#1751 = FACE_OUTER_BOUND ( 'NONE', #2629, .T. ) ;
#1752 = CARTESIAN_POINT ( 'NONE',  ( 0.05545945426048174600, 0.4969160401535254200, -0.08856594390445272900 ) ) ;
#1753 = CARTESIAN_POINT ( 'NONE',  ( -0.09990450608914965000, 0.4899182455997487300, -0.08447298438770657600 ) ) ;
#1754 = ORIENTED_EDGE ( 'NONE', *, *, #350, .F. ) ;
#1755 = EDGE_CURVE ( 'NONE', #2067, #2943, #2711, .T. ) ;
#1756 = DIRECTION ( 'NONE',  ( -0.0000000000000000000, 1.224606353822377300E-016, -1.000000000000000000 ) ) ;
#1757 = ORIENTED_EDGE ( 'NONE', *, *, #345, .F. ) ;
#1758 = DIRECTION ( 'NONE',  ( 0.0000000000000000000, 0.0000000000000000000, 1.000000000000000000 ) ) ;
#1759 = CARTESIAN_POINT ( 'NONE',  ( -0.1355630381427533100, 0.4812719446325285900, -0.04055149095803111500 ) ) ;
#1760 = CARTESIAN_POINT ( 'NONE',  ( 0.1592471627805150900, 0.4739623836828785200, -0.03110879195065280700 ) ) ;
#1761 = ORIENTED_EDGE ( 'NONE', *, *, #223, .F. ) ;
#1762 = CALENDAR_DATE ( 2016, 30, 9 ) ;
#1763 = CARTESIAN_POINT ( 'NONE',  ( -0.03195944784598748300, 0.4989779215032028000, -0.08757088315678519800 ) ) ;
#1764 = CARTESIAN_POINT ( 'NONE',  ( -0.5000000000000000000, 6.123233995736766000E-017, -0.1057801322676185100 ) ) ;
#1765 = CARTESIAN_POINT ( 'NONE',  ( -0.1081477038558623400, 0.4881639830982077400, -0.07212954152030240400 ) ) ;
#1766 = CARTESIAN_POINT ( 'NONE',  ( 0.0000000000000000000, -4.102286176767980200E-018, -0.005871263680416325500 ) ) ;
#1767 = CARTESIAN_POINT ( 'NONE',  ( 0.009084902827491889800, 0.4999174577273882700, -0.03262302574835117300 ) ) ;
#1768 = CARTESIAN_POINT ( 'NONE',  ( -0.1443289842772024500, 0.4787168352604759300, -0.03210051532606123700 ) ) ;
#1769 = CARTESIAN_POINT ( 'NONE',  ( -0.1590250670917899800, 0.4740369507989547500, -0.06770076884230034900 ) ) ;
#1770 = DIRECTION ( 'NONE',  ( -1.000000000000000000, -1.224646799147353200E-016, -1.499710251424085300E-032 ) ) ;
#1771 = CARTESIAN_POINT ( 'NONE',  ( 0.1470646866918479100, 0.4778828154120605100, -0.04590510157200659200 ) ) ;
#1772 = EDGE_CURVE ( 'NONE', #2662, #2879, #906, .T. ) ;
#1773 = AXIS2_PLACEMENT_3D ( 'NONE', #2802, #1391, #930 ) ;
#1774 = CARTESIAN_POINT ( 'NONE',  ( -0.04731759009871592400, 0.4977560387859661400, -0.07728927573367701300 ) ) ;
#1775 = CARTESIAN_POINT ( 'NONE',  ( -0.09652587765878180300, 0.4905942875148485700, -0.08486409176894474400 ) ) ;
#1776 = EDGE_LOOP ( 'NONE', ( #1724, #2455, #499, #1390 ) ) ;
#1777 = CARTESIAN_POINT ( 'NONE',  ( 0.1383927849245539200, 0.4804659511710268100, -0.07871406972502786900 ) ) ;
#1778 = AXIS2_PLACEMENT_3D ( 'NONE', #2807, #2607, #14 ) ;
#1779 = CARTESIAN_POINT ( 'NONE',  ( 0.1151069644491188300, 0.4865700517047423800, -0.07728927573431014500 ) ) ;
#1780 = CARTESIAN_POINT ( 'NONE',  ( -0.1559686775214962900, 0.4750513641275555500, -0.04177544417729796300 ) ) ;
#1781 = ADVANCED_FACE ( 'NONE', ( #247 ), #2006, .T. ) ;
#1782 = ORIENTED_EDGE ( 'NONE', *, *, #176, .F. ) ;
#1783 = CARTESIAN_POINT ( 'NONE',  ( -0.1546094811063197000, 0.4754965609558284300, -0.08464899165522958600 ) ) ;
#1784 = B_SPLINE_CURVE_WITH_KNOTS ( 'NONE', 3,
 ( #2834, #72, #1662, #290, #1909, #525, #2134, #750, #2381, #978, #2630, #1218, #2841, #1442, #78, #1675, #296, #1918, #536, #2147, #755, #2395, #989, #2639, #1228, #2850, #1450 ),
 .UNSPECIFIED., .F., .F.,
 ( 4, 1, 2, 2, 2, 2, 1, 2, 2, 2, 2, 1, 2, 2, 4 ),
 ( 0.0000000000000000000, 0.06250000000000165100, 0.09375000000000002800, 0.1249999999999984200, 0.2499999999999977200, 0.4999999999999990000, 0.5624999999999993300, 0.5937499999999983300, 0.6249999999999974500, 0.6874999999999975600, 0.7499999999999975600, 0.8124999999999976700, 0.8437499999999981100, 0.8749999999999984500, 1.000000000000000000 ),
 .UNSPECIFIED. ) ;
#1785 = CARTESIAN_POINT ( 'NONE',  ( 0.1567394781895698200, 0.4747976239984093600, -0.03815699269423984700 ) ) ;
#1786 = CARTESIAN_POINT ( 'NONE',  ( 0.0000000000000000000, 0.0000000000000000000, -0.06896463689311191400 ) ) ;
#1787 = CARTESIAN_POINT ( 'NONE',  ( -0.04147541774492272100, 0.4982768203748636500, -0.08334985797124638800 ) ) ;
#1788 = CIRCLE ( 'NONE', #2181, 0.4944322300693972900 ) ;
#1789 = ORIENTED_EDGE ( 'NONE', *, *, #508, .T. ) ;
#1790 = CARTESIAN_POINT ( 'NONE',  ( -0.2168378704171730300, 0.4505345025111232000, -0.05041527287130694700 ) ) ;
#1791 = CARTESIAN_POINT ( 'NONE',  ( 0.1208067351058188400, 0.4851862866498521900, -0.08334985797124638800 ) ) ;
#1792 = CIRCLE ( 'NONE', #1674, 4.390157480314961400 ) ;
#1793 = CARTESIAN_POINT ( 'NONE',  ( 0.04988657485315109400, 0.4975051051491039000, -0.03262302574835117300 ) ) ;
#1794 = CARTESIAN_POINT ( 'NONE',  ( -0.1421577422279278200, 0.4793665407950851200, -0.09166221784161156200 ) ) ;
#1795 = ORIENTED_EDGE ( 'NONE', *, *, #2403, .F. ) ;
#1796 = CARTESIAN_POINT ( 'NONE',  ( -0.1230129096837344100, 0.4846316376209252000, -0.05698905017520133900 ) ) ;
#1797 = DIRECTION ( 'NONE',  ( -0.0000000000000000000, 1.224606353822377300E-016, -1.000000000000000000 ) ) ;
#1798 = DIRECTION ( 'NONE',  ( -0.0000000000000000000, -0.0000000000000000000, 1.000000000000000000 ) ) ;
#1799 = ORIENTED_EDGE ( 'NONE', *, *, #2303, .T. ) ;
#1800 = EDGE_CURVE ( 'NONE', #2932, #1478, #2573, .T. ) ;
#1801 = CARTESIAN_POINT ( 'NONE',  ( 0.06048025461214067600, 0.4963292524091880700, -0.08357784324682099300 ) ) ;
#1802 = CARTESIAN_POINT ( 'NONE',  ( 0.1007589315133252500, 0.4897424197680787000, -0.04823856178711555300 ) ) ;
#1803 = EDGE_LOOP ( 'NONE', ( #422, #1273, #670, #1137 ) ) ;
#1804 = CARTESIAN_POINT ( 'NONE',  ( -0.2037554365464980300, 0.4566001774832614300, -0.06593616929771518900 ) ) ;
#1805 = CARTESIAN_POINT ( 'NONE',  ( -0.06123101850842600800, 0.4962366174178518600, -0.04461986138952170300 ) ) ;
#1806 = CARTESIAN_POINT ( 'NONE',  ( -0.09631729315459805500, 0.4906355153298414500, -0.05172493582549404100 ) ) ;
#1807 = CARTESIAN_POINT ( 'NONE',  ( -0.1267065167212744200, 0.4836797020885700300, -0.04040326140416177600 ) ) ;
#1808 = CARTESIAN_POINT ( 'NONE',  ( 0.04699070759266904500, 0.4977869944007582400, -0.06799342668211881500 ) ) ;
#1809 = ORIENTED_EDGE ( 'NONE', *, *, #1988, .T. ) ;
#1810 = CARTESIAN_POINT ( 'NONE',  ( -0.1317177161749941700, 0.4823385177423862300, -0.04703377469382689900 ) ) ;
#1811 = CARTESIAN_POINT ( 'NONE',  ( -0.05769052945171517600, 0.4966611304523499400, -0.05789982477997666900 ) ) ;
#1812 = DIRECTION ( 'NONE',  ( -0.0000000000000000000, -0.0000000000000000000, 1.000000000000000000 ) ) ;
#1813 = CARTESIAN_POINT ( 'NONE',  ( -0.1042013051516568100, 0.4890227755386601900, -0.06058300284283111400 ) ) ;
#1814 = VERTEX_POINT ( 'NONE', #484 ) ;
#1815 = CARTESIAN_POINT ( 'NONE',  ( -0.1411497147234121200, 0.4796631714375196900, -0.03186590884950198800 ) ) ;
#1816 = CARTESIAN_POINT ( 'NONE',  ( -0.1256513498252150000, 0.4839542806905267100, -0.08066325117923897600 ) ) ;
#1817 = CARTESIAN_POINT ( 'NONE',  ( -0.1302435320918107500, 0.4827386694397300400, -0.05962244587332553300 ) ) ;
#1818 = EDGE_CURVE ( 'NONE', #603, #1953, #2641, .T. ) ;
#1819 = CARTESIAN_POINT ( 'NONE',  ( 0.1287559198168051500, 0.4831375776345588900, -0.08378165597124562200 ) ) ;
#1820 = CARTESIAN_POINT ( 'NONE',  ( 0.05318262213282901100, 0.4971644729417470900, -0.05555368464755761100 ) ) ;
#1821 = CARTESIAN_POINT ( 'NONE',  ( -0.1155273662286734500, 0.4864703771898434800, -0.07141461632446406700 ) ) ;
#1822 = AXIS2_PLACEMENT_3D ( 'NONE', #51, #88, #947 ) ;
#1823 = CARTESIAN_POINT ( 'NONE',  ( 0.1050678642001901400, 0.4888364457941578600, -0.03262116820332788100 ) ) ;
#1824 = CARTESIAN_POINT ( 'NONE',  ( 0.2386967924118972600, 0.4393447863492539500, -0.09092102695973820800 ) ) ;
#1825 = CARTESIAN_POINT ( 'NONE',  ( 0.05932056456077509900, 0.4964701171213871700, -0.05215441583468741900 ) ) ;
#1826 = DIRECTION ( 'NONE',  ( 0.0000000000000000000, -1.000000000000000000, -1.244533029128728900E-016 ) ) ;
#1827 = CYLINDRICAL_SURFACE ( 'NONE', #1822, 0.5000000000000000000 ) ;
#1828 = CARTESIAN_POINT ( 'NONE',  ( -0.09340916796877424300, 0.4911973301844400100, -0.09148333702759163500 ) ) ;
#1829 = CARTESIAN_POINT ( 'NONE',  ( -0.1229330801481309200, 0.4846518950330719900, -0.06450450343189038900 ) ) ;
#1830 = CIRCLE ( 'NONE', #1613, 4.390157480314961400 ) ;
#1831 = CARTESIAN_POINT ( 'NONE',  ( 0.04234775314436868600, 0.4982034401764239300, -0.07653580588160374700 ) ) ;
#1832 = ORIENTED_EDGE ( 'NONE', *, *, #362, .F. ) ;
#1833 = ORIENTED_EDGE ( 'NONE', *, *, #2261, .F. ) ;
#1834 = DIRECTION ( 'NONE',  ( -1.000000000000000000, 0.0000000000000000000, 0.0000000000000000000 ) ) ;
#1835 = CARTESIAN_POINT ( 'NONE',  ( 0.09336982835498916500, 0.4912047192829506700, -0.04682700512283571900 ) ) ;
#1836 = VERTEX_POINT ( 'NONE', #2594 ) ;
#1837 = CARTESIAN_POINT ( 'NONE',  ( -0.08607140088200701500, 0.4925360108398132400, -0.07531528740542163500 ) ) ;
#1838 = CARTESIAN_POINT ( 'NONE',  ( -0.07902688398107292300, 0.4937152566859335200, -0.07862724260511985700 ) ) ;
#1839 = EDGE_CURVE ( 'NONE', #314, #2349, #2011, .T. ) ;
#1840 = CARTESIAN_POINT ( 'NONE',  ( 0.2096689916984778600, 0.4539150954971024600, -0.05041527287130695400 ) ) ;
#1841 = CARTESIAN_POINT ( 'NONE',  ( 0.0000000000000000000, 0.0000000000000000000, -0.08334985797124638800 ) ) ;
#1842 = DIRECTION ( 'NONE',  ( 1.000000000000000000, 0.0000000000000000000, 0.0000000000000000000 ) ) ;
#1843 = DATE_AND_TIME ( #2471, #76 ) ;
#1844 = AXIS2_PLACEMENT_3D ( 'NONE', #2080, #250, #2564 ) ;
#1845 = CARTESIAN_POINT ( 'NONE',  ( 0.05447265408027245100, 0.4970238808302616700, -0.07300834916387666200 ) ) ;
#1846 = CARTESIAN_POINT ( 'NONE',  ( -0.09412456716007225300, 0.4910606846034716900, -0.08464824858102046300 ) ) ;
#1847 = CARTESIAN_POINT ( 'NONE',  ( -0.2086589527926642500, 0.4543802828242755600, -0.03186590884950198100 ) ) ;
#1848 = CARTESIAN_POINT ( 'NONE',  ( 0.2289082778368843100, 0.4445289833750133400, -0.08486409176894474400 ) ) ;
#1849 = CARTESIAN_POINT ( 'NONE',  ( 0.1665039464199100600, 0.4714629552939877400, -0.09089376399956383700 ) ) ;
#1850 = CARTESIAN_POINT ( 'NONE',  ( 0.06409527149796040400, 0.4958747787210020500, -0.05155094821958072800 ) ) ;
#1851 = CARTESIAN_POINT ( 'NONE',  ( 0.1029679166283344300, 0.4892829186916636800, -0.04214299288263516400 ) ) ;
#1852 = CARTESIAN_POINT ( 'NONE',  ( 0.1506724140557587400, 0.4767598675127962500, -0.08210454778270490100 ) ) ;
#1853 = CARTESIAN_POINT ( 'NONE',  ( 0.06617132919729340500, 0.4956020129017470500, -0.05836500030922336900 ) ) ;
#1854 = ORIENTED_EDGE ( 'NONE', *, *, #577, .T. ) ;
#1855 = ORIENTED_EDGE ( 'NONE', *, *, #1877, .T. ) ;
#1856 = CARTESIAN_POINT ( 'NONE',  ( 0.1822445227901545700, 0.4656040729847859000, -0.07592107825723809500 ) ) ;
#1857 = EDGE_CURVE ( 'NONE', #1714, #104, #763, .T. ) ;
#1858 = CARTESIAN_POINT ( 'NONE',  ( -0.03703714543909314400, 0.4986265151425104400, -0.07755628227622565800 ) ) ;
#1859 = CARTESIAN_POINT ( 'NONE',  ( 0.0000000000000000000, 0.0000000000000000000, -0.1113479021982212200 ) ) ;
#1860 = ORIENTED_EDGE ( 'NONE', *, *, #262, .T. ) ;
#1861 = CARTESIAN_POINT ( 'NONE',  ( -0.1111407651977046500, 0.4874912617793971100, -0.08450919322260919100 ) ) ;
#1862 = FACE_OUTER_BOUND ( 'NONE', #2504, .T. ) ;
#1863 = DIRECTION ( 'NONE',  ( 1.000000000000000000, 0.0000000000000000000, 0.0000000000000000000 ) ) ;
#1864 = CIRCLE ( 'NONE', #1371, 0.4944322300693972900 ) ;
#1865 = CARTESIAN_POINT ( 'NONE',  ( 0.07356138472724582700, 0.4945596746519368400, -0.06070580159507556900 ) ) ;
#1866 = CARTESIAN_POINT ( 'NONE',  ( 0.1162556328261432800, 0.4862968515589967100, -0.06883450742612222400 ) ) ;
#1867 = CARTESIAN_POINT ( 'NONE',  ( 0.1847906837189696200, 0.4645991855467201900, -0.06095575969747291800 ) ) ;
#1868 = CARTESIAN_POINT ( 'NONE',  ( -0.1153347528764470700, 0.4865160807430146700, -0.07405585917719848000 ) ) ;
#1869 = ORIENTED_EDGE ( 'NONE', *, *, #794, .T. ) ;
#1870 = ORIENTED_EDGE ( 'NONE', *, *, #1569, .T. ) ;
#1871 = B_SPLINE_CURVE_WITH_KNOTS ( 'NONE', 3,
 ( #446, #1586, #2785, #1380, #24, #1607, #248, #1852, #471, #2089, #694, #2321, #919, #2577, #1164 ),
 .UNSPECIFIED., .F., .F.,
 ( 4, 1, 2, 2, 2, 2, 2, 4 ),
 ( 0.0000000000000000000, 0.1250000000000002200, 0.1874999999999994700, 0.2499999999999987200, 0.4999999999999992200, 0.7499999999999997800, 0.8749999999999998900, 1.000000000000000000 ),
 .UNSPECIFIED. ) ;
#1872 = ORIENTED_EDGE ( 'NONE', *, *, #1180, .T. ) ;
#1873 = CARTESIAN_POINT ( 'NONE',  ( -0.09926972027225536300, 0.4900464803037835600, -0.09151274204897076600 ) ) ;
#1874 = CARTESIAN_POINT ( 'NONE',  ( 0.1413940108029430300, 0.4795992498056564400, -0.07072335635606366600 ) ) ;
#1875 = ORIENTED_EDGE ( 'NONE', *, *, #712, .F. ) ;
#1876 = DIRECTION ( 'NONE',  ( -1.000000000000000000, 0.0000000000000000000, 0.0000000000000000000 ) ) ;
#1877 = EDGE_CURVE ( 'NONE', #624, #866, #1463, .T. ) ;
#1878 = SECURITY_CLASSIFICATION ( '', '', #2129 ) ;
#1879 = DIRECTION ( 'NONE',  ( 1.000000000000000000, 0.0000000000000000000, 0.0000000000000000000 ) ) ;
#1880 = B_SPLINE_CURVE_WITH_KNOTS ( 'NONE', 3,
 ( #216, #1285, #1185, #1249 ),
 .UNSPECIFIED., .F., .F.,
 ( 4, 4 ),
 ( 0.0000000000000000000, 1.000000000000000000 ),
 .UNSPECIFIED. ) ;
#1881 = CARTESIAN_POINT ( 'NONE',  ( -0.2120322907869748600, 0.4528160431796488000, -0.04234925916529092700 ) ) ;
#1882 = CARTESIAN_POINT ( 'NONE',  ( -0.08314784844581123200, 0.4930420991889026300, -0.04271791773300692700 ) ) ;
#1883 = ORIENTED_EDGE ( 'NONE', *, *, #956, .T. ) ;
#1884 = CARTESIAN_POINT ( 'NONE',  ( 0.0000000000000000000, -1.582409247339423600E-017, 0.08984770968632194200 ) ) ;
#1885 = AXIS2_PLACEMENT_3D ( 'NONE', #1216, #295, #1661 ) ;
#1886 = DIRECTION ( 'NONE',  ( 1.000000000000000000, 0.0000000000000000000, 0.0000000000000000000 ) ) ;
#1887 = CARTESIAN_POINT ( 'NONE',  ( 0.0000000000000000000, 0.0000000000000000000, -0.09092102695973820800 ) ) ;
#1888 = CARTESIAN_POINT ( 'NONE',  ( -0.1478159133402171800, 0.4776512044465395200, -0.08178567597494439100 ) ) ;
#1889 = APPLICATION_CONTEXT ( 'configuration controlled 3d designs of mechanical parts and assemblies' ) ;
#1890 = CARTESIAN_POINT ( 'NONE',  ( 0.05779689357589151700, 0.4966485552437779300, -0.08142470035874417600 ) ) ;
#1891 = CARTESIAN_POINT ( 'NONE',  ( 0.0000000000000000000, -5.376214744674539800E-016, 4.350787401574804000 ) ) ;
#1892 = EDGE_CURVE ( 'NONE', #1705, #1054, #163, .T. ) ;
#1893 = ORIENTED_EDGE ( 'NONE', *, *, #378, .T. ) ;
#1894 = DIRECTION ( 'NONE',  ( -0.0000000000000000000, -0.0000000000000000000, 1.000000000000000000 ) ) ;
#1895 = CARTESIAN_POINT ( 'NONE',  ( 0.05136948722378934000, 0.4973541753945219800, -0.08450919322260919100 ) ) ;
#1896 = FACE_BOUND ( 'NONE', #2495, .T. ) ;
#1897 = DIRECTION ( 'NONE',  ( 0.0000000000000000000, 0.0000000000000000000, -1.000000000000000000 ) ) ;
#1899 = ORIENTED_EDGE ( 'NONE', *, *, #285, .T. ) ;
#1898 = AXIS2_PLACEMENT_3D ( 'NONE', #927, #331, #993 ) ;
#1900 = CARTESIAN_POINT ( 'NONE',  ( -0.1516608944176640600, 0.4764440943491061200, -0.07019055649060046400 ) ) ;
#1901 = PERSON_AND_ORGANIZATION_ROLE ( 'creator' ) ;
#1902 = CIRCLE ( 'NONE', #1001, 0.4999999999999999400 ) ;
#1903 = CARTESIAN_POINT ( 'NONE',  ( 0.5000000000000000000, 0.0000000000000000000, -0.1057801322676185100 ) ) ;
#1904 = DIRECTION ( 'NONE',  ( -0.0000000000000000000, 1.224606353822377300E-016, -1.000000000000000000 ) ) ;
#1905 = ORIENTED_EDGE ( 'NONE', *, *, #1591, .F. ) ;
#1906 = CARTESIAN_POINT ( 'NONE',  ( -0.05706854495967488700, 0.4967328182839067000, -0.03249870271106695300 ) ) ;
#1907 = CARTESIAN_POINT ( 'NONE',  ( -0.08729413708648317600, 0.4923208289916698500, -0.06271311067480811500 ) ) ;
#1908 = DIRECTION ( 'NONE',  ( -0.0000000000000000000, -0.0000000000000000000, 1.000000000000000000 ) ) ;
#1909 = CARTESIAN_POINT ( 'NONE',  ( 0.1629814494147405500, 0.4726913914137404500, -0.03819274962742073800 ) ) ;
#1910 = CARTESIAN_POINT ( 'NONE',  ( 0.1302237752031622500, 0.4827439988153903200, -0.08888996561728287900 ) ) ;
#1911 = APPROVAL_DATE_TIME ( #2551, #481 ) ;
#1912 = CARTESIAN_POINT ( 'NONE',  ( -0.1516458917417034000, 0.4764488817324839000, -0.05314682313196227000 ) ) ;
#1913 = CARTESIAN_POINT ( 'NONE',  ( -0.06934224922869845800, 0.4951683074926399000, -0.04626961657548833700 ) ) ;
#1914 = EDGE_CURVE ( 'NONE', #2862, #1224, #2081, .T. ) ;
#1915 = DIRECTION ( 'NONE',  ( -0.0000000000000000000, 1.224606353822377300E-016, -1.000000000000000000 ) ) ;
#1916 = ORIENTED_EDGE ( 'NONE', *, *, #1930, .T. ) ;
#1917 = CARTESIAN_POINT ( 'NONE',  ( -0.07916275867683104900, 0.4936934855137080100, -0.06290770170231845000 ) ) ;
#1918 = CARTESIAN_POINT ( 'NONE',  ( 0.1758039110876171200, 0.4680737378638897800, -0.05116652939185355900 ) ) ;
#1919 = B_SPLINE_CURVE_WITH_KNOTS ( 'NONE', 3,
 ( #1498, #1049, #1291, #2904, #1507, #146, #1753, #369, #1989, #604, #2217, #825, #2475, #1061, #2704, #1300, #2914, #1516, #152, #1765, #379 ),
 .UNSPECIFIED., .F., .F.,
 ( 4, 1, 2, 2, 2, 2, 2, 2, 2, 2, 4 ),
 ( 0.0000000000000000000, 0.06249999999999909800, 0.09374999999999743300, 0.1249999999999957500, 0.2499999999999963400, 0.3749999999999968900, 0.4999999999999974500, 0.6249999999999981100, 0.7499999999999986700, 0.8749999999999993300, 1.000000000000000000 ),
 .UNSPECIFIED. ) ;
#1920 = CARTESIAN_POINT ( 'NONE',  ( -0.1464647943224842700, 0.4780678758465771200, -0.04039717718002695100 ) ) ;
#1921 = ORIENTED_EDGE ( 'NONE', *, *, #1438, .T. ) ;
#1922 = ADVANCED_FACE ( 'NONE', ( #1517 ), #1314, .F. ) ;
#1923 = DIRECTION ( 'NONE',  ( 0.4617899204491240400, 0.8869893287811256900, 0.0000000000000000000 ) ) ;
#1924 = DIRECTION ( 'NONE',  ( 1.000000000000000000, 0.0000000000000000000, 0.0000000000000000000 ) ) ;
#1925 = ORIENTED_EDGE ( 'NONE', *, *, #1857, .T. ) ;
#1926 = CARTESIAN_POINT ( 'NONE',  ( 0.2136024664316381300, 0.4520774118824351100, -0.03867996093914462900 ) ) ;
#1927 = CARTESIAN_POINT ( 'NONE',  ( 0.01665349113075037900, 0.4997225842736728300, -0.09092102695973820800 ) ) ;
#1928 = CARTESIAN_POINT ( 'NONE',  ( 0.05557461356181758700, 0.4969020066423315300, -0.07786742067194948900 ) ) ;
#1929 = CARTESIAN_POINT ( 'NONE',  ( -0.2311580720914048200, 0.4434264653408178700, -0.07123598758965944700 ) ) ;
#1930 = EDGE_CURVE ( 'NONE', #2576, #2375, #697, .T. ) ;
#1931 = AXIS2_PLACEMENT_3D ( 'NONE', #1398, #45, #1625 ) ;
#1932 = ORIENTED_EDGE ( 'NONE', *, *, #2706, .T. ) ;
#1933 = VECTOR ( 'NONE', #1197, 39.37007874015748100 ) ;
#1934 = CARTESIAN_POINT ( 'NONE',  ( 0.07156542378615274300, 0.4948535587603201700, -0.08371407223434264300 ) ) ;
#1935 = CARTESIAN_POINT ( 'NONE',  ( 0.1768755661569140200, 0.4676697918320807900, -0.06492503469727586900 ) ) ;
#1936 = CARTESIAN_POINT ( 'NONE',  ( 0.2159287565752419900, 0.4509709310410557900, -0.04654732692086966500 ) ) ;
#1937 = AXIS2_PLACEMENT_3D ( 'NONE', #136, #1742, #361 ) ;
#1938 = DIRECTION ( 'NONE',  ( 0.09977314970630221700, 0.9950102102982079100, 0.0000000000000000000 ) ) ;
#1939 = CIRCLE ( 'NONE', #896, 5.397244094488188500 ) ;
#1940 = ORIENTED_EDGE ( 'NONE', *, *, #1970, .T. ) ;
#1941 = VERTEX_POINT ( 'NONE', #2832 ) ;
#1942 = CARTESIAN_POINT ( 'NONE',  ( -0.1331049465837654300, 0.4819587973258291900, -0.08990689136176492600 ) ) ;
#1943 = ORIENTED_EDGE ( 'NONE', *, *, #1366, .F. ) ;
#1944 = CARTESIAN_POINT ( 'NONE',  ( 0.1731055223528915600, 0.4690784844255904700, -0.07791076015413045400 ) ) ;
#1945 = DIRECTION ( 'NONE',  ( -0.4484755854017917800, 0.8937950823866285300, 0.0000000000000000000 ) ) ;
#1946 = CARTESIAN_POINT ( 'NONE',  ( 0.0000000000000000000, 0.0000000000000000000, -0.09092102695973820800 ) ) ;
#1947 = DIRECTION ( 'NONE',  ( -0.0000000000000000000, -0.0000000000000000000, 1.000000000000000000 ) ) ;
#1948 = CARTESIAN_POINT ( 'NONE',  ( 0.1030676109599127600, 0.4892617739138562800, -0.05535620930837276800 ) ) ;
#1949 = B_SPLINE_CURVE_WITH_KNOTS ( 'NONE', 3,
 ( #273, #1640, #506, #2117, #726, #2357, #958, #2610, #1196, #2825, #1422, #60, #1649, #281, #1895 ),
 .UNSPECIFIED., .F., .F.,
 ( 4, 1, 2, 2, 2, 2, 2, 4 ),
 ( 0.0000000000000000000, 0.1249999999999985800, 0.1874999999999978400, 0.2499999999999970600, 0.4999999999999958900, 0.6249999999999971100, 0.7499999999999983300, 1.000000000000000000 ),
 .UNSPECIFIED. ) ;
#1950 = CARTESIAN_POINT ( 'NONE',  ( 0.1269624302514124300, 0.4836129308046948100, -0.03945410603935884500 ) ) ;
#1951 = EDGE_CURVE ( 'NONE', #1583, #1563, #2575, .T. ) ;
#1952 = CARTESIAN_POINT ( 'NONE',  ( 0.1640885831963012400, 0.4723081785207884400, -0.08431549819197770000 ) ) ;
#1953 = VERTEX_POINT ( 'NONE', #2620 ) ;
#1954 = CARTESIAN_POINT ( 'NONE',  ( -0.04038801969973191500, 0.4983661397445552400, -0.04640713534045705400 ) ) ;
#1955 = ORIENTED_EDGE ( 'NONE', *, *, #1569, .F. ) ;
#1956 = CARTESIAN_POINT ( 'NONE',  ( -0.1313260547965470800, 0.4824453061272928600, -0.07522521075405982900 ) ) ;
#1957 = CARTESIAN_POINT ( 'NONE',  ( -0.03299000745479317000, 0.4989104746153730200, -0.04548197119483762800 ) ) ;
#1958 = VERTEX_POINT ( 'NONE', #1434 ) ;
#1959 = CARTESIAN_POINT ( 'NONE',  ( 0.1125387372142920300, 0.4871726150923469400, -0.03189610677602332900 ) ) ;
#1960 = VERTEX_POINT ( 'NONE', #2133 ) ;
#1961 = VERTEX_POINT ( 'NONE', #1208 ) ;
#1962 = CARTESIAN_POINT ( 'NONE',  ( -0.1372309428879371600, 0.4807993235067325500, -0.08396629015808906900 ) ) ;
#1963 = B_SPLINE_CURVE_WITH_KNOTS ( 'NONE', 3,
 ( #2734, #2968, #1574, #1819, #1118, #430, #415, #380, #370, #2528, #2715, #202, #856, #189, #164, #147, #393, #214, #1081 ),
 .UNSPECIFIED., .F., .F.,
 ( 4, 1, 2, 2, 2, 2, 1, 1, 2, 2, 4 ),
 ( 0.0000000000000000000, 0.06249999999999778000, 0.09374999999999666900, 0.1249999999999955600, 0.1874999999999933400, 0.2499999999999911200, 0.3749999999999879500, 0.4374999999999877300, 0.4687499999999867300, 0.4999999999999856800, 1.000000000000000000 ),
 .UNSPECIFIED. ) ;
#1964 = VECTOR ( 'NONE', #1758, 39.37007874015748100 ) ;
#1965 = ORIENTED_EDGE ( 'NONE', *, *, #1839, .T. ) ;
#1966 = CARTESIAN_POINT ( 'NONE',  ( 0.2249142427254581000, 0.4465574805321636500, -0.07275022138735783000 ) ) ;
#1967 = CARTESIAN_POINT ( 'NONE',  ( 0.0000000000000000000, 0.0000000000000000000, -0.03937007874015751400 ) ) ;
#1968 = CARTESIAN_POINT ( 'NONE',  ( -0.04669423701524036400, 0.4978149623198603900, -0.03225900052629908400 ) ) ;
#1969 = CYLINDRICAL_SURFACE ( 'NONE', #690, 0.5000000000000000000 ) ;
#1970 = EDGE_CURVE ( 'NONE', #2456, #315, #629, .T. ) ;
#1971 = VERTEX_POINT ( 'NONE', #977 ) ;
#1972 = CARTESIAN_POINT ( 'NONE',  ( 0.07510447988438029300, 0.4943319062080198100, -0.08991409664967739400 ) ) ;
#1973 = VERTEX_POINT ( 'NONE', #1673 ) ;
#1974 = CARTESIAN_POINT ( 'NONE',  ( -0.1093628048464884300, 0.4878941292621558600, -0.05555368464750000400 ) ) ;
#1975 = AXIS2_PLACEMENT_3D ( 'NONE', #2546, #1132, #2764 ) ;
#1976 = CARTESIAN_POINT ( 'NONE',  ( 0.1847155273149996600, 0.4646290781939129100, -0.05821997491773354300 ) ) ;
#1977 = ADVANCED_FACE ( 'NONE', ( #1240 ), #556, .T. ) ;
#1978 = CARTESIAN_POINT ( 'NONE',  ( 0.05528758113912074500, 0.4969339393539559700, -0.06533280743693784000 ) ) ;
#1979 = CARTESIAN_POINT ( 'NONE',  ( 0.08364483393386312700, 0.4929538941485059300, -0.06290770170231846400 ) ) ;
#1980 = CARTESIAN_POINT ( 'NONE',  ( 0.05136948722378934000, 0.4973541753945219800, -0.08450919322260919100 ) ) ;
#1981 = APPROVAL_PERSON_ORGANIZATION ( #2625, #481, #2827 ) ;
#1982 = CARTESIAN_POINT ( 'NONE',  ( 0.08439118520106565800, 0.4928266712144944700, -0.07502157208390537700 ) ) ;
#1983 = CARTESIAN_POINT ( 'NONE',  ( -0.1155421523448528500, 0.4864668652966189200, -0.07066814991552257400 ) ) ;
#1984 = VERTEX_POINT ( 'NONE', #535 ) ;
#1985 = CARTESIAN_POINT ( 'NONE',  ( 0.1738174691652930300, 0.4688156086128524900, -0.03551974356595199300 ) ) ;
#1986 = CARTESIAN_POINT ( 'NONE',  ( -0.1994126799687069600, 0.4585189197736219100, -0.07880715657815128000 ) ) ;
#1987 = CARTESIAN_POINT ( 'NONE',  ( 0.05914549601166175400, 0.4964909890400331900, -0.09052138411031353200 ) ) ;
#1988 = EDGE_CURVE ( 'NONE', #1960, #1091, #1173, .T. ) ;
#1989 = CARTESIAN_POINT ( 'NONE',  ( -0.1021837123599765300, 0.4894477264461921100, -0.08357784324680812800 ) ) ;
#1990 = DIRECTION ( 'NONE',  ( -1.000000000000000000, 0.0000000000000000000, -0.0000000000000000000 ) ) ;
#1991 = CARTESIAN_POINT ( 'NONE',  ( 0.1302194104504577900, 0.4827451761974791400, -0.09092102695973822100 ) ) ;
#1992 = AXIS2_PLACEMENT_3D ( 'NONE', #717, #2346, #944 ) ;
#1993 = CARTESIAN_POINT ( 'NONE',  ( -0.1351053101283006300, 0.4814006295109832800, -0.04093584435357598000 ) ) ;
#1994 = CARTESIAN_POINT ( 'NONE',  ( -0.1111407651977046500, 0.4874912617793971100, -0.08450919322260919100 ) ) ;
#1995 = VERTEX_POINT ( 'NONE', #2394 ) ;
#1996 = VERTEX_POINT ( 'NONE', #86 ) ;
#1997 = CARTESIAN_POINT ( 'NONE',  ( -0.03177747800328613300, 0.4989891701146936300, -0.09092102695973820800 ) ) ;
#1998 = CARTESIAN_POINT ( 'NONE',  ( 0.06278979725361082100, 0.4960425778794628800, -0.08447298438769838800 ) ) ;
#1999 = ORIENTED_EDGE ( 'NONE', *, *, #2125, .T. ) ;
#2000 = CARTESIAN_POINT ( 'NONE',  ( -0.08090759423460935900, 0.4934169944103356000, -0.07476919978428897600 ) ) ;
#2001 = VECTOR ( 'NONE', #2597, 39.37007874015748100 ) ;
#2002 = EDGE_LOOP ( 'NONE', ( #1782, #921, #2384, #2241, #2441 ) ) ;
#2003 = CARTESIAN_POINT ( 'NONE',  ( 0.1093753394605396500, 0.4878903925246855200, -0.07239532284102227800 ) ) ;
#2004 = CARTESIAN_POINT ( 'NONE',  ( -0.1475162084896539900, 0.4777465895983559800, -0.03290395862892855200 ) ) ;
#2005 = CARTESIAN_POINT ( 'NONE',  ( -0.1588124843596071800, 0.4741082122113540700, -0.07021917284993244000 ) ) ;
#2006 = CYLINDRICAL_SURFACE ( 'NONE', #1406, 0.5000000000000000000 ) ;
#2007 = B_SPLINE_CURVE_WITH_KNOTS ( 'NONE', 3,
 ( #2736, #1330, #2949, #1549 ),
 .UNSPECIFIED., .F., .F.,
 ( 4, 4 ),
 ( 0.0000000000000000000, 1.000000000000000000 ),
 .UNSPECIFIED. ) ;
#2008 = FACE_OUTER_BOUND ( 'NONE', #1202, .T. ) ;
#2009 = CARTESIAN_POINT ( 'NONE',  ( 0.1472841085855353100, 0.4778152409727658400, -0.04545831603004548600 ) ) ;
#2010 = CARTESIAN_POINT ( 'NONE',  ( -0.06192417983019887100, 0.4961505779018675600, -0.04823856178711555300 ) ) ;
#2011 = B_SPLINE_CURVE_WITH_KNOTS ( 'NONE', 3,
 ( #1179, #2804, #1403, #50, #1629, #268, #1881, #497, #2108, #719, #2347, #946, #2603, #1189, #2815, #1412 ),
 .UNSPECIFIED., .F., .F.,
 ( 4, 1, 2, 2, 2, 1, 2, 2, 4 ),
 ( 0.0000000000000000000, 0.1249999999999960300, 0.1874999999999941400, 0.2499999999999922800, 0.4999999999999874500, 0.6249999999999884500, 0.6874999999999900100, 0.7499999999999915600, 1.000000000000000000 ),
 .UNSPECIFIED. ) ;
#2012 = ADVANCED_FACE ( 'NONE', ( #1862 ), #2942, .T. ) ;
#2013 = CARTESIAN_POINT ( 'NONE',  ( -0.04705055910339823300, 0.4977813227093878500, -0.07751578932209431100 ) ) ;
#2014 = EDGE_CURVE ( 'NONE', #91, #2311, #923, .T. ) ;
#2015 = VERTEX_POINT ( 'NONE', #1917 ) ;
#2016 = CARTESIAN_POINT ( 'NONE',  ( 0.1403051960587320400, 0.4799127412482079300, -0.08231336025084934300 ) ) ;
#2017 = CARTESIAN_POINT ( 'NONE',  ( 0.1153679622051401200, 0.4865082051177382900, -0.07751578932229184800 ) ) ;
#2018 = ORIENTED_EDGE ( 'NONE', *, *, #1772, .T. ) ;
#2019 = CARTESIAN_POINT ( 'NONE',  ( -0.1575320802140054200, 0.4745355121520326600, -0.04602720218028804500 ) ) ;
#2020 = CARTESIAN_POINT ( 'NONE',  ( -0.1515655625935817000, 0.4764763231292579200, -0.08825297300022726100 ) ) ;
#2021 = CARTESIAN_POINT ( 'NONE',  ( 0.1577866519012674800, 0.4744510532147864800, -0.03800233585583225700 ) ) ;
#2022 = CARTESIAN_POINT ( 'NONE',  ( 0.02757531645235748400, 0.4992689384799139900, -0.06187455260076384800 ) ) ;
#2023 = CARTESIAN_POINT ( 'NONE',  ( 0.06617132919729340500, 0.4956020129017470500, -0.05836500030922336900 ) ) ;
#2024 = VERTEX_POINT ( 'NONE', #2654 ) ;
#2025 = DIRECTION ( 'NONE',  ( 0.0000000000000000000, 0.0000000000000000000, -1.000000000000000000 ) ) ;
#2026 = CARTESIAN_POINT ( 'NONE',  ( -0.1081288051222739500, 0.4881681705369274000, -0.06920960577621362900 ) ) ;
#2027 = CARTESIAN_POINT ( 'NONE',  ( -0.1231596249983123200, 0.4845943851123635800, -0.05470929631878102000 ) ) ;
#2028 = ORIENTED_EDGE ( 'NONE', *, *, #1070, .F. ) ;
#2029 = CARTESIAN_POINT ( 'NONE',  ( -0.2014626224073519700, 0.4576164461344813800, -0.07275022138735783000 ) ) ;
#2030 = CARTESIAN_POINT ( 'NONE',  ( -0.1332659030727255100, 0.4819131323010975000, -0.04316178003678094300 ) ) ;
#2031 = EDGE_CURVE ( 'NONE', #2215, #2563, #37, .T. ) ;
#2032 = CC_DESIGN_PERSON_AND_ORGANIZATION_ASSIGNMENT ( #1681, #740, ( #1878 ) ) ;
#2033 = CARTESIAN_POINT ( 'NONE',  ( -0.1404031927372357000, 0.4798828492690859200, -0.09165594643026815600 ) ) ;
#2034 = CARTESIAN_POINT ( 'NONE',  ( 0.09258790191803856200, 0.4913527047024526800, -0.09092102695973820800 ) ) ;
#2035 = CARTESIAN_POINT ( 'NONE',  ( -0.04614204479947459800, 0.4978663592789969700, -0.06883450742612222400 ) ) ;
#2036 = AXIS2_PLACEMENT_3D ( 'NONE', #1227, #2849, #1448 ) ;
#2037 = CARTESIAN_POINT ( 'NONE',  ( -0.1228948704354094900, 0.4846615838094287000, -0.06179568625713372000 ) ) ;
#2038 = CARTESIAN_POINT ( 'NONE',  ( -0.06049455252030989900, 0.4963270851903814900, -0.04319742542944608700 ) ) ;
#2039 = CARTESIAN_POINT ( 'NONE',  ( -0.09751353295150838600, 0.4903990773827288700, -0.05158862378186329600 ) ) ;
#2040 = CARTESIAN_POINT ( 'NONE',  ( -0.1295806273243047800, 0.4829181423213085900, -0.03633429787662103400 ) ) ;
#2041 = CARTESIAN_POINT ( 'NONE',  ( 0.04687232202082076300, 0.4977981372287129100, -0.07066814991552257400 ) ) ;
#2042 = CARTESIAN_POINT ( 'NONE',  ( -0.1312214051085212600, 0.4824738171629399700, -0.04903396648828580600 ) ) ;
#2043 = ORIENTED_EDGE ( 'NONE', *, *, #1690, .T. ) ;
#2044 = VECTOR ( 'NONE', #2707, 39.37007874015748100 ) ;
#2045 = CARTESIAN_POINT ( 'NONE',  ( 0.1496483439218184700, 0.4770864530151451300, -0.03285242389562088900 ) ) ;
#2046 = CARTESIAN_POINT ( 'NONE',  ( -0.05918544600062224800, 0.4964848611177447000, -0.05595854389732901600 ) ) ;
#2047 = CARTESIAN_POINT ( 'NONE',  ( -0.1081629420542428300, 0.4881606067332455700, -0.07111768807421428600 ) ) ;
#2048 = CIRCLE ( 'NONE', #87, 0.4944322300693971800 ) ;
#2049 = B_SPLINE_CURVE_WITH_KNOTS ( 'NONE', 3,
 ( #1552, #2950, #193, #1804 ),
 .UNSPECIFIED., .F., .F.,
 ( 4, 4 ),
 ( 0.0000000000000000000, 1.000000000000000000 ),
 .UNSPECIFIED. ) ;
#2050 = ORIENTED_EDGE ( 'NONE', *, *, #2140, .F. ) ;
#2051 = CARTESIAN_POINT ( 'NONE',  ( 0.0000000000000000000, 6.416648016937802900E-016, -5.279133858267716300 ) ) ;
#2052 = ORIENTED_EDGE ( 'NONE', *, *, #2279, .T. ) ;
#2053 = CARTESIAN_POINT ( 'NONE',  ( -0.1006520807849633800, 0.4897649715111150300, -0.05886453073199560100 ) ) ;
#2054 = VERTEX_POINT ( 'NONE', #2866 ) ;
#2055 = CARTESIAN_POINT ( 'NONE',  ( -0.09579190192879195900, 0.4907386295426172100, -0.09166389065211823200 ) ) ;
#2056 = EDGE_CURVE ( 'NONE', #154, #2326, #398, .T. ) ;
#2057 = CARTESIAN_POINT ( 'NONE',  ( -0.1247745943996140900, 0.4841812006195277400, -0.07811869755543758600 ) ) ;
#2058 = CARTESIAN_POINT ( 'NONE',  ( -0.03177747800328613300, 0.4989891701146936300, -0.09092102695973820800 ) ) ;
#2059 = CARTESIAN_POINT ( 'NONE',  ( 0.0000000000000000000, 0.0000000000000000000, -0.07653580588160374700 ) ) ;
#2060 = AXIS2_PLACEMENT_3D ( 'NONE', #953, #245, #552 ) ;
#2061 = CARTESIAN_POINT ( 'NONE',  ( 0.06497693397732792800, 0.4957603259846367600, -0.08481377161491340800 ) ) ;
#2062 = CARTESIAN_POINT ( 'NONE',  ( 0.1023440352497380600, 0.4894146397248672600, -0.03358388004872395900 ) ) ;
#2063 = CARTESIAN_POINT ( 'NONE',  ( -0.09089766093526657800, 0.4916693953613413000, -0.09101724453351196800 ) ) ;
#2064 = CARTESIAN_POINT ( 'NONE',  ( 0.0000000000000000000, -3.420453533404266900E-018, -0.01143903361101893300 ) ) ;
#2065 = DIRECTION ( 'NONE',  ( 1.000000000000000000, 0.0000000000000000000, 0.0000000000000000000 ) ) ;
#2066 = ORIENTED_EDGE ( 'NONE', *, *, #82, .F. ) ;
#2067 = VERTEX_POINT ( 'NONE', #1008 ) ;
#2068 = ORIENTED_EDGE ( 'NONE', *, *, #2721, .F. ) ;
#2069 = CARTESIAN_POINT ( 'NONE',  ( 0.09333181835819567800, 0.4912119417135059100, -0.04816758207784844300 ) ) ;
#2070 = CARTESIAN_POINT ( 'NONE',  ( -0.08623099759280138100, 0.4925080872953475100, -0.07607664831930396900 ) ) ;
#2071 = CARTESIAN_POINT ( 'NONE',  ( -0.07856736873876207800, 0.4937886109861414100, -0.07640997587820055900 ) ) ;
#2072 = CARTESIAN_POINT ( 'NONE',  ( 0.2249142427254581000, 0.4465574805321636500, -0.07275022138735783000 ) ) ;
#2073 = EDGE_CURVE ( 'NONE', #1073, #2314, #2861, .T. ) ;
#2074 = CARTESIAN_POINT ( 'NONE',  ( 0.09728586108403138000, 0.4904444204519949300, -0.06001312747907311400 ) ) ;
#2075 = DIRECTION ( 'NONE',  ( -0.0000000000000000000, -0.0000000000000000000, 1.000000000000000000 ) ) ;
#2076 = CARTESIAN_POINT ( 'NONE',  ( -0.09494753072241715600, 0.4909024356209393300, -0.08478449735817125700 ) ) ;
#2077 = LINE ( 'NONE', #1184, #2001 ) ;
#2078 = CARTESIAN_POINT ( 'NONE',  ( 0.1598301651206249000, 0.4737661008530620300, -0.08486409176894474400 ) ) ;
#2079 = ORIENTED_EDGE ( 'NONE', *, *, #1346, .T. ) ;
#2080 = CARTESIAN_POINT ( 'NONE',  ( 0.0000000000000000000, 0.0000000000000000000, -0.03937007874015751400 ) ) ;
#2081 = LINE ( 'NONE', #961, #1933 ) ;
#2082 = CARTESIAN_POINT ( 'NONE',  ( 0.1690407294317784200, 0.4705593166294700900, -0.09015168391587034800 ) ) ;
#2083 = CARTESIAN_POINT ( 'NONE',  ( 0.09333181835819567800, 0.4912119417135059100, -0.04816758207784844300 ) ) ;
#2084 = VERTEX_POINT ( 'NONE', #1481 ) ;
#2085 = SPHERICAL_SURFACE ( 'NONE', #2833, 5.397244094488188500 ) ;
#2086 = CARTESIAN_POINT ( 'NONE',  ( 0.05465221993673830000, 0.4970041680047659300, -0.07449987284502999900 ) ) ;
#2087 = CARTESIAN_POINT ( 'NONE',  ( 0.1044556160587918900, 0.4889675561332799100, -0.04073536126902944900 ) ) ;
#2088 = ORIENTED_EDGE ( 'NONE', *, *, #2860, .F. ) ;
#2089 = CARTESIAN_POINT ( 'NONE',  ( 0.1467230381093207500, 0.4779885832563373600, -0.07766367399099302600 ) ) ;
#2090 = CARTESIAN_POINT ( 'NONE',  ( 0.07154950748641608600, 0.4948541886035232000, -0.04019419473684299200 ) ) ;
#2091 = EDGE_CURVE ( 'NONE', #2878, #2383, #1788, .T. ) ;
#2092 = AXIS2_PLACEMENT_3D ( 'NONE', #32, #908, #1615 ) ;
#2093 = CARTESIAN_POINT ( 'NONE',  ( -0.2302231411613406800, 0.4438437847641953900, -0.09092102695973820800 ) ) ;
#2094 = CARTESIAN_POINT ( 'NONE',  ( 0.1830275128314303700, 0.4652966325020029300, -0.07348933721826600400 ) ) ;
#2095 = CARTESIAN_POINT ( 'NONE',  ( -0.03778815314194916600, 0.4985700339062781900, -0.07663455958116624500 ) ) ;
#2096 = AXIS2_PLACEMENT_3D ( 'NONE', #99, #1698, #322 ) ;
#2097 = CARTESIAN_POINT ( 'NONE',  ( -0.1101390772359209000, 0.4877185597231560900, -0.08574070603286780600 ) ) ;
#2098 = CARTESIAN_POINT ( 'NONE',  ( 0.07499932597976956300, 0.4943431663645194200, -0.06209703867785070600 ) ) ;
#2099 = MANIFOLD_SOLID_BREP ( '20532-001-1-solid1', #1425 ) ;
#2100 = CARTESIAN_POINT ( 'NONE',  ( -0.07017937544390033500, 0.4950503562894426100, -0.08334985797124638800 ) ) ;
#2101 = CARTESIAN_POINT ( 'NONE',  ( -0.1148502922683496000, 0.4866308156751977300, -0.07679601853673352600 ) ) ;
#2102 = B_SPLINE_CURVE_WITH_KNOTS ( 'NONE', 3,
 ( #107, #1066, #860, #2511, #1099, #2737, #1334, #2952, #1554, #195, #1806, #423, #2039, #650, #2267 ),
 .UNSPECIFIED., .F., .F.,
 ( 4, 1, 2, 2, 2, 2, 2, 4 ),
 ( 0.0000000000000000000, 0.1249999999999979700, 0.1874999999999969500, 0.2499999999999959500, 0.4999999999999961100, 0.7499999999999962300, 0.8749999999999981100, 1.000000000000000000 ),
 .UNSPECIFIED. ) ;
#2103 = CARTESIAN_POINT ( 'NONE',  ( -0.05122827693615282500, 0.4973687401135628600, -0.03867996093914462900 ) ) ;
#2104 = ORIENTED_EDGE ( 'NONE', *, *, #744, .T. ) ;
#2105 = CARTESIAN_POINT ( 'NONE',  ( -0.09871080149161712300, 0.4901593535443004000, -0.09157503553429483000 ) ) ;
#2106 = CARTESIAN_POINT ( 'NONE',  ( 0.1440523965680814100, 0.4787994434447394000, -0.07007665233829665800 ) ) ;
#2107 = ORIENTED_EDGE ( 'NONE', *, *, #652, .T. ) ;
#2108 = CARTESIAN_POINT ( 'NONE',  ( -0.2112513771029458400, 0.4531808564878124800, -0.04475329857634995800 ) ) ;
#2109 = EDGE_CURVE ( 'NONE', #1600, #1136, #828, .T. ) ;
#2110 = CARTESIAN_POINT ( 'NONE',  ( -0.1415191818017145800, 0.4795544489509759900, -0.08484939461205301400 ) ) ;
#2111 = CARTESIAN_POINT ( 'NONE',  ( 0.07452208091247573800, 0.4944152702500949600, -0.05549032208390538400 ) ) ;
#2112 = CARTESIAN_POINT ( 'NONE',  ( 0.0000000000000000000, 0.0000000000000000000, 0.0000000000000000000 ) ) ;
#2113 = CARTESIAN_POINT ( 'NONE',  ( 0.0000000000000000000, 0.5000000000000001100, 0.08984770968632201100 ) ) ;
#2114 = VECTOR ( 'NONE', #1031, 39.37007874015748100 ) ;
#2115 = LINE ( 'NONE', #1793, #1483 ) ;
#2116 = DIRECTION ( 'NONE',  ( -0.4760624965748739800, 0.8794114505479776500, 0.0000000000000000000 ) ) ;
#2117 = CARTESIAN_POINT ( 'NONE',  ( 0.04700565708162354700, 0.4977855652932139900, -0.07331216525974876300 ) ) ;
#2118 = CARTESIAN_POINT ( 'NONE',  ( -0.1489232864425668300, 0.4773070208023991700, -0.08039639292726509500 ) ) ;
#2119 = EDGE_LOOP ( 'NONE', ( #1651, #2201, #417, #206, #489 ) ) ;
#2120 = DIRECTION ( 'NONE',  ( 1.000000000000000000, 0.0000000000000000000, 0.0000000000000000000 ) ) ;
#2121 = DIRECTION ( 'NONE',  ( 1.224646799147353200E-016, -1.000000000000000000, 0.0000000000000000000 ) ) ;
#2122 = VERTEX_POINT ( 'NONE', #437 ) ;
#2123 = ORIENTED_EDGE ( 'NONE', *, *, #2056, .F. ) ;
#2124 = CARTESIAN_POINT ( 'NONE',  ( 0.04687232202082076300, 0.4977981372287129100, -0.07066814991552257400 ) ) ;
#2125 = EDGE_CURVE ( 'NONE', #2331, #1087, #2334, .T. ) ;
#2126 = CARTESIAN_POINT ( 'NONE',  ( -0.09511573425351722800, 0.4908700475816045200, -0.05843292549538349500 ) ) ;
#2127 = DIRECTION ( 'NONE',  ( 0.0000000000000000000, 1.000000000000000000, 0.0000000000000000000 ) ) ;
#2128 = CARTESIAN_POINT ( 'NONE',  ( -0.1517374344578677500, 0.4764197217078239300, -0.06931746597540784600 ) ) ;
#2129 = SECURITY_CLASSIFICATION_LEVEL ( 'unclassified' ) ;
#2130 = AXIS2_PLACEMENT_3D ( 'NONE', #1946, #561, #2172 ) ;
#2131 = CARTESIAN_POINT ( 'NONE',  ( -0.05925604388562814200, 0.4964776214091041200, -0.03313947110775311600 ) ) ;
#2132 = CARTESIAN_POINT ( 'NONE',  ( -0.08662907115455924200, 0.4924382235680921400, -0.06366481860116764100 ) ) ;
#2133 = CARTESIAN_POINT ( 'NONE',  ( 0.5000000000000000000, 0.0000000000000000000, -0.01700680354162161700 ) ) ;
#2134 = CARTESIAN_POINT ( 'NONE',  ( 0.1648776689043313900, 0.4720352745730266300, -0.03856751354408705100 ) ) ;
#2135 = B_SPLINE_CURVE_WITH_KNOTS ( 'NONE', 3,
 ( #64, #1431, #732, #1656 ),
 .UNSPECIFIED., .F., .F.,
 ( 4, 4 ),
 ( 0.0000000000000000000, 1.000000000000000000 ),
 .UNSPECIFIED. ) ;
#2136 = EDGE_LOOP ( 'NONE', ( #781, #1016, #745, #2888, #2068 ) ) ;
#2137 = EDGE_LOOP ( 'NONE', ( #1229, #1542, #519, #2018, #806, #1688, #1278, #1854, #1999, #2542, #2268 ) ) ;
#2138 = ORIENTED_EDGE ( 'NONE', *, *, #239, .F. ) ;
#2139 = CARTESIAN_POINT ( 'NONE',  ( -0.1510878524191807100, 0.4766261458852609800, -0.04921940563524610000 ) ) ;
#2140 = EDGE_CURVE ( 'NONE', #2084, #2425, #301, .T. ) ;
#2141 = CARTESIAN_POINT ( 'NONE',  ( -0.06941504261329857500, 0.4951581081606757900, -0.04739772822946138100 ) ) ;
#2142 = CARTESIAN_POINT ( 'NONE',  ( 0.08439118520106565800, 0.4928266712144944700, -0.07502157208390537700 ) ) ;
#2143 = CIRCLE ( 'NONE', #2623, 18.07874015748031500 ) ;
#2144 = DIRECTION ( 'NONE',  ( 1.000000000000000000, 0.0000000000000000000, 0.0000000000000000000 ) ) ;
#2146 = EDGE_LOOP ( 'NONE', ( #2670, #1126, #2420, #367, #2428, #134, #2066, #2835, #704, #1832, #1668, #1940, #797 ) ) ;
#2145 = AXIS2_PLACEMENT_3D ( 'NONE', #709, #2379, #748 ) ;
#2147 = CARTESIAN_POINT ( 'NONE',  ( 0.1762917433102318100, 0.4678902084199576000, -0.05333842158104251000 ) ) ;
#2148 = ADVANCED_FACE ( 'NONE', ( #491, #2871 ), #1628, .T. ) ;
#2149 = CIRCLE ( 'NONE', #637, 0.5000000000000000000 ) ;
#2150 = CARTESIAN_POINT ( 'NONE',  ( -0.1441968574413768900, 0.4787560321152655200, -0.03921026718773716600 ) ) ;
#2151 = ORIENTED_EDGE ( 'NONE', *, *, #2743, .F. ) ;
#2152 = CYLINDRICAL_SURFACE ( 'NONE', #2541, 0.5000000000000000000 ) ;
#2153 = CARTESIAN_POINT ( 'NONE',  ( -0.2092608026992709100, 0.4541034204381825300, -0.04958717626319065300 ) ) ;
#2154 = ORIENTED_EDGE ( 'NONE', *, *, #759, .F. ) ;
#2155 = ORIENTED_EDGE ( 'NONE', *, *, #2933, .T. ) ;
#2156 = DIRECTION ( 'NONE',  ( 0.0000000000000000000, 1.000000000000000000, 0.0000000000000000000 ) ) ;
#2157 = CARTESIAN_POINT ( 'NONE',  ( -0.03304877726930121500, 0.4989066311796015500, -0.08436864539848680500 ) ) ;
#2158 = CARTESIAN_POINT ( 'NONE',  ( 0.2172428476248098300, 0.4503393666512662800, -0.04958717626319066700 ) ) ;
#2159 = CALENDAR_DATE ( 2016, 30, 9 ) ;
#2160 = CARTESIAN_POINT ( 'NONE',  ( 0.0000000000000000000, 0.0000000000000000000, -0.03937007874015751400 ) ) ;
#2161 = ORIENTED_EDGE ( 'NONE', *, *, #1455, .F. ) ;
#2162 = CARTESIAN_POINT ( 'NONE',  ( 0.06948332109520870300, 0.4951487352304308500, -0.08445784838472424100 ) ) ;
#2163 = EDGE_CURVE ( 'NONE', #1941, #1622, #1093, .T. ) ;
#2164 = CARTESIAN_POINT ( 'NONE',  ( 0.1767979376129388000, 0.4676991481104911800, -0.06588746145121249200 ) ) ;
#2165 = CARTESIAN_POINT ( 'NONE',  ( 0.2163366026552970800, 0.4507754932426861200, -0.04755321047527073800 ) ) ;
#2166 = CARTESIAN_POINT ( 'NONE',  ( -0.1307958941680527100, 0.4825893770745011100, -0.08832913234030609400 ) ) ;
#2167 = CARTESIAN_POINT ( 'NONE',  ( 0.1099762980087745900, 0.4877559727511481300, -0.06316617016447766100 ) ) ;
#2168 = B_SPLINE_CURVE_WITH_KNOTS ( 'NONE', 3,
 ( #1850, #541, #85, #2290, #895, #676, #1825, #1122, #445, #1575, #1820, #241, #1149, #1050, #894, #2337, #1260, #718, #2955, #1557, #198, #1808, #427, #2041 ),
 .UNSPECIFIED., .F., .F.,
 ( 4, 1, 2, 2, 2, 2, 2, 2, 2, 1, 2, 2, 4 ),
 ( 0.0000000000000000000, 0.06250000000000130500, 0.09375000000000156800, 0.1250000000000018300, 0.2500000000000016100, 0.3750000000000013900, 0.5000000000000011100, 0.6250000000000008900, 0.7500000000000006700, 0.8125000000000004400, 0.8437500000000007800, 0.8750000000000010000, 1.000000000000000000 ),
 .UNSPECIFIED. ) ;
#2169 = DIRECTION ( 'NONE',  ( -0.0000000000000000000, -0.0000000000000000000, 1.000000000000000000 ) ) ;
#2170 = CARTESIAN_POINT ( 'NONE',  ( 0.1718581581650135400, 0.4695369852815398100, -0.07956732066164130800 ) ) ;
#2171 = VERTEX_POINT ( 'NONE', #2078 ) ;
#2172 = DIRECTION ( 'NONE',  ( 0.3756631606290201700, 0.9267562731086393900, 0.0000000000000000000 ) ) ;
#2173 = CARTESIAN_POINT ( 'NONE',  ( 0.1027330043303361500, 0.4893321458240099100, -0.05481582111842921900 ) ) ;
#2174 = ORIENTED_EDGE ( 'NONE', *, *, #2014, .T. ) ;
#2175 = EDGE_CURVE ( 'NONE', #2599, #928, #2413, .T. ) ;
#2176 = CC_DESIGN_DATE_AND_TIME_ASSIGNMENT ( #2230, #2370, ( #1878 ) ) ;
#2177 = CIRCLE ( 'NONE', #120, 0.4944322300693971800 ) ;
#2178 = CARTESIAN_POINT ( 'NONE',  ( 0.1230514015806467900, 0.4846226626550923000, -0.03530526753253504500 ) ) ;
#2179 = CARTESIAN_POINT ( 'NONE',  ( 0.1614335020692005400, 0.4732251976335759000, -0.08482129424350752500 ) ) ;
#2180 = CARTESIAN_POINT ( 'NONE',  ( -0.04027422540942879300, 0.4983753476821791700, -0.04698128493730790300 ) ) ;
#2181 = AXIS2_PLACEMENT_3D ( 'NONE', #2537, #1123, #2757 ) ;
#2182 = CARTESIAN_POINT ( 'NONE',  ( -0.1314710183163052500, 0.4824058169889238700, -0.07583011425582955600 ) ) ;
#2183 = FACE_BOUND ( 'NONE', #1657, .T. ) ;
#2184 = B_SPLINE_CURVE_WITH_KNOTS ( 'NONE', 3,
 ( #1731, #2281, #2061, #2791, #1039, #1665, #1998, #30, #1801, #1079, #811, #1890, #2361, #42, #1928, #1687, #4, #2086, #1845, #416, #1495 ),
 .UNSPECIFIED., .F., .F.,
 ( 4, 1, 2, 2, 2, 2, 2, 2, 2, 2, 4 ),
 ( 0.0000000000000000000, 0.06249999999999769600, 0.09374999999999603100, 0.1249999999999943700, 0.2499999999999955600, 0.3749999999999967200, 0.4999999999999978900, 0.6249999999999990000, 0.7500000000000002200, 0.8750000000000001100, 1.000000000000000000 ),
 .UNSPECIFIED. ) ;
#2185 = VERTEX_POINT ( 'NONE', #910 ) ;
#2186 = CARTESIAN_POINT ( 'NONE',  ( 0.1300434736193611400, 0.4827929860957875200, -0.08757088315679403800 ) ) ;
#2187 = DIRECTION ( 'NONE',  ( -0.0000000000000000000, -0.0000000000000000000, 1.000000000000000000 ) ) ;
#2188 = CARTESIAN_POINT ( 'NONE',  ( -0.03335937159661549900, 0.4988859856864603600, -0.04387997315485864200 ) ) ;
#2189 = CARTESIAN_POINT ( 'NONE',  ( 0.06625340955855869900, 0.4955910468540223900, -0.09167814385858739900 ) ) ;
#2190 = DIRECTION ( 'NONE',  ( -0.0000000000000000000, -0.0000000000000000000, 1.000000000000000000 ) ) ;
#2191 = VERTEX_POINT ( 'NONE', #2090 ) ;
#2192 = CARTESIAN_POINT ( 'NONE',  ( -0.1383222849409138600, 0.4804862411946703700, -0.08441244030179649600 ) ) ;
#2193 = ORIENTED_EDGE ( 'NONE', *, *, #503, .F. ) ;
#2194 = DIRECTION ( 'NONE',  ( -1.000000000000000000, 0.0000000000000000000, -0.0000000000000000000 ) ) ;
#2195 = CARTESIAN_POINT ( 'NONE',  ( 0.06409527149796040400, 0.4958747787210020500, -0.05155094821958072800 ) ) ;
#2196 = EDGE_CURVE ( 'NONE', #2292, #1389, #2778, .T. ) ;
#2197 = CARTESIAN_POINT ( 'NONE',  ( -0.04767259982673162400, 0.4977221839749110800, -0.03210736342370434200 ) ) ;
#2198 = ORIENTED_EDGE ( 'NONE', *, *, #874, .F. ) ;
#2199 = CARTESIAN_POINT ( 'NONE',  ( 0.1434910890581956000, 0.4789723145159154300, -0.03710265389748542600 ) ) ;
#2200 = ADVANCED_FACE ( 'NONE', ( #414 ), #1555, .T. ) ;
#2201 = ORIENTED_EDGE ( 'NONE', *, *, #521, .T. ) ;
#2202 = CARTESIAN_POINT ( 'NONE',  ( 0.07961991979534892300, 0.4936207218359715000, -0.08639378990827809000 ) ) ;
#2203 = AXIS2_PLACEMENT_3D ( 'NONE', #2429, #1770, #2288 ) ;
#2204 = CARTESIAN_POINT ( 'NONE',  ( -0.1118253203525334100, 0.4873353442956797600, -0.05824997388166598000 ) ) ;
#2205 = ORIENTED_EDGE ( 'NONE', *, *, #2618, .T. ) ;
#2206 = CARTESIAN_POINT ( 'NONE',  ( 0.1845440706566353900, 0.4646971986999338700, -0.05604763968850360500 ) ) ;
#2207 = CARTESIAN_POINT ( 'NONE',  ( 0.05167015053475487000, 0.4973231212265360500, -0.08488176528225777100 ) ) ;
#2208 = CARTESIAN_POINT ( 'NONE',  ( -0.08925725314586339900, 0.4919696596016380800, -0.05039161296821791100 ) ) ;
#2209 = VERTEX_POINT ( 'NONE', #1626 ) ;
#2210 = DIRECTION ( 'NONE',  ( 0.0000000000000000000, 1.000000000000000000, 1.195183497228114800E-016 ) ) ;
#2211 = CARTESIAN_POINT ( 'NONE',  ( 0.0000000000000000000, -0.5000000000000001100, -0.005871263680416386300 ) ) ;
#2212 = ORIENTED_EDGE ( 'NONE', *, *, #1292, .F. ) ;
#2213 = CARTESIAN_POINT ( 'NONE',  ( 0.1714563209036498400, 0.4696844235871310800, -0.03407689089780123500 ) ) ;
#2214 = LINE ( 'NONE', #784, #982 ) ;
#2215 = VERTEX_POINT ( 'NONE', #1176 ) ;
#2216 = CARTESIAN_POINT ( 'NONE',  ( 0.06236756424244715300, 0.4960951774710514200, -0.09134707364931681000 ) ) ;
#2217 = CARTESIAN_POINT ( 'NONE',  ( -0.1041843690650963200, 0.4890256218510815000, -0.08210212089047677600 ) ) ;
#2218 = CYLINDRICAL_SURFACE ( 'NONE', #182, 0.5000000000000000000 ) ;
#2219 = EDGE_CURVE ( 'NONE', #271, #603, #2177, .T. ) ;
#2220 = CARTESIAN_POINT ( 'NONE',  ( 0.06512451409579095300, 0.4957417805880899900, -0.05839436028364371900 ) ) ;
#2221 = CARTESIAN_POINT ( 'NONE',  ( 0.01665349113075037900, 0.4997225842736728300, -0.09092102695973820800 ) ) ;
#2222 = CIRCLE ( 'NONE', #1898, 0.5000000000000000000 ) ;
#2223 = CARTESIAN_POINT ( 'NONE',  ( -0.1341065093233063400, 0.4816802031342816100, -0.04196751407234013800 ) ) ;
#2224 = VERTEX_POINT ( 'NONE', #47 ) ;
#2225 = B_SPLINE_CURVE_WITH_KNOTS ( 'NONE', 3,
 ( #968, #735, #1205, #2830, #1432, #68, #1658, #286, #1906, #520, #2131, #746, #2378, #973, #2627, #1214, #2838, #1437, #75, #1671, #292, #1913, #532, #2141, #753 ),
 .UNSPECIFIED., .F., .F.,
 ( 4, 1, 2, 2, 2, 2, 2, 2, 2, 2, 2, 2, 4 ),
 ( 0.0000000000000000000, 0.06249999999999873700, 0.09374999999999816800, 0.1249999999999976100, 0.1874999999999973100, 0.2499999999999970600, 0.3749999999999972800, 0.4999999999999975600, 0.7499999999999976700, 0.8749999999999982200, 0.9062499999999985600, 0.9374999999999988900, 1.000000000000000000 ),
 .UNSPECIFIED. ) ;
#2226 = CARTESIAN_POINT ( 'NONE',  ( -0.03256844211746190400, 0.4989381690931668500, -0.08566852847397200800 ) ) ;
#2227 = B_SPLINE_CURVE_WITH_KNOTS ( 'NONE', 3,
 ( #817, #2207, #1046, #2697, #1290, #2901, #1505, #145, #1752, #368, #1987, #602, #2216, #824, #2472, #1060, #2702, #1299, #2912, #1515 ),
 .UNSPECIFIED., .F., .F.,
 ( 4, 1, 2, 2, 2, 2, 2, 1, 2, 2, 4 ),
 ( 0.0000000000000000000, 0.06250000000000013900, 0.09375000000000020800, 0.1250000000000002800, 0.2500000000000008900, 0.4999999999999991100, 0.7499999999999973400, 0.8124999999999975600, 0.8437499999999984500, 0.8749999999999992200, 1.000000000000000000 ),
 .UNSPECIFIED. ) ;
#2228 = CARTESIAN_POINT ( 'NONE',  ( 0.02211589634762735000, 0.4995405470400264300, -0.05478446830841578200 ) ) ;
#2229 = CARTESIAN_POINT ( 'NONE',  ( -0.2129176709120647600, 0.4524003375478202200, -0.03867996093914462300 ) ) ;
#2230 = DATE_AND_TIME ( #2852, #469 ) ;
#2231 = CARTESIAN_POINT ( 'NONE',  ( 0.07691924750054818200, 0.4940480030968138500, -0.07426445518505620000 ) ) ;
#2232 = ORIENTED_EDGE ( 'NONE', *, *, #223, .T. ) ;
#2233 = CARTESIAN_POINT ( 'NONE',  ( 0.1096874897160022400, 0.4878204146348214000, -0.07265448565476430300 ) ) ;
#2234 = CARTESIAN_POINT ( 'NONE',  ( -0.1509764164492047900, 0.4766619710947918600, -0.03487853871973997000 ) ) ;
#2235 = ADVANCED_FACE ( 'NONE', ( #2255 ), #2808, .T. ) ;
#2236 = CARTESIAN_POINT ( 'NONE',  ( -0.1586911073956168400, 0.4741488548242695500, -0.07132150677049563200 ) ) ;
#2237 = CARTESIAN_POINT ( 'NONE',  ( 0.1492431205011415200, 0.4772086326867635000, -0.04227579899924685500 ) ) ;
#2238 = EDGE_CURVE ( 'NONE', #621, #1062, #945, .T. ) ;
#2239 = AXIS2_PLACEMENT_3D ( 'NONE', #722, #2351, #950 ) ;
#2240 = CARTESIAN_POINT ( 'NONE',  ( -0.04701944204747698900, 0.4977842626101083900, -0.07754254830154730400 ) ) ;
#2241 = ORIENTED_EDGE ( 'NONE', *, *, #2957, .T. ) ;
#2242 = CARTESIAN_POINT ( 'NONE',  ( 0.06427047175054875800, 0.4958525490403222200, -0.05845684491089758700 ) ) ;
#2243 = CARTESIAN_POINT ( 'NONE',  ( 0.1461924038078682200, 0.4781551863746302800, -0.08817712590026957600 ) ) ;
#2244 = AXIS2_PLACEMENT_3D ( 'NONE', #2160, #316, #766 ) ;
#2245 = CARTESIAN_POINT ( 'NONE',  ( 0.1153983741437256000, 0.4865009920624316400, -0.07754254830160624300 ) ) ;
#2246 = CARTESIAN_POINT ( 'NONE',  ( -0.1584419154039098100, 0.4742321879604066700, -0.05032330918543375500 ) ) ;
#2247 = CARTESIAN_POINT ( 'NONE',  ( -0.1489575871142983800, 0.4772967850689658900, -0.08995958313347433800 ) ) ;
#2248 = ORIENTED_EDGE ( 'NONE', *, *, #2238, .F. ) ;
#2249 = CARTESIAN_POINT ( 'NONE',  ( -0.05316955150873983700, 0.4971649613482022600, -0.07239532284102227800 ) ) ;
#2250 = CARTESIAN_POINT ( 'NONE',  ( 0.1596283839517475800, 0.4738341260788984700, -0.03792284404029545200 ) ) ;
#2251 = CARTESIAN_POINT ( 'NONE',  ( 0.03302881650745640600, 0.4989079046077710700, -0.06896463689311192700 ) ) ;
#2252 = CARTESIAN_POINT ( 'NONE',  ( -0.2129176709120647600, 0.4524003375478202200, -0.03867996093914462300 ) ) ;
#2253 = CARTESIAN_POINT ( 'NONE',  ( 0.4944322300693971800, 6.055048479497750800E-017, -0.01143903361101887400 ) ) ;
#2254 = CARTESIAN_POINT ( 'NONE',  ( -0.1284481746273784300, 0.4832194806036843000, -0.08598793716567403000 ) ) ;
#2255 = FACE_OUTER_BOUND ( 'NONE', #1803, .T. ) ;
#2256 = VERTEX_POINT ( 'NONE', #2811 ) ;
#2257 = CARTESIAN_POINT ( 'NONE',  ( -0.1233799561845527200, 0.4845383253293347200, -0.05262572171822587500 ) ) ;
#2258 = CIRCLE ( 'NONE', #2308, 0.4944322300693972400 ) ;
#2259 = CARTESIAN_POINT ( 'NONE',  ( -0.08662907115455924200, 0.4924382235680921400, -0.06366481860116764100 ) ) ;
#2260 = CARTESIAN_POINT ( 'NONE',  ( 0.07239720289674427000, 0.4947309268775304500, -0.05399463152411906900 ) ) ;
#2261 = EDGE_CURVE ( 'NONE', #2599, #1224, #96, .T. ) ;
#2262 = CARTESIAN_POINT ( 'NONE',  ( 0.06294873962025721000, 0.4960220762315366600, -0.05864806347107232700 ) ) ;
#2263 = ORIENTED_EDGE ( 'NONE', *, *, #1213, .T. ) ;
#2264 = CARTESIAN_POINT ( 'NONE',  ( -0.05010560499514606800, 0.4974858074966608300, -0.06542253836878145200 ) ) ;
#2265 = B_SPLINE_CURVE_WITH_KNOTS ( 'NONE', 3,
 ( #1264, #2443, #1032, #2686, #1272, #2891, #1492, #129, #1736, #358, #1974, #589, #2204, #814, #2457, #1042, #2695, #1288, #2897, #1502, #141, #1747, #364, #1983 ),
 .UNSPECIFIED., .F., .F.,
 ( 4, 1, 2, 2, 2, 2, 2, 2, 2, 1, 2, 2, 4 ),
 ( 0.0000000000000000000, 0.06249999999999934800, 0.09374999999999827900, 0.1249999999999972000, 0.2499999999999980600, 0.3749999999999988900, 0.4999999999999997800, 0.6250000000000005600, 0.7500000000000014400, 0.8125000000000017800, 0.8437500000000016700, 0.8750000000000015500, 1.000000000000000000 ),
 .UNSPECIFIED. ) ;
#2266 = CARTESIAN_POINT ( 'NONE',  ( -0.05916099724637775100, 0.4964878881523578400, -0.04159835231740220700 ) ) ;
#2267 = CARTESIAN_POINT ( 'NONE',  ( -0.09861433038210819200, 0.4901787570298089000, -0.05155094821958072100 ) ) ;
#2268 = ORIENTED_EDGE ( 'NONE', *, *, #2847, .T. ) ;
#2269 = CARTESIAN_POINT ( 'NONE',  ( -0.1332633023786059500, 0.4819156771557563400, -0.03354225987899234900 ) ) ;
#2270 = CARTESIAN_POINT ( 'NONE',  ( -0.1280734491845167100, 0.4833190891688479200, -0.08542861890095834700 ) ) ;
#2271 = VERTEX_POINT ( 'NONE', #1639 ) ;
#2272 = CARTESIAN_POINT ( 'NONE',  ( -0.1308750975745579500, 0.4825678331175755100, -0.05111976407546940000 ) ) ;
#2273 = ORIENTED_EDGE ( 'NONE', *, *, #1385, .F. ) ;
#2274 = CARTESIAN_POINT ( 'NONE',  ( 0.06203261129280811900, 0.4961376057323427800, -0.05886453073199318000 ) ) ;
#2275 = CARTESIAN_POINT ( 'NONE',  ( -0.05983340423801719600, 0.4964070704367609700, -0.05496153892167935500 ) ) ;
#2276 = CARTESIAN_POINT ( 'NONE',  ( 0.0000000000000000000, -1.650592511675795500E-017, 0.09541547961692459200 ) ) ;
#2277 = CARTESIAN_POINT ( 'NONE',  ( -0.09844127632795951500, 0.4902139931129522700, -0.05845684491089472900 ) ) ;
#2278 = CARTESIAN_POINT ( 'NONE',  ( -0.1241431247575732100, 0.4843433703024020400, -0.07548259589313766100 ) ) ;
#2279 = EDGE_CURVE ( 'NONE', #1237, #1664, #2742, .T. ) ;
#2280 = CARTESIAN_POINT ( 'NONE',  ( 0.06784267166452842600, 0.4953769184730459400, -0.05200361229948012600 ) ) ;
#2281 = CARTESIAN_POINT ( 'NONE',  ( 0.06568470024334052700, 0.4956670226019805300, -0.08485122380936591100 ) ) ;
#2282 = AXIS2_PLACEMENT_3D ( 'NONE', #774, #1236, #312 ) ;
#2283 = CARTESIAN_POINT ( 'NONE',  ( 0.09954309729981299100, 0.4899918193688595500, -0.03526630181482749000 ) ) ;
#2284 = CARTESIAN_POINT ( 'NONE',  ( -0.1649321864524121700, 0.4720141670247056100, -0.07350733828620700800 ) ) ;
#2285 = CARTESIAN_POINT ( 'NONE',  ( 0.0000000000000000000, 0.4944322300693972400, 0.09541547961692466200 ) ) ;
#2286 = CARTESIAN_POINT ( 'NONE',  ( -0.08574734549617565900, 0.4925955616494047100, -0.08874179876026096200 ) ) ;
#2287 = CARTESIAN_POINT ( 'NONE',  ( 0.2044466021072772800, 0.4562911207625989200, -0.06593616929771518900 ) ) ;
#2288 = DIRECTION ( 'NONE',  ( 1.224646799147353200E-016, -1.000000000000000000, 0.0000000000000000000 ) ) ;
#2289 = DIRECTION ( 'NONE',  ( 0.0000000000000000000, 1.000000000000000000, 1.208642382658147400E-016 ) ) ;
#2290 = CARTESIAN_POINT ( 'NONE',  ( 0.06154587042879194200, 0.4961977192038442000, -0.05172953712858718200 ) ) ;
#2291 = FACE_BOUND ( 'NONE', #388, .T. ) ;
#2292 = VERTEX_POINT ( 'NONE', #59 ) ;
#2293 = VERTEX_POINT ( 'NONE', #2124 ) ;
#2294 = CARTESIAN_POINT ( 'NONE',  ( 0.1566058621215896100, 0.4748430196903787900, -0.03121999274679430500 ) ) ;
#2295 = CARTESIAN_POINT ( 'NONE',  ( -0.07841510084476083200, 0.4938127903968324000, -0.07502157208390536300 ) ) ;
#2296 = FACE_OUTER_BOUND ( 'NONE', #1166, .T. ) ;
#2297 = VERTEX_POINT ( 'NONE', #2356 ) ;
#2298 = ORIENTED_EDGE ( 'NONE', *, *, #2761, .T. ) ;
#2299 = CARTESIAN_POINT ( 'NONE',  ( -0.08644979315896463000, 0.4924697552797946400, -0.07698214269090834800 ) ) ;
#2300 = VERTEX_POINT ( 'NONE', #2364 ) ;
#2301 = CYLINDRICAL_SURFACE ( 'NONE', #1735, 0.5000000000000000000 ) ;
#2302 = DIRECTION ( 'NONE',  ( 0.0000000000000000000, 0.0000000000000000000, -1.000000000000000000 ) ) ;
#2303 = EDGE_CURVE ( 'NONE', #1100, #955, #2225, .T. ) ;
#2304 = CARTESIAN_POINT ( 'NONE',  ( 0.0000000000000000000, 0.0000000000000000000, -0.03937007874015751400 ) ) ;
#2305 = DIRECTION ( 'NONE',  ( 0.0000000000000000000, 0.0000000000000000000, -1.000000000000000000 ) ) ;
#2306 = CARTESIAN_POINT ( 'NONE',  ( 0.09459640120192003300, 0.4909700282030546300, -0.05501531027135883600 ) ) ;
#2307 = ORIENTED_EDGE ( 'NONE', *, *, #117, .T. ) ;
#2308 = AXIS2_PLACEMENT_3D ( 'NONE', #293, #1915, #534 ) ;
#2309 = EDGE_LOOP ( 'NONE', ( #374, #348, #768, #2193 ) ) ;
#2310 = CARTESIAN_POINT ( 'NONE',  ( 0.1007774711314879100, 0.4897386054525501000, -0.04749154025400273400 ) ) ;
#2311 = VERTEX_POINT ( 'NONE', #2617 ) ;
#2312 = PERSON_AND_ORGANIZATION ( #1231, #2935 ) ;
#2313 = CARTESIAN_POINT ( 'NONE',  ( -0.09652587765878180300, 0.4905942875148485700, -0.08486409176894474400 ) ) ;
#2314 = VERTEX_POINT ( 'NONE', #986 ) ;
#2315 = CARTESIAN_POINT ( 'NONE',  ( -6.055048479497755700E-017, 0.4944322300693976800, -0.01143903361101890700 ) ) ;
#2316 = CARTESIAN_POINT ( 'NONE',  ( 0.1732058718757088500, 0.4690438061947687600, -0.08816139381630312700 ) ) ;
#2317 = CARTESIAN_POINT ( 'NONE',  ( -0.03328945193552764600, 0.4988905874039848400, -0.08378165597123009300 ) ) ;
#2318 = CARTESIAN_POINT ( 'NONE',  ( 0.09339758526948817300, 0.4911994420610155100, -0.04976056852994395500 ) ) ;
#2319 = VERTEX_POINT ( 'NONE', #2635 ) ;
#2320 = CARTESIAN_POINT ( 'NONE',  ( 0.1061388236924775000, 0.4886047984457521100, -0.03973251443605057400 ) ) ;
#2321 = CARTESIAN_POINT ( 'NONE',  ( 0.1450847607836150700, 0.4784877046081261200, -0.07393869075480445600 ) ) ;
#2322 = CARTESIAN_POINT ( 'NONE',  ( 0.0000000000000000000, 0.0000000000000000000, -0.03937007874015751400 ) ) ;
#2323 = CARTESIAN_POINT ( 'NONE',  ( 0.1838003900722602300, 0.4649921463033493400, -0.07063477996654654600 ) ) ;
#2324 = EDGE_CURVE ( 'NONE', #2842, #1984, #1479, .T. ) ;
#2325 = CARTESIAN_POINT ( 'NONE',  ( -0.03995558501565661700, 0.4984044652523624800, -0.07410273538655351400 ) ) ;
#2326 = VERTEX_POINT ( 'NONE', #2389 ) ;
#2327 = B_SPLINE_CURVE_WITH_KNOTS ( 'NONE', 3,
 ( #2348, #2110, #2605, #1190, #2816, #1413, #56, #1644, #275, #1888, #509, #2118, #728, #2359, #963, #2612, #1198, #2826, #1427, #62, #1653, #282, #1900, #515, #2128, #738, #2369, #970, #2621 ),
 .UNSPECIFIED., .F., .F.,
 ( 4, 2, 2, 2, 2, 2, 2, 1, 1, 2, 2, 1, 1, 1, 2, 2, 4 ),
 ( 0.0000000000000000000, 0.03125000000000091600, 0.06250000000000183200, 0.1250000000000036600, 0.2500000000000037200, 0.3125000000000031600, 0.3750000000000026100, 0.4375000000000020500, 0.4687500000000009400, 0.4843750000000011700, 0.5000000000000013300, 0.6250000000000005600, 0.6874999999999995600, 0.7187499999999994400, 0.7343749999999997800, 0.7500000000000001100, 1.000000000000000000 ),
 .UNSPECIFIED. ) ;
#2328 = ORIENTED_EDGE ( 'NONE', *, *, #558, .T. ) ;
#2329 = CARTESIAN_POINT ( 'NONE',  ( -0.1098941510686640800, 0.4877738101408787300, -0.08602498869694662200 ) ) ;
#2330 = CARTESIAN_POINT ( 'NONE',  ( -0.05316955150873983700, 0.4971649613482022600, -0.07239532284102227800 ) ) ;
#2331 = VERTEX_POINT ( 'NONE', #1647 ) ;
#2332 = CARTESIAN_POINT ( 'NONE',  ( 0.07581008924692751700, 0.4942195501603872700, -0.06313302531658406000 ) ) ;
#2333 = CARTESIAN_POINT ( 'NONE',  ( 0.1004371136809843900, 0.4898099118557373600, -0.06398748164021125800 ) ) ;
#2334 = LINE ( 'NONE', #1357, #1704 ) ;
#2335 = DIRECTION ( 'NONE',  ( 8.659560562355199100E-017, 0.7071067811865691100, 0.7071067811865260300 ) ) ;
#2336 = CARTESIAN_POINT ( 'NONE',  ( -0.1140963198176877500, 0.4868080589523834400, -0.07914801214317589200 ) ) ;
#2337 = CARTESIAN_POINT ( 'NONE',  ( 0.04829126432188533800, 0.4976626182457785700, -0.06247751912104207400 ) ) ;
#2338 = SPHERICAL_SURFACE ( 'NONE', #244, 5.397244094488188500 ) ;
#2339 = ORIENTED_EDGE ( 'NONE', *, *, #2538, .T. ) ;
#2340 = CARTESIAN_POINT ( 'NONE',  ( -0.09742207610589091700, 0.4904180481983250200, -0.09165672756695475400 ) ) ;
#2341 = ORIENTED_EDGE ( 'NONE', *, *, #1399, .F. ) ;
#2342 = ORIENTED_EDGE ( 'NONE', *, *, #117, .F. ) ;
#2343 = DIRECTION ( 'NONE',  ( -0.0000000000000000000, 1.224606353822377300E-016, -1.000000000000000000 ) ) ;
#2344 = EDGE_CURVE ( 'NONE', #2529, #1127, #1683, .T. ) ;
#2345 = APPROVAL ( #971, 'UNSPECIFIED' ) ;
#2346 = DIRECTION ( 'NONE',  ( -0.0000000000000000000, -0.0000000000000000000, 1.000000000000000000 ) ) ;
#2347 = CARTESIAN_POINT ( 'NONE',  ( -0.2107518793877454200, 0.4534133366969922400, -0.04611656238533760900 ) ) ;
#2348 = CARTESIAN_POINT ( 'NONE',  ( -0.1411497147234121200, 0.4796631714375196900, -0.08486409176894474400 ) ) ;
#2349 = VERTEX_POINT ( 'NONE', #2153 ) ;
#2350 = CARTESIAN_POINT ( 'NONE',  ( 0.07134769745037265700, 0.4948840530977896000, -0.05336958532652633100 ) ) ;
#2351 = DIRECTION ( 'NONE',  ( -0.0000000000000000000, -0.0000000000000000000, 1.000000000000000000 ) ) ;
#2352 = AXIS2_PLACEMENT_3D ( 'NONE', #1702, #327, #1945 ) ;
#2353 = CARTESIAN_POINT ( 'NONE',  ( 0.1168638512294701800, 0.4861531766915469500, -0.03975658507588088200 ) ) ;
#2354 = EDGE_LOOP ( 'NONE', ( #404, #1679, #1212, #2198, #2877, #2341, #2648, #2489, #462, #213, #1699, #2928, #2660, #1738, #1220, #1754 ) ) ;
#2355 = DIRECTION ( 'NONE',  ( -0.0000000000000000000, -0.0000000000000000000, 1.000000000000000000 ) ) ;
#2356 = CARTESIAN_POINT ( 'NONE',  ( 0.009084902827492011300, 0.4999174577273881600, -0.06896463689311191400 ) ) ;
#2357 = CARTESIAN_POINT ( 'NONE',  ( 0.04708453811548984200, 0.4977781115246686600, -0.07405585917719928500 ) ) ;
#2358 = CARTESIAN_POINT ( 'NONE',  ( 0.1455017623546051900, 0.4783609904159242800, -0.05006037432497139500 ) ) ;
#2359 = CARTESIAN_POINT ( 'NONE',  ( -0.1497185879841076700, 0.4770580676227332800, -0.07898744265771090500 ) ) ;
#2360 = PERSON_AND_ORGANIZATION_ROLE ( 'design_owner' ) ;
#2361 = CARTESIAN_POINT ( 'NONE',  ( 0.05676769801560435000, 0.4967672460969664300, -0.08010207790579645900 ) ) ;
#2362 = CARTESIAN_POINT ( 'NONE',  ( 0.1246080785232106800, 0.4842305194269716000, -0.04902722522341679300 ) ) ;
#2363 = EDGE_CURVE ( 'NONE', #1566, #2426, #341, .T. ) ;
#2364 = CARTESIAN_POINT ( 'NONE',  ( -0.09122738209286829200, 0.4916071243955703600, -0.04019419473684298500 ) ) ;
#2365 = ORIENTED_EDGE ( 'NONE', *, *, #1506, .T. ) ;
#2366 = CARTESIAN_POINT ( 'NONE',  ( -0.09443608285529925300, 0.4910008880050741300, -0.05851251671244130800 ) ) ;
#2367 = DIRECTION ( 'NONE',  ( -0.0000000000000000000, -0.0000000000000000000, 1.000000000000000000 ) ) ;
#2368 = AXIS2_PLACEMENT_3D ( 'NONE', #1841, #2367, #2900 ) ;
#2369 = CARTESIAN_POINT ( 'NONE',  ( -0.1519082513306433400, 0.4763653067621642600, -0.06713195056550504100 ) ) ;
#2370 = DATE_TIME_ROLE ( 'classification_date' ) ;
#2371 = ORIENTED_EDGE ( 'NONE', *, *, #632, .T. ) ;
#2372 = ORIENTED_EDGE ( 'NONE', *, *, #2975, .T. ) ;
#2373 = CARTESIAN_POINT ( 'NONE',  ( -0.2171576038476028300, 0.4503804781417235500, -0.03186590884950198100 ) ) ;
#2374 = FACE_BOUND ( 'NONE', #2119, .T. ) ;
#2375 = VERTEX_POINT ( 'NONE', #102 ) ;
#2376 = ORIENTED_EDGE ( 'NONE', *, *, #429, .F. ) ;
#2377 = CIRCLE ( 'NONE', #2410, 0.5000000000000000000 ) ;
#2378 = CARTESIAN_POINT ( 'NONE',  ( -0.06229388612014096600, 0.4961052941465876600, -0.03467044527338379600 ) ) ;
#2379 = DIRECTION ( 'NONE',  ( -0.0000000000000000000, -0.0000000000000000000, 1.000000000000000000 ) ) ;
#2380 = ORIENTED_EDGE ( 'NONE', *, *, #1399, .T. ) ;
#2381 = CARTESIAN_POINT ( 'NONE',  ( 0.1696371095274499500, 0.4703502872932816000, -0.04074374710661408900 ) ) ;
#2382 = CIRCLE ( 'NONE', #2368, 0.5000000000000000000 ) ;
#2383 = VERTEX_POINT ( 'NONE', #325 ) ;
#2384 = ORIENTED_EDGE ( 'NONE', *, *, #468, .T. ) ;
#2385 = CARTESIAN_POINT ( 'NONE',  ( -0.1508070850216420000, 0.4767150344590653200, -0.04793248096370218700 ) ) ;
#2386 = PRODUCT ( '20532-E0W', '20532-E0W', '', ( #729 ) ) ;
#2387 = ORIENTED_EDGE ( 'NONE', *, *, #1292, .T. ) ;
#2388 = ORIENTED_EDGE ( 'NONE', *, *, #197, .T. ) ;
#2389 = CARTESIAN_POINT ( 'NONE',  ( -0.04008413452029705600, 0.4983906722238676300, -0.04927959752303318100 ) ) ;
#2390 = EDGE_CURVE ( 'NONE', #235, #641, #1155, .T. ) ;
#2391 = LOCAL_TIME ( 14, 2, 4.000000000000000000, #15 ) ;
#2392 = DIRECTION ( 'NONE',  ( 0.0000000000000000000, 0.0000000000000000000, 1.000000000000000000 ) ) ;
#2393 = VERTEX_POINT ( 'NONE', #758 ) ;
#2394 = CARTESIAN_POINT ( 'NONE',  ( -0.1302194104504575100, 0.4827451761974792500, -0.06177202635404469000 ) ) ;
#2395 = CARTESIAN_POINT ( 'NONE',  ( 0.1766413251400476000, 0.4677583186662379600, -0.05540084098820487200 ) ) ;
#2396 = CARTESIAN_POINT ( 'NONE',  ( -0.1433735756417966500, 0.4790031735173875800, -0.03895856533969008200 ) ) ;
#2397 = ORIENTED_EDGE ( 'NONE', *, *, #2091, .F. ) ;
#2398 = VERTEX_POINT ( 'NONE', #799 ) ;
#2399 = CARTESIAN_POINT ( 'NONE',  ( 0.07673057802385692400, 0.4940773486205501900, -0.07531528740541136600 ) ) ;
#2400 = CARTESIAN_POINT ( 'NONE',  ( 0.2139262532695071500, 0.4519243110017934200, -0.04013419621198880500 ) ) ;
#2401 = ORIENTED_EDGE ( 'NONE', *, *, #577, .F. ) ;
#2402 = DIRECTION ( 'NONE',  ( -0.7071067811865453500, 8.659560562354907000E-017, 0.7071067811865496800 ) ) ;
#2403 = EDGE_CURVE ( 'NONE', #1695, #1637, #614, .T. ) ;
#2404 = ORIENTED_EDGE ( 'NONE', *, *, #1711, .F. ) ;
#2405 =( GEOMETRIC_REPRESENTATION_CONTEXT ( 3 ) GLOBAL_UNCERTAINTY_ASSIGNED_CONTEXT ( ( #785 ) ) GLOBAL_UNIT_ASSIGNED_CONTEXT ( ( #1192, #2819, #1415 ) ) REPRESENTATION_CONTEXT ( 'NONE', 'WORKASPACE' ) );
#2406 = VERTEX_POINT ( 'NONE', #2684 ) ;
#2407 = CARTESIAN_POINT ( 'NONE',  ( 0.06863035607530472400, 0.4952675078493216600, -0.08464824858102001900 ) ) ;
#2408 = CARTESIAN_POINT ( 'NONE',  ( 0.1765208809153303300, 0.4678037863124431300, -0.06799680779411697300 ) ) ;
#2409 = CARTESIAN_POINT ( 'NONE',  ( 0.2172428476248098300, 0.4503393666512662800, -0.04958717626319066700 ) ) ;
#2411 = ORIENTED_EDGE ( 'NONE', *, *, #657, .F. ) ;
#2410 = AXIS2_PLACEMENT_3D ( 'NONE', #188, #1798, #412 ) ;
#2412 = CARTESIAN_POINT ( 'NONE',  ( 0.0000000000000000000, 0.0000000000000000000, -0.06593616929771518900 ) ) ;
#2413 = LINE ( 'NONE', #2786, #1018 ) ;
#2414 = ORIENTED_EDGE ( 'NONE', *, *, #1090, .F. ) ;
#2415 = CARTESIAN_POINT ( 'NONE',  ( -0.1300908917911073600, 0.4827798842021273600, -0.08773621549995169700 ) ) ;
#2416 = CARTESIAN_POINT ( 'NONE',  ( 0.1077021431846041500, 0.4882626643008179400, -0.06091930744015333600 ) ) ;
#2417 = B_SPLINE_CURVE_WITH_KNOTS ( 'NONE', 3,
 ( #8, #228, #1837, #452, #2070, #678, #2299, #899, #2554, #1145, #2770, #1373, #16, #1595, #237, #1846, #463, #2076, #683, #2313 ),
 .UNSPECIFIED., .F., .F.,
 ( 4, 1, 2, 2, 2, 2, 2, 1, 2, 2, 4 ),
 ( 0.0000000000000000000, 0.06250000000000008300, 0.09374999999999887600, 0.1249999999999976700, 0.2499999999999964500, 0.4999999999999910600, 0.7499999999999856800, 0.8124999999999839000, 0.8437499999999847900, 0.8749999999999856800, 1.000000000000000000 ),
 .UNSPECIFIED. ) ;
#2418 = FACE_OUTER_BOUND ( 'NONE', #1776, .T. ) ;
#2419 = CARTESIAN_POINT ( 'NONE',  ( 0.1294882723780563800, 0.4829418053104807000, -0.04852248062418400300 ) ) ;
#2420 = ORIENTED_EDGE ( 'NONE', *, *, #480, .F. ) ;
#2421 = ORIENTED_EDGE ( 'NONE', *, *, #1630, .F. ) ;
#2422 = CARTESIAN_POINT ( 'NONE',  ( 0.1704504658316495500, 0.4700498575783549300, -0.08098835051734826200 ) ) ;
#2423 = CARTESIAN_POINT ( 'NONE',  ( -0.04817348691679828500, 0.4976740077219546400, -0.03897440863983248800 ) ) ;
#2424 = CARTESIAN_POINT ( 'NONE',  ( -0.1302666406802989700, 0.4827324366990332600, -0.06527230411570411600 ) ) ;
#2425 = VERTEX_POINT ( 'NONE', #1700 ) ;
#2426 = VERTEX_POINT ( 'NONE', #2466 ) ;
#2427 = B_SPLINE_CURVE_WITH_KNOTS ( 'NONE', 3,
 ( #2969, #1500, #1723, #796 ),
 .UNSPECIFIED., .F., .F.,
 ( 4, 4 ),
 ( 0.0000000000000000000, 1.000000000000000000 ),
 .UNSPECIFIED. ) ;
#2428 = ORIENTED_EDGE ( 'NONE', *, *, #2390, .F. ) ;
#2429 = CARTESIAN_POINT ( 'NONE',  ( 0.0000000000000000000, 6.416648016937802900E-016, -5.279133858267716300 ) ) ;
#2430 = DIRECTION ( 'NONE',  ( 1.000000000000000000, 0.0000000000000000000, 0.0000000000000000000 ) ) ;
#2431 = CARTESIAN_POINT ( 'NONE',  ( 0.1015951404521038400, 0.4895697485061481500, -0.05258836744429518800 ) ) ;
#2432 = ORIENTED_EDGE ( 'NONE', *, *, #2140, .T. ) ;
#2433 = CARTESIAN_POINT ( 'NONE',  ( 0.1201066472904899100, 0.4853603811322706500, -0.03359247929186352800 ) ) ;
#2434 = EDGE_CURVE ( 'NONE', #700, #1961, #2675, .T. ) ;
#2435 = DIRECTION ( 'NONE',  ( -0.0000000000000000000, -0.0000000000000000000, 1.000000000000000000 ) ) ;
#2436 = CARTESIAN_POINT ( 'NONE',  ( -0.04011671383191270400, 0.4983880519631320200, -0.04834705504042667600 ) ) ;
#2437 = CARTESIAN_POINT ( 'NONE',  ( -0.1317112167159434900, 0.4823403261586982600, -0.07675161398389743200 ) ) ;
#2438 = CARTESIAN_POINT ( 'NONE',  ( -0.06917777806999678100, 0.4951913286427430700, -0.05129493050425260700 ) ) ;
#2439 = DIRECTION ( 'NONE',  ( 0.0000000000000000000, 1.000000000000000000, 0.0000000000000000000 ) ) ;
#2440 = CARTESIAN_POINT ( 'NONE',  ( -0.03514058056406323800, 0.4987645387700212500, -0.03945410603935530600 ) ) ;
#2441 = ORIENTED_EDGE ( 'NONE', *, *, #675, .F. ) ;
#2442 = CARTESIAN_POINT ( 'NONE',  ( 0.06694794500514933400, 0.4954981974337432400, -0.09166389065212098000 ) ) ;
#2443 = CARTESIAN_POINT ( 'NONE',  ( -0.09932850093370998400, 0.4900350799534060600, -0.05157004120423471600 ) ) ;
#2444 = CARTESIAN_POINT ( 'NONE',  ( -0.1392253478106621500, 0.4802253102257094700, -0.08466402378564363800 ) ) ;
#2445 = ORIENTED_EDGE ( 'NONE', *, *, #307, .F. ) ;
#2446 = ADVANCED_FACE ( 'NONE', ( #274 ), #208, .T. ) ;
#2447 = ORIENTED_EDGE ( 'NONE', *, *, #1157, .T. ) ;
#2448 = CARTESIAN_POINT ( 'NONE',  ( 0.0000000000000000000, 0.0000000000000000000, -0.01143903361101887400 ) ) ;
#2449 = CARTESIAN_POINT ( 'NONE',  ( -0.04994325400659789500, 0.4975015534135908700, -0.03189610677602385000 ) ) ;
#2450 = CARTESIAN_POINT ( 'NONE',  ( 0.1093753394605396500, 0.4878903925246855200, -0.07239532284102227800 ) ) ;
#2451 = EDGE_CURVE ( 'NONE', #1150, #315, #798, .T. ) ;
#2452 = CARTESIAN_POINT ( 'NONE',  ( 0.1392798954910298400, 0.4802097438253192200, -0.04336508750284077300 ) ) ;
#2453 = CIRCLE ( 'NONE', #1351, 0.5000000000000000000 ) ;
#2454 = CARTESIAN_POINT ( 'NONE',  ( 0.08170067959416856000, 0.4932802938310857900, -0.08370287251892399900 ) ) ;
#2455 = ORIENTED_EDGE ( 'NONE', *, *, #1117, .T. ) ;
#2456 = VERTEX_POINT ( 'NONE', #1991 ) ;
#2457 = CARTESIAN_POINT ( 'NONE',  ( -0.1136556875882874800, 0.4869114237431299000, -0.06129967331561311800 ) ) ;
#2458 = AXIS2_PLACEMENT_3D ( 'NONE', #1355, #219, #1826 ) ;
#2459 = CARTESIAN_POINT ( 'NONE',  ( 0.1844882310930021600, 0.4647193708505019700, -0.05552238873921522300 ) ) ;
#2460 = CIRCLE ( 'NONE', #1937, 0.5000000000000000000 ) ;
#2461 = ORIENTED_EDGE ( 'NONE', *, *, #2403, .T. ) ;
#2462 = CARTESIAN_POINT ( 'NONE',  ( -0.06940486254636590900, 0.4951595352088465900, -0.04895210781976611100 ) ) ;
#2463 = CARTESIAN_POINT ( 'NONE',  ( 0.06520849476446692600, 0.4957297614800515500, -0.05158862378186600300 ) ) ;
#2464 = CARTESIAN_POINT ( 'NONE',  ( -0.05285146742288093800, 0.4971989790073334500, -0.07265448565445316300 ) ) ;
#2465 = CARTESIAN_POINT ( 'NONE',  ( 0.1052558274715244000, 0.4887978283042137600, -0.06873879036891139500 ) ) ;
#2466 = CARTESIAN_POINT ( 'NONE',  ( 0.2021553294644830000, 0.4573108601040503100, -0.07275022138735783000 ) ) ;
#2467 = ORIENTED_EDGE ( 'NONE', *, *, #1251, .T. ) ;
#2468 = CARTESIAN_POINT ( 'NONE',  ( -0.1410702712988623200, 0.4796865419788899900, -0.03867996093914462900 ) ) ;
#2469 = CARTESIAN_POINT ( 'NONE',  ( 0.1689192957561653500, 0.4706028205202174600, -0.03289218871534931000 ) ) ;
#2470 = EDGE_LOOP ( 'NONE', ( #71, #2634, #310, #472, #2865, #1444, #979, #1262 ) ) ;
#2471 = CALENDAR_DATE ( 2016, 30, 9 ) ;
#2472 = CARTESIAN_POINT ( 'NONE',  ( 0.06343212919009493000, 0.4959600742070568400, -0.09151274204896640800 ) ) ;
#2473 = EDGE_CURVE ( 'NONE', #2683, #1814, #1419, .T. ) ;
#2474 = B_SPLINE_CURVE_WITH_KNOTS ( 'NONE', 3,
 ( #1281, #1238, #2208, #818 ),
 .UNSPECIFIED., .F., .F.,
 ( 4, 4 ),
 ( 0.0000000000000000000, 1.000000000000000000 ),
 .UNSPECIFIED. ) ;
#2475 = CARTESIAN_POINT ( 'NONE',  ( -0.1058401685100710800, 0.4886697525553577200, -0.08010207790588519400 ) ) ;
#2476 = ORIENTED_EDGE ( 'NONE', *, *, #2196, .T. ) ;
#2477 = DIRECTION ( 'NONE',  ( -0.0000000000000000000, -0.0000000000000000000, 1.000000000000000000 ) ) ;
#2478 = AXIS2_PLACEMENT_3D ( 'NONE', #2276, #881, #2534 ) ;
#2479 = CARTESIAN_POINT ( 'NONE',  ( -0.1416816409593034400, 0.4795066423543613600, -0.03188195332286068000 ) ) ;
#2480 = CARTESIAN_POINT ( 'NONE',  ( -0.1592023064511586000, 0.4739774526500510300, -0.06179568625713372000 ) ) ;
#2481 = CARTESIAN_POINT ( 'NONE',  ( 0.08439118520106565800, 0.4928266712144944700, -0.07502157208390537700 ) ) ;
#2482 = ADVANCED_FACE ( 'NONE', ( #2611 ), #2536, .T. ) ;
#2483 = CARTESIAN_POINT ( 'NONE',  ( -0.05124131768461043900, 0.4973675665423871200, -0.07399287067376861300 ) ) ;
#2484 = VERTEX_POINT ( 'NONE', #2916 ) ;
#2485 = CARTESIAN_POINT ( 'NONE',  ( -0.2242377927008958900, 0.4468975411933142600, -0.07275022138735783000 ) ) ;
#2486 = CARTESIAN_POINT ( 'NONE',  ( 0.1112664422211426900, 0.4874627654721950300, -0.07399287067417700800 ) ) ;
#2487 = CARTESIAN_POINT ( 'NONE',  ( -0.1527641855379915600, 0.4760915691511780600, -0.03652207711482598900 ) ) ;
#2488 = CARTESIAN_POINT ( 'NONE',  ( -0.1579011610617463700, 0.4744128504128064000, -0.07629410356723755100 ) ) ;
#2489 = ORIENTED_EDGE ( 'NONE', *, *, #1930, .F. ) ;
#2490 = CARTESIAN_POINT ( 'NONE',  ( 0.1520352477420244500, 0.4763258304922065000, -0.03989180447839238400 ) ) ;
#2491 = VERTEX_POINT ( 'NONE', #155 ) ;
#2492 = CARTESIAN_POINT ( 'NONE',  ( -0.04632456062323294500, 0.4978498870560886800, -0.07814928486638610100 ) ) ;
#2493 = DESIGN_CONTEXT ( 'detailed design', #964, 'design' ) ;
#2494 = VECTOR ( 'NONE', #1897, 39.37007874015748100 ) ;
#2495 = EDGE_LOOP ( 'NONE', ( #1247, #2581, #1209, #173 ) ) ;
#2496 = EDGE_CURVE ( 'NONE', #171, #1960, #127, .T. ) ;
#2497 = CARTESIAN_POINT ( 'NONE',  ( 0.05978733172616938800, 0.4964148967422011300, -0.05967667523448769900 ) ) ;
#2498 = CARTESIAN_POINT ( 'NONE',  ( 0.1524391500258579500, 0.4761975358905936600, -0.09087406080922678900 ) ) ;
#2499 = CARTESIAN_POINT ( 'NONE',  ( 0.1160775007483268700, 0.4863398901783797000, -0.07814928486678475400 ) ) ;
#2500 = CIRCLE ( 'NONE', #1992, 0.5000000000000000000 ) ;
#2501 = CARTESIAN_POINT ( 'NONE',  ( -0.1586004569295748300, 0.4741791814432367900, -0.05136992954918532400 ) ) ;
#2502 = ORIENTED_EDGE ( 'NONE', *, *, #362, .T. ) ;
#2503 = CARTESIAN_POINT ( 'NONE',  ( -0.1466824957680003000, 0.4780009477944605600, -0.09089688832434827900 ) ) ;
#2504 = EDGE_LOOP ( 'NONE', ( #1144, #2043, #372, #1468, #2387 ) ) ;
#2505 = CARTESIAN_POINT ( 'NONE',  ( -0.06937333845409191000, 0.4951639528126566800, -0.04958150170725391500 ) ) ;
#2506 = CARTESIAN_POINT ( 'NONE',  ( 0.03302881650745640600, 0.4989079046077710700, -0.06896463689311192700 ) ) ;
#2507 = CARTESIAN_POINT ( 'NONE',  ( 0.1093753394605396500, 0.4878903925246855200, -0.07239532284102227800 ) ) ;
#2508 = ORIENTED_EDGE ( 'NONE', *, *, #833, .F. ) ;
#2509 = B_SPLINE_CURVE_WITH_KNOTS ( 'NONE', 3,
 ( #36, #1393, #1617, #260 ),
 .UNSPECIFIED., .F., .F.,
 ( 4, 4 ),
 ( 0.0000000000000000000, 1.000000000000000000 ),
 .UNSPECIFIED. ) ;
#2510 = CARTESIAN_POINT ( 'NONE',  ( -0.06190539762572977400, 0.4961529220946571700, -0.04749154025400427500 ) ) ;
#2511 = CARTESIAN_POINT ( 'NONE',  ( -0.08993117767194973300, 0.4918459253619423800, -0.05429047796350863800 ) ) ;
#2512 = CARTESIAN_POINT ( 'NONE',  ( -0.1237317379419241300, 0.4844486782335030200, -0.04989968532463481800 ) ) ;
#2513 = CARTESIAN_POINT ( 'NONE',  ( -0.1330491693830859500, 0.4819729807921149800, -0.04356023482938734000 ) ) ;
#2514 = CARTESIAN_POINT ( 'NONE',  ( 0.0000000000000000000, -5.376214744674539800E-016, 4.350787401574804000 ) ) ;
#2515 = EDGE_CURVE ( 'NONE', #2398, #2297, #733, .T. ) ;
#2516 = CC_DESIGN_APPROVAL ( #2345, ( #1878 ) ) ;
#2517 = CARTESIAN_POINT ( 'NONE',  ( 0.05843309623909907100, 0.4965750298341185000, -0.06058300284283682500 ) ) ;
#2518 = CARTESIAN_POINT ( 'NONE',  ( 0.1151136307115914100, 0.4865685783706258900, -0.03917377488608579000 ) ) ;
#2519 = CARTESIAN_POINT ( 'NONE',  ( -0.05369634318000547600, 0.4971091929845047900, -0.06208842082830912800 ) ) ;
#2520 = AXIS2_PLACEMENT_3D ( 'NONE', #2637, #988, #2144 ) ;
#2521 = CARTESIAN_POINT ( 'NONE',  ( 0.001514231483037283100, 0.4999977070977583100, -0.07653580588160374700 ) ) ;
#2522 = CARTESIAN_POINT ( 'NONE',  ( -0.05736875736629345300, 0.4966985353672167000, -0.04017144362259731500 ) ) ;
#2523 = CARTESIAN_POINT ( 'NONE',  ( -0.1081629420542428300, 0.4881606067332455700, -0.07111768807421428600 ) ) ;
#2524 = CARTESIAN_POINT ( 'NONE',  ( -0.1367707588649254000, 0.4809302724912200600, -0.03234759238621703900 ) ) ;
#2525 = CARTESIAN_POINT ( 'NONE',  ( -0.1272194384331814300, 0.4835444420658248600, -0.08405176105370244800 ) ) ;
#2526 = CARTESIAN_POINT ( 'NONE',  ( -0.1306562027309004500, 0.4826271517443281300, -0.05280690126402726900 ) ) ;
#2527 = B_SPLINE_CURVE_WITH_KNOTS ( 'NONE', 3,
 ( #826, #2000, #658, #863 ),
 .UNSPECIFIED., .F., .F.,
 ( 4, 4 ),
 ( 0.0000000000000000000, 1.000000000000000000 ),
 .UNSPECIFIED. ) ;
#2528 = CARTESIAN_POINT ( 'NONE',  ( 0.1274304192222389400, 0.4834889217428559000, -0.08107020194925590500 ) ) ;
#2529 = VERTEX_POINT ( 'NONE', #2231 ) ;
#2530 = CARTESIAN_POINT ( 'NONE',  ( 0.1218651821283343900, 0.4849215181490539900, -0.04640713534045567300 ) ) ;
#2531 = CARTESIAN_POINT ( 'NONE',  ( -0.06060923765333597200, 0.4963132339143827600, -0.05362270324572418500 ) ) ;
#2532 = ORIENTED_EDGE ( 'NONE', *, *, #34, .F. ) ;
#2533 = CARTESIAN_POINT ( 'NONE',  ( 0.1094971637266994000, 0.4878636226922841200, -0.03191372596883539100 ) ) ;
#2534 = DIRECTION ( 'NONE',  ( 0.0000000000000000000, 1.000000000000000000, 1.381305580180739800E-016 ) ) ;
#2535 = CARTESIAN_POINT ( 'NONE',  ( -0.09656069965549335400, 0.4905874349002852200, -0.05836500030922335500 ) ) ;
#2536 = CYLINDRICAL_SURFACE ( 'NONE', #1655, 0.5000000000000000000 ) ;
#2537 = CARTESIAN_POINT ( 'NONE',  ( 0.0000000000000000000, 0.0000000000000000000, -0.1113479021982212200 ) ) ;
#2538 = EDGE_CURVE ( 'NONE', #487, #2932, #89, .T. ) ;
#2539 = CARTESIAN_POINT ( 'NONE',  ( -0.1237369672462907400, 0.4844473136979348700, -0.07337508767436329300 ) ) ;
#2540 = CIRCLE ( 'NONE', #1310, 0.5000000000000000000 ) ;
#2541 = AXIS2_PLACEMENT_3D ( 'NONE', #1047, #574, #2782 ) ;
#2542 = ORIENTED_EDGE ( 'NONE', *, *, #1140, .F. ) ;
#2543 = CARTESIAN_POINT ( 'NONE',  ( 0.1379510336320386400, 0.4805929193863962000, -0.04682991691586842200 ) ) ;
#2544 = CARTESIAN_POINT ( 'NONE',  ( 0.09554827856160333400, 0.4907864583415751900, -0.03946874558480092900 ) ) ;
#2545 = CARTESIAN_POINT ( 'NONE',  ( 0.0000000000000000000, 0.0000000000000000000, -0.01143903361101887400 ) ) ;
#2546 = CARTESIAN_POINT ( 'NONE',  ( 0.0000000000000000000, 0.0000000000000000000, -0.04019419473684298500 ) ) ;
#2547 = ORIENTED_EDGE ( 'NONE', *, *, #34, .T. ) ;
#2548 = CARTESIAN_POINT ( 'NONE',  ( -0.08243129947435312600, 0.4931587271814226700, -0.08554253858347621300 ) ) ;
#2549 = DIRECTION ( 'NONE',  ( 0.0000000000000000000, 0.0000000000000000000, 1.000000000000000000 ) ) ;
#2550 = CARTESIAN_POINT ( 'NONE',  ( 0.09338770349913616500, 0.4912013203244452500, -0.04958150170728563300 ) ) ;
#2551 = DATE_AND_TIME ( #143, #747 ) ;
#2552 = EDGE_LOOP ( 'NONE', ( #1757, #294, #1870, #2372 ) ) ;
#2553 = ORIENTED_EDGE ( 'NONE', *, *, #1048, .T. ) ;
#2554 = CARTESIAN_POINT ( 'NONE',  ( -0.08744604322144190800, 0.4922940944716335300, -0.07968867571954006700 ) ) ;
#2555 = DIRECTION ( 'NONE',  ( -0.0000000000000000000, -0.0000000000000000000, 1.000000000000000000 ) ) ;
#2556 = CARTESIAN_POINT ( 'NONE',  ( -0.06941838678461713400, 0.4951576392484629000, -0.04858570025787892900 ) ) ;
#2557 = CARTESIAN_POINT ( 'NONE',  ( 0.1604925267702522500, 0.4735425391837419500, -0.09164991605721821400 ) ) ;
#2558 = EDGE_CURVE ( 'NONE', #2256, #314, #2571, .T. ) ;
#2559 = CARTESIAN_POINT ( 'NONE',  ( 0.09523981858638877500, 0.4908457678455461200, -0.05655666435413300000 ) ) ;
#2560 = DIRECTION ( 'NONE',  ( -0.0000000000000000000, -0.0000000000000000000, 1.000000000000000000 ) ) ;
#2561 = CARTESIAN_POINT ( 'NONE',  ( 0.1008452221844203700, 0.4897246730778627700, -0.04681565060418065700 ) ) ;
#2562 = EDGE_LOOP ( 'NONE', ( #1872, #1318, #278, #2647, #29, #338, #2104, #330, #916, #537, #1916, #2088, #2380, #492, #2796, #2205 ) ) ;
#2563 = VERTEX_POINT ( 'NONE', #2485 ) ;
#2564 = DIRECTION ( 'NONE',  ( 1.000000000000000000, 0.0000000000000000000, 0.0000000000000000000 ) ) ;
#2565 = ORIENTED_EDGE ( 'NONE', *, *, #725, .F. ) ;
#2566 = CARTESIAN_POINT ( 'NONE',  ( -0.06936337711593512600, 0.4951653488788336800, -0.04976056852983214800 ) ) ;
#2567 = CARTESIAN_POINT ( 'NONE',  ( 0.1763964455872621400, 0.4678516076189201400, -0.08548829253270526200 ) ) ;
#2568 = CARTESIAN_POINT ( 'NONE',  ( -0.03349349329087904200, 0.4988769323487798300, -0.08330506930435359300 ) ) ;
#2569 = CARTESIAN_POINT ( 'NONE',  ( -0.03505140267310357500, 0.4987762708353408200, -0.04877485292380039800 ) ) ;
#2570 = ORIENTED_EDGE ( 'NONE', *, *, #2515, .F. ) ;
#2571 = B_SPLINE_CURVE_WITH_KNOTS ( 'NONE', 3,
 ( #1790, #405, #636, #2252 ),
 .UNSPECIFIED., .F., .F.,
 ( 4, 4 ),
 ( 0.0000000000000000000, 1.000000000000000000 ),
 .UNSPECIFIED. ) ;
#2572 = ORIENTED_EDGE ( 'NONE', *, *, #2031, .F. ) ;
#2573 = B_SPLINE_CURVE_WITH_KNOTS ( 'NONE', 3,
 ( #458, #901, #2557, #1151, #2776, #1376, #19, #1601, #242, #1849, #467, #2082, #687, #2316, #911, #2567, #1160, #2788, #1384, #27, #1611, #252, #1856, #474, #2094, #699, #2323, #924, #2584, #1170, #2797, #1395, #38, #1618, #261, #1867 ),
 .UNSPECIFIED., .F., .F.,
 ( 4, 1, 2, 2, 2, 2, 2, 2, 1, 2, 2, 2, 1, 2, 2, 2, 1, 2, 2, 4 ),
 ( 0.0000000000000000000, 0.03124999999999617700, 0.04687499999999460800, 0.06249999999999304700, 0.1249999999999909800, 0.1874999999999889300, 0.2499999999999869000, 0.3749999999999814000, 0.4374999999999793500, 0.4687499999999786800, 0.4999999999999780200, 0.6249999999999842300, 0.6874999999999876800, 0.7187499999999892300, 0.7499999999999906700, 0.8749999999999948900, 0.9062499999999957800, 0.9218749999999962300, 0.9374999999999966700, 1.000000000000000000 ),
 .UNSPECIFIED. ) ;
#2574 = CARTESIAN_POINT ( 'NONE',  ( 0.1071344164012497900, 0.4883874394556825800, -0.03932915797703767000 ) ) ;
#2575 = CIRCLE ( 'NONE', #1095, 0.5000000000000000000 ) ;
#2576 = VERTEX_POINT ( 'NONE', #857 ) ;
#2577 = CARTESIAN_POINT ( 'NONE',  ( 0.1443147664492846200, 0.4787205064060855400, -0.07129104426689437900 ) ) ;
#2578 = VECTOR ( 'NONE', #52, 39.37007874015748100 ) ;
#2579 = CARTESIAN_POINT ( 'NONE',  ( 0.06763048771668685200, 0.4954054134207210900, -0.05843292549538852500 ) ) ;
#2580 = EDGE_CURVE ( 'NONE', #2879, #976, #2007, .T. ) ;
#2581 = ORIENTED_EDGE ( 'NONE', *, *, #712, .T. ) ;
#2582 = CARTESIAN_POINT ( 'NONE',  ( -0.2262397186438045400, 0.4458930437118785500, -0.07880715657815128000 ) ) ;
#2583 = CARTESIAN_POINT ( 'NONE',  ( -0.06891995198437971000, 0.4952272782875935500, -0.05255236731526041800 ) ) ;
#2584 = CARTESIAN_POINT ( 'NONE',  ( 0.1844925652110596400, 0.4647176545118152900, -0.06626218810425239800 ) ) ;
#2585 = CARTESIAN_POINT ( 'NONE',  ( -0.04614204479947459800, 0.4978663592789969700, -0.06883450742612222400 ) ) ;
#2586 = ORIENTED_EDGE ( 'NONE', *, *, #54, .F. ) ;
#2587 = AXIS2_PLACEMENT_3D ( 'NONE', #1469, #108, #1707 ) ;
#2588 = CARTESIAN_POINT ( 'NONE',  ( 0.1375140929753827500, 0.4807180818662408200, -0.04827405164174911100 ) ) ;
#2589 = VERTEX_POINT ( 'NONE', #1802 ) ;
#2590 = CARTESIAN_POINT ( 'NONE',  ( -0.1087978704939946100, 0.4880198242726974100, -0.08715776192606322600 ) ) ;
#2591 = DIRECTION ( 'NONE',  ( 1.000000000000000000, 0.0000000000000000000, 0.0000000000000000000 ) ) ;
#2592 = CARTESIAN_POINT ( 'NONE',  ( 0.09933334715703420700, 0.4900339613538540800, -0.06271734379674942500 ) ) ;
#2593 = DIRECTION ( 'NONE',  ( -1.000000000000000000, 1.224646799147353200E-016, 0.0000000000000000000 ) ) ;
#2594 = CARTESIAN_POINT ( 'NONE',  ( -0.004542638897484199700, 0.4999793640060027400, -0.07350733828620700800 ) ) ;
#2595 = CARTESIAN_POINT ( 'NONE',  ( -0.1133382857928456900, 0.4869851067222052400, -0.08092428426521576500 ) ) ;
#2596 = VERTEX_POINT ( 'NONE', #418 ) ;
#2597 = DIRECTION ( 'NONE',  ( 0.7071067811865453500, 0.0000000000000000000, 0.7071067811865496800 ) ) ;
#2598 = EDGE_CURVE ( 'NONE', #2185, #215, #1459, .T. ) ;
#2599 = VERTEX_POINT ( 'NONE', #192 ) ;
#2600 = CARTESIAN_POINT ( 'NONE',  ( 0.1360576254545840800, 0.4811323337249951400, -0.07201676439159769600 ) ) ;
#2601 = CARTESIAN_POINT ( 'NONE',  ( 0.0000000000000000000, 0.0000000000000000000, 17.96062992125984100 ) ) ;
#2602 = CARTESIAN_POINT ( 'NONE',  ( -0.2171576038476028300, 0.4503804781417235500, -0.03186590884950198100 ) ) ;
#2603 = CARTESIAN_POINT ( 'NONE',  ( -0.2104758676677464800, 0.4535415235282190300, -0.04681656915346417400 ) ) ;
#2604 = EDGE_CURVE ( 'NONE', #1632, #2185, #920, .T. ) ;
#2605 = CARTESIAN_POINT ( 'NONE',  ( -0.1418468738785896300, 0.4794575615762773400, -0.08482875055455156600 ) ) ;
#2606 = EDGE_LOOP ( 'NONE', ( #1921, #801, #1925, #1623, #2748, #576, #948, #1883, #1219, #743, #1547, #1799, #2911 ) ) ;
#2607 = DIRECTION ( 'NONE',  ( -0.0000000000000000000, -0.0000000000000000000, 1.000000000000000000 ) ) ;
#2608 = B_SPLINE_CURVE_WITH_KNOTS ( 'NONE', 3,
 ( #2003, #2233, #839, #2486, #1074, #2717, #1311, #2925, #1531, #166, #1779, #396, #2017, #625, #2245, #850, #2499, #1084, #2728, #1323, #2938, #1538, #183, #1791 ),
 .UNSPECIFIED., .F., .F.,
 ( 4, 1, 1, 2, 2, 2, 1, 1, 1, 2, 2, 1, 2, 2, 4 ),
 ( 0.0000000000000000000, 0.1249999999999443200, 0.1874999999999142100, 0.2187499999998982500, 0.2499999999998822600, 0.3749999999998178700, 0.4374999999997856700, 0.4687499999997696800, 0.4843749999997680700, 0.4921874999997723500, 0.4999999999997765700, 0.6249999999998330200, 0.6874999999998613300, 0.7499999999998895300, 1.000000000000000000 ),
 .UNSPECIFIED. ) ;
#2609 = CARTESIAN_POINT ( 'NONE',  ( 0.0000000000000000000, -1.582409247339423600E-017, 0.08984770968632194200 ) ) ;
#2610 = CARTESIAN_POINT ( 'NONE',  ( 0.04758017701582682700, 0.4977311193345019300, -0.07679601853673805000 ) ) ;
#2611 = FACE_OUTER_BOUND ( 'NONE', #601, .T. ) ;
#2612 = CARTESIAN_POINT ( 'NONE',  ( -0.1503828346895349500, 0.4768490541195024600, -0.07721078631647901300 ) ) ;
#2613 = APPLICATION_PROTOCOL_DEFINITION ( 'international standard', 'config_control_design', 1994, #964 ) ;
#2614 = FACE_OUTER_BOUND ( 'NONE', #764, .T. ) ;
#2615 = CARTESIAN_POINT ( 'NONE',  ( 0.1270506496983151700, 0.4835953903719486500, -0.04877485292380039800 ) ) ;
#2616 = EDGE_LOOP ( 'NONE', ( #1795, #382, #2565, #533, #2376, #2532, #1261, #892, #2701, #1642, #1905, #1436, #2445, #635, #2679, #2837 ) ) ;
#2617 = CARTESIAN_POINT ( 'NONE',  ( 0.2172428476248098300, 0.4503393666512662800, -0.04958717626319066700 ) ) ;
#2618 = EDGE_CURVE ( 'NONE', #2319, #2784, #394, .T. ) ;
#2619 = CARTESIAN_POINT ( 'NONE',  ( -0.09389439633261732800, 0.4911047818623255300, -0.05859076811014513100 ) ) ;
#2620 = CARTESIAN_POINT ( 'NONE',  ( 6.123233995736767300E-017, 0.5000000000000001100, -0.005871263680416264800 ) ) ;
#2621 = CARTESIAN_POINT ( 'NONE',  ( -0.1520072025094221200, 0.4763337174557975000, -0.06177202635404469000 ) ) ;
#2622 = APPROVAL_ROLE ( '' ) ;
#2623 = AXIS2_PLACEMENT_3D ( 'NONE', #257, #1863, #478 ) ;
#2624 = CARTESIAN_POINT ( 'NONE',  ( -0.06927854827522815500, 0.4951772268691020400, -0.05064615416127123100 ) ) ;
#2625 = PERSON_AND_ORGANIZATION ( #1231, #2935 ) ;
#2626 = CARTESIAN_POINT ( 'NONE',  ( -0.1520072025094221200, 0.4763337174557975000, -0.06177202635404469000 ) ) ;
#2627 = CARTESIAN_POINT ( 'NONE',  ( -0.06583553570914856000, 0.4956500048538991000, -0.03762829090680257900 ) ) ;
#2629 = EDGE_LOOP ( 'NONE', ( #1171, #105, #2884 ) ) ;
#2628 = CARTESIAN_POINT ( 'NONE',  ( -0.1649321864524121700, 0.4720141670247056100, -0.07350733828620700800 ) ) ;
#2630 = CARTESIAN_POINT ( 'NONE',  ( 0.1735732230826478900, 0.4689056274314886700, -0.04550827935841897400 ) ) ;
#2631 = CARTESIAN_POINT ( 'NONE',  ( 0.1219372148729237500, 0.4849034099778941600, -0.04675815129121610500 ) ) ;
#2632 = CARTESIAN_POINT ( 'NONE',  ( -0.1507292747761397000, 0.4767396435477192500, -0.04761111555847507400 ) ) ;
#2633 = EDGE_CURVE ( 'NONE', #2015, #592, #2859, .T. ) ;
#2634 = ORIENTED_EDGE ( 'NONE', *, *, #1013, .T. ) ;
#2635 = CARTESIAN_POINT ( 'NONE',  ( -0.1155421523448528500, 0.4864668652966189200, -0.07066814991552257400 ) ) ;
#2636 = ORIENTED_EDGE ( 'NONE', *, *, #1892, .T. ) ;
#2637 = CARTESIAN_POINT ( 'NONE',  ( 0.0000000000000000000, 0.0000000000000000000, -0.03937007874015751400 ) ) ;
#2638 = AXIS2_PLACEMENT_3D ( 'NONE', #84, #1215, #2156 ) ;
#2639 = CARTESIAN_POINT ( 'NONE',  ( 0.1767836108592211700, 0.4677045603776617300, -0.05649741169484427000 ) ) ;
#2640 = CARTESIAN_POINT ( 'NONE',  ( -0.1428957507703443600, 0.4791459236202637000, -0.03885099626922740300 ) ) ;
#2641 = LINE ( 'NONE', #680, #1383 ) ;
#2642 = CARTESIAN_POINT ( 'NONE',  ( 0.07657047101934794100, 0.4941021796805258300, -0.07607664831929880600 ) ) ;
#2643 = CARTESIAN_POINT ( 'NONE',  ( 0.0000000000000000000, -0.5000000000000001100, -0.005871263680416386300 ) ) ;
#2644 = CARTESIAN_POINT ( 'NONE',  ( 0.2141770319112626700, 0.4518054911480374200, -0.04117105675051037400 ) ) ;
#2645 = CARTESIAN_POINT ( 'NONE',  ( 0.2226715353639885700, 0.4476800055158191600, -0.06593616929771518900 ) ) ;
#2646 = SPHERICAL_SURFACE ( 'NONE', #289, 4.390157480314961400 ) ;
#2647 = ORIENTED_EDGE ( 'NONE', *, *, #2880, .T. ) ;
#2648 = ORIENTED_EDGE ( 'NONE', *, *, #2860, .T. ) ;
#2649 = CARTESIAN_POINT ( 'NONE',  ( 0.1142700874552396700, 0.4867673468061790000, -0.03897440863983229300 ) ) ;
#2650 = VERTEX_POINT ( 'NONE', #1631 ) ;
#2651 = CARTESIAN_POINT ( 'NONE',  ( 0.06780017958801742900, 0.4953820450285693600, -0.08478449735817188100 ) ) ;
#2652 = EDGE_CURVE ( 'NONE', #2596, #1548, #2327, .T. ) ;
#2653 = CARTESIAN_POINT ( 'NONE',  ( 0.1763516584908419200, 0.4678676090781324600, -0.06898370937417701300 ) ) ;
#2654 = CARTESIAN_POINT ( 'NONE',  ( 0.0000000000000000000, 0.4944322300693974000, -0.01143903361101890700 ) ) ;
#2655 = DIRECTION ( 'NONE',  ( 0.4088932042145546100, 0.9125822415251978500, 0.0000000000000000000 ) ) ;
#2656 = CARTESIAN_POINT ( 'NONE',  ( -0.1293881773320663700, 0.4829687245151303400, -0.08705632984907381300 ) ) ;
#2657 = CARTESIAN_POINT ( 'NONE',  ( 0.1069368476130810900, 0.4884306668604105300, -0.06012047643640247600 ) ) ;
#2658 = B_SPLINE_CURVE_WITH_KNOTS ( 'NONE', 3,
 ( #2480, #608, #2710, #1304, #2919, #1524, #157, #1769, #387, #2005, #618, #2236, #842, #2488, #1077, #2719, #1313, #2929, #1533, #170, #1783, #400, #2020, #628, #2247, #852, #2503, #1086, #2730, #1325, #2941, #1540, #184, #1794, #408 ),
 .UNSPECIFIED., .F., .F.,
 ( 4, 1, 1, 2, 2, 1, 2, 2, 1, 1, 1, 2, 2, 2, 2, 2, 2, 1, 2, 2, 4 ),
 ( 0.0000000000000000000, 0.06249999999999743300, 0.09374999999999647500, 0.1093749999999960600, 0.1249999999999956400, 0.1874999999999937500, 0.2187499999999932600, 0.2499999999999927300, 0.3749999999999925600, 0.4374999999999925100, 0.4687499999999920600, 0.4843749999999920100, 0.4999999999999919000, 0.6249999999999938900, 0.7499999999999950000, 0.8124999999999972200, 0.8749999999999993300, 0.9062500000000012200, 0.9218750000000021100, 0.9375000000000030000, 1.000000000000000000 ),
 .UNSPECIFIED. ) ;
#2659 = CARTESIAN_POINT ( 'NONE',  ( 0.1688308325684634800, 0.4706338840377317100, -0.08218568168230730400 ) ) ;
#2660 = ORIENTED_EDGE ( 'NONE', *, *, #2829, .F. ) ;
#2661 = CARTESIAN_POINT ( 'NONE',  ( -0.04731080389492739500, 0.4977567852556431000, -0.03917377488608594200 ) ) ;
#2662 = VERTEX_POINT ( 'NONE', #720 ) ;
#2663 = CARTESIAN_POINT ( 'NONE',  ( -0.1304038902200943300, 0.4826953758865042400, -0.06813434326012596200 ) ) ;
#2664 = DIRECTION ( 'NONE',  ( -0.0000000000000000000, -0.0000000000000000000, 1.000000000000000000 ) ) ;
#2665 = CARTESIAN_POINT ( 'NONE',  ( 0.1215804870812909200, 0.4849929919908829200, -0.04535717515184215000 ) ) ;
#2666 = CARTESIAN_POINT ( 'NONE',  ( 0.1007896212934533100, 0.4897361056949471300, -0.04946975771852570700 ) ) ;
#2667 = EDGE_CURVE ( 'NONE', #97, #1024, #1784, .T. ) ;
#2668 = EDGE_LOOP ( 'NONE', ( #1726, #1128, #2768, #2273 ) ) ;
#2669 = CC_DESIGN_SECURITY_CLASSIFICATION ( #1878, ( #1092 ) ) ;
#2670 = ORIENTED_EDGE ( 'NONE', *, *, #201, .F. ) ;
#2671 = CARTESIAN_POINT ( 'NONE',  ( 0.1184219747246120500, 0.4857741483411889300, -0.03293482005306150300 ) ) ;
#2672 = AXIS2_PLACEMENT_3D ( 'NONE', #1887, #505, #2116 ) ;
#2673 = CARTESIAN_POINT ( 'NONE',  ( -0.1323108963708941300, 0.4821761829193886900, -0.07849530705369452100 ) ) ;
#2674 = EDGE_LOOP ( 'NONE', ( #2705, #1417, #1677, #1452 ) ) ;
#2675 = LINE ( 'NONE', #1052, #2114 ) ;
#2676 = CARTESIAN_POINT ( 'NONE',  ( 0.0000000000000000000, -3.497710246568694900E-016, 0.1181102362204725500 ) ) ;
#2677 = CARTESIAN_POINT ( 'NONE',  ( 0.1132789679388896700, 0.4869997320017688800, -0.03879114111017659100 ) ) ;
#2678 = CARTESIAN_POINT ( 'NONE',  ( -0.03916867165175076000, 0.4984642291588338700, -0.03530526753253478800 ) ) ;
#2679 = ORIENTED_EDGE ( 'NONE', *, *, #2344, .F. ) ;
#2680 = FACE_OUTER_BOUND ( 'NONE', #2354, .T. ) ;
#2681 = ORIENTED_EDGE ( 'NONE', *, *, #1732, .T. ) ;
#2682 = ADVANCED_FACE ( 'NONE', ( #666 ), #1827, .T. ) ;
#2683 = VERTEX_POINT ( 'NONE', #1927 ) ;
#2684 = CARTESIAN_POINT ( 'NONE',  ( 0.2226715353639885700, 0.4476800055158191600, -0.06593616929771518900 ) ) ;
#2685 = ORIENTED_EDGE ( 'NONE', *, *, #613, .F. ) ;
#2686 = CARTESIAN_POINT ( 'NONE',  ( -0.1011323306012402300, 0.4896655209600693200, -0.05172953712858657800 ) ) ;
#2687 = CARTESIAN_POINT ( 'NONE',  ( -0.1404165456169733400, 0.4798789199385097800, -0.08483554441080626300 ) ) ;
#2688 = DIRECTION ( 'NONE',  ( 1.000000000000000000, 0.0000000000000000000, 0.0000000000000000000 ) ) ;
#2689 = EDGE_CURVE ( 'NONE', #2311, #2406, #1243, .T. ) ;
#2690 = CARTESIAN_POINT ( 'NONE',  ( 0.06879010614761069100, 0.4952460629689354700, -0.05227322746892355800 ) ) ;
#2691 = CARTESIAN_POINT ( 'NONE',  ( 0.1037474752039738700, 0.4891180528420861500, -0.06730517546736802800 ) ) ;
#2692 = DIRECTION ( 'NONE',  ( 1.000000000000000000, 0.0000000000000000000, 0.0000000000000000000 ) ) ;
#2693 = CARTESIAN_POINT ( 'NONE',  ( 0.08295334266943370200, 0.4930707780254142700, -0.08116426858941580600 ) ) ;
#2694 = AXIS2_PLACEMENT_3D ( 'NONE', #1766, #1756, #1561 ) ;
#2695 = CARTESIAN_POINT ( 'NONE',  ( -0.1146768996311486700, 0.4866715942432328100, -0.06410639695222937500 ) ) ;
#2696 = CARTESIAN_POINT ( 'NONE',  ( 0.1841842690209483900, 0.4648399667826193500, -0.05336811577696324400 ) ) ;
#2697 = CARTESIAN_POINT ( 'NONE',  ( 0.05239109690142524500, 0.4972476071317742900, -0.08574070603289155000 ) ) ;
#2698 = ORIENTED_EDGE ( 'NONE', *, *, #2957, .F. ) ;
#2699 = CARTESIAN_POINT ( 'NONE',  ( -0.1392384964197482000, 0.4802215933146962700, -0.03883856296325065300 ) ) ;
#2700 = CARTESIAN_POINT ( 'NONE',  ( 0.1663711463777160500, 0.4715091279385968900, -0.03204624344542252700 ) ) ;
#2701 = ORIENTED_EDGE ( 'NONE', *, *, #2706, .F. ) ;
#2702 = CARTESIAN_POINT ( 'NONE',  ( 0.06399768084528273400, 0.4958873975455609900, -0.09157503553429320600 ) ) ;
#2703 = CARTESIAN_POINT ( 'NONE',  ( 0.1221291448893622600, 0.4848551051983164300, -0.04834705504041447700 ) ) ;
#2704 = CARTESIAN_POINT ( 'NONE',  ( -0.1070132981798732900, 0.4884140619294112300, -0.07786742067208252100 ) ) ;
#2705 = ORIENTED_EDGE ( 'NONE', *, *, #2175, .F. ) ;
#2706 = EDGE_CURVE ( 'NONE', #66, #2393, #2453, .T. ) ;
#2707 = DIRECTION ( 'NONE',  ( -0.0000000000000000000, -0.0000000000000000000, 1.000000000000000000 ) ) ;
#2708 = VERTEX_POINT ( 'NONE', #1462 ) ;
#2709 = CARTESIAN_POINT ( 'NONE',  ( -0.1423802571189592700, 0.4792996416765724100, -0.03191182627663113900 ) ) ;
#2710 = CARTESIAN_POINT ( 'NONE',  ( -0.1591701250968000100, 0.4739882616534279400, -0.06427506917414437000 ) ) ;
#2711 = CIRCLE ( 'NONE', #939, 18.07874015748031500 ) ;
#2712 = LINE ( 'NONE', #741, #313 ) ;
#2713 = CARTESIAN_POINT ( 'NONE',  ( 0.1458008614560583100, 0.4782700142551333800, -0.04908383363695398300 ) ) ;
#2714 = CARTESIAN_POINT ( 'NONE',  ( -0.05043274933676000100, 0.4974500632562449100, -0.07467043157002065100 ) ) ;
#2715 = CARTESIAN_POINT ( 'NONE',  ( 0.1267869433274676200, 0.4836582137900452500, -0.07995844091768059000 ) ) ;
#2716 = ORIENTED_EDGE ( 'NONE', *, *, #2652, .F. ) ;
#2717 = CARTESIAN_POINT ( 'NONE',  ( 0.1120586494031379600, 0.4872811167419183700, -0.07467043157016653400 ) ) ;
#2718 = CARTESIAN_POINT ( 'NONE',  ( -0.1535843656558662000, 0.4758275858279401600, -0.03750460793624779000 ) ) ;
#2719 = CARTESIAN_POINT ( 'NONE',  ( -0.1566748919346058800, 0.4748189259537650100, -0.08024781198043175200 ) ) ;
#2720 = CARTESIAN_POINT ( 'NONE',  ( 0.1539326677249993600, 0.4757151460959430100, -0.03896213185960929700 ) ) ;
#2721 = EDGE_CURVE ( 'NONE', #2406, #1996, #1347, .T. ) ;
#2722 = ADVANCED_FACE ( 'NONE', ( #65, #591, #1896, #1207, #1, #2374, #1744, #1133, #523, #2899, #2291, #1667 ), #1592, .T. ) ;
#2723 = CARTESIAN_POINT ( 'NONE',  ( -0.04477059293674891200, 0.4979916002184726600, -0.07956087532172519100 ) ) ;
#2724 = ORIENTED_EDGE ( 'NONE', *, *, #103, .F. ) ;
#2725 = CARTESIAN_POINT ( 'NONE',  ( 0.05680964557261138800, 0.4967624793778462300, -0.06244883509835470700 ) ) ;
#2726 = CARTESIAN_POINT ( 'NONE',  ( 0.1557482753488484700, 0.4751241657480602100, -0.09148395751655077900 ) ) ;
#2727 = AXIS2_PLACEMENT_3D ( 'NONE', #1020, #2664, #1258 ) ;
#2728 = CARTESIAN_POINT ( 'NONE',  ( 0.1175946155839999000, 0.4859748411859551300, -0.07956087532227379400 ) ) ;
#2729 = CARTESIAN_POINT ( 'NONE',  ( -0.1589936890767470500, 0.4740476059144558300, -0.05436030082482060100 ) ) ;
#2730 = CARTESIAN_POINT ( 'NONE',  ( -0.1449300761382878400, 0.4785348142311202600, -0.09133478301775883900 ) ) ;
#2731 = ORIENTED_EDGE ( 'NONE', *, *, #1711, .T. ) ;
#2732 = CARTESIAN_POINT ( 'NONE',  ( -0.08414351581654132300, 0.4928754791261102900, -0.06341244630155124000 ) ) ;
#2733 = DIRECTION ( 'NONE',  ( 0.0000000000000000000, 0.0000000000000000000, -1.000000000000000000 ) ) ;
#2734 = CARTESIAN_POINT ( 'NONE',  ( 0.1294539929829632800, 0.4829509951338404900, -0.08566852847397200800 ) ) ;
#2735 = ORIENTED_EDGE ( 'NONE', *, *, #2883, .T. ) ;
#2736 = CARTESIAN_POINT ( 'NONE',  ( 0.04234775314436867900, 0.4982034401764239300, -0.06896463689311191400 ) ) ;
#2737 = CARTESIAN_POINT ( 'NONE',  ( -0.09038502538061060600, 0.4917627397265060800, -0.05399463152414702600 ) ) ;
#2738 = CARTESIAN_POINT ( 'NONE',  ( -0.1250205698660753800, 0.4841177271753434600, -0.04457654659702454900 ) ) ;
#2739 = EDGE_CURVE ( 'NONE', #2491, #2650, #2839, .T. ) ;
#2740 = CARTESIAN_POINT ( 'NONE',  ( -0.1325565230829929000, 0.4821086878639812600, -0.04455714874540938500 ) ) ;
#2741 = B_SPLINE_CURVE_WITH_KNOTS ( 'NONE', 3,
 ( #691, #2806, #2677, #2649, #2902, #2518, #2353, #79, #1267, #897, #2665, #109, #2530, #2631, #567, #751, #2703, #1635 ),
 .UNSPECIFIED., .F., .F.,
 ( 4, 1, 2, 2, 2, 2, 1, 2, 2, 4 ),
 ( 0.0000000000000000000, 0.1250000000000012800, 0.1875000000000018300, 0.2500000000000023900, 0.5000000000000020000, 0.7500000000000015500, 0.8125000000000018900, 0.8437500000000021100, 0.8750000000000022200, 1.000000000000000000 ),
 .UNSPECIFIED. ) ;
#2742 = CIRCLE ( 'NONE', #730, 0.4999999999999998900 ) ;
#2743 = EDGE_CURVE ( 'NONE', #1995, #2596, #706, .T. ) ;
#2744 = CARTESIAN_POINT ( 'NONE',  ( -0.05542441672471475100, 0.4969186810957976200, -0.06035681595627175700 ) ) ;
#2745 = CYLINDRICAL_SURFACE ( 'NONE', #2917, 0.5000000000000000000 ) ;
#2746 = CARTESIAN_POINT ( 'NONE',  ( -0.05583883250013373100, 0.4968723414963434100, -0.03946767019159615200 ) ) ;
#2747 = CARTESIAN_POINT ( 'NONE',  ( -0.1079930732036581100, 0.4881984463107745300, -0.06780716617002677200 ) ) ;
#2748 = ORIENTED_EDGE ( 'NONE', *, *, #1630, .T. ) ;
#2749 = CARTESIAN_POINT ( 'NONE',  ( -0.1379550325533086800, 0.4805917720155160600, -0.03210973237654765600 ) ) ;
#2750 = CARTESIAN_POINT ( 'NONE',  ( -0.1269228230458016900, 0.4836223824779276000, -0.08352608729106665600 ) ) ;
#2751 = CARTESIAN_POINT ( 'NONE',  ( -0.1304184363403610700, 0.4826914467871724600, -0.05544304788047287000 ) ) ;
#2752 = VERTEX_POINT ( 'NONE', #1703 ) ;
#2753 = CARTESIAN_POINT ( 'NONE',  ( -0.06173875810499170800, 0.4961737971351460300, -0.05045872916720355000 ) ) ;
#2754 = CARTESIAN_POINT ( 'NONE',  ( 0.1082223235138281400, 0.4881475102078159400, -0.03202319308532791700 ) ) ;
#2755 = CARTESIAN_POINT ( 'NONE',  ( -0.1411497147234121200, 0.4796631714375196900, -0.09167814385858739900 ) ) ;
#2756 = CARTESIAN_POINT ( 'NONE',  ( 0.2386967924118972600, 0.4393447863492539500, -0.09092102695973820800 ) ) ;
#2757 = DIRECTION ( 'NONE',  ( 1.000000000000000000, 0.0000000000000000000, 0.0000000000000000000 ) ) ;
#2758 = CARTESIAN_POINT ( 'NONE',  ( -0.1232857330003601000, 0.4845623109656118600, -0.07000163685770982600 ) ) ;
#2759 = VERTEX_POINT ( 'NONE', #1494 ) ;
#2760 = CARTESIAN_POINT ( 'NONE',  ( 0.0000000000000000000, 0.0000000000000000000, -0.1057801322676185100 ) ) ;
#2761 = EDGE_CURVE ( 'NONE', #1478, #692, #180, .T. ) ;
#2762 = CARTESIAN_POINT ( 'NONE',  ( 0.09388958494808516400, 0.4911056967134224100, -0.04353783700840790200 ) ) ;
#2763 = DIRECTION ( 'NONE',  ( 1.000000000000000000, 0.0000000000000000000, 0.0000000000000000000 ) ) ;
#2764 = DIRECTION ( 'NONE',  ( -0.2251871053506578600, 0.9743155379977226400, 0.0000000000000000000 ) ) ;
#2765 = CARTESIAN_POINT ( 'NONE',  ( -0.08051200410177092300, 0.4934754441773124300, -0.08264384681701797400 ) ) ;
#2766 = DIRECTION ( 'NONE',  ( 1.000000000000000000, 0.0000000000000000000, -0.0000000000000000000 ) ) ;
#2767 = CARTESIAN_POINT ( 'NONE',  ( 0.0000000000000000000, 0.0000000000000000000, 17.96062992125984100 ) ) ;
#2768 = ORIENTED_EDGE ( 'NONE', *, *, #2496, .T. ) ;
#2769 = DIRECTION ( 'NONE',  ( -0.0000000000000000000, -0.0000000000000000000, 1.000000000000000000 ) ) ;
#2770 = CARTESIAN_POINT ( 'NONE',  ( -0.09001362778889164500, 0.4918317436491840300, -0.08292129327289102200 ) ) ;
#2771 = VECTOR ( 'NONE', #1111, 39.37007874015748100 ) ;
#2772 = ORIENTED_EDGE ( 'NONE', *, *, #1800, .T. ) ;
#2773 = CARTESIAN_POINT ( 'NONE',  ( 0.0000000000000000000, 0.0000000000000000000, -0.03937007874015751400 ) ) ;
#2774 = EDGE_CURVE ( 'NONE', #1941, #1091, #2214, .T. ) ;
#2775 = FACE_OUTER_BOUND ( 'NONE', #2309, .T. ) ;
#2776 = CARTESIAN_POINT ( 'NONE',  ( 0.1615169108170786400, 0.4731937547888046000, -0.09160495691956414800 ) ) ;
#2777 = CARTESIAN_POINT ( 'NONE',  ( 0.09604984301504056200, 0.4906885154370177500, -0.05812785569961256100 ) ) ;
#2778 = B_SPLINE_CURVE_WITH_KNOTS ( 'NONE', 3,
 ( #1853, #696, #2579, #1165, #2794, #1392, #33, #1616, #259, #1865, #479, #2098, #707, #2332, #931 ),
 .UNSPECIFIED., .F., .F.,
 ( 4, 1, 2, 2, 2, 2, 2, 4 ),
 ( 0.0000000000000000000, 0.1249999999999981400, 0.1874999999999972200, 0.2499999999999962800, 0.4999999999999981100, 0.7499999999999998900, 0.8750000000000000000, 1.000000000000000000 ),
 .UNSPECIFIED. ) ;
#2779 = AXIS2_PLACEMENT_3D ( 'NONE', #580, #2190, #802 ) ;
#2780 = FACE_OUTER_BOUND ( 'NONE', #190, .T. ) ;
#2781 = B_SPLINE_CURVE_WITH_KNOTS ( 'NONE', 3,
 ( #1496, #1740, #360, #1979 ),
 .UNSPECIFIED., .F., .F.,
 ( 4, 4 ),
 ( 0.0000000000000000000, 1.000000000000000000 ),
 .UNSPECIFIED. ) ;
#2782 = DIRECTION ( 'NONE',  ( 1.000000000000000000, 0.0000000000000000000, 0.0000000000000000000 ) ) ;
#2783 = CARTESIAN_POINT ( 'NONE',  ( 0.1010954633676214400, 0.4896730727033689100, -0.04560854266386184900 ) ) ;
#2784 = VERTEX_POINT ( 'NONE', #1994 ) ;
#2785 = CARTESIAN_POINT ( 'NONE',  ( 0.1571964638626132100, 0.4746480914799968700, -0.08470516252642514000 ) ) ;
#2786 = CARTESIAN_POINT ( 'NONE',  ( 6.123233995736767300E-017, -0.5000000000000001100, -0.03937007874015757700 ) ) ;
#2787 = EDGE_LOOP ( 'NONE', ( #2973, #875, #186, #1348, #606 ) ) ;
#2788 = CARTESIAN_POINT ( 'NONE',  ( 0.1779627701578389800, 0.4672572750063614900, -0.08367508818346794400 ) ) ;
#2789 = CARTESIAN_POINT ( 'NONE',  ( -0.03395235186449251100, 0.4988459529726361200, -0.08235320605176173200 ) ) ;
#2790 = LOCAL_TIME ( 14, 2, 4.000000000000000000, #389 ) ;
#2791 = CARTESIAN_POINT ( 'NONE',  ( 0.06438171453093118100, 0.4958377052730498800, -0.08474909403783474600 ) ) ;
#2792 = CARTESIAN_POINT ( 'NONE',  ( 0.1097579002853373100, 0.4878069681611064100, -0.03871763598477575400 ) ) ;
#2793 = ORIENTED_EDGE ( 'NONE', *, *, #20, .T. ) ;
#2794 = CARTESIAN_POINT ( 'NONE',  ( 0.06873996990864889000, 0.4952523218560233000, -0.05857239087563345700 ) ) ;
#2795 = CARTESIAN_POINT ( 'NONE',  ( 0.1111176970812613000, 0.4874965203930762800, -0.03186590884950198800 ) ) ;
#2796 = ORIENTED_EDGE ( 'NONE', *, *, #874, .T. ) ;
#2797 = CARTESIAN_POINT ( 'NONE',  ( 0.1846395259448183900, 0.4646592793139999700, -0.06480180107200372900 ) ) ;
#2798 = EDGE_CURVE ( 'NONE', #2271, #983, #2658, .T. ) ;
#2799 = CARTESIAN_POINT ( 'NONE',  ( -0.08115627164074665200, 0.4933738297144880700, -0.05281280971766268800 ) ) ;
#2800 = CARTESIAN_POINT ( 'NONE',  ( -0.07017937544390033500, 0.4950503562894426100, -0.09092102695973820800 ) ) ;
#2801 = CARTESIAN_POINT ( 'NONE',  ( -0.1058883845629628700, 0.4886605589886109900, -0.08936524230321449300 ) ) ;
#2802 = CARTESIAN_POINT ( 'NONE',  ( 0.0000000000000000000, -4.102286176767980200E-018, -0.005871263680416325500 ) ) ;
#2803 = CARTESIAN_POINT ( 'NONE',  ( 0.09797651703516092900, 0.4903067190115537000, -0.06096881717123697800 ) ) ;
#2804 = CARTESIAN_POINT ( 'NONE',  ( -0.2127797056948540200, 0.4524652694903439900, -0.03930935501915187200 ) ) ;
#2805 = CARTESIAN_POINT ( 'NONE',  ( -0.1119633578951045700, 0.4873037228653632200, -0.08337742688849585100 ) ) ;
#2806 = CARTESIAN_POINT ( 'NONE',  ( 0.1121231470744168700, 0.4872670205442894400, -0.03869989418081287700 ) ) ;
#2807 = CARTESIAN_POINT ( 'NONE',  ( 0.0000000000000000000, 0.0000000000000000000, -0.03937007874015751400 ) ) ;
#2808 = SPHERICAL_SURFACE ( 'NONE', #432, 18.07874015748031500 ) ;
#2809 = VECTOR ( 'NONE', #1234, 39.37007874015748900 ) ;
#2810 = B_SPLINE_CURVE_WITH_KNOTS ( 'NONE', 3,
 ( #1458, #2855, #93, #1691, #318, #1935, #547, #2164, #772, #2408, #1007, #2653, #1242, #2864, #1466, #106, #1701, #326, #1944, #559, #2170, #780, #2422, #1014, #2659, #1254, #2873, #1473, #112, #1717, #336, #1952, #570, #2179, #790 ),
 .UNSPECIFIED., .F., .F.,
 ( 4, 1, 1, 2, 2, 1, 2, 2, 1, 1, 2, 2, 2, 2, 1, 2, 2, 1, 2, 2, 4 ),
 ( 0.0000000000000000000, 0.06250000000000161000, 0.09375000000000199800, 0.1093750000000017300, 0.1250000000000014700, 0.1875000000000003100, 0.2187499999999993600, 0.2499999999999984200, 0.3749999999999973900, 0.4374999999999973900, 0.4687499999999973400, 0.4999999999999973400, 0.5624999999999983300, 0.6249999999999994400, 0.6875000000000004400, 0.7187500000000023300, 0.7500000000000041100, 0.8125000000000057700, 0.8437500000000067700, 0.8750000000000076600, 1.000000000000000000 ),
 .UNSPECIFIED. ) ;
#2811 = CARTESIAN_POINT ( 'NONE',  ( -0.2168378704171730300, 0.4505345025111232000, -0.05041527287130694700 ) ) ;
#2812 = EDGE_CURVE ( 'NONE', #161, #1585, #2102, .T. ) ;
#2813 = PRODUCT_RELATED_PRODUCT_CATEGORY ( 'detail', '', ( #2386 ) ) ;
#2814 = CARTESIAN_POINT ( 'NONE',  ( -0.004542638897484070500, 0.4999793640060028500, -0.06669328619656436600 ) ) ;
#2815 = CARTESIAN_POINT ( 'NONE',  ( -0.2097890996111800900, 0.4538599696494988700, -0.04842763675480855900 ) ) ;
#2816 = CARTESIAN_POINT ( 'NONE',  ( -0.1426001971426577000, 0.4792340353004728700, -0.08475498608634420000 ) ) ;
#2817 = ORIENTED_EDGE ( 'NONE', *, *, #632, .F. ) ;
#2818 = DIRECTION ( 'NONE',  ( 0.0000000000000000000, 1.000000000000000000, 1.365923996832131400E-016 ) ) ;
#2819 =( NAMED_UNIT ( * ) PLANE_ANGLE_UNIT ( ) SI_UNIT ( $, .RADIAN. ) );
#2820 = AXIS2_PLACEMENT_3D ( 'NONE', #1381, #25, #1608 ) ;
#2821 = CARTESIAN_POINT ( 'NONE',  ( -0.03253302754926509800, 0.4989404795348626500, -0.04852248062418400300 ) ) ;
#2822 = EDGE_LOOP ( 'NONE', ( #280, #426, #518, #600 ) ) ;
#2823 = ORIENTED_EDGE ( 'NONE', *, *, #1755, .T. ) ;
#2824 = DIRECTION ( 'NONE',  ( 0.0000000000000000000, 1.000000000000000000, 1.365923996832131400E-016 ) ) ;
#2825 = CARTESIAN_POINT ( 'NONE',  ( 0.04835112223976500300, 0.4976567345420763200, -0.07914801214317232500 ) ) ;
#2826 = CARTESIAN_POINT ( 'NONE',  ( -0.1506166145512697100, 0.4767752487095651700, -0.07639982529358244100 ) ) ;
#2827 = APPROVAL_ROLE ( '' ) ;
#2828 = CARTESIAN_POINT ( 'NONE',  ( -0.06876293111463344100, 0.4952491234100497300, -0.05316718035600072300 ) ) ;
#2829 = EDGE_CURVE ( 'NONE', #1104, #1005, #1543, .T. ) ;
#2830 = CARTESIAN_POINT ( 'NONE',  ( -0.05384488340296715600, 0.4970923370563486400, -0.03197588338175081500 ) ) ;
#2831 = CARTESIAN_POINT ( 'NONE',  ( -0.09171924479208529200, 0.4915163233186929900, -0.05918526381712545200 ) ) ;
#2832 = CARTESIAN_POINT ( 'NONE',  ( -0.4944322300693971800, 0.0000000000000000000, -0.01143903361101887400 ) ) ;
#2833 = AXIS2_PLACEMENT_3D ( 'NONE', #466, #2194, #390 ) ;
#2834 = CARTESIAN_POINT ( 'NONE',  ( 0.1596283839517475800, 0.4738341260788984700, -0.03792284404029545200 ) ) ;
#2835 = ORIENTED_EDGE ( 'NONE', *, *, #1157, .F. ) ;
#2836 = CARTESIAN_POINT ( 'NONE',  ( -0.1518725601101713900, 0.4763766652203510500, -0.05634961423742999200 ) ) ;
#2837 = ORIENTED_EDGE ( 'NONE', *, *, #777, .F. ) ;
#2838 = CARTESIAN_POINT ( 'NONE',  ( -0.06854067925311507800, 0.4952801031683079500, -0.04251280512587655300 ) ) ;
#2839 = CIRCLE ( 'NONE', #2130, 0.5000000000000000000 ) ;
#2840 = CARTESIAN_POINT ( 'NONE',  ( 0.0000000000000000000, 0.0000000000000000000, -0.09092102695973820800 ) ) ;
#2841 = CARTESIAN_POINT ( 'NONE',  ( 0.1745061651365653300, 0.4685590885807915400, -0.04733177160938435000 ) ) ;
#2842 = VERTEX_POINT ( 'NONE', #2756 ) ;
#2843 = CONICAL_SURFACE ( 'NONE', #2587, 0.5000000000000000000, 0.7853981633974452800 ) ;
#2844 = CARTESIAN_POINT ( 'NONE',  ( -0.1503277859897758100, 0.4768664415710200900, -0.04617112268042378200 ) ) ;
#2845 = EDGE_LOOP ( 'NONE', ( #2342, #2948, #407, #1833 ) ) ;
#2846 = VECTOR ( 'NONE', #2402, 39.37007874015748100 ) ;
#2847 = EDGE_CURVE ( 'NONE', #2752, #2967, #1051, .T. ) ;
#2848 = EDGE_LOOP ( 'NONE', ( #731, #2553, #1809, #1503, #1428 ) ) ;
#2849 = DIRECTION ( 'NONE',  ( -0.0000000000000000000, -0.0000000000000000000, 1.000000000000000000 ) ) ;
#2850 = CARTESIAN_POINT ( 'NONE',  ( 0.1769931530019431000, 0.4676253041518684800, -0.05915572936406004300 ) ) ;
#2851 = ADVANCED_FACE ( 'NONE', ( #1513 ), #453, .T. ) ;
#2852 = CALENDAR_DATE ( 2016, 30, 9 ) ;
#2853 = CARTESIAN_POINT ( 'NONE',  ( -0.1418034607378569600, 0.4794709194337051200, -0.03870331503086311300 ) ) ;
#2854 = CARTESIAN_POINT ( 'NONE',  ( 0.07635095953970697000, 0.4941361731141880000, -0.07698214269123980500 ) ) ;
#2855 = CARTESIAN_POINT ( 'NONE',  ( 0.1770092354182697700, 0.4676192157391461700, -0.06185629004629824400 ) ) ;
#2856 = CARTESIAN_POINT ( 'NONE',  ( 0.2144864510169649200, 0.4516587468735580600, -0.04234925916298378600 ) ) ;
#2857 = CARTESIAN_POINT ( 'NONE',  ( -0.1385685400440298800, 0.4804152698210489300, -0.09151437146501019400 ) ) ;
#2858 = CARTESIAN_POINT ( 'NONE',  ( 0.1162556328261432800, 0.4862968515589967100, -0.06883450742612222400 ) ) ;
#2859 = B_SPLINE_CURVE_WITH_KNOTS ( 'NONE', 3,
 ( #1396, #2799, #1882, #498 ),
 .UNSPECIFIED., .F., .F.,
 ( 4, 4 ),
 ( 0.0000000000000000000, 1.000000000000000000 ),
 .UNSPECIFIED. ) ;
#2860 = EDGE_CURVE ( 'NONE', #2300, #2375, #371, .T. ) ;
#2861 = B_SPLINE_CURVE_WITH_KNOTS ( 'NONE', 3,
 ( #2886, #1265, #119, #1727, #1541, #185, #1796, #409, #2027, #640, #2257, #861, #2512, #1101, #2738, #1335, #2954, #1556, #196, #1807, #425, #2040, #651, #2269, #870, #2524, #1112, #2749, #1343, #2963, #1568, #209, #1815 ),
 .UNSPECIFIED., .F., .F.,
 ( 4, 1, 1, 2, 2, 1, 2, 2, 1, 1, 1, 2, 2, 2, 2, 2, 1, 2, 2, 4 ),
 ( 0.0000000000000000000, 0.06249999999999833500, 0.09374999999999782100, 0.1093749999999975600, 0.1249999999999973100, 0.1874999999999969200, 0.2187499999999966700, 0.2499999999999963900, 0.3749999999999967200, 0.4374999999999965600, 0.4687499999999965000, 0.4843749999999963400, 0.4999999999999962300, 0.6249999999999947800, 0.7499999999999933400, 0.8749999999999919000, 0.9062499999999926700, 0.9218749999999932300, 0.9374999999999936700, 1.000000000000000000 ),
 .UNSPECIFIED. ) ;
#2862 = VERTEX_POINT ( 'NONE', #2285 ) ;
#2863 = CARTESIAN_POINT ( 'NONE',  ( 0.06620650671736250100, 0.4955973148315917000, -0.08486409176894474400 ) ) ;
#2864 = CARTESIAN_POINT ( 'NONE',  ( 0.1753710295885346800, 0.4682365330870877900, -0.07315867928275932000 ) ) ;
#2865 = ORIENTED_EDGE ( 'NONE', *, *, #2739, .F. ) ;
#2866 = CARTESIAN_POINT ( 'NONE',  ( 0.01665349113075036800, 0.4997225842736728300, -0.04769438401606770200 ) ) ;
#2867 = AXIS2_PLACEMENT_3D ( 'NONE', #2448, #1035, #2688 ) ;
#2868 = CARTESIAN_POINT ( 'NONE',  ( -0.1284481746273784300, 0.4832194806036843000, -0.08598793716567403000 ) ) ;
#2869 = CARTESIAN_POINT ( 'NONE',  ( 0.1067588446994047600, 0.4884696130023072300, -0.05993180322924419900 ) ) ;
#2870 = ORIENTED_EDGE ( 'NONE', *, *, #2125, .F. ) ;
#2871 = FACE_OUTER_BOUND ( 'NONE', #1443, .T. ) ;
#2872 = CARTESIAN_POINT ( 'NONE',  ( 0.1291379940508925500, 0.4830355895431677200, -0.04598117601454705700 ) ) ;
#2873 = CARTESIAN_POINT ( 'NONE',  ( 0.1678729292446058400, 0.4709764040486290000, -0.08276320711192429500 ) ) ;
#2874 = CARTESIAN_POINT ( 'NONE',  ( -0.04429232374536380700, 0.4980355007178798300, -0.04045447138422708600 ) ) ;
#2875 = CARTESIAN_POINT ( 'NONE',  ( -0.1304455464151979800, 0.4826841197901004500, -0.06873247455504129200 ) ) ;
#2876 = SPHERICAL_SURFACE ( 'NONE', #2638, 4.390157480314961400 ) ;
#2877 = ORIENTED_EDGE ( 'NONE', *, *, #2812, .F. ) ;
#2878 = VERTEX_POINT ( 'NONE', #671 ) ;
#2879 = VERTEX_POINT ( 'NONE', #888 ) ;
#2880 = EDGE_CURVE ( 'NONE', #597, #343, #2417, .T. ) ;
#2881 = CARTESIAN_POINT ( 'NONE',  ( -0.03253302754926509800, 0.4989404795348626500, -0.04852248062418400300 ) ) ;
#2882 = CARTESIAN_POINT ( 'NONE',  ( 0.1165699507826971600, 0.4862222032021189000, -0.03241933707350361900 ) ) ;
#2883 = EDGE_CURVE ( 'NONE', #2171, #1168, #1871, .T. ) ;
#2884 = ORIENTED_EDGE ( 'NONE', *, *, #974, .T. ) ;
#2885 = CARTESIAN_POINT ( 'NONE',  ( 0.1221608388721730500, 0.4848471196635563700, -0.04927959752303318100 ) ) ;
#2886 = CARTESIAN_POINT ( 'NONE',  ( -0.1228948704354094900, 0.4846615838094287000, -0.06179568625713372000 ) ) ;
#2887 = CARTESIAN_POINT ( 'NONE',  ( -0.1332743996323431900, 0.4819110141377041500, -0.08040988405027335600 ) ) ;
#2888 = ORIENTED_EDGE ( 'NONE', *, *, #558, .F. ) ;
#2889 = CARTESIAN_POINT ( 'NONE',  ( -0.04219432333253336800, 0.4982167654492717400, -0.03359247929186300700 ) ) ;
#2890 = CARTESIAN_POINT ( 'NONE',  ( 0.06869365419399010900, 0.4952587666843832900, -0.09155386653465834300 ) ) ;
#2891 = CARTESIAN_POINT ( 'NONE',  ( -0.1018252417061988500, 0.4895219242407534100, -0.05183532718754498000 ) ) ;
#2892 = B_SPLINE_CURVE_WITH_KNOTS ( 'NONE', 3,
 ( #1418, #2362, #2615, #1203 ),
 .UNSPECIFIED., .F., .F.,
 ( 4, 4 ),
 ( 0.0000000000000000000, 1.000000000000000000 ),
 .UNSPECIFIED. ) ;
#2893 = CARTESIAN_POINT ( 'NONE',  ( -0.09861433038210819200, 0.4901787570298089000, -0.05155094821958072100 ) ) ;
#2894 = EDGE_CURVE ( 'NONE', #2067, #2878, #2143, .T. ) ;
#2895 = ADVANCED_FACE ( 'NONE', ( #302, #903 ), #243, .T. ) ;
#2896 = CARTESIAN_POINT ( 'NONE',  ( 0.08351687468385707300, 0.4929755964656895600, -0.07955840906611726100 ) ) ;
#2897 = CARTESIAN_POINT ( 'NONE',  ( -0.1150884564245008700, 0.4865744038117666400, -0.06584542224489106600 ) ) ;
#2898 = CARTESIAN_POINT ( 'NONE',  ( 0.1836145000479291200, 0.4650653698346002800, -0.05067388139529547400 ) ) ;
#2899 = FACE_BOUND ( 'NONE', #308, .T. ) ;
#2900 = DIRECTION ( 'NONE',  ( 0.1851758038360771200, 0.9827054094049053600, 0.0000000000000000000 ) ) ;
#2901 = CARTESIAN_POINT ( 'NONE',  ( 0.05264078914445002200, 0.4972212401101766500, -0.08602498869694720500 ) ) ;
#2902 = CARTESIAN_POINT ( 'NONE',  ( 0.1148942825572725500, 0.4866203927492194800, -0.03911703601522321200 ) ) ;
#2903 = VERTEX_POINT ( 'NONE', #705 ) ;
#2904 = CARTESIAN_POINT ( 'NONE',  ( -0.09833116202452343900, 0.4902356756819040700, -0.08474909403783523200 ) ) ;
#2905 = CIRCLE ( 'NONE', #40, 0.5000000000000000000 ) ;
#2906 = CARTESIAN_POINT ( 'NONE',  ( 0.1473989266756800000, 0.4777841846761963800, -0.03399943545313444800 ) ) ;
#2907 = DIRECTION ( 'NONE',  ( -0.0000000000000000000, 1.224606353822377300E-016, -1.000000000000000000 ) ) ;
#2908 = FACE_OUTER_BOUND ( 'NONE', #2848, .T. ) ;
#2909 = CARTESIAN_POINT ( 'NONE',  ( -0.1374936598146612200, 0.4807244362254269300, -0.03935856114294805600 ) ) ;
#2910 = CARTESIAN_POINT ( 'NONE',  ( 0.1649806761914045500, 0.4719973925102360900, -0.03170490863333404900 ) ) ;
#2911 = ORIENTED_EDGE ( 'NONE', *, *, #239, .T. ) ;
#2912 = CARTESIAN_POINT ( 'NONE',  ( 0.06530119797243104400, 0.4957183438756343500, -0.09165672756696120700 ) ) ;
#2913 = EDGE_CURVE ( 'NONE', #2425, #695, #832, .T. ) ;
#2914 = CARTESIAN_POINT ( 'NONE',  ( -0.1077496526486079000, 0.4882520430813645500, -0.07541495126759860400 ) ) ;
#2915 = PERSON_AND_ORGANIZATION ( #1231, #2935 ) ;
#2916 = CARTESIAN_POINT ( 'NONE',  ( 0.1112791686684470300, 0.4874596871747030000, -0.03867996093914462900 ) ) ;
#2917 = AXIS2_PLACEMENT_3D ( 'NONE', #1025, #2435, #1924 ) ;
#2918 = CARTESIAN_POINT ( 'NONE',  ( -0.1429303418833245700, 0.4791356255804041800, -0.03195040859600022100 ) ) ;
#2919 = CARTESIAN_POINT ( 'NONE',  ( -0.1591057735584308900, 0.4740098658095472400, -0.06615875100605681000 ) ) ;
#2920 = ORIENTED_EDGE ( 'NONE', *, *, #2434, .F. ) ;
#2921 = CARTESIAN_POINT ( 'NONE',  ( -0.08662907115455924200, 0.4924382235680921400, -0.06366481860116764100 ) ) ;
#2922 = CARTESIAN_POINT ( 'NONE',  ( -0.04912259967848782400, 0.4975820565053849500, -0.07577072638071107000 ) ) ;
#2923 = DIRECTION ( 'NONE',  ( -1.000000000000000000, 0.0000000000000000000, 0.0000000000000000000 ) ) ;
#2924 = CARTESIAN_POINT ( 'NONE',  ( 0.1368854793362418700, 0.4808976609327345100, -0.07498511760868319100 ) ) ;
#2925 = CARTESIAN_POINT ( 'NONE',  ( 0.1133417491557212200, 0.4869851955179169100, -0.07577072638119365700 ) ) ;
#2926 = CARTESIAN_POINT ( 'NONE',  ( -0.1548215496042378800, 0.4754267303815796800, -0.03936109099891767900 ) ) ;
#2927 = ADVANCED_FACE ( 'NONE', ( #1447 ), #158, .T. ) ;
#2928 = ORIENTED_EDGE ( 'NONE', *, *, #744, .F. ) ;
#2929 = CARTESIAN_POINT ( 'NONE',  ( -0.1563356470650055500, 0.4749307009192118000, -0.08110996284676315300 ) ) ;
#2930 = CARTESIAN_POINT ( 'NONE',  ( 0.1551283122481629000, 0.4753265852620936500, -0.03853206083225562500 ) ) ;
#2931 = CARTESIAN_POINT ( 'NONE',  ( -0.04423152697412781300, 0.4980397637735098900, -0.08007652322708491700 ) ) ;
#2932 = VERTEX_POINT ( 'NONE', #493 ) ;
#2933 = EDGE_CURVE ( 'NONE', #1168, #487, #1326, .T. ) ;
#2934 = CARTESIAN_POINT ( 'NONE',  ( 0.0000000000000000000, 0.0000000000000000000, -0.01143903361101887400 ) ) ;
#2935 = ORGANIZATION ( 'UNSPECIFIED', 'UNSPECIFIED', '' ) ;
#2936 = CARTESIAN_POINT ( 'NONE',  ( 0.1575144479961331500, 0.4745415184326354200, -0.09162659370519935000 ) ) ;
#2937 = VERTEX_POINT ( 'NONE', #2330 ) ;
#2938 = CARTESIAN_POINT ( 'NONE',  ( 0.1181205773528741000, 0.4858472635343954500, -0.08007652322707731200 ) ) ;
#2939 = CARTESIAN_POINT ( 'NONE',  ( -0.1592023064511586000, 0.4739774526500510300, -0.06179568625713372000 ) ) ;
#2940 = EDGE_LOOP ( 'NONE', ( #1071, #2232, #769 ) ) ;
#2941 = CARTESIAN_POINT ( 'NONE',  ( -0.1439438797195439500, 0.4788321230440145700, -0.09149759957778605400 ) ) ;
#2942 = CYLINDRICAL_SURFACE ( 'NONE', #2520, 0.5000000000000000000 ) ;
#2943 = VERTEX_POINT ( 'NONE', #265 ) ;
#2944 = FACE_OUTER_BOUND ( 'NONE', #664, .T. ) ;
#2945 = CARTESIAN_POINT ( 'NONE',  ( -0.08165464988172567400, 0.4932939157646830100, -0.06316007400193485200 ) ) ;
#2946 = ORIENTED_EDGE ( 'NONE', *, *, #800, .T. ) ;
#2947 = CARTESIAN_POINT ( 'NONE',  ( -0.1335172130623950000, 0.4818434951475956100, -0.04272580436736995300 ) ) ;
#2948 = ORIENTED_EDGE ( 'NONE', *, *, #962, .T. ) ;
#2949 = CARTESIAN_POINT ( 'NONE',  ( 0.02371714736223321300, 0.4995244648308541100, -0.04473689612993808600 ) ) ;
#2950 = CARTESIAN_POINT ( 'NONE',  ( -0.2074307340552361800, 0.4549467561546938200, -0.05503684060803216300 ) ) ;
#2951 = CARTESIAN_POINT ( 'NONE',  ( -0.06165901763054185800, 0.4961836042328461300, -0.04590851395438364000 ) ) ;
#2952 = CARTESIAN_POINT ( 'NONE',  ( -0.09227421721078572800, 0.4914124646650379100, -0.05294843416946352200 ) ) ;
#2953 = ORIENTED_EDGE ( 'NONE', *, *, #1818, .T. ) ;
#2954 = CARTESIAN_POINT ( 'NONE',  ( -0.1256771409238068000, 0.4839475812829254200, -0.04280072065067697800 ) ) ;
#2955 = CARTESIAN_POINT ( 'NONE',  ( 0.04733651516224683000, 0.4977542140245973000, -0.06584542224472791900 ) ) ;
#2956 = CARTESIAN_POINT ( 'NONE',  ( -0.1320993153188515500, 0.4822341759215500500, -0.04576604028911864700 ) ) ;
#2957 = EDGE_CURVE ( 'NONE', #1973, #171, #2077, .T. ) ;
#2958 = CARTESIAN_POINT ( 'NONE',  ( -0.05580249564255535700, 0.4968763298721234900, -0.05996396748095040400 ) ) ;
#2959 = AXIS2_PLACEMENT_3D ( 'NONE', #2773, #464, #17 ) ;
#2960 = CARTESIAN_POINT ( 'NONE',  ( -0.5000000000000000000, 6.123233995736766000E-017, -0.01700680354162161700 ) ) ;
#2961 = CARTESIAN_POINT ( 'NONE',  ( -0.05409773803122267700, 0.4970660135951122700, -0.03890581192743297600 ) ) ;
#2962 = CARTESIAN_POINT ( 'NONE',  ( -0.1070017012622720400, 0.4884165925174332500, -0.06457604113558175500 ) ) ;
#2963 = CARTESIAN_POINT ( 'NONE',  ( -0.1385984412214434100, 0.4804065942802633900, -0.03201481600450174100 ) ) ;
#2964 = CARTESIAN_POINT ( 'NONE',  ( -0.1262928476343667100, 0.4837873475439686300, -0.08223979736050395000 ) ) ;
#2965 = ORIENTED_EDGE ( 'NONE', *, *, #272, .F. ) ;
#2966 = CARTESIAN_POINT ( 'NONE',  ( -0.1303565075836228500, 0.4827081738279229200, -0.05646808247374711400 ) ) ;
#2967 = VERTEX_POINT ( 'NONE', #1405 ) ;
#2968 = CARTESIAN_POINT ( 'NONE',  ( 0.1292583287678563400, 0.4830034425129426400, -0.08510795620841357700 ) ) ;
#2969 = CARTESIAN_POINT ( 'NONE',  ( 0.07154950748641608600, 0.4948541886035232000, -0.04019419473684299200 ) ) ;
#2970 = CARTESIAN_POINT ( 'NONE',  ( -0.06192417983019887100, 0.4961505779018675600, -0.04823856178711555300 ) ) ;
#2971 = CARTESIAN_POINT ( 'NONE',  ( 0.1071991819339613000, 0.4883735160576446200, -0.03216039792150276300 ) ) ;
#2972 = VERTEX_POINT ( 'NONE', #1633 ) ;
#2973 = ORIENTED_EDGE ( 'NONE', *, *, #521, .F. ) ;
#2974 = CARTESIAN_POINT ( 'NONE',  ( -0.09485550429393957400, 0.4909205439215526500, -0.09162329241439842700 ) ) ;
#2975 = EDGE_CURVE ( 'NONE', #2972, #2024, #761, .T. ) ;
#2976 = CARTESIAN_POINT ( 'NONE',  ( -0.1231623758505886200, 0.4845936749200984700, -0.06865311706869228800 ) ) ;
#2977 = DIRECTION ( 'NONE',  ( 1.000000000000000000, 0.0000000000000000000, 0.0000000000000000000 ) ) ;
ENDSEC;
END-ISO-10303-21;
