ISO-10303-21;
HEADER;
FILE_DESCRIPTION (( 'STEP AP203' ),
    '1' );
FILE_NAME ('20527-E0W.STEP',
    '2016-09-30T18:00:40',
    ( 'admin' ),
    ( '' ),
    'SwSTEP 2.0',
    'SolidWorks 2016',
    '' );
FILE_SCHEMA (( 'CONFIG_CONTROL_DESIGN' ));
ENDSEC;

DATA;
#1 = CARTESIAN_POINT ( 'NONE',  ( -0.04258758430191025200, 0.4981830002187704300, -0.07171526576098732900 ) ) ;
#2 = VERTEX_POINT ( 'NONE', #993 ) ;
#3 = CARTESIAN_POINT ( 'NONE',  ( -0.1649321864524113700, 0.4720141670247060600, -0.09885771349540083100 ) ) ;
#4 = ORIENTED_EDGE ( 'NONE', *, *, #7, .T. ) ;
#5 = CARTESIAN_POINT ( 'NONE',  ( -0.1237317379419977400, 0.4844486782334843100, -0.07525006053366474500 ) ) ;
#6 = CARTESIAN_POINT ( 'NONE',  ( 0.08364483393386316900, 0.4929538941485061000, -0.08825807691151225900 ) ) ;
#7 = EDGE_CURVE ( 'NONE', #2925, #2557, #1235, .T. ) ;
#8 = CARTESIAN_POINT ( 'NONE',  ( -0.08441051953003192400, 0.4928233604218126300, -0.08426002284412240100 ) ) ;
#9 = CIRCLE ( 'NONE', #3030, 0.5000000000000002200 ) ;
#10 = CARTESIAN_POINT ( 'NONE',  ( 0.04997885203081810900, 0.4974961952039531100, -0.08457498258637850800 ) ) ;
#11 = ORIENTED_EDGE ( 'NONE', *, *, #1670, .F. ) ;
#12 = SPHERICAL_SURFACE ( 'NONE', #2154, 1.641338582677165400 ) ;
#13 = DIRECTION ( 'NONE',  ( 1.000000000000000000, 0.0000000000000000000, 0.0000000000000000000 ) ) ;
#14 = CARTESIAN_POINT ( 'NONE',  ( -0.04096576863411734200, 0.4983189800199203100, -0.08209098362333217000 ) ) ;
#15 = CARTESIAN_POINT ( 'NONE',  ( -0.09766314367009655600, 0.4903691572361318900, -0.06403033614833843200 ) ) ;
#16 = CARTESIAN_POINT ( 'NONE',  ( -0.1367707588649265900, 0.4809302724912199500, -0.05769796759541113300 ) ) ;
#17 = VERTEX_POINT ( 'NONE', #518 ) ;
#18 = CARTESIAN_POINT ( 'NONE',  ( 0.1281138227959068800, 0.4833082819515167600, -0.1077035812612317200 ) ) ;
#19 = CARTESIAN_POINT ( 'NONE',  ( -0.1076001749384798800, 0.4882849624232169500, -0.09254112043963180800 ) ) ;
#20 = CARTESIAN_POINT ( 'NONE',  ( -0.06342646950878998200, 0.4959607675670029100, -0.08712240156323848600 ) ) ;
#21 = ADVANCED_FACE ( 'NONE', ( #587, #1884 ), #1158, .T. ) ;
#22 = CARTESIAN_POINT ( 'NONE',  ( 0.07581008924692352000, 0.4942195501603880400, -0.08848340052577434400 ) ) ;
#23 = CARTESIAN_POINT ( 'NONE',  ( -0.06021744017600346600, 0.4963607531330072000, -0.1057467681363954300 ) ) ;
#24 = DIRECTION ( 'NONE',  ( 0.0000000000000000000, 0.0000000000000000000, -1.000000000000000000 ) ) ;
#25 = EDGE_CURVE ( 'NONE', #1188, #1911, #3097, .T. ) ;
#26 = CARTESIAN_POINT ( 'NONE',  ( -0.1404031927372292600, 0.4798828492690877500, -0.1170063216394645600 ) ) ;
#27 = CARTESIAN_POINT ( 'NONE',  ( 0.06294873962026244200, 0.4960220762315360500, -0.08399843868026588000 ) ) ;
#28 = AXIS2_PLACEMENT_3D ( 'NONE', #524, #2180, #2212 ) ;
#29 = EDGE_CURVE ( 'NONE', #2655, #1543, #2520, .T. ) ;
#30 = CARTESIAN_POINT ( 'NONE',  ( 0.1117345812864118200, 0.4873555283199907900, -0.09974344915370116100 ) ) ;
#31 = EDGE_LOOP ( 'NONE', ( #2423, #2584, #2175 ) ) ;
#32 = CARTESIAN_POINT ( 'NONE',  ( 0.0000000000000000000, 0.0000000000000000000, -0.1082677165354335900 ) ) ;
#33 = CARTESIAN_POINT ( 'NONE',  ( -0.06314560098420539400, 0.4959966061621388100, -0.09466784118455415200 ) ) ;
#34 = CARTESIAN_POINT ( 'NONE',  ( -0.04084864915796350400, 0.4983285943634553900, -0.08860897140579417100 ) ) ;
#35 = ADVANCED_FACE ( 'NONE', ( #1808 ), #438, .T. ) ;
#36 = ORIENTED_EDGE ( 'NONE', *, *, #2754, .F. ) ;
#37 = CARTESIAN_POINT ( 'NONE',  ( -0.1298210692570385100, 0.4828524746754757100, -0.1128347020114587500 ) ) ;
#38 = VERTEX_POINT ( 'NONE', #1611 ) ;
#39 = DIRECTION ( 'NONE',  ( -0.05297337612224337100, 0.9985959249977997000, 0.0000000000000000000 ) ) ;
#40 = DIRECTION ( 'NONE',  ( -1.000000000000000000, 0.0000000000000000000, 0.0000000000000000000 ) ) ;
#41 = CARTESIAN_POINT ( 'NONE',  ( 0.1169418872279927400, 0.4861326875535708100, -0.1042881185710650800 ) ) ;
#42 = DIRECTION ( 'NONE',  ( -0.0000000000000000000, -0.0000000000000000000, 1.000000000000000000 ) ) ;
#43 = CARTESIAN_POINT ( 'NONE',  ( 0.2163366026553291100, 0.4507754932426710800, -0.07290358568454186100 ) ) ;
#44 = CARTESIAN_POINT ( 'NONE',  ( -0.1411497147234112800, 0.4796631714375200200, -0.1102144669781385500 ) ) ;
#45 = B_SPLINE_CURVE_WITH_KNOTS ( 'NONE', 3,
 ( #2220, #784, #336, #2030, #576, #2266, #823, #2514, #1067, #2764, #1325, #3013, #1548, #100, #1804 ),
 .UNSPECIFIED., .F., .F.,
 ( 4, 2, 2, 2, 1, 2, 2, 4 ),
 ( 0.0000000000000000000, 0.1250000000000003900, 0.2500000000000007800, 0.5000000000000064400, 0.6250000000000066600, 0.6875000000000069900, 0.7500000000000074400, 1.000000000000000000 ),
 .UNSPECIFIED. ) ;
#46 = VECTOR ( 'NONE', #677, 39.37007874015748100 ) ;
#47 = AXIS2_PLACEMENT_3D ( 'NONE', #2847, #1398, #3086 ) ;
#48 = CARTESIAN_POINT ( 'NONE',  ( 0.05053025184712026800, 0.4974408562611807900, -0.1087278020976807900 ) ) ;
#49 = B_SPLINE_CURVE_WITH_KNOTS ( 'NONE', 3,
 ( #119, #1802, #2975, #365 ),
 .UNSPECIFIED., .F., .F.,
 ( 4, 4 ),
 ( 0.0000000000000000000, 1.000000000000000000 ),
 .UNSPECIFIED. ) ;
#50 = ORIENTED_EDGE ( 'NONE', *, *, #1279, .T. ) ;
#51 = CIRCLE ( 'NONE', #2551, 0.5000000000000001100 ) ;
#52 = CARTESIAN_POINT ( 'NONE',  ( 0.05264078914445228400, 0.4972212401101765400, -0.1113753639061427500 ) ) ;
#53 = CARTESIAN_POINT ( 'NONE',  ( 0.0000000000000000000, 0.5000000000000000000, -0.1082677165354335200 ) ) ;
#54 = DIRECTION ( 'NONE',  ( 1.224646799147353200E-016, -1.000000000000000000, 0.0000000000000000000 ) ) ;
#55 = CARTESIAN_POINT ( 'NONE',  ( 0.1383442262957829700, 0.4804798818838393900, -0.07101752188375350100 ) ) ;
#56 = DIRECTION ( 'NONE',  ( -0.3905895763950308900, 0.9205649259077548500, 0.0000000000000000000 ) ) ;
#57 = CARTESIAN_POINT ( 'NONE',  ( -0.1059194973719387200, 0.4886523304740000300, -0.06874405814245053400 ) ) ;
#58 = DIRECTION ( 'NONE',  ( -0.0000000000000000000, -0.0000000000000000000, 1.000000000000000000 ) ) ;
#59 = DIRECTION ( 'NONE',  ( -0.0000000000000000000, -0.0000000000000000000, 1.000000000000000000 ) ) ;
#60 = CARTESIAN_POINT ( 'NONE',  ( 0.1008452221844221000, 0.4897246730778626000, -0.07216602581336450900 ) ) ;
#61 = CARTESIAN_POINT ( 'NONE',  ( 0.06530119797235615900, 0.4957183438756446200, -0.1170071027761497600 ) ) ;
#62 = CARTESIAN_POINT ( 'NONE',  ( -0.1591274636209787400, 0.4740025851148286200, -0.09098817362833162800 ) ) ;
#63 = CARTESIAN_POINT ( 'NONE',  ( -0.07790253067644127600, 0.4938939138418590400, -0.07667902975856036300 ) ) ;
#64 = CARTESIAN_POINT ( 'NONE',  ( 0.1543773610512313400, 0.4755710107993797500, -0.06413895511801719100 ) ) ;
#65 = CARTESIAN_POINT ( 'NONE',  ( -0.04107581920232041000, 0.4983099209256478500, -0.09413250497372774300 ) ) ;
#66 = CARTESIAN_POINT ( 'NONE',  ( -0.1310077760323930500, 0.4825318303946267700, -0.07562092477897886000 ) ) ;
#67 = EDGE_CURVE ( 'NONE', #3060, #420, #641, .T. ) ;
#68 = CARTESIAN_POINT ( 'NONE',  ( -0.1001982312430523500, 0.4898580587934113800, -0.07773709480372792400 ) ) ;
#69 = CARTESIAN_POINT ( 'NONE',  ( -0.08720024235968966400, 0.4923377215276384400, -0.1055316774710900600 ) ) ;
#70 = CARTESIAN_POINT ( 'NONE',  ( 0.1071344164012304500, 0.4883874394556869700, -0.06467953318623659300 ) ) ;
#71 = CARTESIAN_POINT ( 'NONE',  ( 0.1767979376129390800, 0.4676991481104912400, -0.09123783666040406700 ) ) ;
#72 = CARTESIAN_POINT ( 'NONE',  ( -0.1564728795370816100, 0.4748855053465225700, -0.1061180466264837100 ) ) ;
#73 = CARTESIAN_POINT ( 'NONE',  ( -0.08247851882664257500, 0.4931510324747653800, -0.06493665786255535500 ) ) ;
#74 = CARTESIAN_POINT ( 'NONE',  ( -0.04473556771869613400, 0.4979956001880904100, -0.1066981624474424000 ) ) ;
#75 = ORIENTED_EDGE ( 'NONE', *, *, #2618, .T. ) ;
#76 = CARTESIAN_POINT ( 'NONE',  ( -0.1141255744638996900, 0.4868012864785403700, -0.08856983219080417900 ) ) ;
#77 = CARTESIAN_POINT ( 'NONE',  ( 0.1603720295373359000, 0.4735836018204569500, -0.06328460993780761500 ) ) ;
#78 = CARTESIAN_POINT ( 'NONE',  ( -0.07092891668121841000, 0.4949435207964934500, -0.08714606146632752900 ) ) ;
#79 = MANIFOLD_SOLID_BREP ( '20527-001-1-solid1', #1306 ) ;
#80 = CARTESIAN_POINT ( 'NONE',  ( -0.06305029588332443400, 0.4960087434464197600, -0.07849719834125693000 ) ) ;
#81 = EDGE_LOOP ( 'NONE', ( #372, #2457, #1707, #2770, #946, #2103, #1885, #2092, #345, #2531, #2433, #987 ) ) ;
#82 = CARTESIAN_POINT ( 'NONE',  ( 0.1718581581649731600, 0.4695369852815546900, -0.1049176958708464000 ) ) ;
#83 = FACE_OUTER_BOUND ( 'NONE', #284, .T. ) ;
#84 = CARTESIAN_POINT ( 'NONE',  ( -0.1443389994003162200, 0.4787131665409555800, -0.1167869277372019100 ) ) ;
#85 = CARTESIAN_POINT ( 'NONE',  ( -0.1063161033690955100, 0.4885672591534832000, -0.1050664968257923600 ) ) ;
#86 = CARTESIAN_POINT ( 'NONE',  ( -0.03678852001897801200, 0.4986448493688063800, -0.1075901725693790400 ) ) ;
#87 = ORIENTED_EDGE ( 'NONE', *, *, #1625, .F. ) ;
#88 = DIRECTION ( 'NONE',  ( 0.0000000000000000000, 0.0000000000000000000, 1.000000000000000000 ) ) ;
#89 = EDGE_CURVE ( 'NONE', #1816, #3134, #1083, .T. ) ;
#90 = LINE ( 'NONE', #3073, #1882 ) ;
#91 = CARTESIAN_POINT ( 'NONE',  ( 0.1878315803145101400, 0.4633781365543198600, -0.1162714021689320200 ) ) ;
#92 = CARTESIAN_POINT ( 'NONE',  ( 0.1747787859594847100, 0.4684574656688278400, -0.07332421562690286100 ) ) ;
#93 = ORIENTED_EDGE ( 'NONE', *, *, #2501, .F. ) ;
#94 = AXIS2_PLACEMENT_3D ( 'NONE', #2447, #526, #2215 ) ;
#95 = CARTESIAN_POINT ( 'NONE',  ( -0.05544400921547500100, 0.4969171217682170100, -0.05745089053525624700 ) ) ;
#96 = CARTESIAN_POINT ( 'NONE',  ( -0.05766192958520809100, 0.4966648082649870500, -0.06574755238921467500 ) ) ;
#97 = EDGE_CURVE ( 'NONE', #2397, #773, #1721, .T. ) ;
#98 = CARTESIAN_POINT ( 'NONE',  ( 0.1614335020692306300, 0.4732251976335661900, -0.1101716694526990900 ) ) ;
#99 = DIRECTION ( 'NONE',  ( -1.000000000000000000, 0.0000000000000000000, 0.0000000000000000000 ) ) ;
#100 = CARTESIAN_POINT ( 'NONE',  ( -0.04485432280163700200, 0.4979844010211273400, -0.06731788928189023900 ) ) ;
#101 = CARTESIAN_POINT ( 'NONE',  ( -0.09878358482290008900, 0.4901451013559887700, -0.05722769924859446400 ) ) ;
#102 = CARTESIAN_POINT ( 'NONE',  ( 0.1770267781707162700, 0.4676125744785913400, -0.08627064505203316200 ) ) ;
#103 = CARTESIAN_POINT ( 'NONE',  ( -0.06755445841617252500, 0.4954154035507513700, -0.06712581938645015300 ) ) ;
#104 = CARTESIAN_POINT ( 'NONE',  ( -0.2202797164726987800, 0.4488657975394694200, -0.08611291236477290600 ) ) ;
#105 = DIRECTION ( 'NONE',  ( -0.4343152076952054300, 0.9007609562834474300, 0.0000000000000000000 ) ) ;
#106 = EDGE_CURVE ( 'NONE', #2493, #38, #2939, .T. ) ;
#107 = CARTESIAN_POINT ( 'NONE',  ( -0.07064744409508619300, 0.4949837871976937000, -0.09434699156190026700 ) ) ;
#108 = CARTESIAN_POINT ( 'NONE',  ( -0.09476835541537791100, 0.4909373633911363100, -0.08455663607884027200 ) ) ;
#109 = CARTESIAN_POINT ( 'NONE',  ( -0.1051953290705026500, 0.4888090120940646300, -0.1153195496786666200 ) ) ;
#110 = EDGE_CURVE ( 'NONE', #1199, #266, #2363, .T. ) ;
#111 = CARTESIAN_POINT ( 'NONE',  ( -0.1121974073556284000, 0.4872495528485419300, -0.06441119427852362600 ) ) ;
#112 = CARTESIAN_POINT ( 'NONE',  ( 0.1055442098200473900, 0.4887338041895087400, -0.05784907792026472400 ) ) ;
#113 = EDGE_LOOP ( 'NONE', ( #3150, #1677, #2916, #1070, #1638 ) ) ;
#114 = CARTESIAN_POINT ( 'NONE',  ( 0.2096689916984779100, 0.4539150954971026300, -0.07576564808050076400 ) ) ;
#115 = CARTESIAN_POINT ( 'NONE',  ( 0.07353166570764732600, 0.4945645532647435800, -0.07574198817741172000 ) ) ;
#116 = VERTEX_POINT ( 'NONE', #1936 ) ;
#117 = ORIENTED_EDGE ( 'NONE', *, *, #1203, .F. ) ;
#118 = CARTESIAN_POINT ( 'NONE',  ( -0.06408490629531551900, 0.4958771984210466600, -0.1125622758814911100 ) ) ;
#119 = CARTESIAN_POINT ( 'NONE',  ( 0.1302194104504578200, 0.4827451761974792500, -0.1162714021689320200 ) ) ;
#120 = DIRECTION ( 'NONE',  ( 0.0000000000000000000, 1.000000000000000000, 0.0000000000000000000 ) ) ;
#121 = ORIENTED_EDGE ( 'NONE', *, *, #243, .F. ) ;
#122 = CARTESIAN_POINT ( 'NONE',  ( -0.5000000000000001100, 6.123233995736767300E-017, 0.01416980868990835500 ) ) ;
#123 = CARTESIAN_POINT ( 'NONE',  ( 0.09341854361453956500, 0.4911954559868801900, -0.07161999178467234900 ) ) ;
#124 = ORIENTED_EDGE ( 'NONE', *, *, #512, .T. ) ;
#125 = CARTESIAN_POINT ( 'NONE',  ( 0.07340693192862335300, 0.4945823318153659800, -0.08001347059886870800 ) ) ;
#126 = ORIENTED_EDGE ( 'NONE', *, *, #1479, .F. ) ;
#127 = CYLINDRICAL_SURFACE ( 'NONE', #2594, 0.5000000000000001100 ) ;
#128 = CARTESIAN_POINT ( 'NONE',  ( -0.05214606948220317000, 0.4972733528327828400, -0.1170285190677811800 ) ) ;
#129 = CARTESIAN_POINT ( 'NONE',  ( -0.1381695659784588600, 0.4805306663690423500, -0.06444736092280817200 ) ) ;
#130 = FACE_OUTER_BOUND ( 'NONE', #1762, .T. ) ;
#131 = DIRECTION ( 'NONE',  ( 0.003028462966074566700, 0.9999954141955167400, 0.0000000000000000000 ) ) ;
#132 = EDGE_LOOP ( 'NONE', ( #3118, #395, #1550, #1263 ) ) ;
#133 = CARTESIAN_POINT ( 'NONE',  ( -0.1510878524191475200, 0.4766261458852715200, -0.07456978084431073500 ) ) ;
#134 = CARTESIAN_POINT ( 'NONE',  ( 0.1822755894244379400, 0.4655931003095790700, -0.07127414230620604500 ) ) ;
#135 = CARTESIAN_POINT ( 'NONE',  ( 0.1071608895923894900, 0.4883815980696135700, -0.08570719116524129500 ) ) ;
#136 = APPROVAL ( #916, 'UNSPECIFIED' ) ;
#137 = CARTESIAN_POINT ( 'NONE',  ( 0.06520849476443936500, 0.4957297614800552600, -0.07693899899105512100 ) ) ;
#138 = CARTESIAN_POINT ( 'NONE',  ( 0.0000000000000000000, 0.0000000000000000000, -0.09431501210230572300 ) ) ;
#139 = CARTESIAN_POINT ( 'NONE',  ( 0.2172428476248098900, 0.4503393666512664500, -0.07493755147238445600 ) ) ;
#140 = DIRECTION ( 'NONE',  ( -0.0000000000000000000, -0.0000000000000000000, 1.000000000000000000 ) ) ;
#141 = CARTESIAN_POINT ( 'NONE',  ( -0.1441968574413772800, 0.4787560321152655200, -0.06456064239693047600 ) ) ;
#142 = CARTESIAN_POINT ( 'NONE',  ( 0.1630800789109571600, 0.4726600054065868700, -0.05667319844151309100 ) ) ;
#143 = CARTESIAN_POINT ( 'NONE',  ( 0.1009419830792388200, 0.4897048368843080500, -0.07580910437606643000 ) ) ;
#144 = CARTESIAN_POINT ( 'NONE',  ( 0.08037776668979410000, 0.4934975825170702100, -0.1108929137927874100 ) ) ;
#145 = CARTESIAN_POINT ( 'NONE',  ( -0.2097890996091575400, 0.4538599696504312400, -0.07377801196892862200 ) ) ;
#146 = VERTEX_POINT ( 'NONE', #2656 ) ;
#147 = CARTESIAN_POINT ( 'NONE',  ( 0.1682742492697537600, 0.4708340041040430800, -0.1157569252262258800 ) ) ;
#148 = DIRECTION ( 'NONE',  ( -0.0000000000000000000, -0.0000000000000000000, 1.000000000000000000 ) ) ;
#149 = CARTESIAN_POINT ( 'NONE',  ( 0.06409527149796086200, 0.4958747787210021100, -0.07690132342877453700 ) ) ;
#150 = AXIS2_PLACEMENT_3D ( 'NONE', #1898, #1224, #1461 ) ;
#151 = CARTESIAN_POINT ( 'NONE',  ( -0.03569519737738204000, 0.4987243457758280300, -0.1048978808635637600 ) ) ;
#152 = CARTESIAN_POINT ( 'NONE',  ( 0.1375219760354470000, 0.4807158774091283000, -0.1020591981726768100 ) ) ;
#153 = DIRECTION ( 'NONE',  ( 1.000000000000000000, 0.0000000000000000000, 0.0000000000000000000 ) ) ;
#154 = COORDINATED_UNIVERSAL_TIME_OFFSET ( 5, 0, .BEHIND. ) ;
#155 = CARTESIAN_POINT ( 'NONE',  ( -0.1415191818017066900, 0.4795544489509784300, -0.1101997698212464100 ) ) ;
#156 = ORIENTED_EDGE ( 'NONE', *, *, #454, .T. ) ;
#157 = CARTESIAN_POINT ( 'NONE',  ( 0.1827235188394478700, 0.4654160959119199000, -0.09982404495145619200 ) ) ;
#158 = CIRCLE ( 'NONE', #2195, 0.5000000000000000000 ) ;
#159 = CARTESIAN_POINT ( 'NONE',  ( 0.1506724140557556000, 0.4767598675127973600, -0.1074549229918961200 ) ) ;
#160 = CARTESIAN_POINT ( 'NONE',  ( -0.2168378704171732800, 0.4505345025111232000, -0.07576564808050076400 ) ) ;
#161 = CARTESIAN_POINT ( 'NONE',  ( -0.03328850250014952400, 0.4988906449326321300, -0.08714606146632752900 ) ) ;
#162 = CARTESIAN_POINT ( 'NONE',  ( 0.1582531099063835800, 0.4742960391780320400, -0.1170093641428451300 ) ) ;
#163 = ORIENTED_EDGE ( 'NONE', *, *, #899, .T. ) ;
#164 = CARTESIAN_POINT ( 'NONE',  ( -0.03465924393242002900, 0.4987976175921701700, -0.07262395863916187900 ) ) ;
#165 = FACE_OUTER_BOUND ( 'NONE', #2471, .T. ) ;
#166 = ORIENTED_EDGE ( 'NONE', *, *, #1658, .F. ) ;
#167 = CARTESIAN_POINT ( 'NONE',  ( 0.009084902827491891600, 0.4999174577273884400, -0.1018861810907975600 ) ) ;
#168 = DIRECTION ( 'NONE',  ( -1.000000000000000000, 1.224646799147353200E-016, 0.0000000000000000000 ) ) ;
#169 = EDGE_LOOP ( 'NONE', ( #93, #807, #387, #1353, #1968 ) ) ;
#170 = EDGE_CURVE ( 'NONE', #201, #1472, #1213, .T. ) ;
#171 = CARTESIAN_POINT ( 'NONE',  ( 0.01665349113075083000, 0.4997225842736728900, -0.1018861810907975600 ) ) ;
#172 = CARTESIAN_POINT ( 'NONE',  ( -0.1228948704354095300, 0.4846615838094288600, -0.08714606146632752900 ) ) ;
#173 = CARTESIAN_POINT ( 'NONE',  ( -0.04822240992044551900, 0.4976694631957543400, -0.05756314806815354700 ) ) ;
#174 = CARTESIAN_POINT ( 'NONE',  ( 0.1401831313867137600, 0.4799545774130160000, -0.07421986774535034600 ) ) ;
#175 = CARTESIAN_POINT ( 'NONE',  ( -0.1478159133402392700, 0.4776512044465327500, -0.1071360511840941800 ) ) ;
#176 = CARTESIAN_POINT ( 'NONE',  ( 0.07617105541825385000, 0.4941639103743508100, -0.08901519381036145100 ) ) ;
#177 = CARTESIAN_POINT ( 'NONE',  ( 0.07655243701731123700, 0.4941049747263949700, -0.1015089625659197600 ) ) ;
#178 = CARTESIAN_POINT ( 'NONE',  ( 0.1218651821283361500, 0.4849215181490538800, -0.07175751054965877300 ) ) ;
#179 = DIRECTION ( 'NONE',  ( 0.0000000000000000000, 0.0000000000000000000, 1.000000000000000000 ) ) ;
#180 = CARTESIAN_POINT ( 'NONE',  ( 0.1294042373820600600, 0.4829643371069235500, -0.07313165753315620200 ) ) ;
#181 = CARTESIAN_POINT ( 'NONE',  ( -0.1313260547965267600, 0.4824453061272985200, -0.1005755859631805000 ) ) ;
#182 = ORIENTED_EDGE ( 'NONE', *, *, #110, .F. ) ;
#183 = B_SPLINE_CURVE_WITH_KNOTS ( 'NONE', 3,
 ( #294, #2957, #60, #1759, #305, #2004, #549, #2236, #789, #2484, #1042, #2735, #1294, #2986, #1519, #70, #1773, #321, #2013 ),
 .UNSPECIFIED., .F., .F.,
 ( 4, 2, 2, 2, 2, 2, 1, 2, 2, 4 ),
 ( 0.0000000000000000000, 0.1250000000000007800, 0.1875000000000016900, 0.2500000000000026100, 0.3750000000000030500, 0.5000000000000035500, 0.6250000000000040000, 0.6875000000000046600, 0.7500000000000052200, 1.000000000000000000 ),
 .UNSPECIFIED. ) ;
#184 = CARTESIAN_POINT ( 'NONE',  ( -0.2129176709120640100, 0.4524003375478207200, -0.06403033614833843200 ) ) ;
#185 = ADVANCED_FACE ( 'NONE', ( #2292 ), #1572, .T. ) ;
#186 = EDGE_CURVE ( 'NONE', #511, #2631, #1780, .T. ) ;
#187 = CARTESIAN_POINT ( 'NONE',  ( -0.1516608944176834900, 0.4764440943491000700, -0.09554093169971997200 ) ) ;
#188 = CARTESIAN_POINT ( 'NONE',  ( 0.06710903549325318600, 0.4954767466289897700, -0.1101868577455072000 ) ) ;
#189 = CARTESIAN_POINT ( 'NONE',  ( -0.08439118520106628200, 0.4928266712144944700, -0.08544254844391688300 ) ) ;
#190 = PERSON_AND_ORGANIZATION_ROLE ( 'design_supplier' ) ;
#191 = ORIENTED_EDGE ( 'NONE', *, *, #841, .T. ) ;
#192 = EDGE_LOOP ( 'NONE', ( #565, #302, #2455, #225, #2693 ) ) ;
#193 = AXIS2_PLACEMENT_3D ( 'NONE', #1014, #1264, #2456 ) ;
#194 = ORIENTED_EDGE ( 'NONE', *, *, #2395, .F. ) ;
#195 = CARTESIAN_POINT ( 'NONE',  ( -0.1372309428879512300, 0.4807993235067287700, -0.1093166653672868500 ) ) ;
#196 = DIRECTION ( 'NONE',  ( 0.0000000000000000000, 1.000000000000000000, 1.365923996832131900E-016 ) ) ;
#197 = ORIENTED_EDGE ( 'NONE', *, *, #243, .T. ) ;
#198 = CARTESIAN_POINT ( 'NONE',  ( -0.04381890463266473200, 0.4980774163938980200, -0.1152572665709388100 ) ) ;
#199 = ORIENTED_EDGE ( 'NONE', *, *, #649, .F. ) ;
#200 = ORIENTED_EDGE ( 'NONE', *, *, #412, .T. ) ;
#201 = VERTEX_POINT ( 'NONE', #1722 ) ;
#202 = FACE_OUTER_BOUND ( 'NONE', #846, .T. ) ;
#203 = CARTESIAN_POINT ( 'NONE',  ( -0.09496025986577802400, 0.4909000856419633000, -0.06430966276099529800 ) ) ;
#204 = CARTESIAN_POINT ( 'NONE',  ( -0.09473164994419067100, 0.4909440451640587600, -0.07808759298834111500 ) ) ;
#205 = ORIENTED_EDGE ( 'NONE', *, *, #555, .F. ) ;
#206 = CYLINDRICAL_SURFACE ( 'NONE', #2062, 0.5000000000000001100 ) ;
#207 = ORIENTED_EDGE ( 'NONE', *, *, #2405, .F. ) ;
#208 = CARTESIAN_POINT ( 'NONE',  ( -0.1252318907254087500, 0.4840631092436988900, -0.1048978808634809100 ) ) ;
#209 = CARTESIAN_POINT ( 'NONE',  ( 0.05845004892688202700, 0.4965722841286798700, -0.1074524960996340500 ) ) ;
#210 = CARTESIAN_POINT ( 'NONE',  ( -0.09414327548967862900, 0.4910574804722564500, -0.1168237566903544800 ) ) ;
#211 = DIRECTION ( 'NONE',  ( 1.000000000000000000, 0.0000000000000000000, -0.0000000000000000000 ) ) ;
#212 = ORIENTED_EDGE ( 'NONE', *, *, #2139, .F. ) ;
#213 = AXIS2_PLACEMENT_3D ( 'NONE', #806, #299, #409 ) ;
#214 = B_SPLINE_CURVE_WITH_KNOTS ( 'NONE', 3,
 ( #498, #1702, #1955, #2185, #734, #2429, #983, #2684, #1242, #2929, #1469, #23, #1718, #264, #1962, #508, #2200, #747, #2442, #996, #2695, #1250, #2942, #1478, #33, #1728, #277, #1972, #521 ),
 .UNSPECIFIED., .F., .F.,
 ( 4, 2, 2, 2, 2, 2, 2, 1, 1, 2, 2, 1, 1, 1, 2, 2, 4 ),
 ( 0.0000000000000000000, 0.03124999999999948000, 0.06249999999999895900, 0.1249999999999979200, 0.2499999999999951200, 0.3124999999999939500, 0.3749999999999928400, 0.4374999999999916700, 0.4687499999999919000, 0.4843749999999928400, 0.4999999999999936700, 0.6249999999999952300, 0.6874999999999951200, 0.7187499999999957800, 0.7343749999999968900, 0.7499999999999978900, 1.000000000000000000 ),
 .UNSPECIFIED. ) ;
#215 = CARTESIAN_POINT ( 'NONE',  ( -0.1228948704354095300, 0.4846615838094288600, -0.08714606146632752900 ) ) ;
#216 = CARTESIAN_POINT ( 'NONE',  ( 0.09399311397414038300, 0.4910858677047658100, -0.07851755556502880400 ) ) ;
#217 = CARTESIAN_POINT ( 'NONE',  ( 0.04988657485315111500, 0.4975051051491040100, -0.05797340095754498200 ) ) ;
#218 = ORIENTED_EDGE ( 'NONE', *, *, #2897, .T. ) ;
#219 = CARTESIAN_POINT ( 'NONE',  ( -0.07834872457131124300, 0.4938234065574168600, -0.1017336953920333200 ) ) ;
#220 = CARTESIAN_POINT ( 'NONE',  ( -0.1527641855379050800, 0.4760915691512058200, -0.06187245232394318600 ) ) ;
#221 = ORIENTED_EDGE ( 'NONE', *, *, #2569, .F. ) ;
#222 = CARTESIAN_POINT ( 'NONE',  ( 0.1230514015806542100, 0.4846226626550905700, -0.06065564274173621000 ) ) ;
#223 = CARTESIAN_POINT ( 'NONE',  ( 0.1029093626751476800, 0.4892951922466428100, -0.09184827782854301800 ) ) ;
#224 = CARTESIAN_POINT ( 'NONE',  ( -0.09361891297399339800, 0.4911573375211031900, -0.05765153066916133700 ) ) ;
#225 = ORIENTED_EDGE ( 'NONE', *, *, #899, .F. ) ;
#226 = CARTESIAN_POINT ( 'NONE',  ( 0.0000000000000000000, 0.0000000000000000000, -0.1082677165354335900 ) ) ;
#227 = EDGE_CURVE ( 'NONE', #2345, #2, #2664, .T. ) ;
#228 = CARTESIAN_POINT ( 'NONE',  ( -0.1586004569295746100, 0.4741791814432371200, -0.07672030475837722500 ) ) ;
#229 = LOCAL_TIME ( 14, 0, 40.00000000000000000, #879 ) ;
#230 = ORIENTED_EDGE ( 'NONE', *, *, #1903, .F. ) ;
#231 = CARTESIAN_POINT ( 'NONE',  ( 0.5000000000000001100, 0.0000000000000000000, -0.1876574949175361100 ) ) ;
#232 = DIRECTION ( 'NONE',  ( -0.0000000000000000000, -0.0000000000000000000, 1.000000000000000000 ) ) ;
#233 = B_SPLINE_CURVE_WITH_KNOTS ( 'NONE', 3,
 ( #1880, #2848, #663, #2351, #906, #2610, #1154, #2857, #1410, #3099, #1637, #181, #1892, #432, #2122, #672, #2366, #918, #2622, #1165, #2869, #1418, #3111, #1648, #195, #2452, #1012, #2707, #1262, #2952, #1491, #44 ),
 .UNSPECIFIED., .F., .F.,
 ( 4, 1, 1, 1, 2, 2, 1, 1, 1, 2, 2, 2, 2, 2, 2, 2, 2, 2, 4 ),
 ( 0.0000000000000000000, 0.1250000000000044700, 0.1875000000000067200, 0.2187500000000078800, 0.2343750000000084100, 0.2500000000000089400, 0.3750000000000075500, 0.4375000000000068800, 0.4687500000000067200, 0.4843750000000063800, 0.5000000000000060000, 0.5625000000000041100, 0.6250000000000021100, 0.7500000000000016700, 0.8125000000000015500, 0.8750000000000013300, 0.9062500000000004400, 0.9374999999999995600, 1.000000000000000000 ),
 .UNSPECIFIED. ) ;
#234 = VECTOR ( 'NONE', #1207, 39.37007874015748100 ) ;
#235 = PERSON ( 'UNSPECIFIED', 'UNSPECIFIED', 'UNSPECIFIED', ('UNSPECIFIED'), ('UNSPECIFIED'), ('UNSPECIFIED') ) ;
#236 = ORIENTED_EDGE ( 'NONE', *, *, #89, .T. ) ;
#237 = FACE_OUTER_BOUND ( 'NONE', #31, .T. ) ;
#238 = CARTESIAN_POINT ( 'NONE',  ( -0.08632693718031846100, 0.4924913145015211200, -0.07260504244889860700 ) ) ;
#239 = CARTESIAN_POINT ( 'NONE',  ( 0.06238631027799489100, 0.4960932854273295000, -0.07697826073909229400 ) ) ;
#240 = CARTESIAN_POINT ( 'NONE',  ( -0.04238589375034810400, 0.4982001991802722500, -0.07238414990306400700 ) ) ;
#241 = CARTESIAN_POINT ( 'NONE',  ( -0.1044664193878590600, 0.4889650838247100500, -0.06677306580969956400 ) ) ;
#242 = CARTESIAN_POINT ( 'NONE',  ( -0.1250205698661725800, 0.4841177271753187600, -0.06992692180600337800 ) ) ;
#243 = EDGE_CURVE ( 'NONE', #2820, #2655, #998, .T. ) ;
#244 = EDGE_CURVE ( 'NONE', #2854, #17, #2101, .T. ) ;
#245 = CARTESIAN_POINT ( 'NONE',  ( 0.08165430740792538300, 0.4932916483739608300, -0.07816318492685650500 ) ) ;
#246 = VERTEX_POINT ( 'NONE', #516 ) ;
#247 = CARTESIAN_POINT ( 'NONE',  ( 0.04829126432196247100, 0.4976626182457714000, -0.08782789432986919100 ) ) ;
#248 = AXIS2_PLACEMENT_3D ( 'NONE', #2714, #40, #1980 ) ;
#249 = DIRECTION ( 'NONE',  ( -0.0000000000000000000, -0.0000000000000000000, 1.000000000000000000 ) ) ;
#250 = CARTESIAN_POINT ( 'NONE',  ( -0.04086366862628034600, 0.4983273634977246100, -0.08497282108235650100 ) ) ;
#251 = VERTEX_POINT ( 'NONE', #293 ) ;
#252 = CARTESIAN_POINT ( 'NONE',  ( 0.1592471627805155400, 0.4739623836828785200, -0.05645916715984662000 ) ) ;
#253 = CARTESIAN_POINT ( 'NONE',  ( -0.1379550325533105700, 0.4805917720155158400, -0.05746010758574172900 ) ) ;
#254 = ADVANCED_FACE ( 'NONE', ( #2792 ), #2872, .T. ) ;
#255 = ORIENTED_EDGE ( 'NONE', *, *, #2273, .F. ) ;
#256 = CARTESIAN_POINT ( 'NONE',  ( 0.1274304192223087700, 0.4834889217428378100, -0.1064205771585319800 ) ) ;
#257 = ORIENTED_EDGE ( 'NONE', *, *, #594, .F. ) ;
#258 = CARTESIAN_POINT ( 'NONE',  ( -0.1069813608579651700, 0.4884212020097150600, -0.09054345737040846200 ) ) ;
#259 = CARTESIAN_POINT ( 'NONE',  ( 0.05440448801972696400, 0.4970313387335968400, -0.09646806328340808100 ) ) ;
#260 = CARTESIAN_POINT ( 'NONE',  ( 6.123233995736766000E-017, -0.5000000000000000000, -0.1082677165354336400 ) ) ;
#261 = DIRECTION ( 'NONE',  ( -0.0000000000000000000, -0.0000000000000000000, 1.000000000000000000 ) ) ;
#262 = CARTESIAN_POINT ( 'NONE',  ( 0.0000000000000000000, -1.247748521138706000E-016, 0.9106299212598421000 ) ) ;
#263 = EDGE_CURVE ( 'NONE', #1696, #383, #280, .T. ) ;
#264 = CARTESIAN_POINT ( 'NONE',  ( -0.06104463651519351200, 0.4962596173623434200, -0.1043378178668074200 ) ) ;
#265 = DIRECTION ( 'NONE',  ( 0.0000000000000000000, -1.000000000000000000, -1.208642382658147400E-016 ) ) ;
#266 = VERTEX_POINT ( 'NONE', #777 ) ;
#267 = CARTESIAN_POINT ( 'NONE',  ( -0.1393989130802439100, 0.4801755671324438000, -0.1169516018740447300 ) ) ;
#268 = AXIS2_PLACEMENT_3D ( 'NONE', #742, #249, #2331 ) ;
#269 = CARTESIAN_POINT ( 'NONE',  ( 0.1959915392970015000, 0.4599862134064368600, -0.1162714021689320200 ) ) ;
#270 = FACE_OUTER_BOUND ( 'NONE', #2900, .T. ) ;
#271 = CARTESIAN_POINT ( 'NONE',  ( 0.06512451409575963100, 0.4957417805880943200, -0.08374473549283836800 ) ) ;
#272 = ADVANCED_FACE ( 'NONE', ( #2207, #929 ), #206, .T. ) ;
#273 = EDGE_CURVE ( 'NONE', #610, #811, #1536, .T. ) ;
#274 = ORIENTED_EDGE ( 'NONE', *, *, #2633, .T. ) ;
#275 = CIRCLE ( 'NONE', #1612, 1.018897637795275600 ) ;
#276 = CARTESIAN_POINT ( 'NONE',  ( 0.1121654082265311100, 0.4872565848652865000, -0.1001122215655199000 ) ) ;
#277 = CARTESIAN_POINT ( 'NONE',  ( -0.06332343891984684700, 0.4959739553568404700, -0.09248232577472601000 ) ) ;
#278 = ORIENTED_EDGE ( 'NONE', *, *, #2671, .T. ) ;
#279 = CARTESIAN_POINT ( 'NONE',  ( 0.2139262532696215000, 0.4519243110017393500, -0.06548457142170750800 ) ) ;
#280 = CIRCLE ( 'NONE', #1573, 0.4944322300693971800 ) ;
#281 = CARTESIAN_POINT ( 'NONE',  ( -0.1289787265655427700, 0.4830784506354449700, -0.1119554637297921200 ) ) ;
#282 = B_SPLINE_CURVE_WITH_KNOTS ( 'NONE', 3,
 ( #1901, #1166, #2375, #933, #2630, #1176, #2878, #1428, #3121, #1657, #209, #1912, #452, #2143, #690, #2381, #937, #2639, #1185, #2883, #1435 ),
 .UNSPECIFIED., .F., .F.,
 ( 4, 1, 2, 2, 2, 2, 2, 2, 2, 2, 4 ),
 ( 0.0000000000000000000, 0.06249999999999676600, 0.09374999999999575300, 0.1249999999999947500, 0.2499999999999955000, 0.3749999999999962300, 0.4999999999999970000, 0.6249999999999977800, 0.7499999999999984500, 0.8749999999999992200, 1.000000000000000000 ),
 .UNSPECIFIED. ) ;
#283 = ORIENTED_EDGE ( 'NONE', *, *, #2959, .T. ) ;
#284 = EDGE_LOOP ( 'NONE', ( #1946, #75, #1674 ) ) ;
#285 = CARTESIAN_POINT ( 'NONE',  ( 0.04693095248584778400, 0.4977926164586517500, -0.09778701963516593700 ) ) ;
#286 = B_SPLINE_CURVE_WITH_KNOTS ( 'NONE', 3,
 ( #507, #2197, #743, #2440 ),
 .UNSPECIFIED., .F., .F.,
 ( 4, 4 ),
 ( 0.0000000000000000000, 1.000000000000000000 ),
 .UNSPECIFIED. ) ;
#287 = CARTESIAN_POINT ( 'NONE',  ( -0.2086589527926643300, 0.4543802828242757800, -0.05721628405869578400 ) ) ;
#288 = CARTESIAN_POINT ( 'NONE',  ( 0.1179827745764958200, 0.4858807516081439800, -0.1052899326085006300 ) ) ;
#289 = CARTESIAN_POINT ( 'NONE',  ( -0.07691924750054837700, 0.4940480030968139600, -0.08862480540939234000 ) ) ;
#290 = CARTESIAN_POINT ( 'NONE',  ( 0.1455017623546056600, 0.4783609904159242800, -0.07541074953416519700 ) ) ;
#291 = CARTESIAN_POINT ( 'NONE',  ( 0.2172428476248098900, 0.4503393666512664500, -0.07493755147238445600 ) ) ;
#292 = CARTESIAN_POINT ( 'NONE',  ( 0.1221608388721730900, 0.4848471196635565400, -0.07462997273222697600 ) ) ;
#293 = CARTESIAN_POINT ( 'NONE',  ( -0.1148053955939561400, 0.4866412653510955900, -0.07235862203567942900 ) ) ;
#294 = CARTESIAN_POINT ( 'NONE',  ( 0.1007589315133252700, 0.4897424197680788600, -0.07358893699630934800 ) ) ;
#295 = CC_DESIGN_APPROVAL ( #136, ( #3128 ) ) ;
#296 = CARTESIAN_POINT ( 'NONE',  ( 0.05375798975333954300, 0.4971020056737477400, -0.1125081371352117200 ) ) ;
#297 = CARTESIAN_POINT ( 'NONE',  ( -0.2262397186438046000, 0.4458930437118787100, -0.1041575317873451000 ) ) ;
#298 = CARTESIAN_POINT ( 'NONE',  ( 0.1377398600730182800, 0.4806534989873640900, -0.07285546540724838200 ) ) ;
#299 = DIRECTION ( 'NONE',  ( -0.0000000000000000000, -0.0000000000000000000, 1.000000000000000000 ) ) ;
#300 = CARTESIAN_POINT ( 'NONE',  ( -0.1052049630291160300, 0.4888068425003270800, -0.06762549924533874100 ) ) ;
#301 = VERTEX_POINT ( 'NONE', #2994 ) ;
#302 = ORIENTED_EDGE ( 'NONE', *, *, #1249, .T. ) ;
#303 = CARTESIAN_POINT ( 'NONE',  ( 0.0000000000000000000, -1.635744242045158400E-017, 0.02530534855111377400 ) ) ;
#304 = VERTEX_POINT ( 'NONE', #2722 ) ;
#305 = CARTESIAN_POINT ( 'NONE',  ( 0.1010954633676476900, 0.4896730727033637400, -0.07095891787293921700 ) ) ;
#306 = ORIENTED_EDGE ( 'NONE', *, *, #3102, .F. ) ;
#307 = ORIENTED_EDGE ( 'NONE', *, *, #106, .F. ) ;
#308 = CARTESIAN_POINT ( 'NONE',  ( 0.1770092354182706300, 0.4676192157391460000, -0.08720666525548248500 ) ) ;
#309 = CARTESIAN_POINT ( 'NONE',  ( -0.1590905564656492400, 0.4740149732950023600, -0.09184241144361735000 ) ) ;
#310 = CARTESIAN_POINT ( 'NONE',  ( -0.07803859611236208000, 0.4938724345279538200, -0.07598769511031640300 ) ) ;
#311 = CARTESIAN_POINT ( 'NONE',  ( 0.1557114192163255300, 0.4751360540714529800, -0.06371513219131150200 ) ) ;
#312 = B_SPLINE_CURVE_WITH_KNOTS ( 'NONE', 3,
 ( #3012, #562, #1803, #342, #2037, #586, #2279, #830, #2526, #1078, #2773, #1332, #3023, #1562, #109, #1813, #354, #2048, #597, #2291 ),
 .UNSPECIFIED., .F., .F.,
 ( 4, 1, 2, 2, 2, 2, 1, 2, 2, 2, 4 ),
 ( 0.0000000000000000000, 0.06250000000000022200, 0.09375000000000044400, 0.1250000000000006700, 0.2499999999999998900, 0.4999999999999988900, 0.6249999999999988900, 0.6874999999999993300, 0.7499999999999997800, 0.8749999999999998900, 1.000000000000000000 ),
 .UNSPECIFIED. ) ;
#313 = CARTESIAN_POINT ( 'NONE',  ( -0.04143340672925451000, 0.4982803769098190200, -0.09772228742777378000 ) ) ;
#314 = CARTESIAN_POINT ( 'NONE',  ( -0.1308074468602455400, 0.4825861732106808700, -0.07695625046537221700 ) ) ;
#315 = APPROVAL_DATE_TIME ( #953, #942 ) ;
#316 = CARTESIAN_POINT ( 'NONE',  ( -0.1015509846792194000, 0.4895788683699480700, -0.07791874993005752600 ) ) ;
#317 = CYLINDRICAL_SURFACE ( 'NONE', #1554, 0.5000000000000001100 ) ;
#318 = CARTESIAN_POINT ( 'NONE',  ( 0.0000000000000000000, 0.0000000000000000000, -0.1082677165354335900 ) ) ;
#319 = AXIS2_PLACEMENT_3D ( 'NONE', #2809, #140, #1354 ) ;
#320 = CARTESIAN_POINT ( 'NONE',  ( -0.09020113455314840400, 0.4917991416558199500, -0.1085260594125883000 ) ) ;
#321 = CARTESIAN_POINT ( 'NONE',  ( 0.1097579002854164000, 0.4878069681610887100, -0.06406801119394901800 ) ) ;
#322 = LINE ( 'NONE', #231, #1604 ) ;
#323 = CARTESIAN_POINT ( 'NONE',  ( 0.1765208809153307700, 0.4678037863124431300, -0.09334718300330774300 ) ) ;
#324 = VERTEX_POINT ( 'NONE', #78 ) ;
#325 = CARTESIAN_POINT ( 'NONE',  ( -0.1562856594915133000, 0.4749471568820105000, -0.1065826711575629100 ) ) ;
#326 = CARTESIAN_POINT ( 'NONE',  ( 0.1440523965680814400, 0.4787994434447395100, -0.09542702754749045300 ) ) ;
#327 = CARTESIAN_POINT ( 'NONE',  ( 0.0000000000000000000, 0.0000000000000000000, 0.01973757862051097800 ) ) ;
#328 = CARTESIAN_POINT ( 'NONE',  ( -0.04662654635465494900, 0.4978214674176240600, -0.1084073974464030400 ) ) ;
#329 = CARTESIAN_POINT ( 'NONE',  ( -0.1149076155065299800, 0.4866171708438953900, -0.09111756682506906600 ) ) ;
#330 = CARTESIAN_POINT ( 'NONE',  ( 0.1614209498592571700, 0.4732273207258120300, -0.06334041454219956100 ) ) ;
#331 = CARTESIAN_POINT ( 'NONE',  ( -0.06246941049604614500, 0.4960822460463130700, -0.07456978084457223400 ) ) ;
#332 = CARTESIAN_POINT ( 'NONE',  ( 0.1704504658317231300, 0.4700498575783284000, -0.1063387257264881100 ) ) ;
#333 = CARTESIAN_POINT ( 'NONE',  ( -0.1436948001252697800, 0.4789069097158568100, -0.1168811883776418500 ) ) ;
#334 = CARTESIAN_POINT ( 'NONE',  ( -0.1076443434748253200, 0.4882752386282215900, -0.1015568375992835600 ) ) ;
#335 = CARTESIAN_POINT ( 'NONE',  ( -0.03625369168168644800, 0.4986839493152979100, -0.1063303065394442000 ) ) ;
#336 = CARTESIAN_POINT ( 'NONE',  ( -0.05118868100205011700, 0.4973729619099678800, -0.06406863883755248300 ) ) ;
#337 = EDGE_CURVE ( 'NONE', #1746, #2557, #2138, .T. ) ;
#338 = CARTESIAN_POINT ( 'NONE',  ( 0.1752363333140228900, 0.4682865327504128800, -0.07456209524541905500 ) ) ;
#339 = CARTESIAN_POINT ( 'NONE',  ( -0.05875409332317747800, 0.4965388123377613100, -0.05825433383811902400 ) ) ;
#340 = CARTESIAN_POINT ( 'NONE',  ( -0.05530697439972700300, 0.4969317966939426600, -0.06456064239693065600 ) ) ;
#341 = CARTESIAN_POINT ( 'NONE',  ( 0.1112791686684475000, 0.4874596871747030600, -0.06403033614833843200 ) ) ;
#342 = CARTESIAN_POINT ( 'NONE',  ( -0.1153785877817501800, 0.4865056859055466000, -0.09963399816601839500 ) ) ;
#343 = EDGE_LOOP ( 'NONE', ( #415, #191, #2793, #941, #1401 ) ) ;
#344 = CARTESIAN_POINT ( 'NONE',  ( -0.1854939833856521800, 0.4643188367143029600, -0.09204366140575817600 ) ) ;
#345 = ORIENTED_EDGE ( 'NONE', *, *, #2777, .T. ) ;
#346 = CARTESIAN_POINT ( 'NONE',  ( -0.2092608026992707500, 0.4541034204381828000, -0.07493755147238445600 ) ) ;
#347 = CARTESIAN_POINT ( 'NONE',  ( -0.06918534146675706100, 0.4951905664651460300, -0.07137757738977169900 ) ) ;
#348 = VERTEX_POINT ( 'NONE', #816 ) ;
#349 = CARTESIAN_POINT ( 'NONE',  ( 0.0000000000000000000, 0.0000000000000000000, -0.05797340095754498200 ) ) ;
#350 = ORIENTED_EDGE ( 'NONE', *, *, #1210, .T. ) ;
#351 = CARTESIAN_POINT ( 'NONE',  ( -0.07043169429379661500, 0.4950145235380697400, -0.09636829883244087100 ) ) ;
#352 = CYLINDRICAL_SURFACE ( 'NONE', #1348, 0.5000000000000000000 ) ;
#353 = CARTESIAN_POINT ( 'NONE',  ( -0.09252174783961732200, 0.4913657306897864000, -0.08502813751443161200 ) ) ;
#354 = CARTESIAN_POINT ( 'NONE',  ( -0.1022640380076026400, 0.4894317270813788900, -0.1164404875801311700 ) ) ;
#355 = ORIENTED_EDGE ( 'NONE', *, *, #2732, .F. ) ;
#356 = EDGE_CURVE ( 'NONE', #146, #324, #2496, .T. ) ;
#357 = CYLINDRICAL_SURFACE ( 'NONE', #635, 0.5000000000000001100 ) ;
#358 = CARTESIAN_POINT ( 'NONE',  ( -0.1133844761995310600, 0.4869743409448643000, -0.06677239057338088500 ) ) ;
#359 = CARTESIAN_POINT ( 'NONE',  ( 0.1033906902257508700, 0.4891949227778840100, -0.05848984631693028600 ) ) ;
#360 = LINE ( 'NONE', #1061, #855 ) ;
#361 = AXIS2_PLACEMENT_3D ( 'NONE', #1280, #2968, #1503 ) ;
#362 = DIRECTION ( 'NONE',  ( 0.0000000000000000000, 0.0000000000000000000, -1.000000000000000000 ) ) ;
#363 = CARTESIAN_POINT ( 'NONE',  ( -0.1148053955939561400, 0.4866412653510955900, -0.07235862203567942900 ) ) ;
#364 = CARTESIAN_POINT ( 'NONE',  ( -0.06096574296347431800, 0.4962697147234386200, -0.1149257272612174700 ) ) ;
#365 = CARTESIAN_POINT ( 'NONE',  ( 0.1294539929829633100, 0.4829509951338406500, -0.1110189036831658200 ) ) ;
#366 = CARTESIAN_POINT ( 'NONE',  ( -0.1649321864524112800, 0.4720141670247061700, -0.09204366140575817600 ) ) ;
#367 = CARTESIAN_POINT ( 'NONE',  ( 0.1294539929829633100, 0.4829509951338406500, -0.1110189036831658200 ) ) ;
#368 = ORIENTED_EDGE ( 'NONE', *, *, #1670, .T. ) ;
#369 = CARTESIAN_POINT ( 'NONE',  ( 0.09334633249776240500, 0.4912091839812066100, -0.07274810343867467400 ) ) ;
#370 = DIRECTION ( 'NONE',  ( -0.0000000000000000000, -0.0000000000000000000, 1.000000000000000000 ) ) ;
#371 = CARTESIAN_POINT ( 'NONE',  ( -0.1364836604911474600, 0.4810117804558518600, -0.06526343910187246100 ) ) ;
#372 = ORIENTED_EDGE ( 'NONE', *, *, #2273, .T. ) ;
#373 = CARTESIAN_POINT ( 'NONE',  ( 0.07866532106722602700, 0.4937794410859485700, -0.08876282151074504900 ) ) ;
#374 = CARTESIAN_POINT ( 'NONE',  ( -0.1508070850216304500, 0.4767150344590689300, -0.07328285617285058800 ) ) ;
#375 = EDGE_LOOP ( 'NONE', ( #1692, #1634, #3021, #2562 ) ) ;
#376 = AXIS2_PLACEMENT_3D ( 'NONE', #2120, #671, #2365 ) ;
#377 = CARTESIAN_POINT ( 'NONE',  ( 0.1772439552746840300, 0.4675318043157517000, -0.06373875462489656000 ) ) ;
#378 = CARTESIAN_POINT ( 'NONE',  ( 0.1067892476969897100, 0.4884629589676580700, -0.08531434269007695500 ) ) ;
#379 = VERTEX_POINT ( 'NONE', #3031 ) ;
#380 = ORIENTED_EDGE ( 'NONE', *, *, #2862, .T. ) ;
#381 = ORIENTED_EDGE ( 'NONE', *, *, #97, .T. ) ;
#382 = B_SPLINE_CURVE_WITH_KNOTS ( 'NONE', 3,
 ( #2277, #585, #2524, #1075, #2772, #1331, #3020, #1560, #107, #1811, #351, #2046, #595, #2289, #836, #2535, #1089, #2783, #1338, #3033, #1569, #118, #1819, #364, #2056, #605, #2300, #852, #2547, #1099, #2795, #1350, #3041, #1578, #128 ),
 .UNSPECIFIED., .F., .F.,
 ( 4, 1, 1, 2, 2, 1, 2, 2, 1, 1, 1, 2, 2, 2, 2, 2, 2, 1, 2, 2, 4 ),
 ( 0.0000000000000000000, 0.06249999999999884800, 0.09374999999999827900, 0.1093749999999987600, 0.1249999999999992500, 0.1875000000000011900, 0.2187500000000022200, 0.2500000000000032200, 0.3750000000000083800, 0.4375000000000103800, 0.4687500000000105500, 0.4843750000000108200, 0.5000000000000111000, 0.6250000000000079900, 0.7500000000000050000, 0.8125000000000028900, 0.8750000000000007800, 0.9062499999999998900, 0.9218749999999994400, 0.9374999999999990000, 1.000000000000000000 ),
 .UNSPECIFIED. ) ;
#383 = VERTEX_POINT ( 'NONE', #2505 ) ;
#384 = DIRECTION ( 'NONE',  ( 0.003028462966074566700, 0.9999954141955167400, 0.0000000000000000000 ) ) ;
#385 = CARTESIAN_POINT ( 'NONE',  ( -0.2124386692749174200, 0.4526254683803595000, -0.06613053773079419200 ) ) ;
#386 = EDGE_LOOP ( 'NONE', ( #1937, #1681, #1487, #2434, #2513, #1371, #856, #752, #616, #1300, #1830, #199, #2268, #1795, #2668, #1327 ) ) ;
#387 = ORIENTED_EDGE ( 'NONE', *, *, #488, .F. ) ;
#388 = ORIENTED_EDGE ( 'NONE', *, *, #1305, .T. ) ;
#389 = CARTESIAN_POINT ( 'NONE',  ( 0.1596944269541719600, 0.4738123006732399800, -0.1170191400999494500 ) ) ;
#390 = CARTESIAN_POINT ( 'NONE',  ( -0.1433735756417971200, 0.4790031735173876900, -0.06430894054888329500 ) ) ;
#391 = CARTESIAN_POINT ( 'NONE',  ( 0.1592471627805155400, 0.4739623836828785200, -0.05645916715984662000 ) ) ;
#392 = APPROVAL_PERSON_ORGANIZATION ( #1036, #942, #3110 ) ;
#393 = CARTESIAN_POINT ( 'NONE',  ( 0.1007589315133252700, 0.4897424197680788600, -0.07358893699630934800 ) ) ;
#394 = CYLINDRICAL_SURFACE ( 'NONE', #1237, 0.5000000000000001100 ) ;
#395 = ORIENTED_EDGE ( 'NONE', *, *, #1587, .T. ) ;
#396 = CARTESIAN_POINT ( 'NONE',  ( 0.08229706601384403900, 0.4931808894675383500, -0.1079942220262048900 ) ) ;
#397 = CIRCLE ( 'NONE', #3048, 0.5000000000000001100 ) ;
#398 = EDGE_CURVE ( 'NONE', #116, #1345, #450, .T. ) ;
#399 = CARTESIAN_POINT ( 'NONE',  ( 0.1716246241647406400, 0.4696257478831397100, -0.1144409930191602800 ) ) ;
#400 = CARTESIAN_POINT ( 'NONE',  ( 0.1598301651206249500, 0.4737661008530622000, -0.1102144669781385500 ) ) ;
#401 = CARTESIAN_POINT ( 'NONE',  ( 0.1770267781707162700, 0.4676125744785913400, -0.08627064505203316200 ) ) ;
#402 = CARTESIAN_POINT ( 'NONE',  ( -0.03482434534120222600, 0.4987858064861321900, -0.1019053944608731000 ) ) ;
#403 = CARTESIAN_POINT ( 'NONE',  ( 0.1383927849243497000, 0.4804659511710860400, -0.1040644449338185400 ) ) ;
#404 = CARTESIAN_POINT ( 'NONE',  ( -0.03332155437857390500, 0.4988884393298917400, -0.08469855433986690800 ) ) ;
#405 = DIRECTION ( 'NONE',  ( 1.000000000000000000, 0.0000000000000000000, 0.0000000000000000000 ) ) ;
#406 = CARTESIAN_POINT ( 'NONE',  ( 0.1831855406078362600, 0.4652344303486919400, -0.09828657324698984700 ) ) ;
#407 = CARTESIAN_POINT ( 'NONE',  ( 0.1467230381093386800, 0.4779885832563315900, -0.1030140492002181300 ) ) ;
#408 = CARTESIAN_POINT ( 'NONE',  ( -0.2129176709120640100, 0.4524003375478207200, -0.06403033614833843200 ) ) ;
#409 = DIRECTION ( 'NONE',  ( 1.000000000000000000, 0.0000000000000000000, 0.0000000000000000000 ) ) ;
#410 = CARTESIAN_POINT ( 'NONE',  ( 0.0000000000000000000, 0.0000000000000000000, -0.1082677165354335900 ) ) ;
#411 = CARTESIAN_POINT ( 'NONE',  ( -0.03594263836062623600, 0.4987064875238960700, -0.06867009056701201000 ) ) ;
#412 = EDGE_CURVE ( 'NONE', #2367, #1257, #360, .T. ) ;
#413 = ORIENTED_EDGE ( 'NONE', *, *, #2454, .F. ) ;
#414 = CARTESIAN_POINT ( 'NONE',  ( 0.2093467512935627600, 0.4540638035814255100, -0.05721628405869578400 ) ) ;
#415 = ORIENTED_EDGE ( 'NONE', *, *, #2687, .T. ) ;
#416 = CARTESIAN_POINT ( 'NONE',  ( 0.1121231470743857400, 0.4872670205442966000, -0.06405026939000600700 ) ) ;
#417 = ORIENTED_EDGE ( 'NONE', *, *, #1806, .F. ) ;
#418 = AXIS2_PLACEMENT_3D ( 'NONE', #2723, #1282, #2972 ) ;
#419 = CARTESIAN_POINT ( 'NONE',  ( -0.09673480233828135600, 0.4905531347535899100, -0.1102144669781385500 ) ) ;
#420 = VERTEX_POINT ( 'NONE', #1098 ) ;
#421 = CARTESIAN_POINT ( 'NONE',  ( -0.04924570499688997500, 0.4975689930805150500, -0.05739847594077499000 ) ) ;
#422 = EDGE_LOOP ( 'NONE', ( #1278, #2678, #545, #696, #2886, #909, #200, #756, #2162, #2601, #2287 ) ) ;
#423 = CARTESIAN_POINT ( 'NONE',  ( -0.2037554365464981600, 0.4566001774832617000, -0.09128654450690899800 ) ) ;
#424 = VERTEX_POINT ( 'NONE', #1349 ) ;
#425 = CARTESIAN_POINT ( 'NONE',  ( -0.1489232864426005300, 0.4773070208023886800, -0.1057467681363929900 ) ) ;
#426 = CARTESIAN_POINT ( 'NONE',  ( 0.02757531645235763600, 0.4992689384799141600, -0.08722492780995765000 ) ) ;
#427 = CARTESIAN_POINT ( 'NONE',  ( 0.07614388078551552500, 0.4941681706672378400, -0.1029890499325134000 ) ) ;
#428 = ADVANCED_FACE ( 'NONE', ( #1485 ), #1360, .T. ) ;
#429 = CARTESIAN_POINT ( 'NONE',  ( 0.1219759020311185100, 0.4848936787929468100, -0.07233166014650153900 ) ) ;
#430 = SPHERICAL_SURFACE ( 'NONE', #1006, 1.018897637795275600 ) ;
#431 = MECHANICAL_CONTEXT ( 'NONE', #1635, 'mechanical' ) ;
#432 = CARTESIAN_POINT ( 'NONE',  ( -0.1314710183162983400, 0.4824058169889259300, -0.1011804894650000900 ) ) ;
#433 = ORIENTED_EDGE ( 'NONE', *, *, #1958, .F. ) ;
#434 = CARTESIAN_POINT ( 'NONE',  ( 0.2044466021072773000, 0.4562911207625990300, -0.09128654450690899800 ) ) ;
#435 = FACE_OUTER_BOUND ( 'NONE', #1397, .T. ) ;
#436 = EDGE_CURVE ( 'NONE', #1986, #2945, #3042, .T. ) ;
#437 = CARTESIAN_POINT ( 'NONE',  ( 0.0000000000000000000, -1.247748521138706000E-016, 0.9106299212598421000 ) ) ;
#438 = CYLINDRICAL_SURFACE ( 'NONE', #927, 0.5000000000000001100 ) ;
#439 = EDGE_LOOP ( 'NONE', ( #3063, #533, #197, #643 ) ) ;
#440 = CARTESIAN_POINT ( 'NONE',  ( -0.1517374344578738000, 0.4764197217078219900, -0.09466784118457823000 ) ) ;
#441 = VERTEX_POINT ( 'NONE', #1576 ) ;
#442 = ORIENTED_EDGE ( 'NONE', *, *, #841, .F. ) ;
#443 = AXIS2_PLACEMENT_3D ( 'NONE', #2411, #973, #721 ) ;
#444 = PERSON_AND_ORGANIZATION_ROLE ( 'classification_officer' ) ;
#445 = DIRECTION ( 'NONE',  ( -0.0000000000000000000, 1.224606353822377300E-016, -1.000000000000000000 ) ) ;
#446 = CARTESIAN_POINT ( 'NONE',  ( -0.08327158627221144200, 0.4930170817727411700, -0.06392386658443775800 ) ) ;
#447 = CARTESIAN_POINT ( 'NONE',  ( -0.04143391545932788300, 0.4982803462370202800, -0.1136795075493635800 ) ) ;
#448 = VERTEX_POINT ( 'NONE', #2087 ) ;
#449 = CARTESIAN_POINT ( 'NONE',  ( -0.09382006790032176900, 0.4911189934101339900, -0.06463546348431355200 ) ) ;
#450 = B_SPLINE_CURVE_WITH_KNOTS ( 'NONE', 3,
 ( #114, #1817, #2054, #603 ),
 .UNSPECIFIED., .F., .F.,
 ( 4, 4 ),
 ( 0.0000000000000000000, 1.000000000000000000 ),
 .UNSPECIFIED. ) ;
#451 = CARTESIAN_POINT ( 'NONE',  ( -0.1243864825428607800, 0.4842809295657624600, -0.1019053944607589300 ) ) ;
#452 = CARTESIAN_POINT ( 'NONE',  ( 0.05676769801567518200, 0.4967672460969584900, -0.1054524531150753400 ) ) ;
#453 = ORIENTED_EDGE ( 'NONE', *, *, #2501, .T. ) ;
#454 = EDGE_CURVE ( 'NONE', #1013, #2625, #2460, .T. ) ;
#455 = CARTESIAN_POINT ( 'NONE',  ( -0.09085661431759040100, 0.4916784651223041200, -0.1161110097398097800 ) ) ;
#456 = ORIENTED_EDGE ( 'NONE', *, *, #2019, .T. ) ;
#457 = CC_DESIGN_PERSON_AND_ORGANIZATION_ASSIGNMENT ( #1117, #1163, ( #3128 ) ) ;
#458 = DIRECTION ( 'NONE',  ( -0.0000000000000000000, -0.0000000000000000000, 1.000000000000000000 ) ) ;
#459 = CARTESIAN_POINT ( 'NONE',  ( 0.09459640120189305400, 0.4909700282030600700, -0.08036568548048725300 ) ) ;
#460 = CARTESIAN_POINT ( 'NONE',  ( -0.08432978042360221600, 0.4928371930203840900, -0.06274957221279818500 ) ) ;
#461 = ORIENTED_EDGE ( 'NONE', *, *, #356, .T. ) ;
#462 = COORDINATED_UNIVERSAL_TIME_OFFSET ( 5, 0, .BEHIND. ) ;
#463 = ORIENTED_EDGE ( 'NONE', *, *, #1806, .T. ) ;
#464 = CARTESIAN_POINT ( 'NONE',  ( -0.07785405574072200300, 0.4939015643846065800, -0.09949265291269046600 ) ) ;
#465 = VERTEX_POINT ( 'NONE', #1130 ) ;
#466 = VERTEX_POINT ( 'NONE', #401 ) ;
#467 = FACE_OUTER_BOUND ( 'NONE', #1838, .T. ) ;
#468 = CARTESIAN_POINT ( 'NONE',  ( -0.1535843656558797400, 0.4758275858279358300, -0.06285498314547401100 ) ) ;
#469 = FACE_BOUND ( 'NONE', #744, .T. ) ;
#470 = CARTESIAN_POINT ( 'NONE',  ( 0.1201066472905001900, 0.4853603811322683700, -0.05894285450106742000 ) ) ;
#471 = CARTESIAN_POINT ( 'NONE',  ( 0.1035658918330568800, 0.4891565438219904200, -0.09248220170396589900 ) ) ;
#472 = B_SPLINE_CURVE_WITH_KNOTS ( 'NONE', 3,
 ( #292, #1988, #534, #2222 ),
 .UNSPECIFIED., .F., .F.,
 ( 4, 4 ),
 ( 0.0000000000000000000, 1.000000000000000000 ),
 .UNSPECIFIED. ) ;
#473 = CARTESIAN_POINT ( 'NONE',  ( -0.09501646650891121300, 0.4908900189129458700, -0.05738600364376602500 ) ) ;
#474 = VERTEX_POINT ( 'NONE', #3076 ) ;
#475 = CARTESIAN_POINT ( 'NONE',  ( -0.09644462444222155800, 0.4906102673367109300, -0.08447249241726635700 ) ) ;
#476 = CARTESIAN_POINT ( 'NONE',  ( -0.1589936890767561000, 0.4740476059144531100, -0.07971067603407706900 ) ) ;
#477 = ORIENTED_EDGE ( 'NONE', *, *, #2139, .T. ) ;
#478 = AXIS2_PLACEMENT_3D ( 'NONE', #1716, #261, #1961 ) ;
#479 = CARTESIAN_POINT ( 'NONE',  ( -0.04398546332517536100, 0.4980615895871853300, -0.06851215524597320500 ) ) ;
#480 = ORIENTED_EDGE ( 'NONE', *, *, #263, .F. ) ;
#481 = DIRECTION ( 'NONE',  ( 1.000000000000000000, 0.0000000000000000000, 0.0000000000000000000 ) ) ;
#482 = CARTESIAN_POINT ( 'NONE',  ( -0.1229700844899900100, 0.4846425060670292400, -0.08332587868658611300 ) ) ;
#483 = CARTESIAN_POINT ( 'NONE',  ( 0.0000000000000000000, 0.0000000000000000000, -0.1162714021689320200 ) ) ;
#484 = CARTESIAN_POINT ( 'NONE',  ( -0.08585317812330325900, 0.4925741120157199900, -0.07385819791097107700 ) ) ;
#485 = CARTESIAN_POINT ( 'NONE',  ( 0.06101805327877007200, 0.4962629019824108000, -0.07715741501980011300 ) ) ;
#486 = CARTESIAN_POINT ( 'NONE',  ( -0.09577082175477673300, 0.4907423672697554000, -0.07787428330049184200 ) ) ;
#487 = CARTESIAN_POINT ( 'NONE',  ( -0.04187330379109543300, 0.4982435828347929800, -0.07438434169717665600 ) ) ;
#488 = EDGE_CURVE ( 'NONE', #2194, #2226, #1913, .T. ) ;
#489 = CARTESIAN_POINT ( 'NONE',  ( -0.1035257778302176600, 0.4891650944613992700, -0.06593963911540740000 ) ) ;
#490 = CARTESIAN_POINT ( 'NONE',  ( -0.1256771409238407500, 0.4839475812829168200, -0.06815109585979556300 ) ) ;
#491 = CARTESIAN_POINT ( 'NONE',  ( 0.07766726321442658800, 0.4939309630148540600, -0.05797340095754498200 ) ) ;
#492 = EDGE_CURVE ( 'NONE', #2774, #465, #1358, .T. ) ;
#493 = DIRECTION ( 'NONE',  ( -0.0000000000000000000, -0.0000000000000000000, 1.000000000000000000 ) ) ;
#494 = CARTESIAN_POINT ( 'NONE',  ( 0.04752281685483248500, 0.4977364885060487900, -0.09030268178045892900 ) ) ;
#495 = VERTEX_POINT ( 'NONE', #2651 ) ;
#496 = CARTESIAN_POINT ( 'NONE',  ( 6.055048479497750800E-017, -0.4944322300693972400, 0.1304514883488147900 ) ) ;
#497 = CARTESIAN_POINT ( 'NONE',  ( 0.0000000000000000000, 0.0000000000000000000, -0.1082677165354335900 ) ) ;
#498 = CARTESIAN_POINT ( 'NONE',  ( -0.05214606948220317000, 0.4972733528327828400, -0.1102144669781385500 ) ) ;
#499 = CARTESIAN_POINT ( 'NONE',  ( -0.1385984412214415200, 0.4804065942802641100, -0.05736519121369589700 ) ) ;
#500 = CONICAL_SURFACE ( 'NONE', #28, 0.4944322300693971800, 0.7853981633974712600 ) ;
#501 = CARTESIAN_POINT ( 'NONE',  ( 0.1260744275657263400, 0.4838447644307379300, -0.1041987547359990600 ) ) ;
#502 = LINE ( 'NONE', #496, #2935 ) ;
#503 = CARTESIAN_POINT ( 'NONE',  ( -0.1046032447848455500, 0.4889360622368798000, -0.08735450946649317400 ) ) ;
#504 = CARTESIAN_POINT ( 'NONE',  ( 0.05443924527944948200, 0.4970275342432705100, -0.09455998098542656200 ) ) ;
#505 = VECTOR ( 'NONE', #2465, 39.37007874015748100 ) ;
#506 = VERTEX_POINT ( 'NONE', #1205 ) ;
#507 = CARTESIAN_POINT ( 'NONE',  ( 0.08439118520106567200, 0.4928266712144945800, -0.1003719472930991900 ) ) ;
#508 = CARTESIAN_POINT ( 'NONE',  ( -0.06173571815431532600, 0.4961740808304031000, -0.1025611615255452700 ) ) ;
#509 = DIRECTION ( 'NONE',  ( 0.0000000000000000000, -1.224606353822377300E-016, 1.000000000000000000 ) ) ;
#510 = ADVANCED_FACE ( 'NONE', ( #130 ), #766, .T. ) ;
#511 = VERTEX_POINT ( 'NONE', #1683 ) ;
#512 = EDGE_CURVE ( 'NONE', #2179, #2875, #2064, .T. ) ;
#513 = CARTESIAN_POINT ( 'NONE',  ( -0.1380536592690686800, 0.4805634806449458600, -0.1167997020000011700 ) ) ;
#514 = B_SPLINE_CURVE_WITH_KNOTS ( 'NONE', 3,
 ( #1784, #77, #330, #2022, #569, #2258, #812, #2504, #1060, #2756, #1315, #3005, #1540, #92, #1796, #338, #2032, #580, #2270, #826, #2519, #1071, #2766, #1329, #3016, #1553, #102 ),
 .UNSPECIFIED., .F., .F.,
 ( 4, 1, 2, 2, 2, 2, 1, 2, 2, 2, 2, 1, 2, 2, 4 ),
 ( 0.0000000000000000000, 0.06250000000000623100, 0.09375000000000789600, 0.1250000000000095800, 0.2500000000000066600, 0.4999999999999997800, 0.5624999999999988900, 0.5937499999999986700, 0.6249999999999984500, 0.6874999999999967800, 0.7499999999999950000, 0.8124999999999933400, 0.8437499999999932300, 0.8749999999999931200, 1.000000000000000000 ),
 .UNSPECIFIED. ) ;
#515 = VERTEX_POINT ( 'NONE', #2167 ) ;
#516 = CARTESIAN_POINT ( 'NONE',  ( -0.2242377927008959700, 0.4468975411933144300, -0.09810059659655162600 ) ) ;
#517 = AXIS2_PLACEMENT_3D ( 'NONE', #303, #2000, #547 ) ;
#518 = CARTESIAN_POINT ( 'NONE',  ( 0.05136948722378890900, 0.4973541753945221500, -0.1098595684318030100 ) ) ;
#519 = CARTESIAN_POINT ( 'NONE',  ( 0.1140623905442430400, 0.4868162238980013300, -0.1017401990208305900 ) ) ;
#520 = CARTESIAN_POINT ( 'NONE',  ( -0.1854939833856521800, 0.4643188367143029600, -0.09885771349540083100 ) ) ;
#521 = CARTESIAN_POINT ( 'NONE',  ( -0.06342646950878998200, 0.4959607675670029100, -0.08712240156323848600 ) ) ;
#522 = CARTESIAN_POINT ( 'NONE',  ( 0.2141770319113199800, 0.4518054911480105500, -0.06652143195996659800 ) ) ;
#523 = ORIENTED_EDGE ( 'NONE', *, *, #1403, .F. ) ;
#524 = CARTESIAN_POINT ( 'NONE',  ( 0.0000000000000000000, 0.0000000000000000000, 0.01973757862051097800 ) ) ;
#525 = CARTESIAN_POINT ( 'NONE',  ( 0.04706239418707704200, 0.4977802043727128600, -0.09921366385414394400 ) ) ;
#526 = DIRECTION ( 'NONE',  ( -1.000000000000000000, 0.0000000000000000000, -0.0000000000000000000 ) ) ;
#527 = ADVANCED_FACE ( 'NONE', ( #2636, #1987 ), #1917, .T. ) ;
#528 = CARTESIAN_POINT ( 'NONE',  ( 0.05167015053475138700, 0.4973231212265364900, -0.1102321404914477900 ) ) ;
#529 = CARTESIAN_POINT ( 'NONE',  ( 0.1190200098418057700, 0.4856282381676763100, -0.1063599354580912200 ) ) ;
#530 = CARTESIAN_POINT ( 'NONE',  ( 0.1544474879912013100, 0.4755494326068863700, -0.05685595920480698100 ) ) ;
#531 = CARTESIAN_POINT ( 'NONE',  ( -0.1074236290437070900, 0.4883238310005770800, -0.07311573893452862100 ) ) ;
#532 = CARTESIAN_POINT ( 'NONE',  ( -0.05214606948220317000, 0.4972733528327828400, -0.1102144669781385500 ) ) ;
#533 = ORIENTED_EDGE ( 'NONE', *, *, #1777, .T. ) ;
#534 = CARTESIAN_POINT ( 'NONE',  ( 0.1270506496983152000, 0.4835953903719487600, -0.07412522813299420000 ) ) ;
#535 = AXIS2_PLACEMENT_3D ( 'NONE', #895, #1622, #1143 ) ;
#536 = ORIENTED_EDGE ( 'NONE', *, *, #649, .T. ) ;
#537 = LOCAL_TIME ( 14, 0, 40.00000000000000000, #1186 ) ;
#538 = DIRECTION ( 'NONE',  ( -1.000000000000000000, 1.224646799147353200E-016, 0.0000000000000000000 ) ) ;
#539 = CARTESIAN_POINT ( 'NONE',  ( 0.05671908442095166500, 0.4967740304795180100, -0.1147156175123854600 ) ) ;
#540 = FACE_OUTER_BOUND ( 'NONE', #2373, .T. ) ;
#541 = CARTESIAN_POINT ( 'NONE',  ( 0.0000000000000000000, -0.4944322300693972400, 0.01973757862051083900 ) ) ;
#542 = CARTESIAN_POINT ( 'NONE',  ( 0.1470646866917442500, 0.4778828154120925400, -0.07125547678139639000 ) ) ;
#543 = B_SPLINE_CURVE_WITH_KNOTS ( 'NONE', 3,
 ( #683, #917, #1153, #2374, #932, #2628, #1175, #2876, #1426, #3120, #1656, #208, #1910, #451, #2142, #689, #2380, #936, #2637, #1184, #2882, #1434, #3129, #1661, #215 ),
 .UNSPECIFIED., .F., .F.,
 ( 4, 1, 2, 2, 1, 2, 2, 1, 2, 2, 1, 1, 2, 2, 4 ),
 ( 0.0000000000000000000, 0.06249999999999938900, 0.09375000000000047200, 0.1250000000000015500, 0.1875000000000027800, 0.2187500000000029700, 0.2500000000000031600, 0.3750000000000031100, 0.4375000000000040500, 0.5000000000000050000, 0.6250000000000064400, 0.6875000000000071100, 0.7187500000000084400, 0.7500000000000096600, 1.000000000000000000 ),
 .UNSPECIFIED. ) ;
#544 = CARTESIAN_POINT ( 'NONE',  ( -0.1326849324814737800, 0.4820733807000260900, -0.06963247787018592100 ) ) ;
#545 = ORIENTED_EDGE ( 'NONE', *, *, #819, .F. ) ;
#546 = FACE_BOUND ( 'NONE', #1996, .T. ) ;
#547 = DIRECTION ( 'NONE',  ( 0.0000000000000000000, 1.000000000000000000, 1.195183497228114800E-016 ) ) ;
#548 = CARTESIAN_POINT ( 'NONE',  ( -0.08442881757512094000, 0.4928202270814270300, -0.09773790251368676100 ) ) ;
#549 = CARTESIAN_POINT ( 'NONE',  ( 0.1014429880352767200, 0.4896012032995480900, -0.06997023659878004500 ) ) ;
#550 = CARTESIAN_POINT ( 'NONE',  ( 0.1770267781707162700, 0.4676125744785913400, -0.08627064505203316200 ) ) ;
#551 = CARTESIAN_POINT ( 'NONE',  ( -0.1590250670917901500, 0.4740369507989547500, -0.09305114405149347800 ) ) ;
#552 = CARTESIAN_POINT ( 'NONE',  ( -0.07877877403602648300, 0.4937550874380815500, -0.07286191602263296400 ) ) ;
#553 = CARTESIAN_POINT ( 'NONE',  ( 0.1567394781895774800, 0.4747976239984068600, -0.06350736790342949300 ) ) ;
#554 = CARTESIAN_POINT ( 'NONE',  ( -0.04198138279797590500, 0.4982344524127700900, -0.1005755859631772800 ) ) ;
#555 = EDGE_CURVE ( 'NONE', #1275, #1321, #774, .T. ) ;
#556 = CARTESIAN_POINT ( 'NONE',  ( -0.1032154487931934700, 0.4892321079116256400, -0.07826916924805604700 ) ) ;
#557 = CARTESIAN_POINT ( 'NONE',  ( -0.1098884172074492400, 0.4877816160346790700, -0.07286336663491221900 ) ) ;
#558 = CARTESIAN_POINT ( 'NONE',  ( -0.09279935679699311000, 0.4913131118032613200, -0.1096324030044767000 ) ) ;
#559 = CARTESIAN_POINT ( 'NONE',  ( 0.1221608388721730900, 0.4848471196635565400, -0.07462997273222697600 ) ) ;
#560 = CARTESIAN_POINT ( 'NONE',  ( 0.1763516584908468300, 0.4678676090781306900, -0.09433408458334686900 ) ) ;
#561 = CARTESIAN_POINT ( 'NONE',  ( -0.1546094811065225900, 0.4754965609557625900, -0.1099993668642953400 ) ) ;
#562 = CARTESIAN_POINT ( 'NONE',  ( -0.1155157857030911600, 0.4864731277139728900, -0.09764690165411703300 ) ) ;
#563 = DIRECTION ( 'NONE',  ( 1.000000000000000000, 0.0000000000000000000, 0.0000000000000000000 ) ) ;
#564 = CARTESIAN_POINT ( 'NONE',  ( -0.04808650070228202200, 0.4976826394607847300, -0.1093166653672866900 ) ) ;
#565 = ORIENTED_EDGE ( 'NONE', *, *, #2771, .T. ) ;
#566 = ORIENTED_EDGE ( 'NONE', *, *, #1326, .F. ) ;
#567 = ADVANCED_BREP_SHAPE_REPRESENTATION ( '20527-E0W', ( #79, #1446, #2801 ), #1981 ) ;
#568 = CARTESIAN_POINT ( 'NONE',  ( -0.1152028860720653900, 0.4865473237996027500, -0.09260561225626355600 ) ) ;
#569 = CARTESIAN_POINT ( 'NONE',  ( 0.1629814494147262300, 0.4726913914137453900, -0.06354312483661055100 ) ) ;
#570 = ORIENTED_EDGE ( 'NONE', *, *, #1050, .T. ) ;
#571 = DIRECTION ( 'NONE',  ( 0.7071067811865637800, 8.659560562355132500E-017, -0.7071067811865312500 ) ) ;
#572 = CARTESIAN_POINT ( 'NONE',  ( -0.06217720248846728800, 0.4961189337877972000, -0.07328285617294227900 ) ) ;
#573 = CARTESIAN_POINT ( 'NONE',  ( 0.1688308325685646800, 0.4706338840376954000, -0.1075360568914268400 ) ) ;
#574 = CARTESIAN_POINT ( 'NONE',  ( -0.1421577422279569600, 0.4793665407950767300, -0.1170125930508032100 ) ) ;
#575 = CARTESIAN_POINT ( 'NONE',  ( -0.1079020105647088000, 0.4882183500052503200, -0.1003479507168115900 ) ) ;
#576 = CARTESIAN_POINT ( 'NONE',  ( -0.05016540429778294800, 0.4974772052894265200, -0.06418893817242818400 ) ) ;
#577 = EDGE_CURVE ( 'NONE', #3029, #1918, #214, .T. ) ;
#578 = CARTESIAN_POINT ( 'NONE',  ( 0.2289082778368851400, 0.4445289833750130600, -0.1102144669781385500 ) ) ;
#579 = FACE_OUTER_BOUND ( 'NONE', #999, .T. ) ;
#580 = CARTESIAN_POINT ( 'NONE',  ( 0.1758039110876167000, 0.4680737378638902300, -0.07651690460104591800 ) ) ;
#581 = AXIS2_PLACEMENT_3D ( 'NONE', #349, #2045, #593 ) ;
#582 = CARTESIAN_POINT ( 'NONE',  ( -0.06235333519062023800, 0.4960973438776124500, -0.06022891392893251600 ) ) ;
#583 = CARTESIAN_POINT ( 'NONE',  ( -0.05445258586237166500, 0.4970260942092916700, -0.06430894054888357200 ) ) ;
#584 = CIRCLE ( 'NONE', #2649, 0.4944322300693971800 ) ;
#585 = CARTESIAN_POINT ( 'NONE',  ( -0.07091926845196915000, 0.4949449034561702000, -0.08820509381460951700 ) ) ;
#586 = CARTESIAN_POINT ( 'NONE',  ( -0.1152993878453708700, 0.4865244635368854400, -0.1003482042141354000 ) ) ;
#587 = FACE_BOUND ( 'NONE', #2518, .T. ) ;
#588 = ORIENTED_EDGE ( 'NONE', *, *, #1829, .T. ) ;
#589 = CARTESIAN_POINT ( 'NONE',  ( 0.0000000000000000000, 0.0000000000000000000, -0.1082677165354335900 ) ) ;
#590 = CARTESIAN_POINT ( 'NONE',  ( -0.1003691604602898100, 0.4898225038730447700, -0.05732464319479271100 ) ) ;
#591 = CARTESIAN_POINT ( 'NONE',  ( 0.009084902827491891600, 0.4999174577273884400, -0.1018861810907975600 ) ) ;
#592 = CARTESIAN_POINT ( 'NONE',  ( -0.07013501119870925400, 0.4950566521709722800, -0.07567368439475431800 ) ) ;
#593 = DIRECTION ( 'NONE',  ( 0.01816980565498378000, 0.9998349154547766500, 0.0000000000000000000 ) ) ;
#594 = EDGE_CURVE ( 'NONE', #301, #2658, #2806, .T. ) ;
#595 = CARTESIAN_POINT ( 'NONE',  ( -0.07007827894797748200, 0.4950647436260263200, -0.09902556842080030600 ) ) ;
#596 = CARTESIAN_POINT ( 'NONE',  ( -0.08899270169937353900, 0.4920180179944418900, -0.08676691356328483700 ) ) ;
#597 = CARTESIAN_POINT ( 'NONE',  ( -0.09871498305950440800, 0.4901606093558540900, -0.1170097119775836400 ) ) ;
#598 = VERTEX_POINT ( 'NONE', #252 ) ;
#599 = CARTESIAN_POINT ( 'NONE',  ( -0.1305279148303514800, 0.4826618607439318600, -0.07936696382517259600 ) ) ;
#600 = AXIS2_PLACEMENT_3D ( 'NONE', #1724, #2425, #105 ) ;
#601 = CARTESIAN_POINT ( 'NONE',  ( -0.1139240190453970100, 0.4868483585982150700, -0.06824352819204847200 ) ) ;
#602 = CARTESIAN_POINT ( 'NONE',  ( 0.1003942762354809400, 0.4898183136912864200, -0.06002082048255257000 ) ) ;
#603 = CARTESIAN_POINT ( 'NONE',  ( 0.2136024664316382200, 0.4520774118824352200, -0.06403033614833843200 ) ) ;
#604 = CARTESIAN_POINT ( 'NONE',  ( -0.1123491000894583000, 0.4872207393849839500, -0.07261099433529583100 ) ) ;
#605 = CARTESIAN_POINT ( 'NONE',  ( -0.05873575129442312700, 0.4965387148208729700, -0.1159652966339568300 ) ) ;
#606 = CARTESIAN_POINT ( 'NONE',  ( -0.4944322300693971800, 0.0000000000000000000, 0.01973757862051097800 ) ) ;
#607 = CARTESIAN_POINT ( 'NONE',  ( 0.0000000000000000000, 0.0000000000000000000, -0.1082677165354335900 ) ) ;
#608 = CARTESIAN_POINT ( 'NONE',  ( 0.1847155273149926100, 0.4646290781939158600, -0.08357035012659686000 ) ) ;
#609 = CARTESIAN_POINT ( 'NONE',  ( 0.07285371583283335700, 0.4946638930647333500, -0.07964085317286817600 ) ) ;
#610 = VERTEX_POINT ( 'NONE', #2950 ) ;
#611 = B_SPLINE_CURVE_WITH_KNOTS ( 'NONE', 3,
 ( #2230, #34, #1034, #2729, #1290, #2979, #1514, #65, #1768, #313, #2009, #554, #2243, #795, #2489, #1048, #2739, #1298, #2991, #1525, #74, #1781, #328, #2017, #564, #2255, #808, #2499, #1058, #2752, #1312, #3000 ),
 .UNSPECIFIED., .F., .F.,
 ( 4, 1, 1, 1, 2, 2, 1, 1, 1, 2, 2, 2, 2, 2, 2, 2, 2, 2, 4 ),
 ( 0.0000000000000000000, 0.1249999999999982000, 0.1874999999999972800, 0.2187499999999967800, 0.2343749999999965000, 0.2499999999999962300, 0.3749999999999940000, 0.4374999999999919500, 0.4687499999999919000, 0.4843749999999931200, 0.4999999999999943400, 0.5624999999999956700, 0.6249999999999970000, 0.7499999999999983300, 0.8124999999999993300, 0.8750000000000003300, 0.9062500000000005600, 0.9375000000000007800, 1.000000000000000000 ),
 .UNSPECIFIED. ) ;
#612 = B_SPLINE_CURVE_WITH_KNOTS ( 'NONE', 3,
 ( #1561, #3022, #108, #1812, #353, #2047, #596, #2290, #837, #2536, #1090, #2784, #1339, #3034 ),
 .UNSPECIFIED., .F., .F.,
 ( 4, 2, 2, 2, 2, 2, 4 ),
 ( 0.0000000000000000000, 0.1249999999999996700, 0.2499999999999993300, 0.4999999999999986700, 0.7499999999999980000, 0.8749999999999990000, 1.000000000000000000 ),
 .UNSPECIFIED. ) ;
#613 = ORGANIZATION ( 'UNSPECIFIED', 'UNSPECIFIED', '' ) ;
#614 = CARTESIAN_POINT ( 'NONE',  ( 0.06694794500517742300, 0.4954981974337398000, -0.1170142658613128900 ) ) ;
#615 = CARTESIAN_POINT ( 'NONE',  ( -0.1355630381426084800, 0.4812719446325695000, -0.06590186616729985800 ) ) ;
#616 = ORIENTED_EDGE ( 'NONE', *, *, #2667, .T. ) ;
#617 = CARTESIAN_POINT ( 'NONE',  ( 0.08115667577644078400, 0.4933760869303245300, -0.08851044921112866100 ) ) ;
#618 = CIRCLE ( 'NONE', #418, 0.4944322300693971800 ) ;
#619 = CARTESIAN_POINT ( 'NONE',  ( -0.1507292747761400700, 0.4767396435477193600, -0.07296149076766997300 ) ) ;
#620 = CARTESIAN_POINT ( 'NONE',  ( 0.1738174691652566200, 0.4688156086128663600, -0.06087011877509424000 ) ) ;
#621 = CARTESIAN_POINT ( 'NONE',  ( 0.1057278538166281800, 0.4886946907943237100, -0.08417726088130991800 ) ) ;
#622 = FACE_BOUND ( 'NONE', #422, .T. ) ;
#623 = CC_DESIGN_DATE_AND_TIME_ASSIGNMENT ( #1669, #2866, ( #3128 ) ) ;
#624 = CARTESIAN_POINT ( 'NONE',  ( 0.06789314507950397500, 0.4953696276421317200, -0.1169736676235937100 ) ) ;
#625 = CARTESIAN_POINT ( 'NONE',  ( -0.2123124994000076500, 0.4526846655560576900, -0.06664096794200644000 ) ) ;
#626 = CARTESIAN_POINT ( 'NONE',  ( 0.1590901593902422400, 0.4740151064947059600, -0.1170285190677811800 ) ) ;
#627 = CARTESIAN_POINT ( 'NONE',  ( -0.1428957507703413300, 0.4791459236202649200, -0.06420137147842063000 ) ) ;
#628 = ORIENTED_EDGE ( 'NONE', *, *, #1546, .F. ) ;
#629 = DIRECTION ( 'NONE',  ( 1.000000000000000000, 0.0000000000000000000, 0.0000000000000000000 ) ) ;
#630 = CARTESIAN_POINT ( 'NONE',  ( 0.08325497562113962100, 0.4930199463848250500, -0.1057387743146137300 ) ) ;
#631 = CARTESIAN_POINT ( 'NONE',  ( -0.1973566733472811600, 0.4594076187961685900, -0.1102144669781385500 ) ) ;
#632 = CARTESIAN_POINT ( 'NONE',  ( 0.1753678980446775100, 0.4682378582311205700, -0.1117851631505597100 ) ) ;
#633 = CARTESIAN_POINT ( 'NONE',  ( 0.0000000000000000000, 0.0000000000000000000, -0.1162714021689320200 ) ) ;
#634 = CARTESIAN_POINT ( 'NONE',  ( 0.2248742244563432800, 0.4466460205048566900, -0.07690132342877453700 ) ) ;
#635 = AXIS2_PLACEMENT_3D ( 'NONE', #1700, #732, #13 ) ;
#636 = CARTESIAN_POINT ( 'NONE',  ( -0.03444257486580839400, 0.4988123076265531000, -0.1002106550713782500 ) ) ;
#637 = CARTESIAN_POINT ( 'NONE',  ( 0.1403051960588113400, 0.4799127412481856100, -0.1076637354601989900 ) ) ;
#638 = ORIENTED_EDGE ( 'NONE', *, *, #1146, .F. ) ;
#639 = CARTESIAN_POINT ( 'NONE',  ( -0.03338853445483192700, 0.4988839602855664700, -0.08279520592552543100 ) ) ;
#640 = VERTEX_POINT ( 'NONE', #3 ) ;
#641 = B_SPLINE_CURVE_WITH_KNOTS ( 'NONE', 3,
 ( #894, #1016, #2713, #2461, #1494, #2956, #1266, #1239, #2681, #2424, #2926, #731, #1713, #22, #768 ),
 .UNSPECIFIED., .F., .F.,
 ( 4, 1, 2, 2, 2, 2, 2, 4 ),
 ( 0.0000000000000000000, 0.1249999999999990000, 0.1874999999999987200, 0.2499999999999984500, 0.4999999999999980000, 0.7499999999999975600, 0.8749999999999987800, 1.000000000000000000 ),
 .UNSPECIFIED. ) ;
#642 = DIRECTION ( 'NONE',  ( -0.0000000000000000000, -0.0000000000000000000, 1.000000000000000000 ) ) ;
#643 = ORIENTED_EDGE ( 'NONE', *, *, #29, .T. ) ;
#644 = CARTESIAN_POINT ( 'NONE',  ( 0.1841628550996950400, 0.4648484950297763200, -0.09416219597985156500 ) ) ;
#645 = CARTESIAN_POINT ( 'NONE',  ( 0.1450847607836066900, 0.4784877046081287800, -0.09928906596395795100 ) ) ;
#646 = CARTESIAN_POINT ( 'NONE',  ( 0.09333181835819613600, 0.4912119417135060200, -0.07351795728704224600 ) ) ;
#647 = CARTESIAN_POINT ( 'NONE',  ( -0.4944322300693971800, 0.0000000000000000000, 0.01973757862051097800 ) ) ;
#648 = CARTESIAN_POINT ( 'NONE',  ( -0.03629756556511734600, 0.4986807514978116600, -0.06780946544438810900 ) ) ;
#649 = EDGE_CURVE ( 'NONE', #1411, #1308, #51, .T. ) ;
#650 = CYLINDRICAL_SURFACE ( 'NONE', #2532, 0.5000000000000001100 ) ;
#651 = CARTESIAN_POINT ( 'NONE',  ( -0.2074307340552360700, 0.4549467561546941000, -0.08038721581722597900 ) ) ;
#652 = ORIENTED_EDGE ( 'NONE', *, *, #2936, .T. ) ;
#653 = VERTEX_POINT ( 'NONE', #1010 ) ;
#654 = CARTESIAN_POINT ( 'NONE',  ( 0.09258790191803856200, 0.4913527047024527400, -0.1162714021689320200 ) ) ;
#655 = CARTESIAN_POINT ( 'NONE',  ( 0.0000000000000000000, 0.0000000000000000000, -0.09128654450690899800 ) ) ;
#656 = VECTOR ( 'NONE', #1091, 39.37007874015748100 ) ;
#657 = EDGE_CURVE ( 'NONE', #1976, #1607, #2560, .T. ) ;
#658 = ORIENTED_EDGE ( 'NONE', *, *, #1886, .T. ) ;
#659 = CARTESIAN_POINT ( 'NONE',  ( 0.1142700874551967100, 0.4867673468061893300, -0.06432478384902523500 ) ) ;
#660 = EDGE_LOOP ( 'NONE', ( #433, #2760, #2453, #1712, #2629, #2232, #87, #182 ) ) ;
#661 = VERTEX_POINT ( 'NONE', #1738 ) ;
#662 = CARTESIAN_POINT ( 'NONE',  ( 0.2093467512935627600, 0.4540638035814255100, -0.05721628405869578400 ) ) ;
#663 = CARTESIAN_POINT ( 'NONE',  ( -0.1302666406802882000, 0.4827324366990363200, -0.09062267932451410800 ) ) ;
#664 = CARTESIAN_POINT ( 'NONE',  ( -0.05026898736221204600, 0.4974669925745683900, -0.05727642169899204600 ) ) ;
#665 = ORIENTED_EDGE ( 'NONE', *, *, #839, .F. ) ;
#666 = CARTESIAN_POINT ( 'NONE',  ( -0.1497185879841072300, 0.4770580676227336200, -0.1043378178669050300 ) ) ;
#667 = CARTESIAN_POINT ( 'NONE',  ( 0.07466560939840358200, 0.4943945428722680800, -0.1061862476021318800 ) ) ;
#668 = CARTESIAN_POINT ( 'NONE',  ( 0.1221291448893642900, 0.4848551051983157100, -0.07369743024962105400 ) ) ;
#669 = APPLICATION_CONTEXT ( 'configuration controlled 3d designs of mechanical parts and assemblies' ) ;
#670 = ORIENTED_EDGE ( 'NONE', *, *, #577, .F. ) ;
#671 = DIRECTION ( 'NONE',  ( -0.0000000000000000000, -0.0000000000000000000, 1.000000000000000000 ) ) ;
#672 = CARTESIAN_POINT ( 'NONE',  ( -0.1317112167159437100, 0.4823403261586982600, -0.1021019891930939600 ) ) ;
#673 = CARTESIAN_POINT ( 'NONE',  ( 0.2096689916984779100, 0.4539150954971026300, -0.07576564808050076400 ) ) ;
#674 = DIRECTION ( 'NONE',  ( 0.0000000000000000000, 0.0000000000000000000, -1.000000000000000000 ) ) ;
#675 = EDGE_CURVE ( 'NONE', #2106, #862, #2224, .T. ) ;
#676 = CARTESIAN_POINT ( 'NONE',  ( -0.1519082513306521100, 0.4763653067621616000, -0.09248232577430112700 ) ) ;
#677 = DIRECTION ( 'NONE',  ( -0.0000000000000000000, -0.0000000000000000000, 1.000000000000000000 ) ) ;
#678 = ORIENTED_EDGE ( 'NONE', *, *, #454, .F. ) ;
#679 = CARTESIAN_POINT ( 'NONE',  ( -0.08531121972260047300, 0.4926682493624119400, -0.08416536948063424500 ) ) ;
#680 = APPROVAL_STATUS ( 'not_yet_approved' ) ;
#681 = VERTEX_POINT ( 'NONE', #2990 ) ;
#682 = AXIS2_PLACEMENT_3D ( 'NONE', #2481, #1039, #2733 ) ;
#683 = CARTESIAN_POINT ( 'NONE',  ( -0.1284481746273784500, 0.4832194806036844700, -0.1113383123748678100 ) ) ;
#684 = ORIENTED_EDGE ( 'NONE', *, *, #2256, .F. ) ;
#685 = CARTESIAN_POINT ( 'NONE',  ( -0.08358338933716751000, 0.4929644176018971900, -0.06356818211861937900 ) ) ;
#686 = ORIENTED_EDGE ( 'NONE', *, *, #1847, .F. ) ;
#687 = CARTESIAN_POINT ( 'NONE',  ( -0.04070609341393974900, 0.4983403161256378900, -0.1130865907089410300 ) ) ;
#688 = CARTESIAN_POINT ( 'NONE',  ( -0.09298371578110768700, 0.4912779845878496000, -0.06494531375905264500 ) ) ;
#689 = CARTESIAN_POINT ( 'NONE',  ( -0.1240157863739324000, 0.4843759840590457500, -0.1002106550712145400 ) ) ;
#690 = CARTESIAN_POINT ( 'NONE',  ( 0.05557461356192386300, 0.4969020066423196500, -0.1032177958812710200 ) ) ;
#691 = CIRCLE ( 'NONE', #2409, 0.4944322300693974000 ) ;
#692 = CARTESIAN_POINT ( 'NONE',  ( -0.08643135161111904800, 0.4924750676381637300, -0.1139540947435393900 ) ) ;
#693 = FACE_BOUND ( 'NONE', #439, .T. ) ;
#694 = CARTESIAN_POINT ( 'NONE',  ( -0.1429303418833232400, 0.4791356255804047300, -0.05730078380519374600 ) ) ;
#695 = AXIS2_PLACEMENT_3D ( 'NONE', #1900, #445, #2133 ) ;
#696 = ORIENTED_EDGE ( 'NONE', *, *, #2276, .T. ) ;
#697 = CARTESIAN_POINT ( 'NONE',  ( -0.02648668806112169600, 0.4992979624989000700, -0.09204366140575817600 ) ) ;
#698 = CARTESIAN_POINT ( 'NONE',  ( 0.1292741461012991100, 0.4829991824669740400, -0.07214085682312126900 ) ) ;
#699 = CARTESIAN_POINT ( 'NONE',  ( 0.09604984301513508300, 0.4906885154369993200, -0.08347823090903543100 ) ) ;
#700 = CARTESIAN_POINT ( 'NONE',  ( -0.08459012465401161100, 0.4927925787948342900, -0.06247690430937213200 ) ) ;
#701 = CARTESIAN_POINT ( 'NONE',  ( -0.07754004020648397300, 0.4939509720881714000, -0.09773686270434407700 ) ) ;
#702 = CARTESIAN_POINT ( 'NONE',  ( -0.1548215496041890300, 0.4754267303815955500, -0.06471146620799599100 ) ) ;
#703 = B_SPLINE_CURVE_WITH_KNOTS ( 'NONE', 3,
 ( #259, #504, #2193, #739, #2439, #991, #2690, #1247, #2938, #1474, #27, #1723, #271, #1966 ),
 .UNSPECIFIED., .F., .F.,
 ( 4, 2, 2, 2, 2, 2, 4 ),
 ( 0.0000000000000000000, 0.2499999999999989500, 0.3749999999999985600, 0.4999999999999982200, 0.7499999999999990000, 0.8749999999999995600, 1.000000000000000000 ),
 .UNSPECIFIED. ) ;
#704 = CARTESIAN_POINT ( 'NONE',  ( 0.1184219747245871800, 0.4857741483411949800, -0.05828519526225017100 ) ) ;
#705 = CARTESIAN_POINT ( 'NONE',  ( 0.1052558274702531000, 0.4887978283044837600, -0.09408916557689964200 ) ) ;
#706 = CARTESIAN_POINT ( 'NONE',  ( -0.09815038301312391200, 0.4902718657177639900, -0.05721628405869578400 ) ) ;
#707 = EDGE_CURVE ( 'NONE', #383, #1746, #1431, .T. ) ;
#708 = CARTESIAN_POINT ( 'NONE',  ( -0.1592023064511578200, 0.4739774526500514800, -0.08714606146632752900 ) ) ;
#709 = VERTEX_POINT ( 'NONE', #1524 ) ;
#710 = CARTESIAN_POINT ( 'NONE',  ( -0.1047531344752106700, 0.4889036518759279400, -0.06705880374373515700 ) ) ;
#711 = CARTESIAN_POINT ( 'NONE',  ( -0.1230074649758115000, 0.4846330195348608200, -0.08245422781935130000 ) ) ;
#712 = ORIENTED_EDGE ( 'NONE', *, *, #1727, .F. ) ;
#713 = APPROVAL_DATE_TIME ( #1389, #2081 ) ;
#714 = DIRECTION ( 'NONE',  ( 0.1851758038360771200, 0.9827054094049054700, 0.0000000000000000000 ) ) ;
#715 = EDGE_LOOP ( 'NONE', ( #678, #368, #2074, #1112, #1651, #2221, #985, #2398 ) ) ;
#716 = CARTESIAN_POINT ( 'NONE',  ( -0.08538505301826332400, 0.4926554963885108600, -0.07544522863847792600 ) ) ;
#717 = CONICAL_SURFACE ( 'NONE', #1711, 0.4944322300693971800, 0.7853981633974498300 ) ;
#718 = CARTESIAN_POINT ( 'NONE',  ( 0.05932056456088166700, 0.4964701171213742300, -0.07750479104385076000 ) ) ;
#719 = CYLINDRICAL_SURFACE ( 'NONE', #1668, 0.5000000000000001100 ) ;
#720 = CARTESIAN_POINT ( 'NONE',  ( -0.09687540776856072600, 0.4905256119749068500, -0.07772902356201240300 ) ) ;
#721 = DIRECTION ( 'NONE',  ( 1.224646799147353200E-016, -1.000000000000000000, 0.0000000000000000000 ) ) ;
#722 = CARTESIAN_POINT ( 'NONE',  ( -0.04151570810153424500, 0.4982734697992363700, -0.07647013928451168500 ) ) ;
#723 = CARTESIAN_POINT ( 'NONE',  ( -0.1021265691346032500, 0.4894594369978176900, -0.06503332906525764700 ) ) ;
#724 = ORIENTED_EDGE ( 'NONE', *, *, #1894, .F. ) ;
#725 = CARTESIAN_POINT ( 'NONE',  ( -0.1258663037413443000, 0.4838984220770085100, -0.06768947755056690900 ) ) ;
#726 = VERTEX_POINT ( 'NONE', #1779 ) ;
#727 = EDGE_CURVE ( 'NONE', #2573, #515, #1664, .T. ) ;
#728 = CARTESIAN_POINT ( 'NONE',  ( -0.1080540901086263900, 0.4881847353033153500, -0.09477783961138236400 ) ) ;
#729 = CARTESIAN_POINT ( 'NONE',  ( 0.04722306177652954600, 0.4977649904155580000, -0.09180169813770393300 ) ) ;
#730 = AXIS2_PLACEMENT_3D ( 'NONE', #1086, #2782, #1337 ) ;
#731 = CARTESIAN_POINT ( 'NONE',  ( 0.07499932597977050600, 0.4943431663645194700, -0.08744741388704484200 ) ) ;
#732 = DIRECTION ( 'NONE',  ( -0.0000000000000000000, -0.0000000000000000000, 1.000000000000000000 ) ) ;
#733 = DIRECTION ( 'NONE',  ( 1.000000000000000000, 0.0000000000000000000, 0.0000000000000000000 ) ) ;
#734 = CARTESIAN_POINT ( 'NONE',  ( -0.05365022092695483800, 0.4971133981396889700, -0.1101053612955414500 ) ) ;
#735 = CARTESIAN_POINT ( 'NONE',  ( -0.1401399230173087900, 0.4799603212287358300, -0.05723270394830543000 ) ) ;
#736 = CARTESIAN_POINT ( 'NONE',  ( 0.1246879285934347500, 0.4842034114814409700, -0.1023535388863477000 ) ) ;
#737 = B_SPLINE_CURVE_WITH_KNOTS ( 'NONE', 3,
 ( #1004, #2699, #1732, #287 ),
 .UNSPECIFIED., .F., .F.,
 ( 4, 4 ),
 ( 0.0000000000000000000, 1.000000000000000000 ),
 .UNSPECIFIED. ) ;
#738 = CARTESIAN_POINT ( 'NONE',  ( -0.1026767061402077300, 0.4893444094666222800, -0.08592527303886189600 ) ) ;
#739 = CARTESIAN_POINT ( 'NONE',  ( 0.05528758113911955800, 0.4969339393539562400, -0.09068318264613632600 ) ) ;
#740 = ADVANCED_FACE ( 'NONE', ( #3133 ), #1844, .T. ) ;
#741 = DIRECTION ( 'NONE',  ( -0.0000000000000000000, -0.0000000000000000000, 1.000000000000000000 ) ) ;
#742 = CARTESIAN_POINT ( 'NONE',  ( 0.0000000000000000000, 0.0000000000000000000, 0.01416980868990835500 ) ) ;
#743 = CARTESIAN_POINT ( 'NONE',  ( 0.07941292811379646600, 0.4936597573492845200, -0.09986720269386639700 ) ) ;
#744 = EDGE_LOOP ( 'NONE', ( #2602, #1947, #2715, #1630, #1023, #278, #2339, #1106, #2827, #1853, #1007, #840, #1854 ) ) ;
#745 = CARTESIAN_POINT ( 'NONE',  ( 0.0000000000000000000, 0.0000000000000000000, -0.05797340095754498200 ) ) ;
#746 = EDGE_CURVE ( 'NONE', #773, #726, #2475, .T. ) ;
#747 = CARTESIAN_POINT ( 'NONE',  ( -0.06197898653188704100, 0.4961437368237492400, -0.1017502005027307000 ) ) ;
#748 = CARTESIAN_POINT ( 'NONE',  ( 0.0000000000000000000, 0.0000000000000000000, -0.1932252648481388400 ) ) ;
#749 = VERTEX_POINT ( 'NONE', #2595 ) ;
#750 = VERTEX_POINT ( 'NONE', #2100 ) ;
#751 = CARTESIAN_POINT ( 'NONE',  ( -0.1363894599607197200, 0.4810400112977495400, -0.1165049837313865800 ) ) ;
#752 = ORIENTED_EDGE ( 'NONE', *, *, #1382, .T. ) ;
#753 = AXIS2_PLACEMENT_3D ( 'NONE', #607, #741, #1202 ) ;
#754 = CARTESIAN_POINT ( 'NONE',  ( 0.2021553294644830900, 0.4573108601040504800, -0.09810059659655162600 ) ) ;
#755 = ORIENTED_EDGE ( 'NONE', *, *, #1419, .T. ) ;
#756 = ORIENTED_EDGE ( 'NONE', *, *, #1705, .T. ) ;
#757 = ORIENTED_EDGE ( 'NONE', *, *, #1852, .T. ) ;
#758 = CARTESIAN_POINT ( 'NONE',  ( 0.1151069644488558300, 0.4865700517048046600, -0.1026396509432689300 ) ) ;
#759 = CARTESIAN_POINT ( 'NONE',  ( 0.03304352980168361000, 0.4989943077649267600, -0.08220114172071880900 ) ) ;
#760 = CARTESIAN_POINT ( 'NONE',  ( 0.2144864510171387600, 0.4516587468734756200, -0.06769963437269037300 ) ) ;
#761 = LENGTH_MEASURE_WITH_UNIT ( LENGTH_MEASURE( 0.02539999999999999900 ), #3082 );
#762 = ADVANCED_FACE ( 'NONE', ( #1277, #622, #693, #1193, #546, #3062, #2393, #1760, #1123, #469, #2981, #2327 ), #2244, .T. ) ;
#763 = CARTESIAN_POINT ( 'NONE',  ( -6.055048479497750800E-017, 0.4944322300693971800, 0.01973757862051089800 ) ) ;
#764 = CONICAL_SURFACE ( 'NONE', #1940, 0.5000000000000001100, 0.7853981633974513900 ) ;
#765 = CARTESIAN_POINT ( 'NONE',  ( 0.04730950846905628700, 0.4977568111942308700, -0.1009548198716318900 ) ) ;
#766 = CYLINDRICAL_SURFACE ( 'NONE', #2379, 0.5000000000000001100 ) ;
#767 = DIRECTION ( 'NONE',  ( 0.0000000000000000000, 0.0000000000000000000, 1.000000000000000000 ) ) ;
#768 = CARTESIAN_POINT ( 'NONE',  ( 0.07617105541825385000, 0.4941639103743508100, -0.08901519381036145100 ) ) ;
#769 = CARTESIAN_POINT ( 'NONE',  ( 0.1208067351058193100, 0.4851862866498521900, -0.1087002331804401800 ) ) ;
#770 = ORIENTED_EDGE ( 'NONE', *, *, #975, .F. ) ;
#771 = CARTESIAN_POINT ( 'NONE',  ( 0.1496483439218465300, 0.4770864530151357500, -0.05820279910480797400 ) ) ;
#772 = DIRECTION ( 'NONE',  ( -0.0000000000000000000, -0.0000000000000000000, 1.000000000000000000 ) ) ;
#773 = VERTEX_POINT ( 'NONE', #2111 ) ;
#774 = B_SPLINE_CURVE_WITH_KNOTS ( 'NONE', 3,
 ( #710, #241, #1694, #1943, #489, #2176, #723, #2414, #976, #2675, #1226, #2920, #1464, #15 ),
 .UNSPECIFIED., .F., .F.,
 ( 4, 2, 2, 2, 2, 2, 4 ),
 ( 0.0000000000000000000, 0.1249999999999983900, 0.2499999999999967800, 0.4999999999999960000, 0.6249999999999955600, 0.7499999999999952300, 1.000000000000000000 ),
 .UNSPECIFIED. ) ;
#775 = CARTESIAN_POINT ( 'NONE',  ( 0.0000000000000000000, -1.390732809401795200E-016, 0.2066929133858261500 ) ) ;
#776 = CARTESIAN_POINT ( 'NONE',  ( 0.0000000000000000000, -2.923370550806765400E-017, 0.1304514883488148700 ) ) ;
#777 = CARTESIAN_POINT ( 'NONE',  ( -0.2171576038476026600, 0.4503804781417238300, -0.05721628405869578400 ) ) ;
#778 = PRODUCT_DEFINITION_FORMATION_WITH_SPECIFIED_SOURCE ( 'ANY', '', #1243, .NOT_KNOWN. ) ;
#779 = DIRECTION ( 'NONE',  ( 0.0000000000000000000, 0.0000000000000000000, -1.000000000000000000 ) ) ;
#780 = CARTESIAN_POINT ( 'NONE',  ( 0.06052328247600172200, 0.4963256422465479600, -0.1163189960459278500 ) ) ;
#781 = CARTESIAN_POINT ( 'NONE',  ( -0.1591930669259852800, 0.4739805560755620500, -0.08820509381441374300 ) ) ;
#782 = CARTESIAN_POINT ( 'NONE',  ( -0.09721441468206674900, 0.4904585574244727500, -0.1102013071196706200 ) ) ;
#783 = CARTESIAN_POINT ( 'NONE',  ( 0.1472841085855249900, 0.4778152409727692300, -0.07080869123925870300 ) ) ;
#784 = CARTESIAN_POINT ( 'NONE',  ( -0.05160633645991195800, 0.4973298679160506600, -0.06404227444443126600 ) ) ;
#785 = CARTESIAN_POINT ( 'NONE',  ( -0.1322926120326903500, 0.4821811729291700100, -0.07057604218835303300 ) ) ;
#786 = ORIENTED_EDGE ( 'NONE', *, *, #657, .F. ) ;
#787 = CARTESIAN_POINT ( 'NONE',  ( -0.09921805421823234900, 0.4900574625506469700, -0.07767813061518248600 ) ) ;
#788 = CARTESIAN_POINT ( 'NONE',  ( -0.08439118520106628200, 0.4928266712144944700, -0.09666917245966490100 ) ) ;
#789 = CARTESIAN_POINT ( 'NONE',  ( 0.1021694761662375100, 0.4894502676658062900, -0.06854780063844528900 ) ) ;
#790 = ORIENTED_EDGE ( 'NONE', *, *, #1787, .F. ) ;
#791 = CARTESIAN_POINT ( 'NONE',  ( -0.1588124843596073200, 0.4741082122113540200, -0.09556954805912530600 ) ) ;
#792 = CARTESIAN_POINT ( 'NONE',  ( -0.07962049854754839300, 0.4936199012709430700, -0.07039849528839826900 ) ) ;
#793 = CARTESIAN_POINT ( 'NONE',  ( 0.1577866519013384800, 0.4744510532147631600, -0.06335271106502132800 ) ) ;
#794 = VERTEX_POINT ( 'NONE', #1879 ) ;
#795 = CARTESIAN_POINT ( 'NONE',  ( -0.04213109577897285900, 0.4982218097297031500, -0.1011804894649991300 ) ) ;
#796 = B_SPLINE_CURVE_WITH_KNOTS ( 'NONE', 3,
 ( #1376, #3070, #1603, #152, #1861, #403, #2089, #637, #2336, #888, #2581, #1135, #2839, #1388, #3078, #1614, #162, #1870 ),
 .UNSPECIFIED., .F., .F.,
 ( 4, 2, 2, 2, 2, 2, 2, 2, 4 ),
 ( 0.0000000000000000000, 0.1250000000000006700, 0.1875000000000010000, 0.2500000000000013300, 0.5000000000000006700, 0.7500000000000000000, 0.8750000000000005600, 0.9375000000000003300, 1.000000000000000000 ),
 .UNSPECIFIED. ) ;
#797 = CARTESIAN_POINT ( 'NONE',  ( -0.1064265565126729800, 0.4885432750125854900, -0.07963393925220482700 ) ) ;
#798 = DIRECTION ( 'NONE',  ( -0.0000000000000000000, -0.0000000000000000000, 1.000000000000000000 ) ) ;
#799 = AXIS2_PLACEMENT_3D ( 'NONE', #1030, #2726, #1286 ) ;
#800 = CARTESIAN_POINT ( 'NONE',  ( -0.09380931605464733200, 0.4911210182960986100, -0.1099057723454211300 ) ) ;
#801 = APPROVAL_PERSON_ORGANIZATION ( #1450, #2081, #2372 ) ;
#802 = CARTESIAN_POINT ( 'NONE',  ( 0.1753710295885030600, 0.4682365330870996700, -0.09850905449212145300 ) ) ;
#803 = FACE_OUTER_BOUND ( 'NONE', #132, .T. ) ;
#804 = CARTESIAN_POINT ( 'NONE',  ( -0.1515655625935974600, 0.4764763231292532000, -0.1136033482094179200 ) ) ;
#805 = CARTESIAN_POINT ( 'NONE',  ( -0.09765551109049903900, 0.4903708492129749100, -0.1101759499215966800 ) ) ;
#806 = CARTESIAN_POINT ( 'NONE',  ( 0.0000000000000000000, 0.0000000000000000000, -0.1082677165354335900 ) ) ;
#807 = ORIENTED_EDGE ( 'NONE', *, *, #1210, .F. ) ;
#808 = CARTESIAN_POINT ( 'NONE',  ( -0.04921645244047648900, 0.4975719277630449900, -0.1097628155109870400 ) ) ;
#809 = VECTOR ( 'NONE', #2427, 39.37007874015748100 ) ;
#810 = CARTESIAN_POINT ( 'NONE',  ( -0.1154261125223658600, 0.4864944299214891700, -0.09412001036010839200 ) ) ;
#811 = VERTEX_POINT ( 'NONE', #419 ) ;
#812 = CARTESIAN_POINT ( 'NONE',  ( 0.1648776689043427400, 0.4720352745730229100, -0.06391788875328598100 ) ) ;
#813 = ORIENTED_EDGE ( 'NONE', *, *, #1527, .F. ) ;
#814 = EDGE_CURVE ( 'NONE', #1744, #2815, #1116, .T. ) ;
#815 = ORIENTED_EDGE ( 'NONE', *, *, #488, .T. ) ;
#816 = CARTESIAN_POINT ( 'NONE',  ( -0.05206371069204465700, 0.4972819824093521200, -0.06403033614833843200 ) ) ;
#817 = CARTESIAN_POINT ( 'NONE',  ( -0.06209622617185147500, 0.4961290766521973000, -0.07296149076764374400 ) ) ;
#818 = VERTEX_POINT ( 'NONE', #3098 ) ;
#819 = EDGE_CURVE ( 'NONE', #441, #3122, #1679, .T. ) ;
#820 = CARTESIAN_POINT ( 'NONE',  ( 0.1678729292445772200, 0.4709764040486393900, -0.1081135823211273100 ) ) ;
#821 = CARTESIAN_POINT ( 'NONE',  ( -0.1410702712988623800, 0.4796865419788901000, -0.06403033614833843200 ) ) ;
#822 = CARTESIAN_POINT ( 'NONE',  ( -0.1080048164330833500, 0.4881956165378263900, -0.09968330995293500600 ) ) ;
#823 = CARTESIAN_POINT ( 'NONE',  ( -0.04835842524336675400, 0.4976564606045684200, -0.06470893635201646600 ) ) ;
#824 = EDGE_CURVE ( 'NONE', #1028, #1942, #397, .T. ) ;
#825 = CARTESIAN_POINT ( 'NONE',  ( 0.0000000000000000000, 0.4944322300694060100, -0.1932252648481386500 ) ) ;
#826 = CARTESIAN_POINT ( 'NONE',  ( 0.1762917433102321500, 0.4678902084199577600, -0.07868879679023742200 ) ) ;
#827 = CARTESIAN_POINT ( 'NONE',  ( -0.06421474848574210100, 0.4958594001093755100, -0.06187245232401794600 ) ) ;
#828 = CARTESIAN_POINT ( 'NONE',  ( -0.05395683133883404100, 0.4970801465176505300, -0.06420137147842108800 ) ) ;
#829 = DIRECTION ( 'NONE',  ( -0.0000000000000000000, -0.0000000000000000000, 1.000000000000000000 ) ) ;
#830 = CARTESIAN_POINT ( 'NONE',  ( -0.1147635408948685500, 0.4866513369547415000, -0.1031112191745848800 ) ) ;
#831 = DESIGN_CONTEXT ( 'detailed design', #669, 'design' ) ;
#832 = CARTESIAN_POINT ( 'NONE',  ( -0.1009677157531844900, 0.4896994928376265900, -0.05738838474021263500 ) ) ;
#833 = CARTESIAN_POINT ( 'NONE',  ( -0.07030052136604707200, 0.4950331683312849700, -0.07672030475841921900 ) ) ;
#834 = ORIENTED_EDGE ( 'NONE', *, *, #273, .T. ) ;
#835 = VERTEX_POINT ( 'NONE', #1636 ) ;
#836 = CARTESIAN_POINT ( 'NONE',  ( -0.06875478254744114800, 0.4952503381549832100, -0.1043402257857168900 ) ) ;
#837 = CARTESIAN_POINT ( 'NONE',  ( -0.08573411223028490300, 0.4925951369448483600, -0.09048747661737920100 ) ) ;
#838 = ORIENTED_EDGE ( 'NONE', *, *, #2405, .T. ) ;
#839 = EDGE_CURVE ( 'NONE', #2493, #1816, #2903, .T. ) ;
#840 = ORIENTED_EDGE ( 'NONE', *, *, #2170, .T. ) ;
#841 = EDGE_CURVE ( 'NONE', #1809, #3052, #543, .T. ) ;
#842 = CARTESIAN_POINT ( 'NONE',  ( -0.1303801305389481500, 0.4827017937716145400, -0.08140801077816776900 ) ) ;
#843 = CARTESIAN_POINT ( 'NONE',  ( -0.1141705847603615200, 0.4867905917581546400, -0.06907334930383102200 ) ) ;
#844 = CARTESIAN_POINT ( 'NONE',  ( 0.09689411004881995400, 0.4905250009037533900, -0.06297866611571412100 ) ) ;
#845 = AXIS2_PLACEMENT_3D ( 'NONE', #2572, #1125, #2823 ) ;
#846 = EDGE_LOOP ( 'NONE', ( #1215, #417, #212, #970, #1792, #1198, #1212, #2967, #2507, #2768 ) ) ;
#847 = ORIENTED_EDGE ( 'NONE', *, *, #1691, .T. ) ;
#848 = CARTESIAN_POINT ( 'NONE',  ( -0.2168378704171732800, 0.4505345025111232000, -0.07576564808050076400 ) ) ;
#849 = B_SPLINE_CURVE_WITH_KNOTS ( 'NONE', 3,
 ( #434, #1893, #2124, #673 ),
 .UNSPECIFIED., .F., .F.,
 ( 4, 4 ),
 ( 0.0000000000000000000, 1.000000000000000000 ),
 .UNSPECIFIED. ) ;
#850 = FACE_OUTER_BOUND ( 'NONE', #192, .T. ) ;
#851 = B_SPLINE_CURVE_WITH_KNOTS ( 'NONE', 3,
 ( #915, #1415, #2130, #679, #2371, #928, #2627, #1173, #2874, #1425, #3119, #1654, #204, #1908, #486, #2173, #720, #2410, #972 ),
 .UNSPECIFIED., .F., .F.,
 ( 4, 1, 2, 2, 2, 2, 2, 2, 2, 4 ),
 ( 0.0000000000000000000, 0.06249999999999485100, 0.09374999999999315800, 0.1249999999999914800, 0.2499999999999923900, 0.4999999999999941200, 0.7499999999999957800, 0.8124999999999957800, 0.8749999999999957800, 1.000000000000000000 ),
 .UNSPECIFIED. ) ;
#852 = CARTESIAN_POINT ( 'NONE',  ( -0.05667690011508282700, 0.4967775097139844900, -0.1165527919099328800 ) ) ;
#853 = CARTESIAN_POINT ( 'NONE',  ( 0.07766726321442658800, 0.4939309630148540600, -0.05797340095754498200 ) ) ;
#854 = CARTESIAN_POINT ( 'NONE',  ( -0.1406290804422529500, 0.4798162911137725500, -0.06404227444442808800 ) ) ;
#855 = VECTOR ( 'NONE', #362, 39.37007874015748100 ) ;
#856 = ORIENTED_EDGE ( 'NONE', *, *, #67, .T. ) ;
#857 = CARTESIAN_POINT ( 'NONE',  ( 0.1413940108029430900, 0.4795992498056565500, -0.09607373156525746100 ) ) ;
#858 = CARTESIAN_POINT ( 'NONE',  ( -0.1518725601101754400, 0.4763766652203500500, -0.08169998944647821600 ) ) ;
#859 = CARTESIAN_POINT ( 'NONE',  ( 0.1845440706566318400, 0.4646971986999352500, -0.08139801489753811800 ) ) ;
#860 = CARTESIAN_POINT ( 'NONE',  ( 0.1162556328261433000, 0.4862968515589968800, -0.09418488263531602000 ) ) ;
#861 = CARTESIAN_POINT ( 'NONE',  ( 0.07239720289673486100, 0.4947309268775321200, -0.07934500673330911700 ) ) ;
#862 = VERTEX_POINT ( 'NONE', #1919 ) ;
#863 = DIRECTION ( 'NONE',  ( -0.0000000000000000000, -0.0000000000000000000, 1.000000000000000000 ) ) ;
#864 = CARTESIAN_POINT ( 'NONE',  ( 0.0000000000000000000, -1.247748521138706000E-016, 0.9106299212598421000 ) ) ;
#865 = CARTESIAN_POINT ( 'NONE',  ( -0.1351053101284424600, 0.4814006295109435300, -0.06628621956262177600 ) ) ;
#866 = CARTESIAN_POINT ( 'NONE',  ( 0.07154950748641565600, 0.4948541886035233700, -0.06554456994603680100 ) ) ;
#867 = CARTESIAN_POINT ( 'NONE',  ( -0.1503277859897740000, 0.4768664415710206500, -0.07152149788961102700 ) ) ;
#868 = AXIS2_PLACEMENT_3D ( 'NONE', #1340, #3035, #1571 ) ;
#869 = CARTESIAN_POINT ( 'NONE',  ( 0.1714563209036287000, 0.4696844235871388600, -0.05942726610696499900 ) ) ;
#870 = CARTESIAN_POINT ( 'NONE',  ( 0.1039203531026949300, 0.4890814647210295400, -0.08194224072217576300 ) ) ;
#871 = CARTESIAN_POINT ( 'NONE',  ( 0.06919519352110023400, 0.4951889430286559000, -0.1168515516813477800 ) ) ;
#872 = CARTESIAN_POINT ( 'NONE',  ( -0.2117453513243765800, 0.4529503706281614000, -0.06864105169674809800 ) ) ;
#873 = EDGE_LOOP ( 'NONE', ( #2082, #790, #1577, #230, #1964, #1433, #536, #2583, #2388, #1932, #3010, #2596, #2295, #2850, #686, #628 ) ) ;
#874 = CARTESIAN_POINT ( 'NONE',  ( 0.1611287175668426100, 0.4733260804416806200, -0.1169742718601754900 ) ) ;
#875 = CARTESIAN_POINT ( 'NONE',  ( -0.1418034607378693100, 0.4794709194337012900, -0.06405369024006020400 ) ) ;
#876 = B_SPLINE_CURVE_WITH_KNOTS ( 'NONE', 3,
 ( #2703, #782, #805, #2497, #1056, #2750, #1310, #2998, #1534, #85, #1790, #334, #2028, #575, #2265, #822, #2511, #1066, #2763 ),
 .UNSPECIFIED., .F., .F.,
 ( 4, 2, 2, 2, 2, 2, 1, 2, 2, 4 ),
 ( 0.0000000000000000000, 0.06250000000000148500, 0.1250000000000029700, 0.2500000000000034400, 0.5000000000000048800, 0.7500000000000062200, 0.8125000000000056600, 0.8437500000000053300, 0.8750000000000048800, 1.000000000000000000 ),
 .UNSPECIFIED. ) ;
#877 = CARTESIAN_POINT ( 'NONE',  ( 0.2172428476248098900, 0.4503393666512664500, -0.07493755147238445600 ) ) ;
#878 = ORIENTED_EDGE ( 'NONE', *, *, #2928, .T. ) ;
#879 = COORDINATED_UNIVERSAL_TIME_OFFSET ( 5, 0, .BEHIND. ) ;
#880 = CARTESIAN_POINT ( 'NONE',  ( 0.08368264657646100300, 0.4929474837440807100, -0.1043434307923804500 ) ) ;
#881 = CARTESIAN_POINT ( 'NONE',  ( -0.1952947881975155600, 0.4602824629538775400, -0.1162714021689320000 ) ) ;
#882 = EDGE_CURVE ( 'NONE', #2059, #1902, #3136, .T. ) ;
#883 = CARTESIAN_POINT ( 'NONE',  ( 0.1773466618900564100, 0.4674914652965084800, -0.1097673836266057200 ) ) ;
#884 = VECTOR ( 'NONE', #24, 39.37007874015748100 ) ;
#885 = DIRECTION ( 'NONE',  ( -0.4760624965748739800, 0.8794114505479776500, 0.0000000000000000000 ) ) ;
#886 = CARTESIAN_POINT ( 'NONE',  ( -0.2142270961016591300, 0.4517840697459146200, -0.06794210679239254300 ) ) ;
#887 = CARTESIAN_POINT ( 'NONE',  ( -0.03390854751443518600, 0.4988489160324475800, -0.09720055978240949000 ) ) ;
#888 = CARTESIAN_POINT ( 'NONE',  ( 0.1461924038078550300, 0.4781551863746348300, -0.1135275011094616000 ) ) ;
#889 = CARTESIAN_POINT ( 'NONE',  ( -0.03341000997408456000, 0.4988825226098124700, -0.08233942538447033800 ) ) ;
#890 = CYLINDRICAL_SURFACE ( 'NONE', #1191, 0.5000000000000001100 ) ;
#891 = CARTESIAN_POINT ( 'NONE',  ( 0.0000000000000000000, -1.635744242045158400E-017, 0.02530534855111377400 ) ) ;
#892 = CARTESIAN_POINT ( 'NONE',  ( 0.1845769426080227600, 0.4646841467643747500, -0.09086749996130658000 ) ) ;
#893 = CARTESIAN_POINT ( 'NONE',  ( 0.1443147664493340800, 0.4787205064060709400, -0.09664141947633019000 ) ) ;
#894 = CARTESIAN_POINT ( 'NONE',  ( 0.06617132919729341900, 0.4956020129017471600, -0.08371537551841717900 ) ) ;
#895 = CARTESIAN_POINT ( 'NONE',  ( 0.0000000000000000000, 0.0000000000000000000, -0.1082677165354335900 ) ) ;
#896 = CARTESIAN_POINT ( 'NONE',  ( 0.06409527149796086200, 0.4958747787210021100, -0.07690132342877453700 ) ) ;
#897 = CARTESIAN_POINT ( 'NONE',  ( -0.03721483123630792100, 0.4986137301841774800, -0.06575363661335800700 ) ) ;
#898 = DIRECTION ( 'NONE',  ( -0.0000000000000000000, 1.224606353822377300E-016, -1.000000000000000000 ) ) ;
#899 = EDGE_CURVE ( 'NONE', #2568, #2887, #322, .T. ) ;
#900 = CARTESIAN_POINT ( 'NONE',  ( -0.1418468738785782200, 0.4794575615762808900, -0.1101791257637447900 ) ) ;
#901 = DIRECTION ( 'NONE',  ( 0.4088932042145546100, 0.9125822415251978500, 0.0000000000000000000 ) ) ;
#902 = CARTESIAN_POINT ( 'NONE',  ( 0.1151136307116028700, 0.4865685783706234500, -0.06452415009528961200 ) ) ;
#903 =( CONVERSION_BASED_UNIT ( 'INCH', #761 ) LENGTH_UNIT ( ) NAMED_UNIT ( #1177 ) );
#904 = AXIS2_PLACEMENT_3D ( 'NONE', #748, #2443, #997 ) ;
#905 = CARTESIAN_POINT ( 'NONE',  ( 0.1950747872933192600, 0.4604420830247089600, -0.09658636279885328400 ) ) ;
#906 = CARTESIAN_POINT ( 'NONE',  ( -0.1304038902200894700, 0.4826953758865058500, -0.09348471846915176700 ) ) ;
#907 = ORIENTED_EDGE ( 'NONE', *, *, #746, .F. ) ;
#908 = CARTESIAN_POINT ( 'NONE',  ( -0.05214606948220317000, 0.4972733528327828400, -0.05721628405869577000 ) ) ;
#909 = ORIENTED_EDGE ( 'NONE', *, *, #2055, .T. ) ;
#910 = CARTESIAN_POINT ( 'NONE',  ( -0.05214606948220317000, 0.4972733528327828400, -0.1170285190677811800 ) ) ;
#911 = ORIENTED_EDGE ( 'NONE', *, *, #1594, .F. ) ;
#912 = CARTESIAN_POINT ( 'NONE',  ( -0.1503828346895348900, 0.4768490541195028500, -0.1025611615256732800 ) ) ;
#913 = ORIENTED_EDGE ( 'NONE', *, *, #1088, .F. ) ;
#914 = CARTESIAN_POINT ( 'NONE',  ( 0.07156542378628980000, 0.4948535587603006800, -0.1090644474435095700 ) ) ;
#915 = CARTESIAN_POINT ( 'NONE',  ( -0.08439118520106628200, 0.4928266712144944700, -0.08544254844391688300 ) ) ;
#916 = APPROVAL_STATUS ( 'not_yet_approved' ) ;
#917 = CARTESIAN_POINT ( 'NONE',  ( -0.1280734491845216000, 0.4833190891688469700, -0.1107789941101620900 ) ) ;
#918 = CARTESIAN_POINT ( 'NONE',  ( -0.1323108963708950500, 0.4821761829193886300, -0.1038456822628924700 ) ) ;
#919 = ORIENTED_EDGE ( 'NONE', *, *, #1886, .F. ) ;
#920 = CARTESIAN_POINT ( 'NONE',  ( 0.2226715353639886200, 0.4476800055158192700, -0.09128654450690899800 ) ) ;
#921 = EDGE_CURVE ( 'NONE', #2902, #2966, #2565, .T. ) ;
#922 = ADVANCED_FACE ( 'NONE', ( #1526 ), #890, .T. ) ;
#923 = CIRCLE ( 'NONE', #1827, 0.5000000000000001100 ) ;
#924 = CARTESIAN_POINT ( 'NONE',  ( -0.09623890385580016700, 0.4906518636030839400, -0.1169983470471883500 ) ) ;
#925 = CARTESIAN_POINT ( 'NONE',  ( -0.1520072025094213500, 0.4763337174557979400, -0.08712240156323848600 ) ) ;
#926 = CIRCLE ( 'NONE', #1453, 0.5000000000000001100 ) ;
#927 = AXIS2_PLACEMENT_3D ( 'NONE', #2588, #2593, #1385 ) ;
#928 = CARTESIAN_POINT ( 'NONE',  ( -0.08553376237457541200, 0.4926296661051025000, -0.08387232971560518200 ) ) ;
#929 = FACE_OUTER_BOUND ( 'NONE', #113, .T. ) ;
#930 = VERTEX_POINT ( 'NONE', #982 ) ;
#931 = VERTEX_POINT ( 'NONE', #2683 ) ;
#932 = CARTESIAN_POINT ( 'NONE',  ( -0.1269991666065982400, 0.4836023414430842800, -0.1090148733964128000 ) ) ;
#933 = CARTESIAN_POINT ( 'NONE',  ( 0.06438171453094128400, 0.4958377052730486600, -0.1100994692470288600 ) ) ;
#934 = CARTESIAN_POINT ( 'NONE',  ( -0.03998082282871043300, 0.4983990600904318300, -0.1124067050577192400 ) ) ;
#935 = CARTESIAN_POINT ( 'NONE',  ( -0.09198288379908656200, 0.4914667712848714800, -0.06542258581367151000 ) ) ;
#936 = CARTESIAN_POINT ( 'NONE',  ( -0.1234971664971417100, 0.4845084937216932500, -0.09720055978298275400 ) ) ;
#937 = CARTESIAN_POINT ( 'NONE',  ( 0.05482524353852071700, 0.4969851485607635900, -0.1007653264772033500 ) ) ;
#938 = CARTESIAN_POINT ( 'NONE',  ( -0.08330769181148976700, 0.4930113432076859100, -0.1112281387948561400 ) ) ;
#939 = CARTESIAN_POINT ( 'NONE',  ( -0.1433532401000879900, 0.4790092797189058300, -0.05733602842706992500 ) ) ;
#940 = B_SPLINE_CURVE_WITH_KNOTS ( 'NONE', 3,
 ( #550, #308, #1044, #2736, #1295, #2987, #1520, #71, #1775, #323, #2014, #560, #2252, #802, #2494, #1054, #2748, #1307, #2996, #1532, #82, #1788, #332, #2026, #573, #2263, #820, #2508, #1064, #2761, #1320, #3009, #1544, #98, #1800 ),
 .UNSPECIFIED., .F., .F.,
 ( 4, 1, 1, 2, 2, 1, 2, 2, 1, 1, 2, 2, 2, 2, 1, 2, 2, 1, 2, 2, 4 ),
 ( 0.0000000000000000000, 0.06249999999999486500, 0.09374999999999300600, 0.1093749999999919000, 0.1249999999999907900, 0.1874999999999877600, 0.2187499999999854800, 0.2499999999999832400, 0.3749999999999754600, 0.4374999999999724700, 0.4687499999999721300, 0.4999999999999718000, 0.5624999999999738000, 0.6249999999999756900, 0.6874999999999776800, 0.7187499999999787900, 0.7499999999999799000, 0.8124999999999832400, 0.8437499999999859000, 0.8749999999999884500, 1.000000000000000000 ),
 .UNSPECIFIED. ) ;
#941 = ORIENTED_EDGE ( 'NONE', *, *, #1894, .T. ) ;
#942 = APPROVAL ( #1416, 'UNSPECIFIED' ) ;
#943 = CARTESIAN_POINT ( 'NONE',  ( 0.1291379940508681200, 0.4830355895431744400, -0.07133155122353254700 ) ) ;
#944 = CARTESIAN_POINT ( 'NONE',  ( 0.09797651703520263200, 0.4903067190115454900, -0.08631919238053073500 ) ) ;
#945 = CARTESIAN_POINT ( 'NONE',  ( -0.08574409594129027400, 0.4925934246212981800, -0.06140208358731320100 ) ) ;
#946 = ORIENTED_EDGE ( 'NONE', *, *, #555, .T. ) ;
#947 = VERTEX_POINT ( 'NONE', #2184 ) ;
#948 = ORIENTED_EDGE ( 'NONE', *, *, #89, .F. ) ;
#949 = CARTESIAN_POINT ( 'NONE',  ( -0.07720424235780598600, 0.4940035501207714600, -0.09506094793142268200 ) ) ;
#950 = ORIENTED_EDGE ( 'NONE', *, *, #882, .F. ) ;
#951 = ORIENTED_EDGE ( 'NONE', *, *, #106, .T. ) ;
#952 = CARTESIAN_POINT ( 'NONE',  ( -0.1557642889181523600, 0.4751184322483100200, -0.06665414612256372100 ) ) ;
#953 = DATE_AND_TIME ( #1595, #2235 ) ;
#954 = CARTESIAN_POINT ( 'NONE',  ( 0.1165699507827406600, 0.4862222032021084600, -0.05776971228270633800 ) ) ;
#955 = CARTESIAN_POINT ( 'NONE',  ( 0.1093753394605396900, 0.4878903925246856900, -0.09774569805021608700 ) ) ;
#956 = CARTESIAN_POINT ( 'NONE',  ( 0.2249142427254589600, 0.4465574805321633800, -0.09810059659655162600 ) ) ;
#957 = CONICAL_SURFACE ( 'NONE', #1072, 0.5000000000000001100, 0.7853981633974513900 ) ;
#958 = CARTESIAN_POINT ( 'NONE',  ( 0.2178393359680880200, 0.4500511345447121300, -0.05721628405869578400 ) ) ;
#959 = VECTOR ( 'NONE', #1241, 39.37007874015748100 ) ;
#960 = DIRECTION ( 'NONE',  ( 1.000000000000000000, 0.0000000000000000000, 0.0000000000000000000 ) ) ;
#961 = AXIS2_PLACEMENT_3D ( 'NONE', #2278, #829, #2525 ) ;
#962 = ORIENTED_EDGE ( 'NONE', *, *, #2117, .T. ) ;
#963 = CARTESIAN_POINT ( 'NONE',  ( -0.04424521997818965700, 0.4980385130781370700, -0.06807617957656375600 ) ) ;
#964 = DIRECTION ( 'NONE',  ( 1.000000000000000000, 0.0000000000000000000, 0.0000000000000000000 ) ) ;
#965 = CARTESIAN_POINT ( 'NONE',  ( -0.1230685889552013800, 0.4846175033204538900, -0.08130457503556094700 ) ) ;
#966 = CARTESIAN_POINT ( 'NONE',  ( 0.1294539929829633100, 0.4829509951338406500, -0.1110189036831658200 ) ) ;
#967 = ORIENTED_EDGE ( 'NONE', *, *, #1799, .T. ) ;
#968 = CARTESIAN_POINT ( 'NONE',  ( -0.08488382513623894700, 0.4927420847681385800, -0.07812053240905921000 ) ) ;
#969 = CARTESIAN_POINT ( 'NONE',  ( 0.05607729149112002800, 0.4968465358359835400, -0.07885485004775030800 ) ) ;
#970 = ORIENTED_EDGE ( 'NONE', *, *, #675, .F. ) ;
#971 = CARTESIAN_POINT ( 'NONE',  ( 0.001514231483037283600, 0.4999977070977584800, -0.09431501210230572300 ) ) ;
#972 = CARTESIAN_POINT ( 'NONE',  ( -0.09849835180414338900, 0.4902020753647084500, -0.07765844032762370100 ) ) ;
#973 = DIRECTION ( 'NONE',  ( -1.000000000000000000, -1.224646799147353200E-016, -1.499710251424085300E-032 ) ) ;
#974 = CARTESIAN_POINT ( 'NONE',  ( -0.04128969758524553300, 0.4982922553945826600, -0.07815727647281915700 ) ) ;
#975 = EDGE_CURVE ( 'NONE', #749, #379, #2165, .T. ) ;
#976 = CARTESIAN_POINT ( 'NONE',  ( -0.1009172454837700300, 0.4897099277554227100, -0.06453982502559012200 ) ) ;
#977 = CARTESIAN_POINT ( 'NONE',  ( -0.1275803042605740700, 0.4834504495039833000, -0.06425154490795190200 ) ) ;
#978 = CARTESIAN_POINT ( 'NONE',  ( 0.1289889898723143000, 0.4830754483573918600, -0.1097190206084524300 ) ) ;
#979 = EDGE_CURVE ( 'NONE', #1704, #304, #2832, .T. ) ;
#980 = CARTESIAN_POINT ( 'NONE',  ( 0.04699070759266361900, 0.4977869944007588000, -0.09334380189147405100 ) ) ;
#981 = CARTESIAN_POINT ( 'NONE',  ( 0.1093753394605396900, 0.4878903925246856900, -0.09774569805021608700 ) ) ;
#982 = CARTESIAN_POINT ( 'NONE',  ( 0.08439118520106567200, 0.4928266712144945800, -0.1003719472930991900 ) ) ;
#983 = CARTESIAN_POINT ( 'NONE',  ( -0.05510243084698272800, 0.4969547347314343700, -0.1097579231314605200 ) ) ;
#984 = CARTESIAN_POINT ( 'NONE',  ( 0.0000000000000000000, -1.567560977708784100E-017, 0.01973757862051091200 ) ) ;
#985 = ORIENTED_EDGE ( 'NONE', *, *, #814, .F. ) ;
#986 = ADVANCED_FACE ( 'NONE', ( #237 ), #2746, .T. ) ;
#987 = ORIENTED_EDGE ( 'NONE', *, *, #1088, .T. ) ;
#988 = CARTESIAN_POINT ( 'NONE',  ( 0.1242014704638396400, 0.4843284095005140900, -0.1017517576841447100 ) ) ;
#989 = CARTESIAN_POINT ( 'NONE',  ( -0.1004746541177091600, 0.4898013502499801700, -0.08499437104076559800 ) ) ;
#990 = LINE ( 'NONE', #647, #2931 ) ;
#991 = CARTESIAN_POINT ( 'NONE',  ( 0.05630826096723402100, 0.4968193954207170700, -0.08854892362806385300 ) ) ;
#992 = EDGE_LOOP ( 'NONE', ( #1107, #1992, #1559, #121 ) ) ;
#993 = CARTESIAN_POINT ( 'NONE',  ( 0.2021553294644830900, 0.4573108601040504800, -0.09810059659655162600 ) ) ;
#994 = CIRCLE ( 'NONE', #799, 0.5000000000000001100 ) ;
#995 = DIRECTION ( 'NONE',  ( 0.09977314970630221700, 0.9950102102982078000, 0.0000000000000000000 ) ) ;
#996 = CARTESIAN_POINT ( 'NONE',  ( -0.06232399740674302000, 0.4961005777235496000, -0.1004808162126073500 ) ) ;
#997 = DIRECTION ( 'NONE',  ( 1.000000000000000000, 0.0000000000000000000, 0.0000000000000000000 ) ) ;
#998 = CIRCLE ( 'NONE', #1254, 0.5000000000000001100 ) ;
#999 = EDGE_LOOP ( 'NONE', ( #2114, #1697, #1194, #3116, #1299 ) ) ;
#1000 = EDGE_CURVE ( 'NONE', #1094, #38, #2096, .T. ) ;
#1001 = CARTESIAN_POINT ( 'NONE',  ( -0.1331049465838558500, 0.4819587973258044300, -0.1152572665710243400 ) ) ;
#1002 = ORIENTED_EDGE ( 'NONE', *, *, #170, .F. ) ;
#1003 = CARTESIAN_POINT ( 'NONE',  ( 0.0000000000000000000, 0.0000000000000000000, -0.1082677165354335900 ) ) ;
#1004 = CARTESIAN_POINT ( 'NONE',  ( -0.1871297024073166900, 0.4636620261321269800, -0.1162714021689320200 ) ) ;
#1005 = ADVANCED_FACE ( 'NONE', ( #1454, #165 ), #719, .T. ) ;
#1006 = AXIS2_PLACEMENT_3D ( 'NONE', #1399, #3087, #1623 ) ;
#1007 = ORIENTED_EDGE ( 'NONE', *, *, #882, .T. ) ;
#1008 = CARTESIAN_POINT ( 'NONE',  ( 0.1153679622050579500, 0.4865082051177578300, -0.1028661645314122400 ) ) ;
#1009 = CARTESIAN_POINT ( 'NONE',  ( 0.1592471627805155400, 0.4739623836828785200, -0.05645916715984662000 ) ) ;
#1010 = CARTESIAN_POINT ( 'NONE',  ( 0.1007589315133252700, 0.4897424197680788600, -0.07358893699630934800 ) ) ;
#1011 = CARTESIAN_POINT ( 'NONE',  ( 0.2152647118369139800, 0.4512883079060310300, -0.07010367378490962900 ) ) ;
#1012 = CARTESIAN_POINT ( 'NONE',  ( -0.1383222849409020100, 0.4804862411946739200, -0.1097628155109868800 ) ) ;
#1013 = VERTEX_POINT ( 'NONE', #2210 ) ;
#1014 = CARTESIAN_POINT ( 'NONE',  ( 0.0000000000000000000, 0.0000000000000000000, 0.01973757862051097800 ) ) ;
#1015 = CARTESIAN_POINT ( 'NONE',  ( 0.04813963366844144900, 0.4976772154418734900, -0.1039181819472858300 ) ) ;
#1016 = CARTESIAN_POINT ( 'NONE',  ( 0.06679500024565485100, 0.4955187421700356600, -0.08373436957070401500 ) ) ;
#1017 = EDGE_LOOP ( 'NONE', ( #1092, #1967, #1180, #461, #2575 ) ) ;
#1018 = CARTESIAN_POINT ( 'NONE',  ( -0.2282348948511336300, 0.4448750942623818600, -0.1102144669781385700 ) ) ;
#1019 = CARTESIAN_POINT ( 'NONE',  ( 0.1434910890581701800, 0.4789723145159228100, -0.06245302910669044800 ) ) ;
#1020 = CARTESIAN_POINT ( 'NONE',  ( 0.1462616902398985500, 0.4781293858506029900, -0.07310066350243009400 ) ) ;
#1021 = CARTESIAN_POINT ( 'NONE',  ( -0.1067278624889069400, 0.4884763814664907500, -0.07066000723551031600 ) ) ;
#1022 = DIRECTION ( 'NONE',  ( 0.0000000000000000000, 1.000000000000000000, 1.381305580180739800E-016 ) ) ;
#1023 = ORIENTED_EDGE ( 'NONE', *, *, #1658, .T. ) ;
#1024 = CARTESIAN_POINT ( 'NONE',  ( 0.1375140929753828100, 0.4807180818662409300, -0.07362442685094292000 ) ) ;
#1025 = ORIENTED_EDGE ( 'NONE', *, *, #2233, .T. ) ;
#1026 = AXIS2_PLACEMENT_3D ( 'NONE', #745, #2441, #995 ) ;
#1027 = DIRECTION ( 'NONE',  ( -0.0000000000000000000, -0.0000000000000000000, 1.000000000000000000 ) ) ;
#1028 = VERTEX_POINT ( 'NONE', #2198 ) ;
#1029 = CARTESIAN_POINT ( 'NONE',  ( 0.06290884393157326900, 0.4960269118318101900, -0.1167934409057438500 ) ) ;
#1030 = CARTESIAN_POINT ( 'NONE',  ( 0.0000000000000000000, 0.0000000000000000000, -0.09885771349540083100 ) ) ;
#1031 = CARTESIAN_POINT ( 'NONE',  ( -0.07723158339992938800, 0.4939992755512017700, -0.08152818843691807300 ) ) ;
#1032 = ORIENTED_EDGE ( 'NONE', *, *, #2648, .T. ) ;
#1033 = CARTESIAN_POINT ( 'NONE',  ( 0.1492431205010107100, 0.4772086326868049700, -0.06762617420847669100 ) ) ;
#1034 = CARTESIAN_POINT ( 'NONE',  ( -0.04088752308285957500, 0.4983254093177118500, -0.09062267932452119900 ) ) ;
#1035 = CARTESIAN_POINT ( 'NONE',  ( -0.1319129781666336700, 0.4822851544831718300, -0.07171526576127916500 ) ) ;
#1036 = PERSON_AND_ORGANIZATION ( #235, #613 ) ;
#1037 = EDGE_LOOP ( 'NONE', ( #442, #2417, #911, #724, #3145 ) ) ;
#1038 = B_SPLINE_CURVE_WITH_KNOTS ( 'NONE', 3,
 ( #1471, #26, #267, #1963, #513, #2202, #751, #2446, #1001, #2697, #1253, #2944, #1481, #37, #1730, #281, #1978 ),
 .UNSPECIFIED., .F., .F.,
 ( 4, 1, 2, 2, 2, 2, 2, 2, 4 ),
 ( 0.0000000000000000000, 0.1249999999999977500, 0.1874999999999986700, 0.2499999999999996100, 0.5000000000000027800, 0.7500000000000057700, 0.8125000000000052200, 0.8750000000000046600, 1.000000000000000000 ),
 .UNSPECIFIED. ) ;
#1039 = DIRECTION ( 'NONE',  ( -0.0000000000000000000, -0.0000000000000000000, 1.000000000000000000 ) ) ;
#1040 = CIRCLE ( 'NONE', #1409, 0.4999999999999999400 ) ;
#1041 = CARTESIAN_POINT ( 'NONE',  ( -0.08473736523208032200, 0.4927672805292789800, -0.1000074719310448800 ) ) ;
#1042 = CARTESIAN_POINT ( 'NONE',  ( 0.1034839965268236400, 0.4891741092290256000, -0.06694872752659981900 ) ) ;
#1043 = SPHERICAL_SURFACE ( 'NONE', #2001, 1.018897637795275600 ) ;
#1044 = CARTESIAN_POINT ( 'NONE',  ( 0.1769747641133864700, 0.4676322642086904200, -0.08844025885041463500 ) ) ;
#1045 = CARTESIAN_POINT ( 'NONE',  ( -0.1586911073956085200, 0.4741488548242723300, -0.09667188197975437600 ) ) ;
#1046 = CARTESIAN_POINT ( 'NONE',  ( -0.08020882288878006200, 0.4935246638599953300, -0.06896862634485775900 ) ) ;
#1047 = CARTESIAN_POINT ( 'NONE',  ( 0.1596283839517476400, 0.4738341260788985800, -0.06327321924948925400 ) ) ;
#1048 = CARTESIAN_POINT ( 'NONE',  ( -0.04237917449688072300, 0.4982008033078996200, -0.1021019891930923900 ) ) ;
#1049 = VERTEX_POINT ( 'NONE', #520 ) ;
#1050 = EDGE_CURVE ( 'NONE', #1168, #2437, #1393, .T. ) ;
#1051 = CARTESIAN_POINT ( 'NONE',  ( -0.1092856876132152200, 0.4879114213203180600, -0.08168342475890638700 ) ) ;
#1052 = CARTESIAN_POINT ( 'NONE',  ( -0.09480945821651311200, 0.4909292544664134500, -0.1101023503065255300 ) ) ;
#1053 = CARTESIAN_POINT ( 'NONE',  ( -0.06328628271864099300, 0.4959786770623679800, -0.08169998944640713400 ) ) ;
#1054 = CARTESIAN_POINT ( 'NONE',  ( 0.1740619869364891400, 0.4687242781039260300, -0.1015642587624974400 ) ) ;
#1055 = CARTESIAN_POINT ( 'NONE',  ( -0.1489575871142851100, 0.4772967850689702800, -0.1153099583426704700 ) ) ;
#1056 = CARTESIAN_POINT ( 'NONE',  ( -0.09874691737325086400, 0.4901522376476174500, -0.1100659325263386300 ) ) ;
#1057 = CARTESIAN_POINT ( 'NONE',  ( -0.03812428742855132600, 0.4985445475794920100, -0.1100260444125175200 ) ) ;
#1058 = CARTESIAN_POINT ( 'NONE',  ( -0.05015180047905822700, 0.4974784849248132200, -0.1100143989948363200 ) ) ;
#1059 = CARTESIAN_POINT ( 'NONE',  ( -0.1155421523448528900, 0.4864668652966190900, -0.09682296182974364800 ) ) ;
#1060 = CARTESIAN_POINT ( 'NONE',  ( 0.1696371095274211100, 0.4703502872932920400, -0.06609412231579432600 ) ) ;
#1061 = CARTESIAN_POINT ( 'NONE',  ( 0.009084902827491891600, 0.4999174577273884400, -0.05797340095754498200 ) ) ;
#1062 = CARTESIAN_POINT ( 'NONE',  ( -0.06167843366835678400, 0.4961812341850638200, -0.07152149788976651400 ) ) ;
#1063 = ORIENTED_EDGE ( 'NONE', *, *, #1437, .F. ) ;
#1064 = CARTESIAN_POINT ( 'NONE',  ( 0.1661061738550872200, 0.4716031376070420300, -0.1089978918343764300 ) ) ;
#1065 = CARTESIAN_POINT ( 'NONE',  ( 0.1598301651206249500, 0.4737661008530622000, -0.1102144669781385500 ) ) ;
#1066 = CARTESIAN_POINT ( 'NONE',  ( -0.1081462853658875700, 0.4881642973965081300, -0.09809856377491969800 ) ) ;
#1067 = CARTESIAN_POINT ( 'NONE',  ( -0.04681699196793767000, 0.4978035145540660200, -0.06556466885268900900 ) ) ;
#1068 = EDGE_CURVE ( 'NONE', #598, #2803, #2003, .T. ) ;
#1069 = CARTESIAN_POINT ( 'NONE',  ( -0.09815038301312391200, 0.4902718657177639900, -0.05721628405869578400 ) ) ;
#1070 = ORIENTED_EDGE ( 'NONE', *, *, #356, .F. ) ;
#1071 = CARTESIAN_POINT ( 'NONE',  ( 0.1766413251400482700, 0.4677583186662380200, -0.08075121619740016600 ) ) ;
#1072 = AXIS2_PLACEMENT_3D ( 'NONE', #2553, #2042, #629 ) ;
#1073 = CARTESIAN_POINT ( 'NONE',  ( -0.06506912990571769900, 0.4957479774462763000, -0.06285498314539919600 ) ) ;
#1074 = CARTESIAN_POINT ( 'NONE',  ( -0.05282379434209683000, 0.4972024042692668200, -0.06405369024005779000 ) ) ;
#1075 = CARTESIAN_POINT ( 'NONE',  ( -0.07085076434660157700, 0.4949547146613400600, -0.09098817362858856200 ) ) ;
#1076 = LINE ( 'NONE', #1346, #2421 ) ;
#1077 = DIRECTION ( 'NONE',  ( 0.0000000000000000000, 1.000000000000000000, 0.0000000000000000000 ) ) ;
#1078 = CARTESIAN_POINT ( 'NONE',  ( -0.1122963560406296200, 0.4872292032416760100, -0.1091153753986098100 ) ) ;
#1079 = CYLINDRICAL_SURFACE ( 'NONE', #319, 0.5000000000000001100 ) ;
#1080 = CARTESIAN_POINT ( 'NONE',  ( -0.1032352048927617400, 0.4892274915925351500, -0.05780640662966712200 ) ) ;
#1081 = ORIENTED_EDGE ( 'NONE', *, *, #2771, .F. ) ;
#1082 = CARTESIAN_POINT ( 'NONE',  ( 0.1087124771245398500, 0.4880385848949527200, -0.05732625859094037100 ) ) ;
#1083 = LINE ( 'NONE', #53, #505 ) ;
#1084 = ORIENTED_EDGE ( 'NONE', *, *, #2671, .F. ) ;
#1085 = CARTESIAN_POINT ( 'NONE',  ( -0.07071105650584008600, 0.4949748198921724600, -0.07971067603412862500 ) ) ;
#1086 = CARTESIAN_POINT ( 'NONE',  ( 0.0000000000000000000, 0.0000000000000000000, -0.1162714021689320200 ) ) ;
#1087 = B_SPLINE_CURVE_WITH_KNOTS ( 'NONE', 3,
 ( #363, #604, #557, #2247 ),
 .UNSPECIFIED., .F., .F.,
 ( 4, 4 ),
 ( 0.0000000000000000000, 1.000000000000000000 ),
 .UNSPECIFIED. ) ;
#1088 = EDGE_CURVE ( 'NONE', #681, #474, #1443, .T. ) ;
#1089 = CARTESIAN_POINT ( 'NONE',  ( -0.06808033178676893600, 0.4953433896224430600, -0.1061180466264836100 ) ) ;
#1090 = CARTESIAN_POINT ( 'NONE',  ( -0.08470444675454744100, 0.4927729388771823800, -0.09348538073560672100 ) ) ;
#1091 = DIRECTION ( 'NONE',  ( 0.0000000000000000000, 0.0000000000000000000, -1.000000000000000000 ) ) ;
#1092 = ORIENTED_EDGE ( 'NONE', *, *, #2585, .T. ) ;
#1093 = CARTESIAN_POINT ( 'NONE',  ( -0.1303424361962640900, 0.4827119735145385400, -0.08209098362328602600 ) ) ;
#1094 = VERTEX_POINT ( 'NONE', #541 ) ;
#1095 = AXIS2_PLACEMENT_3D ( 'NONE', #2963, #1499, #56 ) ;
#1096 = CARTESIAN_POINT ( 'NONE',  ( -0.1146160119908068200, 0.4866859435586924900, -0.07105712731797468600 ) ) ;
#1097 = CARTESIAN_POINT ( 'NONE',  ( 0.09421353642898557000, 0.4910438013664691300, -0.06786318033488696100 ) ) ;
#1098 = CARTESIAN_POINT ( 'NONE',  ( 0.07617105541825385000, 0.4941639103743508100, -0.08901519381036145100 ) ) ;
#1099 = CARTESIAN_POINT ( 'NONE',  ( -0.05545452242772101100, 0.4969153232793958000, -0.1167869277372025900 ) ) ;
#1100 = CARTESIAN_POINT ( 'NONE',  ( -0.2014626224073520500, 0.4576164461344815500, -0.09810059659655162600 ) ) ;
#1101 = CARTESIAN_POINT ( 'NONE',  ( 0.2136024664316382200, 0.4520774118824352200, -0.06403033614833843200 ) ) ;
#1102 = CARTESIAN_POINT ( 'NONE',  ( -0.1517922269526584300, 0.4764022669159411200, -0.08040331347809062700 ) ) ;
#1103 = CARTESIAN_POINT ( 'NONE',  ( 0.1844882310930187100, 0.4647193708504957500, -0.08087276394848967600 ) ) ;
#1104 = CARTESIAN_POINT ( 'NONE',  ( 0.1142066056588887100, 0.4867866983454680100, -0.09241165175289425800 ) ) ;
#1105 = CARTESIAN_POINT ( 'NONE',  ( 0.07049562988055443900, 0.4950061694138512300, -0.07829880937864844300 ) ) ;
#1106 = ORIENTED_EDGE ( 'NONE', *, *, #2038, .T. ) ;
#1107 = ORIENTED_EDGE ( 'NONE', *, *, #1777, .F. ) ;
#1108 = CARTESIAN_POINT ( 'NONE',  ( 0.07691924750054778000, 0.4940480030968140700, -0.09961483039425000900 ) ) ;
#1109 = ORIENTED_EDGE ( 'NONE', *, *, #337, .F. ) ;
#1110 = DIRECTION ( 'NONE',  ( 0.0000000000000000000, 0.0000000000000000000, -1.000000000000000000 ) ) ;
#1111 = CARTESIAN_POINT ( 'NONE',  ( -0.1341065093227375200, 0.4816802031344393200, -0.06731788928212445500 ) ) ;
#1112 = ORIENTED_EDGE ( 'NONE', *, *, #1527, .T. ) ;
#1113 = CARTESIAN_POINT ( 'NONE',  ( -0.1497191075598374200, 0.4770579269635227800, -0.06994002894259936100 ) ) ;
#1114 = EDGE_CURVE ( 'NONE', #811, #511, #876, .T. ) ;
#1115 = CARTESIAN_POINT ( 'NONE',  ( 0.1689192957561416200, 0.4706028205202261200, -0.05824256392454323100 ) ) ;
#1116 = B_SPLINE_CURVE_WITH_KNOTS ( 'NONE', 3,
 ( #662, #2609, #905, #2856 ),
 .UNSPECIFIED., .F., .F.,
 ( 4, 4 ),
 ( 0.0000000000000000000, 1.000000000000000000 ),
 .UNSPECIFIED. ) ;
#1117 = PERSON_AND_ORGANIZATION ( #235, #613 ) ;
#1118 = CARTESIAN_POINT ( 'NONE',  ( 0.1030676109599074500, 0.4892617739138576700, -0.08070658451755892400 ) ) ;
#1119 = CC_DESIGN_APPROVAL ( #942, ( #778 ) ) ;
#1120 = CIRCLE ( 'NONE', #581, 0.5000000000000001100 ) ;
#1121 = CARTESIAN_POINT ( 'NONE',  ( 0.07083579276735452200, 0.4949583092726775300, -0.1166114130770440800 ) ) ;
#1122 = CARTESIAN_POINT ( 'NONE',  ( -0.2110028127828013100, 0.4532966713979503200, -0.07080659674917293100 ) ) ;
#1123 = FACE_BOUND ( 'NONE', #386, .T. ) ;
#1124 = CARTESIAN_POINT ( 'NONE',  ( 0.1616245592773027900, 0.4731570132943330200, -0.1169498551142019000 ) ) ;
#1125 = DIRECTION ( 'NONE',  ( -0.0000000000000000000, -0.0000000000000000000, 1.000000000000000000 ) ) ;
#1126 = CARTESIAN_POINT ( 'NONE',  ( 0.08405389214867992100, 0.4928843601029565500, -0.1028897143644855600 ) ) ;
#1127 = CARTESIAN_POINT ( 'NONE',  ( 0.0000000000000000000, 1.624290868514798900E-016, -1.434645669291339200 ) ) ;
#1128 = CARTESIAN_POINT ( 'NONE',  ( 0.1782929675075720900, 0.4671313467794301900, -0.1085983585882238900 ) ) ;
#1129 = CARTESIAN_POINT ( 'NONE',  ( 0.1571964638625283600, 0.4746480914800249000, -0.1100555377356246700 ) ) ;
#1130 = CARTESIAN_POINT ( 'NONE',  ( 0.1093753394605396900, 0.4878903925246856900, -0.09774569805021608700 ) ) ;
#1131 = CARTESIAN_POINT ( 'NONE',  ( -0.08883783165429780200, 0.4920448005972265500, -0.06822859796733699000 ) ) ;
#1132 = VERTEX_POINT ( 'NONE', #326 ) ;
#1133 = AXIS2_PLACEMENT_3D ( 'NONE', #2796, #1351, #3043 ) ;
#1134 = CARTESIAN_POINT ( 'NONE',  ( -0.03361266211529334600, 0.4988689101790679300, -0.09454488573903503700 ) ) ;
#1135 = CARTESIAN_POINT ( 'NONE',  ( 0.1524391500258602800, 0.4761975358905927700, -0.1162244360184206500 ) ) ;
#1136 = CARTESIAN_POINT ( 'NONE',  ( -0.03356104172832444900, 0.4988723963001606700, -0.08005967152744865300 ) ) ;
#1137 = UNCERTAINTY_MEASURE_WITH_UNIT (LENGTH_MEASURE( 1.000000000000000100E-005 ), #903, 'distance_accuracy_value', 'NONE');
#1138 = ORIENTED_EDGE ( 'NONE', *, *, #227, .T. ) ;
#1139 = DIRECTION ( 'NONE',  ( 0.0000000000000000000, 1.000000000000000000, 1.195183497228114800E-016 ) ) ;
#1140 = CARTESIAN_POINT ( 'NONE',  ( 0.1846764057521096700, 0.4646446228594660600, -0.08968190264356511200 ) ) ;
#1141 = CARTESIAN_POINT ( 'NONE',  ( 6.123233995736767300E-017, 0.5000000000000001100, 0.02530534855111383300 ) ) ;
#1142 = CARTESIAN_POINT ( 'NONE',  ( 0.09338770349913456900, 0.4912013203244456900, -0.07493187691646086000 ) ) ;
#1143 = DIRECTION ( 'NONE',  ( 1.000000000000000000, 0.0000000000000000000, 0.0000000000000000000 ) ) ;
#1144 = CARTESIAN_POINT ( 'NONE',  ( -0.04083876827770709800, 0.4983294041149487500, -0.08712240156323848600 ) ) ;
#1145 = CARTESIAN_POINT ( 'NONE',  ( -0.04017924511104063700, 0.4983840882523548600, -0.06168467308581843800 ) ) ;
#1146 = EDGE_CURVE ( 'NONE', #794, #835, #312, .T. ) ;
#1147 = CARTESIAN_POINT ( 'NONE',  ( 0.1375140929753828100, 0.4807180818662409300, -0.07362442685094292000 ) ) ;
#1148 = CARTESIAN_POINT ( 'NONE',  ( -0.1426001971426657000, 0.4792340353004708700, -0.1101053612955341700 ) ) ;
#1149 = EDGE_CURVE ( 'NONE', #1475, #2383, #2666, .T. ) ;
#1150 = CARTESIAN_POINT ( 'NONE',  ( 0.1180616340356217100, 0.4858627589010218200, -0.06580484659341612200 ) ) ;
#1151 = CIRCLE ( 'NONE', #682, 0.4944322300693974000 ) ;
#1152 =( NAMED_UNIT ( * ) SI_UNIT ( $, .STERADIAN. ) SOLID_ANGLE_UNIT ( ) );
#1153 = CARTESIAN_POINT ( 'NONE',  ( -0.1275884980770989600, 0.4834473108536288500, -0.1100260444122077700 ) ) ;
#1154 = CARTESIAN_POINT ( 'NONE',  ( -0.1304455464151959000, 0.4826841197901012800, -0.09408284976418189400 ) ) ;
#1155 = CARTESIAN_POINT ( 'NONE',  ( 0.0000000000000000000, 0.0000000000000000000, -0.1082677165354335900 ) ) ;
#1156 = CIRCLE ( 'NONE', #2983, 0.4944322300693971800 ) ;
#1157 = CARTESIAN_POINT ( 'NONE',  ( 0.1455017623546056600, 0.4783609904159242800, -0.07541074953416519700 ) ) ;
#1158 = CYLINDRICAL_SURFACE ( 'NONE', #753, 0.5000000000000001100 ) ;
#1159 = CARTESIAN_POINT ( 'NONE',  ( -0.1506166145512695400, 0.4767752487095653400, -0.1017502005027766100 ) ) ;
#1160 = CARTESIAN_POINT ( 'NONE',  ( 0.06948332109514873700, 0.4951487352304394500, -0.1098082235939296500 ) ) ;
#1161 = ADVANCED_FACE ( 'NONE', ( #2025 ), #1043, .F. ) ;
#1162 = CARTESIAN_POINT ( 'NONE',  ( 0.1440523965680814400, 0.4787994434447395100, -0.09542702754749045300 ) ) ;
#1163 = PERSON_AND_ORGANIZATION_ROLE ( 'creator' ) ;
#1164 = CARTESIAN_POINT ( 'NONE',  ( 0.0000000000000000000, 0.0000000000000000000, -0.09128654450690899800 ) ) ;
#1165 = CARTESIAN_POINT ( 'NONE',  ( -0.1332743996323468800, 0.4819110141377033800, -0.1057602592594717200 ) ) ;
#1166 = CARTESIAN_POINT ( 'NONE',  ( 0.06568470024334785400, 0.4956670226019796500, -0.1102015990185599100 ) ) ;
#1167 = ORIENTED_EDGE ( 'NONE', *, *, #1631, .F. ) ;
#1168 = VERTEX_POINT ( 'NONE', #366 ) ;
#1169 = CARTESIAN_POINT ( 'NONE',  ( -0.04947147853487309600, 0.4975466255324609300, -0.1168647466742097100 ) ) ;
#1170 = EDGE_CURVE ( 'NONE', #1755, #1765, #1318, .T. ) ;
#1171 = CARTESIAN_POINT ( 'NONE',  ( 0.0000000000000000000, 0.4944322300693972400, 0.1304514883488149300 ) ) ;
#1172 = CARTESIAN_POINT ( 'NONE',  ( -0.09729458383498802700, 0.4904425605315799200, -0.06404243618514228500 ) ) ;
#1173 = CARTESIAN_POINT ( 'NONE',  ( -0.08656174966475489700, 0.4924503327588230500, -0.08266304854004835600 ) ) ;
#1174 = AXIS2_PLACEMENT_3D ( 'NONE', #776, #2469, #1022 ) ;
#1175 = CARTESIAN_POINT ( 'NONE',  ( -0.1266070149614881600, 0.4837051903140094400, -0.1082589481375172000 ) ) ;
#1176 = CARTESIAN_POINT ( 'NONE',  ( 0.06389713847149920700, 0.4959003988221149000, -0.1100342315757698000 ) ) ;
#1177 = DIMENSIONAL_EXPONENTS ( 1.000000000000000000, 0.0000000000000000000, 0.0000000000000000000, 0.0000000000000000000, 0.0000000000000000000, 0.0000000000000000000, 0.0000000000000000000 ) ;
#1178 = CARTESIAN_POINT ( 'NONE',  ( -0.03901098181630602300, 0.4984758201735847700, -0.1113383123748678100 ) ) ;
#1179 = B_SPLINE_CURVE_WITH_KNOTS ( 'NONE', 3,
 ( #531, #1729, #2468, #1021, #2718, #1276, #2964, #1501, #57, #1752, #300, #1998 ),
 .UNSPECIFIED., .F., .F.,
 ( 4, 1, 1, 2, 2, 2, 4 ),
 ( 0.0000000000000000000, 0.2500000000000092700, 0.3750000000000111000, 0.4375000000000120500, 0.5000000000000129900, 0.7500000000000064400, 1.000000000000000000 ),
 .UNSPECIFIED. ) ;
#1180 = ORIENTED_EDGE ( 'NONE', *, *, #2190, .T. ) ;
#1181 = DIRECTION ( 'NONE',  ( -0.0000000000000000000, -0.0000000000000000000, 1.000000000000000000 ) ) ;
#1182 = B_SPLINE_CURVE_WITH_KNOTS ( 'NONE', 3,
 ( #2762, #1322, #3011, #1545 ),
 .UNSPECIFIED., .F., .F.,
 ( 4, 4 ),
 ( 0.0000000000000000000, 1.000000000000000000 ),
 .UNSPECIFIED. ) ;
#1183 = EDGE_LOOP ( 'NONE', ( #11, #156, #1032, #1750, #1982, #1138, #813, #2700 ) ) ;
#1184 = CARTESIAN_POINT ( 'NONE',  ( -0.1232097655551657900, 0.4845816280768069900, -0.09454488573931144100 ) ) ;
#1185 = CARTESIAN_POINT ( 'NONE',  ( 0.05447265408027020300, 0.4970238808302620500, -0.09835872437320024300 ) ) ;
#1186 = COORDINATED_UNIVERSAL_TIME_OFFSET ( 5, 0, .BEHIND. ) ;
#1187 = CARTESIAN_POINT ( 'NONE',  ( -0.08175587629497616000, 0.4932707497780707800, -0.1093221734963588200 ) ) ;
#1188 = VERTEX_POINT ( 'NONE', #2301 ) ;
#1189 = FACE_OUTER_BOUND ( 'NONE', #2500, .T. ) ;
#1190 = CARTESIAN_POINT ( 'NONE',  ( -0.1451002422149491300, 0.4784836764396135900, -0.05760000768128377400 ) ) ;
#1191 = AXIS2_PLACEMENT_3D ( 'NONE', #497, #458, #733 ) ;
#1192 = ORIENTED_EDGE ( 'NONE', *, *, #839, .T. ) ;
#1193 = FACE_BOUND ( 'NONE', #1926, .T. ) ;
#1194 = ORIENTED_EDGE ( 'NONE', *, *, #1631, .T. ) ;
#1195 = CARTESIAN_POINT ( 'NONE',  ( 0.1290176214355266400, 0.4830677571607824300, -0.07068446285208247700 ) ) ;
#1196 = CARTESIAN_POINT ( 'NONE',  ( 0.09849922420042107900, 0.4902019118972224500, -0.08700711155680235200 ) ) ;
#1197 = CARTESIAN_POINT ( 'NONE',  ( -0.08866302228274539100, 0.4920778056837810700, -0.05937270756518513900 ) ) ;
#1198 = ORIENTED_EDGE ( 'NONE', *, *, #1068, .F. ) ;
#1199 = VERTEX_POINT ( 'NONE', #2058 ) ;
#1200 = CARTESIAN_POINT ( 'NONE',  ( -0.07711634672562926700, 0.4940172763740211500, -0.09402256326075338100 ) ) ;
#1201 = CARTESIAN_POINT ( 'NONE',  ( -0.1567481302360183800, 0.4747951711039277200, -0.06903044128742628900 ) ) ;
#1202 = DIRECTION ( 'NONE',  ( 1.000000000000000000, 0.0000000000000000000, 0.0000000000000000000 ) ) ;
#1203 = EDGE_CURVE ( 'NONE', #1626, #2812, #2901, .T. ) ;
#1204 = CARTESIAN_POINT ( 'NONE',  ( 0.1151373596955908400, 0.4865629218120591800, -0.05751223397088538200 ) ) ;
#1205 = CARTESIAN_POINT ( 'NONE',  ( -0.2302231411613407400, 0.4438437847641955000, -0.1162714021689320200 ) ) ;
#1206 = CARTESIAN_POINT ( 'NONE',  ( -0.08831345895665671000, 0.4921391945293722700, -0.06894741387371697300 ) ) ;
#1207 = DIRECTION ( 'NONE',  ( 0.0000000000000000000, 0.0000000000000000000, -1.000000000000000000 ) ) ;
#1208 = B_SPLINE_CURVE_WITH_KNOTS ( 'NONE', 3,
 ( #2108, #2842, #426, #2303 ),
 .UNSPECIFIED., .F., .F.,
 ( 4, 4 ),
 ( 0.0000000000000000000, 1.000000000000000000 ),
 .UNSPECIFIED. ) ;
#1209 = CARTESIAN_POINT ( 'NONE',  ( 0.0000000000000000000, 0.0000000000000000000, -0.09431501210230572300 ) ) ;
#1210 = EDGE_CURVE ( 'NONE', #2226, #2147, #2328, .T. ) ;
#1211 = CARTESIAN_POINT ( 'NONE',  ( 0.1111176970812613500, 0.4874965203930763900, -0.05721628405869578400 ) ) ;
#1212 = ORIENTED_EDGE ( 'NONE', *, *, #2911, .F. ) ;
#1213 = B_SPLINE_CURVE_WITH_KNOTS ( 'NONE', 3,
 ( #1368, #1270, #1236, #1131, #1206, #3148, #1689, #238, #1938, #484, #2171, #716, #2407, #968, #2669, #1221, #2913, #1459, #8, #1698 ),
 .UNSPECIFIED., .F., .F.,
 ( 4, 2, 2, 2, 2, 2, 2, 2, 2, 4 ),
 ( 0.0000000000000000000, 0.1249999999999990600, 0.2499999999999981100, 0.3749999999999971700, 0.4374999999999973400, 0.4999999999999975600, 0.6249999999999981100, 0.7499999999999987800, 0.8749999999999993300, 1.000000000000000000 ),
 .UNSPECIFIED. ) ;
#1214 = ORIENTED_EDGE ( 'NONE', *, *, #2170, .F. ) ;
#1215 = ORIENTED_EDGE ( 'NONE', *, *, #3107, .F. ) ;
#1216 = CARTESIAN_POINT ( 'NONE',  ( -0.04325242343647784500, 0.4981257337185598400, -0.06990752395460818300 ) ) ;
#1217 = CARTESIAN_POINT ( 'NONE',  ( 0.0000000000000000000, 0.0000000000000000000, -0.1082677165354335900 ) ) ;
#1218 = CARTESIAN_POINT ( 'NONE',  ( -0.1232869819656494300, 0.4845619902333032100, -0.07881014338514821800 ) ) ;
#1219 = VERTEX_POINT ( 'NONE', #139 ) ;
#1220 = DIRECTION ( 'NONE',  ( -0.0000000000000000000, -0.0000000000000000000, 1.000000000000000000 ) ) ;
#1221 = CARTESIAN_POINT ( 'NONE',  ( -0.08456412081051843700, 0.4927970358677412600, -0.08099246578210120300 ) ) ;
#1222 = CARTESIAN_POINT ( 'NONE',  ( 0.05318262213288280100, 0.4971644729417412600, -0.08090405985669764400 ) ) ;
#1223 = ORIENTED_EDGE ( 'NONE', *, *, #1587, .F. ) ;
#1224 = DIRECTION ( 'NONE',  ( -0.0000000000000000000, 1.224606353822377300E-016, -1.000000000000000000 ) ) ;
#1225 = CARTESIAN_POINT ( 'NONE',  ( -0.04104422692745046700, 0.4983125252036985600, -0.08079342308913921300 ) ) ;
#1226 = CARTESIAN_POINT ( 'NONE',  ( -0.09989033437646924200, 0.4899203919243345600, -0.06425693787770753200 ) ) ;
#1227 = CARTESIAN_POINT ( 'NONE',  ( -0.1306553545431277400, 0.4826292634917121500, -0.06065490220520491900 ) ) ;
#1228 = FACE_OUTER_BOUND ( 'NONE', #1969, .T. ) ;
#1229 = EDGE_CURVE ( 'NONE', #2123, #1607, #1772, .T. ) ;
#1230 = CARTESIAN_POINT ( 'NONE',  ( 0.1286086025224587900, 0.4831768135658842700, -0.1087745540921183800 ) ) ;
#1231 = CIRCLE ( 'NONE', #1848, 0.5000000000000001100 ) ;
#1232 = ORIENTED_EDGE ( 'NONE', *, *, #707, .F. ) ;
#1233 = CARTESIAN_POINT ( 'NONE',  ( 0.04687232202082121400, 0.4977981372287130200, -0.09601852512471638300 ) ) ;
#1234 = ADVANCED_FACE ( 'NONE', ( #2598 ), #12, .T. ) ;
#1235 = CIRCLE ( 'NONE', #268, 0.5000000000000001100 ) ;
#1236 = CARTESIAN_POINT ( 'NONE',  ( -0.08981409444887071500, 0.4918675376217983000, -0.06712966325724417600 ) ) ;
#1237 = AXIS2_PLACEMENT_3D ( 'NONE', #318, #798, #2743 ) ;
#1238 = ORIENTED_EDGE ( 'NONE', *, *, #1756, .T. ) ;
#1239 = CARTESIAN_POINT ( 'NONE',  ( 0.07105454823271276100, 0.4949262239257500300, -0.08453563902629529500 ) ) ;
#1240 = CARTESIAN_POINT ( 'NONE',  ( -0.05214606948220317000, 0.4972733528327828400, -0.1170285190677811800 ) ) ;
#1241 = DIRECTION ( 'NONE',  ( 0.0000000000000000000, 0.0000000000000000000, 1.000000000000000000 ) ) ;
#1242 = CARTESIAN_POINT ( 'NONE',  ( -0.05767712987455709400, 0.4966630830580861500, -0.1084492806096940300 ) ) ;
#1243 = PRODUCT ( '20527-E0W', '20527-E0W', '', ( #431 ) ) ;
#1244 = CARTESIAN_POINT ( 'NONE',  ( 0.1196790368538221800, 0.4854784419797830700, -0.09697589042436380300 ) ) ;
#1245 = EDGE_LOOP ( 'NONE', ( #2717, #2161, #1743, #2794 ) ) ;
#1246 = CARTESIAN_POINT ( 'NONE',  ( -0.09816649060337874500, 0.4902692048765525700, -0.08455002582226461800 ) ) ;
#1247 = CARTESIAN_POINT ( 'NONE',  ( 0.05843309623909596200, 0.4965750298341190000, -0.08593337805203196700 ) ) ;
#1248 = CARTESIAN_POINT ( 'NONE',  ( 0.0000000000000000000, -0.4944322300693971800, 0.01973757862051085000 ) ) ;
#1249 = EDGE_CURVE ( 'NONE', #448, #1342, #90, .T. ) ;
#1250 = CARTESIAN_POINT ( 'NONE',  ( -0.06294188845339018800, 0.4960225078450254400, -0.09671576738073640900 ) ) ;
#1251 = CARTESIAN_POINT ( 'NONE',  ( 0.009084902827491891600, 0.4999174577273884400, -0.05797340095754498200 ) ) ;
#1252 = ADVANCED_FACE ( 'NONE', ( #1949 ), #2426, .T. ) ;
#1253 = CARTESIAN_POINT ( 'NONE',  ( -0.1307958941680631100, 0.4825893770744982800, -0.1136795075495092400 ) ) ;
#1254 = AXIS2_PLACEMENT_3D ( 'NONE', #2946, #1483, #39 ) ;
#1255 = CARTESIAN_POINT ( 'NONE',  ( 0.04688745254997821900, 0.4977967125487435800, -0.09676499153363579700 ) ) ;
#1256 = CARTESIAN_POINT ( 'NONE',  ( 0.0000000000000000000, 0.0000000000000000000, -0.1932252648481388400 ) ) ;
#1257 = VERTEX_POINT ( 'NONE', #2341 ) ;
#1258 = EDGE_LOOP ( 'NONE', ( #2199, #1742, #834, #2747 ) ) ;
#1259 = CARTESIAN_POINT ( 'NONE',  ( 0.1153983741437010800, 0.4865009920624375800, -0.1028929235107781000 ) ) ;
#1260 = CARTESIAN_POINT ( 'NONE',  ( 0.01438323662709293900, 0.4997930796881137600, -0.05797340095754498200 ) ) ;
#1261 = CARTESIAN_POINT ( 'NONE',  ( 0.2157618443619726500, 0.4510508120796223900, -0.07146693759365936600 ) ) ;
#1262 = CARTESIAN_POINT ( 'NONE',  ( -0.1392253478106575400, 0.4802253102257109700, -0.1100143989948360300 ) ) ;
#1263 = ORIENTED_EDGE ( 'NONE', *, *, #1050, .F. ) ;
#1264 = DIRECTION ( 'NONE',  ( 0.0000000000000000000, 0.0000000000000000000, -1.000000000000000000 ) ) ;
#1265 = CARTESIAN_POINT ( 'NONE',  ( 0.04882408652301536300, 0.4976105555875202100, -0.1056380168384706800 ) ) ;
#1266 = CARTESIAN_POINT ( 'NONE',  ( 0.07011946888935376200, 0.4950598862501554600, -0.08419972810136142100 ) ) ;
#1267 = SHAPE_DEFINITION_REPRESENTATION ( #2616, #567 ) ;
#1268 = CARTESIAN_POINT ( 'NONE',  ( 0.07452208091247532200, 0.4944152702500951300, -0.08084069729309918700 ) ) ;
#1269 = CARTESIAN_POINT ( 'NONE',  ( 0.05206940789730880200, 0.4972814758311052700, -0.1107170627442571600 ) ) ;
#1270 = CARTESIAN_POINT ( 'NONE',  ( -0.09048293152675740400, 0.4917454473747677200, -0.06649700937878970400 ) ) ;
#1271 = FACE_OUTER_BOUND ( 'NONE', #375, .T. ) ;
#1272 = CARTESIAN_POINT ( 'NONE',  ( -0.2302231411613407400, 0.4438437847641955000, -0.1162714021689320200 ) ) ;
#1273 = CARTESIAN_POINT ( 'NONE',  ( 0.1398146076371731800, 0.4800545540691666900, -0.06765742827405241100 ) ) ;
#1274 = CARTESIAN_POINT ( 'NONE',  ( 0.1458008614559357100, 0.4782700142551709100, -0.07443420884638017600 ) ) ;
#1275 = VERTEX_POINT ( 'NONE', #2587 ) ;
#1276 = CARTESIAN_POINT ( 'NONE',  ( -0.1065271608488990600, 0.4885201794034204100, -0.07011437804695626300 ) ) ;
#1277 = FACE_BOUND ( 'NONE', #1183, .T. ) ;
#1278 = ORIENTED_EDGE ( 'NONE', *, *, #1149, .F. ) ;
#1279 = EDGE_CURVE ( 'NONE', #2316, #383, #3093, .T. ) ;
#1280 = CARTESIAN_POINT ( 'NONE',  ( 0.0000000000000000000, 0.0000000000000000000, -0.1876574949175361100 ) ) ;
#1281 = CARTESIAN_POINT ( 'NONE',  ( 0.0000000000000000000, 0.0000000000000000000, -0.1082677165354335900 ) ) ;
#1282 = DIRECTION ( 'NONE',  ( -0.0000000000000000000, -0.0000000000000000000, 1.000000000000000000 ) ) ;
#1283 = ORIENTED_EDGE ( 'NONE', *, *, #2039, .T. ) ;
#1284 = CC_DESIGN_PERSON_AND_ORGANIZATION_ASSIGNMENT ( #2824, #1646, ( #778 ) ) ;
#1285 = CARTESIAN_POINT ( 'NONE',  ( 0.06377698867645724400, 0.4959158456194169800, -0.1169037202275925700 ) ) ;
#1286 = DIRECTION ( 'NONE',  ( -0.3709879667713043000, 0.9286376734286057000, 0.0000000000000000000 ) ) ;
#1287 = CARTESIAN_POINT ( 'NONE',  ( -0.07740935978815598200, 0.4939714518972433400, -0.07987948697661036200 ) ) ;
#1288 = CARTESIAN_POINT ( 'NONE',  ( 0.1520352477421391700, 0.4763258304921697600, -0.06524217968755449700 ) ) ;
#1289 = B_SPLINE_CURVE_WITH_KNOTS ( 'NONE', 3,
 ( #2907, #2657, #239, #1939, #485, #2172, #718, #2408, #969, #2670, #1222, #2914, #1460, #10, #1699, #247, #1950, #494, #2182, #729, #2422, #980, #2680, #1233 ),
 .UNSPECIFIED., .F., .F.,
 ( 4, 1, 2, 2, 2, 2, 2, 2, 2, 1, 2, 2, 4 ),
 ( 0.0000000000000000000, 0.06249999999999754400, 0.09374999999999683600, 0.1249999999999961400, 0.2499999999999961700, 0.3749999999999961100, 0.4999999999999961100, 0.6249999999999961100, 0.7499999999999960000, 0.8124999999999960000, 0.8437499999999970000, 0.8749999999999980000, 1.000000000000000000 ),
 .UNSPECIFIED. ) ;
#1290 = CARTESIAN_POINT ( 'NONE',  ( -0.04102921026105434100, 0.4983137609901039400, -0.09348471846915497300 ) ) ;
#1291 = CARTESIAN_POINT ( 'NONE',  ( -0.1317177161749914200, 0.4823385177423869000, -0.07238414990299370200 ) ) ;
#1292 = CARTESIAN_POINT ( 'NONE',  ( 0.1162556328261433000, 0.4862968515589968800, -0.09418488263531602000 ) ) ;
#1293 = CARTESIAN_POINT ( 'NONE',  ( -0.08554772132953622500, 0.4926273181449108400, -0.1025306452886040700 ) ) ;
#1294 = CARTESIAN_POINT ( 'NONE',  ( 0.1052488985797016300, 0.4887977891781537500, -0.06552181883178426200 ) ) ;
#1295 = CARTESIAN_POINT ( 'NONE',  ( 0.1768938557498383500, 0.4676628741877488200, -0.09000624263335609000 ) ) ;
#1296 = CARTESIAN_POINT ( 'NONE',  ( -0.1579011610618048200, 0.4744128504127869700, -0.1016444787759782400 ) ) ;
#1297 = CARTESIAN_POINT ( 'NONE',  ( -0.08091651161929050400, 0.4934091374859819200, -0.06749842397949530600 ) ) ;
#1298 = CARTESIAN_POINT ( 'NONE',  ( -0.04299864359225411000, 0.4981477304198102000, -0.1038456822628901500 ) ) ;
#1299 = ORIENTED_EDGE ( 'NONE', *, *, #1319, .F. ) ;
#1300 = ORIENTED_EDGE ( 'NONE', *, *, #979, .T. ) ;
#1301 = CARTESIAN_POINT ( 'NONE',  ( -0.1117784761119410300, 0.4873461061749110900, -0.08437275975532605700 ) ) ;
#1302 = AXIS2_PLACEMENT_3D ( 'NONE', #2036, #99, #1077 ) ;
#1303 = CARTESIAN_POINT ( 'NONE',  ( -0.09673480233828135600, 0.4905531347535899100, -0.1102144669781385500 ) ) ;
#1304 = CARTESIAN_POINT ( 'NONE',  ( -0.06320264565229949400, 0.4959893402770313400, -0.08040331347806559100 ) ) ;
#1305 = EDGE_CURVE ( 'NONE', #2248, #495, #1231, .T. ) ;
#1306 = CLOSED_SHELL ( 'NONE', ( #1234, #2444, #2932, #428, #986, #1960, #2360, #254, #1476, #3108 ) ) ;
#1307 = CARTESIAN_POINT ( 'NONE',  ( 0.1736438468673006700, 0.4688793566048142800, -0.1023528109660948200 ) ) ;
#1308 = VERTEX_POINT ( 'NONE', #2095 ) ;
#1309 = CARTESIAN_POINT ( 'NONE',  ( -0.1466824957679816200, 0.4780009477944662800, -0.1162472635335462800 ) ) ;
#1310 = CARTESIAN_POINT ( 'NONE',  ( -0.1007233538799552400, 0.4897503252203275800, -0.1095975730186723600 ) ) ;
#1311 = CARTESIAN_POINT ( 'NONE',  ( -0.03751664289472367300, 0.4985905278622064800, -0.1090148733965675100 ) ) ;
#1312 = CARTESIAN_POINT ( 'NONE',  ( -0.05138598306852880400, 0.4973530585292859100, -0.1101859196200022200 ) ) ;
#1313 = CARTESIAN_POINT ( 'NONE',  ( -0.1335172130623950300, 0.4818434951475957200, -0.06807617957656375600 ) ) ;
#1314 = CONICAL_SURFACE ( 'NONE', #1891, 0.4944322300693972400, 0.7853981633974360700 ) ;
#1315 = CARTESIAN_POINT ( 'NONE',  ( 0.1735732230826754500, 0.4689056274314785700, -0.07085865456768875000 ) ) ;
#1316 = CARTESIAN_POINT ( 'NONE',  ( -0.05399271391627813400, 0.4970762689720405500, -0.05730078380519611900 ) ) ;
#1317 = CARTESIAN_POINT ( 'NONE',  ( -0.06104517295530442100, 0.4962595729112991800, -0.06994002894259429600 ) ) ;
#1318 = LINE ( 'NONE', #1821, #656 ) ;
#1319 = EDGE_CURVE ( 'NONE', #2503, #1696, #584, .T. ) ;
#1320 = CARTESIAN_POINT ( 'NONE',  ( 0.1644948199181388800, 0.4721668915818916200, -0.1095496938128046300 ) ) ;
#1321 = VERTEX_POINT ( 'NONE', #2604 ) ;
#1322 = CARTESIAN_POINT ( 'NONE',  ( -0.2241976404074915700, 0.4469860204675084000, -0.07690132342877452300 ) ) ;
#1323 = ORIENTED_EDGE ( 'NONE', *, *, #1954, .T. ) ;
#1324 = ORIENTED_EDGE ( 'NONE', *, *, #921, .F. ) ;
#1325 = CARTESIAN_POINT ( 'NONE',  ( -0.04606526431686618100, 0.4978734913853987100, -0.06613465716901764700 ) ) ;
#1326 = EDGE_CURVE ( 'NONE', #379, #1952, #1208, .T. ) ;
#1327 = ORIENTED_EDGE ( 'NONE', *, *, #244, .T. ) ;
#1328 = CARTESIAN_POINT ( 'NONE',  ( 0.5000000000000001100, 0.0000000000000000000, -0.1876574949175361100 ) ) ;
#1329 = CARTESIAN_POINT ( 'NONE',  ( 0.1767836108592218700, 0.4677045603776617800, -0.08184778690403969600 ) ) ;
#1330 = CARTESIAN_POINT ( 'NONE',  ( -0.06635838392939322200, 0.4955772927258230700, -0.06471146620825866900 ) ) ;
#1331 = CARTESIAN_POINT ( 'NONE',  ( -0.07081222614830307000, 0.4949602294046801500, -0.09184241144370909600 ) ) ;
#1332 = CARTESIAN_POINT ( 'NONE',  ( -0.1085019461300529300, 0.4880873014972293400, -0.1133193021547304900 ) ) ;
#1333 = ORIENTED_EDGE ( 'NONE', *, *, #1625, .T. ) ;
#1334 = CARTESIAN_POINT ( 'NONE',  ( -0.1080160052443592000, 0.4881956440261167000, -0.05986674084127069400 ) ) ;
#1335 = CARTESIAN_POINT ( 'NONE',  ( 0.1080728736146862900, 0.4881806458034960200, -0.05738914114547630200 ) ) ;
#1336 = CARTESIAN_POINT ( 'NONE',  ( -0.07092891668121841000, 0.4949435207964934500, -0.08714606146632752900 ) ) ;
#1337 = DIRECTION ( 'NONE',  ( 0.3756631606290201700, 0.9267562731086395100, 0.0000000000000000000 ) ) ;
#1338 = CARTESIAN_POINT ( 'NONE',  ( -0.06788505301004074700, 0.4953701936641183900, -0.1065826711575627400 ) ) ;
#1339 = CARTESIAN_POINT ( 'NONE',  ( -0.08441571309968445800, 0.4928224710797294800, -0.09571942720649528900 ) ) ;
#1340 = CARTESIAN_POINT ( 'NONE',  ( 0.0000000000000000000, 0.0000000000000000000, -0.1162714021689320200 ) ) ;
#1341 = EDGE_CURVE ( 'NONE', #2178, #1911, #1805, .T. ) ;
#1342 = VERTEX_POINT ( 'NONE', #2853 ) ;
#1343 = ORIENTED_EDGE ( 'NONE', *, *, #1149, .T. ) ;
#1344 = CARTESIAN_POINT ( 'NONE',  ( -0.1302435320918004800, 0.4827386694397330400, -0.08497282108272538600 ) ) ;
#1345 = VERTEX_POINT ( 'NONE', #1101 ) ;
#1346 = CARTESIAN_POINT ( 'NONE',  ( -0.1649321864524113700, 0.4720141670247060600, -0.09885771349540083100 ) ) ;
#1347 = CARTESIAN_POINT ( 'NONE',  ( 0.09359005784502845400, 0.4911628088441709100, -0.07041697150650613700 ) ) ;
#1348 = AXIS2_PLACEMENT_3D ( 'NONE', #410, #2325, #2102 ) ;
#1349 = CARTESIAN_POINT ( 'NONE',  ( 0.1360576254545841100, 0.4811323337249952500, -0.09736713960079149100 ) ) ;
#1350 = CARTESIAN_POINT ( 'NONE',  ( -0.05478591766497659800, 0.4969894636531436100, -0.1168811883776418500 ) ) ;
#1351 = DIRECTION ( 'NONE',  ( -0.0000000000000000000, -0.0000000000000000000, 1.000000000000000000 ) ) ;
#1352 = CARTESIAN_POINT ( 'NONE',  ( -0.1402260885753101300, 0.4799341500504973300, -0.06406863883754770900 ) ) ;
#1353 = ORIENTED_EDGE ( 'NONE', *, *, #2117, .F. ) ;
#1354 = DIRECTION ( 'NONE',  ( 1.000000000000000000, 0.0000000000000000000, 0.0000000000000000000 ) ) ;
#1355 = VECTOR ( 'NONE', #2464, 39.37007874015748900 ) ;
#1356 = CARTESIAN_POINT ( 'NONE',  ( -0.1517699131406940700, 0.4764093761403388500, -0.08009068154186266300 ) ) ;
#1357 = CARTESIAN_POINT ( 'NONE',  ( 0.1841842690208492000, 0.4648399667826586000, -0.07871849098567401700 ) ) ;
#1358 = B_SPLINE_CURVE_WITH_KNOTS ( 'NONE', 3,
 ( #646, #1610, #2592, #1142, #2846, #1396, #3084, #1662, #216, #1920, #459, #2149, #699, #2387, #944, #2644, #1196, #2891, #1441, #3138, #1672, #223, #1929, #471, #2157, #705, #2401, #955 ),
 .UNSPECIFIED., .F., .F.,
 ( 4, 2, 2, 2, 2, 2, 1, 1, 1, 2, 2, 1, 1, 1, 2, 2, 4 ),
 ( 0.0000000000000000000, 0.03125000000000129800, 0.06250000000000259500, 0.1250000000000063800, 0.1875000000000093500, 0.2500000000000123200, 0.3750000000000198700, 0.4375000000000247600, 0.4687500000000271400, 0.4843750000000272000, 0.5000000000000273100, 0.6250000000000262000, 0.6875000000000260900, 0.7187500000000255400, 0.7343750000000253100, 0.7500000000000249800, 1.000000000000000000 ),
 .UNSPECIFIED. ) ;
#1359 = CARTESIAN_POINT ( 'NONE',  ( 0.1099762980086780200, 0.4877559727511700500, -0.08851654537357141200 ) ) ;
#1360 = CONICAL_SURFACE ( 'NONE', #1907, 0.4944322300693971800, 0.7853981633974498300 ) ;
#1361 = CARTESIAN_POINT ( 'NONE',  ( 0.06784267166453279700, 0.4953769184730454900, -0.07735398750867478200 ) ) ;
#1362 = VERTEX_POINT ( 'NONE', #2549 ) ;
#1363 = CARTESIAN_POINT ( 'NONE',  ( -0.1994126799687070400, 0.4585189197736220200, -0.1041575317873450800 ) ) ;
#1364 = CARTESIAN_POINT ( 'NONE',  ( 0.0000000000000000000, -1.567560977708784100E-017, 0.01973757862051091200 ) ) ;
#1365 = CARTESIAN_POINT ( 'NONE',  ( -0.1482058654500144900, 0.4775309951601028300, -0.06747321583240398200 ) ) ;
#1366 = AXIS2_PLACEMENT_3D ( 'NONE', #262, #1717, #2694 ) ;
#1367 = CARTESIAN_POINT ( 'NONE',  ( 0.1663711463776832400, 0.4715091279386083900, -0.05739661865461646900 ) ) ;
#1368 = CARTESIAN_POINT ( 'NONE',  ( -0.09133206241610263000, 0.4915876873710541800, -0.06578116897692716500 ) ) ;
#1369 = ORIENTED_EDGE ( 'NONE', *, *, #1756, .F. ) ;
#1370 = CARTESIAN_POINT ( 'NONE',  ( 0.1027330043303702500, 0.4893321458240030300, -0.08016619632768380600 ) ) ;
#1371 = ORIENTED_EDGE ( 'NONE', *, *, #1924, .T. ) ;
#1372 = CARTESIAN_POINT ( 'NONE',  ( 0.07510447988424044700, 0.4943319062080406300, -0.1152644718589084400 ) ) ;
#1373 = CARTESIAN_POINT ( 'NONE',  ( -0.2105840636324721200, 0.4534913016852714100, -0.07189770213006428700 ) ) ;
#1374 = CARTESIAN_POINT ( 'NONE',  ( 0.1636099711954303900, 0.4724752435785388700, -0.1167727254816161200 ) ) ;
#1375 = CARTESIAN_POINT ( 'NONE',  ( -0.1411497147234112800, 0.4796631714375200200, -0.1170285190677812100 ) ) ;
#1376 = CARTESIAN_POINT ( 'NONE',  ( 0.1360576254545841100, 0.4811323337249952500, -0.09736713960079149100 ) ) ;
#1377 = CARTESIAN_POINT ( 'NONE',  ( 0.2208673535327550800, 0.4485773874258596700, -0.08583688016206747500 ) ) ;
#1378 = B_SPLINE_CURVE_WITH_KNOTS ( 'NONE', 3,
 ( #3037, #1825, #608, #2307, #859, #2552, #1103, #2799, #1357, #3049, #1583, #134, #1836, #377, #2072, #620, #2315, #869, #2563, #1115, #2811, #1367, #3059, #1590, #142, #1850, #391 ),
 .UNSPECIFIED., .F., .F.,
 ( 4, 1, 1, 2, 2, 2, 2, 2, 2, 2, 2, 1, 2, 2, 4 ),
 ( 0.0000000000000000000, 0.06250000000000254000, 0.09375000000000324700, 0.1093750000000036100, 0.1250000000000039700, 0.1875000000000046100, 0.2500000000000047200, 0.5000000000000040000, 0.6250000000000047700, 0.6875000000000041100, 0.7500000000000033300, 0.8125000000000026600, 0.8437500000000014400, 0.8750000000000001100, 1.000000000000000000 ),
 .UNSPECIFIED. ) ;
#1379 = ORIENTED_EDGE ( 'NONE', *, *, #1479, .T. ) ;
#1380 = CARTESIAN_POINT ( 'NONE',  ( 0.08439118520106567200, 0.4928266712144945800, -0.1003719472930991900 ) ) ;
#1381 = DIRECTION ( 'NONE',  ( 0.0000000000000000000, -1.000000000000000000, -1.664402471553664900E-016 ) ) ;
#1382 = EDGE_CURVE ( 'NONE', #420, #947, #3114, .T. ) ;
#1383 = CARTESIAN_POINT ( 'NONE',  ( 0.1805078738988564500, 0.4662806347684445000, -0.1052355054920186600 ) ) ;
#1384 = CARTESIAN_POINT ( 'NONE',  ( 0.1551023365096595200, 0.4753350874123485300, -0.1095562344192799300 ) ) ;
#1385 = DIRECTION ( 'NONE',  ( 1.000000000000000000, 0.0000000000000000000, 0.0000000000000000000 ) ) ;
#1386 = CARTESIAN_POINT ( 'NONE',  ( -0.03353450163574889200, 0.4988741699145123900, -0.09364445559618873900 ) ) ;
#1387 = EDGE_LOOP ( 'NONE', ( #1507, #2858, #283, #1238, #2057 ) ) ;
#1388 = CARTESIAN_POINT ( 'NONE',  ( 0.1557482753488475800, 0.4751241657480607100, -0.1168343327257445900 ) ) ;
#1389 = DATE_AND_TIME ( #2018, #2659 ) ;
#1390 = CARTESIAN_POINT ( 'NONE',  ( -0.03378787603498826400, 0.4988570754575931700, -0.07797609692715661000 ) ) ;
#1391 = VECTOR ( 'NONE', #88, 39.37007874015748100 ) ;
#1392 = DIRECTION ( 'NONE',  ( 0.0000000000000000000, 1.000000000000000000, 1.381305580180739800E-016 ) ) ;
#1393 = CIRCLE ( 'NONE', #1504, 0.5000000000000001100 ) ;
#1394 = CARTESIAN_POINT ( 'NONE',  ( 0.1847467047445377800, 0.4646166774908638800, -0.08853782331694669300 ) ) ;
#1395 = DIRECTION ( 'NONE',  ( 0.0000000000000000000, -1.000000000000000000, -1.664402471553664900E-016 ) ) ;
#1396 = CARTESIAN_POINT ( 'NONE',  ( 0.09348173310732378600, 0.4911834370539672800, -0.07599652937024269100 ) ) ;
#1397 = EDGE_LOOP ( 'NONE', ( #126, #2826, #967, #665 ) ) ;
#1398 = DIRECTION ( 'NONE',  ( -0.0000000000000000000, 1.224606353822377300E-016, -1.000000000000000000 ) ) ;
#1399 = CARTESIAN_POINT ( 'NONE',  ( 0.0000000000000000000, -1.247748521138706000E-016, 0.9106299212598421000 ) ) ;
#1400 = CARTESIAN_POINT ( 'NONE',  ( -0.04398244556755129300, 0.4980636225737034000, -0.05889263508819595600 ) ) ;
#1401 = ORIENTED_EDGE ( 'NONE', *, *, #1594, .T. ) ;
#1402 = CARTESIAN_POINT ( 'NONE',  ( 6.123233995736764800E-017, -0.4999999999999999400, 0.1248837184182119700 ) ) ;
#1403 = EDGE_CURVE ( 'NONE', #2731, #1094, #1156, .T. ) ;
#1404 = CARTESIAN_POINT ( 'NONE',  ( -0.1439998265260376000, 0.4788155555302144300, -0.1097579231314421600 ) ) ;
#1405 = CARTESIAN_POINT ( 'NONE',  ( 0.0000000000000000000, 0.0000000000000000000, 0.01973757862051097800 ) ) ;
#1406 = CARTESIAN_POINT ( 'NONE',  ( 0.07673057802386343300, 0.4940773486205493600, -0.1006656626145775300 ) ) ;
#1407 = CARTESIAN_POINT ( 'NONE',  ( 0.1209458790556537900, 0.4851519022394281100, -0.06896482126187858400 ) ) ;
#1408 = APPLICATION_PROTOCOL_DEFINITION ( 'international standard', 'config_control_design', 1994, #1635 ) ;
#1409 = AXIS2_PLACEMENT_3D ( 'NONE', #3113, #1649, #196 ) ;
#1410 = CARTESIAN_POINT ( 'NONE',  ( -0.1305767480492799100, 0.4826486576145906900, -0.09575377292966927300 ) ) ;
#1411 = VERTEX_POINT ( 'NONE', #866 ) ;
#1412 = ADVANCED_FACE ( 'NONE', ( #2515 ), #1079, .T. ) ;
#1413 = CARTESIAN_POINT ( 'NONE',  ( -0.1509481460565193500, 0.4766704533244062200, -0.1004808162127065900 ) ) ;
#1414 = CARTESIAN_POINT ( 'NONE',  ( 0.06863035607527459600, 0.4952675078493258800, -0.1099986237902195500 ) ) ;
#1415 = CARTESIAN_POINT ( 'NONE',  ( -0.08466181942441496100, 0.4927803280593885900, -0.08505701736928185400 ) ) ;
#1416 = APPROVAL_STATUS ( 'not_yet_approved' ) ;
#1417 = DIRECTION ( 'NONE',  ( -0.4439867762919238500, 0.8960333378161246000, 0.0000000000000000000 ) ) ;
#1418 = CARTESIAN_POINT ( 'NONE',  ( -0.1353534546150259900, 0.4813311381265822400, -0.1080227733911671800 ) ) ;
#1419 = EDGE_CURVE ( 'NONE', #1922, #1457, #2541, .T. ) ;
#1420 = CARTESIAN_POINT ( 'NONE',  ( -0.04877784616935940100, 0.4976151327096932600, -0.1167786859600549300 ) ) ;
#1421 = B_SPLINE_CURVE_WITH_KNOTS ( 'NONE', 3,
 ( #2080, #2825, #404, #2091, #639, #2337, #889, #2582, #1136, #2840, #1390, #3079, #1615, #164, #1872, #411, #2104, #648, #2346, #897, #2597, #1145, #2849, #1400, #3088, #1624, #173, #1881, #421, #2112, #664, #2352, #908 ),
 .UNSPECIFIED., .F., .F.,
 ( 4, 1, 1, 2, 2, 1, 2, 2, 1, 1, 1, 2, 2, 2, 2, 2, 1, 2, 2, 4 ),
 ( 0.0000000000000000000, 0.06249999999999562800, 0.09374999999999345000, 0.1093749999999930700, 0.1249999999999927000, 0.1874999999999937000, 0.2187499999999936200, 0.2499999999999935100, 0.3749999999999963400, 0.4374999999999981700, 0.4687499999999990600, 0.4843749999999993300, 0.4999999999999995600, 0.6249999999999998900, 0.7500000000000000000, 0.8750000000000002200, 0.9062500000000002200, 0.9218750000000004400, 0.9375000000000006700, 1.000000000000000000 ),
 .UNSPECIFIED. ) ;
#1422 = CARTESIAN_POINT ( 'NONE',  ( -0.09642081278799712100, 0.4906150281779637100, -0.06409199065728735100 ) ) ;
#1423 = AXIS2_PLACEMENT_3D ( 'NONE', #2480, #493, #2181 ) ;
#1424 = B_SPLINE_CURVE_WITH_KNOTS ( 'NONE', 3,
 ( #1162, #857, #3109, #1645 ),
 .UNSPECIFIED., .F., .F.,
 ( 4, 4 ),
 ( 0.0000000000000000000, 1.000000000000000000 ),
 .UNSPECIFIED. ) ;
#1425 = CARTESIAN_POINT ( 'NONE',  ( -0.08926116699075246900, 0.4919694532392075400, -0.08035650328480445400 ) ) ;
#1426 = CARTESIAN_POINT ( 'NONE',  ( -0.1259811444303630100, 0.4838685386685823700, -0.1068445051923003600 ) ) ;
#1427 = ORIENTED_EDGE ( 'NONE', *, *, #2121, .F. ) ;
#1428 = CARTESIAN_POINT ( 'NONE',  ( 0.06200232415352321900, 0.4961414110861684900, -0.1095893816748060200 ) ) ;
#1429 = CIRCLE ( 'NONE', #2099, 0.5000000000000001100 ) ;
#1430 = DIRECTION ( 'NONE',  ( -0.0000000000000000000, -0.0000000000000000000, 1.000000000000000000 ) ) ;
#1431 = CIRCLE ( 'NONE', #2881, 0.4944322300693971800 ) ;
#1432 = CARTESIAN_POINT ( 'NONE',  ( -0.1416816409593022500, 0.4795066423543618000, -0.05723232853205430900 ) ) ;
#1433 = ORIENTED_EDGE ( 'NONE', *, *, #2113, .F. ) ;
#1434 = CARTESIAN_POINT ( 'NONE',  ( -0.1231338423589452700, 0.4846009255808063100, -0.09364445559616119100 ) ) ;
#1435 = CARTESIAN_POINT ( 'NONE',  ( 0.05440448801972696400, 0.4970313387335968400, -0.09646806328340808100 ) ) ;
#1436 = CARTESIAN_POINT ( 'NONE',  ( -0.08103460722403532700, 0.4933897305181801400, -0.1082373161777400400 ) ) ;
#1437 = EDGE_CURVE ( 'NONE', #1840, #2051, #1973, .T. ) ;
#1438 = CARTESIAN_POINT ( 'NONE',  ( -0.1489270408871314600, 0.4773078550996891500, -0.05887335030678328400 ) ) ;
#1439 = CC_DESIGN_PERSON_AND_ORGANIZATION_ASSIGNMENT ( #2160, #190, ( #778 ) ) ;
#1440 = CARTESIAN_POINT ( 'NONE',  ( 0.1283574969695218400, 0.4832438146070077700, -0.06816868803554540500 ) ) ;
#1441 = CARTESIAN_POINT ( 'NONE',  ( 0.09933334715716771200, 0.4900339613538272600, -0.08806771900606713600 ) ) ;
#1442 = CARTESIAN_POINT ( 'NONE',  ( -0.09156960097744495900, 0.4915443290180708800, -0.05817317347128853800 ) ) ;
#1443 = B_SPLINE_CURVE_WITH_KNOTS ( 'NONE', 3,
 ( #289, #2228, #2477, #1031, #2727, #1287, #2976, #1512, #63, #1766, #310, #2007, #552, #2241, #792, #2487, #1046, #2738, #1297, #2989, #1523, #73, #1778 ),
 .UNSPECIFIED., .F., .F.,
 ( 4, 2, 2, 1, 1, 2, 2, 1, 2, 2, 2, 2, 4 ),
 ( 0.0000000000000000000, 0.2500000000000017800, 0.3125000000000027800, 0.3750000000000037700, 0.4375000000000047700, 0.4687500000000042700, 0.5000000000000037700, 0.6250000000000035500, 0.6875000000000030000, 0.7500000000000024400, 0.8125000000000018900, 0.8750000000000013300, 1.000000000000000000 ),
 .UNSPECIFIED. ) ;
#1444 = CARTESIAN_POINT ( 'NONE',  ( -0.07701007482969946000, 0.4940338595742804800, -0.09247166497747727500 ) ) ;
#1445 = CARTESIAN_POINT ( 'NONE',  ( -0.1581826039163106700, 0.4743187862087167600, -0.07422368502846850300 ) ) ;
#1446 = MANIFOLD_SOLID_BREP ( '20527-001-1-solid2', #1834 ) ;
#1447 = CARTESIAN_POINT ( 'NONE',  ( 0.1136803941833222100, 0.4869061050122954200, -0.05731762600117052500 ) ) ;
#1448 = DIRECTION ( 'NONE',  ( 1.000000000000000000, 0.0000000000000000000, 0.0000000000000000000 ) ) ;
#1449 = CARTESIAN_POINT ( 'NONE',  ( 0.0000000000000000000, -6.238536557463141400E-017, -0.1082677165354335900 ) ) ;
#1450 = PERSON_AND_ORGANIZATION ( #235, #613 ) ;
#1451 = DIRECTION ( 'NONE',  ( 0.03330698226150165300, 0.9994451685473455500, 0.0000000000000000000 ) ) ;
#1452 = FACE_OUTER_BOUND ( 'NONE', #2413, .T. ) ;
#1453 = AXIS2_PLACEMENT_3D ( 'NONE', #1832, #370, #2067 ) ;
#1454 = FACE_BOUND ( 'NONE', #3095, .T. ) ;
#1455 = CARTESIAN_POINT ( 'NONE',  ( -0.04278006601005127100, 0.4981665338886400700, -0.07111641549830394200 ) ) ;
#1456 = CARTESIAN_POINT ( 'NONE',  ( -0.1234233578579417300, 0.4845272735214090600, -0.07761312102212104800 ) ) ;
#1457 = VERTEX_POINT ( 'NONE', #2619 ) ;
#1458 = CARTESIAN_POINT ( 'NONE',  ( 0.01438323662709293900, 0.4997930796881137600, -0.05797340095754498200 ) ) ;
#1459 = CARTESIAN_POINT ( 'NONE',  ( -0.08443626821540871400, 0.4928189501984205400, -0.08331093286754481800 ) ) ;
#1460 = CARTESIAN_POINT ( 'NONE',  ( 0.05067113064965889100, 0.4974264534485685100, -0.08360034909085496700 ) ) ;
#1461 = DIRECTION ( 'NONE',  ( 0.0000000000000000000, 1.000000000000000000, 1.381305580180739800E-016 ) ) ;
#1462 = CARTESIAN_POINT ( 'NONE',  ( -0.04098029499721480400, 0.4983177857267676000, -0.08181845768275244900 ) ) ;
#1463 = EDGE_CURVE ( 'NONE', #1132, #424, #1424, .T. ) ;
#1464 = CARTESIAN_POINT ( 'NONE',  ( -0.09846000516993823300, 0.4902104523135326100, -0.06405083121065038900 ) ) ;
#1465 = CARTESIAN_POINT ( 'NONE',  ( -0.1348021336736415200, 0.4814883845125487200, -0.05821798611930274800 ) ) ;
#1466 = CARTESIAN_POINT ( 'NONE',  ( 0.1283035255998914200, 0.4832579396231982400, -0.1080926633648711400 ) ) ;
#1467 = EDGE_CURVE ( 'NONE', #1472, #2445, #851, .T. ) ;
#1468 = CARTESIAN_POINT ( 'NONE',  ( -0.1076912705239832700, 0.4882648793722154700, -0.09288996714054914600 ) ) ;
#1469 = CARTESIAN_POINT ( 'NONE',  ( -0.05948154845451834200, 0.4964494765286490100, -0.1066830973178093800 ) ) ;
#1470 = CARTESIAN_POINT ( 'NONE',  ( -0.1854939833856521800, 0.4643188367143029600, -0.09204366140575817600 ) ) ;
#1471 = CARTESIAN_POINT ( 'NONE',  ( -0.1411497147234112800, 0.4796631714375200200, -0.1170285190677812100 ) ) ;
#1472 = VERTEX_POINT ( 'NONE', #189 ) ;
#1473 = CARTESIAN_POINT ( 'NONE',  ( -0.09644462444222155800, 0.4906102673367109300, -0.08447249241726635700 ) ) ;
#1474 = CARTESIAN_POINT ( 'NONE',  ( 0.06203261129277891400, 0.4961376057323465500, -0.08421490594120073500 ) ) ;
#1475 = VERTEX_POINT ( 'NONE', #2673 ) ;
#1476 = ADVANCED_FACE ( 'NONE', ( #435 ), #1643, .T. ) ;
#1477 = CARTESIAN_POINT ( 'NONE',  ( 0.1112664422197253400, 0.4874627654725189300, -0.09934324588216191000 ) ) ;
#1478 = CARTESIAN_POINT ( 'NONE',  ( -0.06311435599634976400, 0.4960005829786718300, -0.09501947189681034200 ) ) ;
#1479 = EDGE_CURVE ( 'NONE', #726, #2493, #502, .T. ) ;
#1480 = ORIENTED_EDGE ( 'NONE', *, *, #3067, .F. ) ;
#1481 = CARTESIAN_POINT ( 'NONE',  ( -0.1300908917911232400, 0.4827798842021232600, -0.1130865907091591100 ) ) ;
#1482 = CIRCLE ( 'NONE', #1785, 0.5000000000000001100 ) ;
#1483 = DIRECTION ( 'NONE',  ( -0.0000000000000000000, -0.0000000000000000000, 1.000000000000000000 ) ) ;
#1484 = DIRECTION ( 'NONE',  ( 1.000000000000000000, 0.0000000000000000000, 0.0000000000000000000 ) ) ;
#1485 = FACE_OUTER_BOUND ( 'NONE', #2880, .T. ) ;
#1486 = AXIS2_PLACEMENT_3D ( 'NONE', #1502, #58, #1753 ) ;
#1487 = ORIENTED_EDGE ( 'NONE', *, *, #1546, .T. ) ;
#1488 = CARTESIAN_POINT ( 'NONE',  ( 0.1160775007483393200, 0.4863398901783769800, -0.1034996600759884300 ) ) ;
#1489 = CARTESIAN_POINT ( 'NONE',  ( 0.0000000000000000000, 0.0000000000000000000, -0.09204366140575817600 ) ) ;
#1490 = CARTESIAN_POINT ( 'NONE',  ( 0.2160363356050637500, 0.4509194009278436600, -0.07216694436203587000 ) ) ;
#1491 = CARTESIAN_POINT ( 'NONE',  ( -0.1404165456169799700, 0.4798789199385080600, -0.1101859196200025600 ) ) ;
#1492 = ADVANCED_FACE ( 'NONE', ( #2288 ), #357, .T. ) ;
#1493 = CARTESIAN_POINT ( 'NONE',  ( 0.04986435693440700200, 0.4975075785255058700, -0.1076901040665680800 ) ) ;
#1494 = CARTESIAN_POINT ( 'NONE',  ( 0.06873996990865471900, 0.4952523218560228000, -0.08392276608482843200 ) ) ;
#1495 = CARTESIAN_POINT ( 'NONE',  ( 0.05258832210816453300, 0.4972267875031049500, -0.1113157816284092300 ) ) ;
#1496 = B_SPLINE_CURVE_WITH_KNOTS ( 'NONE', 3,
 ( #910, #3103, #2624, #1169, #2871, #1420, #3115, #1650, #198, #1904, #447, #2137, #687, #2376, #934, #2632, #1178 ),
 .UNSPECIFIED., .F., .F.,
 ( 4, 1, 2, 2, 2, 2, 2, 2, 4 ),
 ( 0.0000000000000000000, 0.1249999999999969700, 0.1874999999999970000, 0.2499999999999970600, 0.5000000000000003300, 0.7500000000000035500, 0.8125000000000037700, 0.8750000000000038900, 1.000000000000000000 ),
 .UNSPECIFIED. ) ;
#1497 = DIRECTION ( 'NONE',  ( -1.000000000000000000, -1.224646799147353200E-016, -1.499710251424085300E-032 ) ) ;
#1498 = CARTESIAN_POINT ( 'NONE',  ( 0.1385074026871274700, 0.4804328998299958200, -0.07057634650861967200 ) ) ;
#1499 = DIRECTION ( 'NONE',  ( -0.0000000000000000000, -0.0000000000000000000, 1.000000000000000000 ) ) ;
#1500 = B_SPLINE_CURVE_WITH_KNOTS ( 'NONE', 3,
 ( #2216, #528, #1269, #2960, #1495, #52, #1747, #296, #1993, #539, #2227, #780, #2476, #1029, #2725, #1285, #2973, #1509, #61, #1763 ),
 .UNSPECIFIED., .F., .F.,
 ( 4, 1, 2, 2, 2, 2, 2, 1, 2, 2, 4 ),
 ( 0.0000000000000000000, 0.06250000000000036100, 0.09375000000000054100, 0.1250000000000007200, 0.2500000000000001100, 0.4999999999999977800, 0.7499999999999954500, 0.8124999999999944500, 0.8437499999999946700, 0.8749999999999947800, 1.000000000000000000 ),
 .UNSPECIFIED. ) ;
#1501 = CARTESIAN_POINT ( 'NONE',  ( -0.1062032987156110400, 0.4885907507365712100, -0.06931871234724315500 ) ) ;
#1502 = CARTESIAN_POINT ( 'NONE',  ( 0.0000000000000000000, 0.0000000000000000000, -0.1087002331804401800 ) ) ;
#1503 = DIRECTION ( 'NONE',  ( 1.000000000000000000, 0.0000000000000000000, 0.0000000000000000000 ) ) ;
#1504 = AXIS2_PLACEMENT_3D ( 'NONE', #1489, #42, #1737 ) ;
#1505 = CARTESIAN_POINT ( 'NONE',  ( 0.0000000000000000000, 0.0000000000000000000, 0.01973757862051097800 ) ) ;
#1506 = CARTESIAN_POINT ( 'NONE',  ( -0.06341716592871525500, 0.4959619573652218100, -0.08568002696935625400 ) ) ;
#1507 = ORIENTED_EDGE ( 'NONE', *, *, #1203, .T. ) ;
#1508 = ORIENTED_EDGE ( 'NONE', *, *, #2753, .T. ) ;
#1509 = CARTESIAN_POINT ( 'NONE',  ( 0.06458854080181805600, 0.4958109998441281900, -0.1169761135198067000 ) ) ;
#1510 = VERTEX_POINT ( 'NONE', #1240 ) ;
#1511 = CARTESIAN_POINT ( 'NONE',  ( -0.1591701250968089500, 0.4739882616534248400, -0.08962544438317397700 ) ) ;
#1512 = CARTESIAN_POINT ( 'NONE',  ( -0.07776175767422660600, 0.4939161102974628000, -0.07743795068895825700 ) ) ;
#1513 = CARTESIAN_POINT ( 'NONE',  ( 0.1539326677250567300, 0.4757151460959246300, -0.06431250706878723100 ) ) ;
#1514 = CARTESIAN_POINT ( 'NONE',  ( -0.04107221473455369800, 0.4983102178903243100, -0.09408284976418299100 ) ) ;
#1515 = CARTESIAN_POINT ( 'NONE',  ( -0.1312214051085404400, 0.4824738171629347500, -0.07438434169766834600 ) ) ;
#1516 = CARTESIAN_POINT ( 'NONE',  ( 0.04687232202082121400, 0.4977981372287130200, -0.09601852512471638300 ) ) ;
#1517 = CARTESIAN_POINT ( 'NONE',  ( -0.08675612801956311700, 0.4924160377895017100, -0.1048736687878000500 ) ) ;
#1518 = PERSON_AND_ORGANIZATION ( #235, #613 ) ;
#1519 = CARTESIAN_POINT ( 'NONE',  ( 0.1067535558299778600, 0.4884708561180419200, -0.06481804540078646400 ) ) ;
#1520 = CARTESIAN_POINT ( 'NONE',  ( 0.1768708362664134200, 0.4676715808357252400, -0.09034463157339160700 ) ) ;
#1521 = LINE ( 'NONE', #217, #234 ) ;
#1522 = CARTESIAN_POINT ( 'NONE',  ( -0.1566748919346314400, 0.4748189259537569100, -0.1055981871894275300 ) ) ;
#1523 = CARTESIAN_POINT ( 'NONE',  ( -0.08186321310372736400, 0.4932530899008650800, -0.06582211426326668700 ) ) ;
#1524 = CARTESIAN_POINT ( 'NONE',  ( -0.1074236290437070900, 0.4883238310005770800, -0.07311573893452862100 ) ) ;
#1525 = CARTESIAN_POINT ( 'NONE',  ( -0.04399420277421158000, 0.4980610417075941300, -0.1057602592594687500 ) ) ;
#1526 = FACE_OUTER_BOUND ( 'NONE', #1387, .T. ) ;
#1527 = EDGE_CURVE ( 'NONE', #2318, #2, #3019, .T. ) ;
#1528 = CARTESIAN_POINT ( 'NONE',  ( -0.1136307653639889200, 0.4869172491871662200, -0.08742156361410323400 ) ) ;
#1529 = CARTESIAN_POINT ( 'NONE',  ( -6.055048479497856800E-017, -0.4944322300694060100, -0.1932252648481386500 ) ) ;
#1530 = CARTESIAN_POINT ( 'NONE',  ( -0.05269752466688380100, 0.4972155250400550100, -0.05723232853205600900 ) ) ;
#1531 = CARTESIAN_POINT ( 'NONE',  ( -0.06317941449823780100, 0.4959923001346094300, -0.08009068154183768300 ) ) ;
#1532 = CARTESIAN_POINT ( 'NONE',  ( 0.1727125335636716900, 0.4692233879775873900, -0.1038346673040978900 ) ) ;
#1533 = CARTESIAN_POINT ( 'NONE',  ( -0.1449300761383028900, 0.4785348142311157100, -0.1166851582269492800 ) ) ;
#1534 = CARTESIAN_POINT ( 'NONE',  ( -0.1042837378890954100, 0.4890050946198961100, -0.1075500417476309800 ) ) ;
#1535 = CARTESIAN_POINT ( 'NONE',  ( -0.03711236165590564600, 0.4986208178430699400, -0.1082589481377003000 ) ) ;
#1536 = B_SPLINE_CURVE_WITH_KNOTS ( 'NONE', 3,
 ( #788, #548, #2002, #1041, #2734, #1293, #2985, #1517, #69, #1771, #320, #2012, #558, #2249, #800, #2491, #1052, #2744, #1303 ),
 .UNSPECIFIED., .F., .F.,
 ( 4, 2, 2, 2, 2, 2, 1, 2, 2, 4 ),
 ( 0.0000000000000000000, 0.1250000000000014200, 0.2500000000000028300, 0.3750000000000042200, 0.5000000000000056600, 0.7500000000000096600, 0.8125000000000096600, 0.8437500000000093300, 0.8750000000000089900, 1.000000000000000000 ),
 .UNSPECIFIED. ) ;
#1537 = CARTESIAN_POINT ( 'NONE',  ( 0.01665349113075082600, 0.4997225842736728900, -0.1162714021689320200 ) ) ;
#1538 = ORIENTED_EDGE ( 'NONE', *, *, #1170, .F. ) ;
#1539 = CARTESIAN_POINT ( 'NONE',  ( -0.1520072025094213500, 0.4763337174557979400, -0.08712240156323848600 ) ) ;
#1540 = CARTESIAN_POINT ( 'NONE',  ( 0.1745061651366029400, 0.4685590885807778300, -0.07268214681868270800 ) ) ;
#1541 = CARTESIAN_POINT ( 'NONE',  ( -0.05443148166528669800, 0.4970284250500570700, -0.05733602842706996000 ) ) ;
#1542 = CARTESIAN_POINT ( 'NONE',  ( -0.05947135611388421800, 0.4964513950976080500, -0.06747321583241555600 ) ) ;
#1543 = VERTEX_POINT ( 'NONE', #2682 ) ;
#1544 = CARTESIAN_POINT ( 'NONE',  ( 0.1627638990238497500, 0.4727675658317346300, -0.1100118714646058600 ) ) ;
#1545 = CARTESIAN_POINT ( 'NONE',  ( -0.2380312482874370500, 0.4397057252739889300, -0.1162714021689320200 ) ) ;
#1546 = EDGE_CURVE ( 'NONE', #930, #2889, #286, .T. ) ;
#1547 = DIRECTION ( 'NONE',  ( -1.000000000000000000, 0.0000000000000000000, 0.0000000000000000000 ) ) ;
#1548 = CARTESIAN_POINT ( 'NONE',  ( -0.04536693976959513300, 0.4979377626480083800, -0.06675230854258971900 ) ) ;
#1549 = EDGE_CURVE ( 'NONE', #465, #2144, #2879, .T. ) ;
#1550 = ORIENTED_EDGE ( 'NONE', *, *, #2342, .F. ) ;
#1551 = ORIENTED_EDGE ( 'NONE', *, *, #2377, .T. ) ;
#1552 = CARTESIAN_POINT ( 'NONE',  ( 0.07691924750054778000, 0.4940480030968140700, -0.09961483039425000900 ) ) ;
#1553 = CARTESIAN_POINT ( 'NONE',  ( 0.1769931530019428500, 0.4676253041518688100, -0.08450610457324733700 ) ) ;
#1554 = AXIS2_PLACEMENT_3D ( 'NONE', #1155, #2859, #153 ) ;
#1555 = CARTESIAN_POINT ( 'NONE',  ( -0.06734131490701728000, 0.4954444324753923300, -0.06665414612269514300 ) ) ;
#1556 = CARTESIAN_POINT ( 'NONE',  ( 0.07254080193474010700, 0.4947108602632059900, -0.07064327906172425400 ) ) ;
#1557 = EDGE_CURVE ( 'NONE', #2731, #931, #2358, .T. ) ;
#1558 = ORIENTED_EDGE ( 'NONE', *, *, #2777, .F. ) ;
#1559 = ORIENTED_EDGE ( 'NONE', *, *, #29, .F. ) ;
#1560 = CARTESIAN_POINT ( 'NONE',  ( -0.07074384341129863500, 0.4949700105114619400, -0.09305114405160590200 ) ) ;
#1561 = CARTESIAN_POINT ( 'NONE',  ( -0.09644462444222155800, 0.4906102673367109300, -0.08447249241726635700 ) ) ;
#1562 = CARTESIAN_POINT ( 'NONE',  ( -0.1058250738066118500, 0.4886730710898775100, -0.1150023371722512900 ) ) ;
#1563 = ORIENTED_EDGE ( 'NONE', *, *, #2256, .T. ) ;
#1564 = CARTESIAN_POINT ( 'NONE',  ( -0.1109877916770515800, 0.4875265070404687400, -0.06273132251903706900 ) ) ;
#1565 = CIRCLE ( 'NONE', #1655, 0.5000000000000001100 ) ;
#1566 = CARTESIAN_POINT ( 'NONE',  ( 0.1066351846900900100, 0.4884969283119370800, -0.05761086928467169100 ) ) ;
#1567 = LINE ( 'NONE', #1618, #2634 ) ;
#1568 = EDGE_CURVE ( 'NONE', #506, #246, #2306, .T. ) ;
#1569 = CARTESIAN_POINT ( 'NONE',  ( -0.06613718776154962900, 0.4956076507922159100, -0.1099993668642962100 ) ) ;
#1570 = CARTESIAN_POINT ( 'NONE',  ( -0.1411497147234112800, 0.4796631714375200200, -0.05721628405869577000 ) ) ;
#1571 = DIRECTION ( 'NONE',  ( 0.01816980565498378000, 0.9998349154547766500, 0.0000000000000000000 ) ) ;
#1572 = CYLINDRICAL_SURFACE ( 'NONE', #1423, 0.5000000000000001100 ) ;
#1573 = AXIS2_PLACEMENT_3D ( 'NONE', #1505, #59, #1758 ) ;
#1574 = DIRECTION ( 'NONE',  ( 0.0000000000000000000, 0.0000000000000000000, 1.000000000000000000 ) ) ;
#1575 = CARTESIAN_POINT ( 'NONE',  ( 0.09345691232903032000, 0.4911881587573475000, -0.07127591756806593600 ) ) ;
#1576 = CARTESIAN_POINT ( 'NONE',  ( 0.04234775314436870600, 0.4982034401764240400, -0.1018861810907975600 ) ) ;
#1577 = ORIENTED_EDGE ( 'NONE', *, *, #244, .F. ) ;
#1578 = CARTESIAN_POINT ( 'NONE',  ( -0.05319110534649525200, 0.4971637661990324100, -0.1170125930508031700 ) ) ;
#1579 = ORIENTED_EDGE ( 'NONE', *, *, #2754, .T. ) ;
#1580 = CARTESIAN_POINT ( 'NONE',  ( -0.1392384964197325400, 0.4802215933147011000, -0.06418893817245015200 ) ) ;
#1581 = DIRECTION ( 'NONE',  ( -0.0000000000000000000, -0.0000000000000000000, 1.000000000000000000 ) ) ;
#1582 = CARTESIAN_POINT ( 'NONE',  ( -0.1514295483042293100, 0.4765177382343344600, -0.07654514430736612800 ) ) ;
#1583 = CARTESIAN_POINT ( 'NONE',  ( 0.1836145000479693100, 0.4650653698345846900, -0.07602425660453797400 ) ) ;
#1584 = CARTESIAN_POINT ( 'NONE',  ( 0.1077021431845550700, 0.4882626643008288200, -0.08626968264929597800 ) ) ;
#1585 = CARTESIAN_POINT ( 'NONE',  ( 0.06596142335145387100, 0.4956301391521371100, -0.07700765520213899400 ) ) ;
#1586 = DIRECTION ( 'NONE',  ( -0.0000000000000000000, -0.0000000000000000000, 1.000000000000000000 ) ) ;
#1587 = EDGE_CURVE ( 'NONE', #640, #1049, #994, .T. ) ;
#1588 = DIRECTION ( 'NONE',  ( 0.0000000000000000000, 1.000000000000000000, 1.208642382658147400E-016 ) ) ;
#1589 = CARTESIAN_POINT ( 'NONE',  ( -0.1454811325676516300, 0.4783684686414678700, -0.06508999968411750800 ) ) ;
#1590 = CARTESIAN_POINT ( 'NONE',  ( 0.1649806761914000600, 0.4719973925102378100, -0.05705528384252899600 ) ) ;
#1591 = CARTESIAN_POINT ( 'NONE',  ( 0.1015951404520688400, 0.4895697485061557000, -0.07793874265337072400 ) ) ;
#1592 = SECURITY_CLASSIFICATION ( '', '', #1899 ) ;
#1593 = B_SPLINE_CURVE_WITH_KNOTS ( 'NONE', 3,
 ( #966, #2654, #978, #2677, #1230, #2922, #1466, #18, #1706, #256, #1957, #501, #2191, #736, #2435, #988, #2688, #1244, #2934 ),
 .UNSPECIFIED., .F., .F.,
 ( 4, 1, 2, 2, 2, 2, 1, 1, 2, 2, 4 ),
 ( 0.0000000000000000000, 0.06250000000000248400, 0.09375000000000177600, 0.1250000000000010800, 0.1875000000000020000, 0.2500000000000029400, 0.3750000000000068800, 0.4375000000000082200, 0.4687500000000096000, 0.5000000000000108800, 1.000000000000000000 ),
 .UNSPECIFIED. ) ;
#1594 = EDGE_CURVE ( 'NONE', #661, #3125, #1739, .T. ) ;
#1595 = CALENDAR_DATE ( 2016, 30, 9 ) ;
#1596 = CARTESIAN_POINT ( 'NONE',  ( 0.07961991979531245200, 0.4936207218359773300, -0.1117441651175501300 ) ) ;
#1597 = ORIENTED_EDGE ( 'NONE', *, *, #819, .T. ) ;
#1598 = CARTESIAN_POINT ( 'NONE',  ( -0.2101738166050805800, 0.4536816480421902400, -0.07290358568697950800 ) ) ;
#1599 = CARTESIAN_POINT ( 'NONE',  ( 0.1665039464198370400, 0.4714629552940135500, -0.1162441392087750500 ) ) ;
#1600 = VECTOR ( 'NONE', #2653, 39.37007874015748100 ) ;
#1601 = CARTESIAN_POINT ( 'NONE',  ( 0.0000000000000000000, 0.0000000000000000000, -0.09810059659655162600 ) ) ;
#1602 = CARTESIAN_POINT ( 'NONE',  ( -0.03612741708071338900, 0.4986931092833147800, -0.1060136263884852700 ) ) ;
#1603 = CARTESIAN_POINT ( 'NONE',  ( 0.1368854793361584900, 0.4808976609327580400, -0.1003354928175545200 ) ) ;
#1604 = VECTOR ( 'NONE', #2166, 39.37007874015748100 ) ;
#1605 = ORIENTED_EDGE ( 'NONE', *, *, #2189, .T. ) ;
#1606 = DIRECTION ( 'NONE',  ( 1.000000000000000000, 0.0000000000000000000, 0.0000000000000000000 ) ) ;
#1607 = VERTEX_POINT ( 'NONE', #2510 ) ;
#1608 = CARTESIAN_POINT ( 'NONE',  ( 0.1822445227900386100, 0.4656040729848315900, -0.1012714534665948400 ) ) ;
#1609 = CARTESIAN_POINT ( 'NONE',  ( 0.1523229250605576400, 0.4762367139770734000, -0.1085190173629895600 ) ) ;
#1610 = CARTESIAN_POINT ( 'NONE',  ( 0.09334301496410130100, 0.4912098143230664300, -0.07393607546708153000 ) ) ;
#1611 = CARTESIAN_POINT ( 'NONE',  ( 0.0000000000000000000, -0.5000000000000001100, 0.02530534855111371600 ) ) ;
#1612 = AXIS2_PLACEMENT_3D ( 'NONE', #864, #2558, #1110 ) ;
#1613 = CARTESIAN_POINT ( 'NONE',  ( -0.03332783400249385300, 0.4988880205362289400, -0.08985487864073316000 ) ) ;
#1614 = CARTESIAN_POINT ( 'NONE',  ( 0.1575144479961635400, 0.4745415184326253800, -0.1169769689143947100 ) ) ;
#1615 = CARTESIAN_POINT ( 'NONE',  ( -0.03415006632743459300, 0.4988324746707547000, -0.07525006053365744500 ) ) ;
#1616 = CARTESIAN_POINT ( 'NONE',  ( -0.09849835180414338900, 0.4902020753647084500, -0.07765844032762370100 ) ) ;
#1617 = VERTEX_POINT ( 'NONE', #1065 ) ;
#1618 = CARTESIAN_POINT ( 'NONE',  ( -0.004542638897484200600, 0.4999793640060029000, -0.09885771349540083100 ) ) ;
#1619 = CARTESIAN_POINT ( 'NONE',  ( 0.0000000000000000000, -1.247748521138706000E-016, 0.9106299212598421000 ) ) ;
#1620 = CARTESIAN_POINT ( 'NONE',  ( 0.1847906837189697000, 0.4645991855467203600, -0.08630613490666672000 ) ) ;
#1621 = CARTESIAN_POINT ( 'NONE',  ( 0.06620650671736251500, 0.4955973148315918100, -0.1102144669781385500 ) ) ;
#1622 = DIRECTION ( 'NONE',  ( -0.0000000000000000000, -0.0000000000000000000, 1.000000000000000000 ) ) ;
#1623 = DIRECTION ( 'NONE',  ( 0.0000000000000000000, 1.000000000000000000, 0.0000000000000000000 ) ) ;
#1624 = CARTESIAN_POINT ( 'NONE',  ( -0.04761022917383485300, 0.4977282728125677100, -0.05769796759541419300 ) ) ;
#1625 = EDGE_CURVE ( 'NONE', #266, #1905, #1182, .T. ) ;
#1626 = VERTEX_POINT ( 'NONE', #821 ) ;
#1627 = CARTESIAN_POINT ( 'NONE',  ( -0.1464794325995902300, 0.4780634322018703100, -0.1084492806096975500 ) ) ;
#1628 = DIRECTION ( 'NONE',  ( 1.000000000000000000, 0.0000000000000000000, 0.0000000000000000000 ) ) ;
#1629 = CARTESIAN_POINT ( 'NONE',  ( 0.07657047101935117500, 0.4941021796805255000, -0.1014270235284788100 ) ) ;
#1630 = ORIENTED_EDGE ( 'NONE', *, *, #2633, .F. ) ;
#1631 = EDGE_CURVE ( 'NONE', #2557, #2925, #2870, .T. ) ;
#1632 = ADVANCED_FACE ( 'NONE', ( #2203 ), #1715, .T. ) ;
#1633 = CARTESIAN_POINT ( 'NONE',  ( 0.1217434150701671000, 0.4849521159274918800, -0.07123160415625427700 ) ) ;
#1634 = ORIENTED_EDGE ( 'NONE', *, *, #1687, .T. ) ;
#1635 = APPLICATION_CONTEXT ( 'configuration controlled 3d designs of mechanical parts and assemblies' ) ;
#1636 = CARTESIAN_POINT ( 'NONE',  ( -0.09730345274407439800, 0.4904406570463767900, -0.1170285190677811800 ) ) ;
#1637 = CARTESIAN_POINT ( 'NONE',  ( -0.1311350792101210500, 0.4824972664473727900, -0.09968082948340895000 ) ) ;
#1638 = ORIENTED_EDGE ( 'NONE', *, *, #2190, .F. ) ;
#1639 = CIRCLE ( 'NONE', #1486, 0.5000000000000000000 ) ;
#1640 = CARTESIAN_POINT ( 'NONE',  ( -0.03901098181630602300, 0.4984758201735847700, -0.1113383123748678100 ) ) ;
#1641 = CARTESIAN_POINT ( 'NONE',  ( -0.1515417564425820800, 0.4764820098023053200, -0.09671576738086645800 ) ) ;
#1642 = B_SPLINE_CURVE_WITH_KNOTS ( 'NONE', 3,
 ( #3018, #104, #2299, #848 ),
 .UNSPECIFIED., .F., .F.,
 ( 4, 4 ),
 ( 0.0000000000000000000, 1.000000000000000000 ),
 .UNSPECIFIED. ) ;
#1643 = CONICAL_SURFACE ( 'NONE', #150, 0.4944322300693972400, 0.7853981633974360700 ) ;
#1644 = CARTESIAN_POINT ( 'NONE',  ( 0.06780017958806862400, 0.4953820450285623700, -0.1101348725673558800 ) ) ;
#1645 = CARTESIAN_POINT ( 'NONE',  ( 0.1360576254545841100, 0.4811323337249952500, -0.09736713960079149100 ) ) ;
#1646 = PERSON_AND_ORGANIZATION_ROLE ( 'creator' ) ;
#1647 = VECTOR ( 'NONE', #1685, 39.37007874015748100 ) ;
#1648 = CARTESIAN_POINT ( 'NONE',  ( -0.1367788603223786300, 0.4809280524316612000, -0.1090628197048622300 ) ) ;
#1649 = DIRECTION ( 'NONE',  ( -0.0000000000000000000, 1.224606353822377300E-016, -1.000000000000000000 ) ) ;
#1650 = CARTESIAN_POINT ( 'NONE',  ( -0.04600921811527405900, 0.4978798660050921000, -0.1161568450721183900 ) ) ;
#1651 = ORIENTED_EDGE ( 'NONE', *, *, #227, .F. ) ;
#1652 = EDGE_CURVE ( 'NONE', #2631, #610, #612, .T. ) ;
#1653 = CARTESIAN_POINT ( 'NONE',  ( -0.09550460862261002400, 0.4907943901310220000, -0.06419729234926474500 ) ) ;
#1654 = CARTESIAN_POINT ( 'NONE',  ( -0.09288800045906366000, 0.4912983565023234500, -0.07856192489102804800 ) ) ;
#1655 = AXIS2_PLACEMENT_3D ( 'NONE', #1601, #148, #1858 ) ;
#1656 = CARTESIAN_POINT ( 'NONE',  ( -0.1256513498252220000, 0.4839542806905249800, -0.1060136263885063200 ) ) ;
#1657 = CARTESIAN_POINT ( 'NONE',  ( 0.05976976522953569800, 0.4964151657118620600, -0.1085008413409433600 ) ) ;
#1658 = EDGE_CURVE ( 'NONE', #2710, #3065, #49, .T. ) ;
#1659 = CARTESIAN_POINT ( 'NONE',  ( -0.09539368706623646600, 0.4908161060067148300, -0.1169513601675844100 ) ) ;
#1660 = CARTESIAN_POINT ( 'NONE',  ( 0.0000000000000000000, 1.624290868514798900E-016, -1.434645669291339200 ) ) ;
#1661 = CARTESIAN_POINT ( 'NONE',  ( -0.1229330801481211000, 0.4846518950330746000, -0.08985487864095408100 ) ) ;
#1662 = CARTESIAN_POINT ( 'NONE',  ( 0.09383739909473896900, 0.4911156273962390400, -0.07790274252434370400 ) ) ;
#1663 = CARTESIAN_POINT ( 'NONE',  ( 0.04234775314436870600, 0.4982034401764240400, -0.1018861810907975600 ) ) ;
#1664 = B_SPLINE_CURVE_WITH_KNOTS ( 'NONE', 3,
 ( #1751, #2498, #1057, #2751, #1311, #2999, #1535, #86, #1791, #335, #1602, #151, #1860, #402, #2088, #636, #2335, #887, #2580, #1134, #2838, #1386, #3077, #1613, #161 ),
 .UNSPECIFIED., .F., .F.,
 ( 4, 1, 2, 2, 1, 2, 2, 1, 2, 2, 1, 1, 2, 2, 4 ),
 ( 0.0000000000000000000, 0.06250000000000184600, 0.09375000000000177600, 0.1250000000000017200, 0.1875000000000012500, 0.2187500000000020000, 0.2500000000000027200, 0.3749999999999990000, 0.4374999999999961100, 0.4999999999999931700, 0.6249999999999895600, 0.6874999999999877900, 0.7187499999999879000, 0.7499999999999879000, 1.000000000000000000 ),
 .UNSPECIFIED. ) ;
#1665 = CARTESIAN_POINT ( 'NONE',  ( -0.07918769426729220500, 0.4936899547545353700, -0.1046182584980977900 ) ) ;
#1666 = VERTEX_POINT ( 'NONE', #1570 ) ;
#1667 = CARTESIAN_POINT ( 'NONE',  ( -0.1519262422992079500, 0.4763602148711935100, -0.06098897424648833800 ) ) ;
#1668 = AXIS2_PLACEMENT_3D ( 'NONE', #32, #1726, #2941 ) ;
#1669 = DATE_AND_TIME ( #2319, #2971 ) ;
#1670 = EDGE_CURVE ( 'NONE', #1013, #750, #2135, .T. ) ;
#1671 = CARTESIAN_POINT ( 'NONE',  ( 0.1256060682239163500, 0.4839692200799768900, -0.06289918534190878900 ) ) ;
#1672 = CARTESIAN_POINT ( 'NONE',  ( 0.1020338717867007300, 0.4894788310321389100, -0.09098407276388373300 ) ) ;
#1673 = CARTESIAN_POINT ( 'NONE',  ( 0.06471197866369117500, 0.4957950650212567500, -0.07691499776844761000 ) ) ;
#1674 = ORIENTED_EDGE ( 'NONE', *, *, #975, .T. ) ;
#1675 = CARTESIAN_POINT ( 'NONE',  ( -0.09327260605685405700, 0.4912232201622944700, -0.05772659862322398300 ) ) ;
#1676 = CIRCLE ( 'NONE', #904, 0.4944322300693974000 ) ;
#1677 = ORIENTED_EDGE ( 'NONE', *, *, #2585, .F. ) ;
#1678 = CARTESIAN_POINT ( 'NONE',  ( -0.07691924750054837700, 0.4940480030968139600, -0.08862480540939234000 ) ) ;
#1679 = CIRCLE ( 'NONE', #376, 0.5000000000000001100 ) ;
#1680 = CARTESIAN_POINT ( 'NONE',  ( -0.1585389233420534700, 0.4741997583698148200, -0.07630088674011358000 ) ) ;
#1681 = ORIENTED_EDGE ( 'NONE', *, *, #1714, .T. ) ;
#1682 = CARTESIAN_POINT ( 'NONE',  ( 0.1111176970812613500, 0.4874965203930763900, -0.05721628405869578400 ) ) ;
#1683 = CARTESIAN_POINT ( 'NONE',  ( -0.1081629420542428700, 0.4881606067332457400, -0.09705956086063399800 ) ) ;
#1684 = CARTESIAN_POINT ( 'NONE',  ( -0.1229039914483216300, 0.4846592710086261600, -0.08610560069070660700 ) ) ;
#1685 = DIRECTION ( 'NONE',  ( -0.0000000000000000000, 1.224606353822377300E-016, -1.000000000000000000 ) ) ;
#1686 = CARTESIAN_POINT ( 'NONE',  ( -0.02648668806112169600, 0.4992979624989000700, -0.09204366140575817600 ) ) ;
#1687 = EDGE_CURVE ( 'NONE', #1342, #2887, #926, .T. ) ;
#1688 = B_SPLINE_CURVE_WITH_KNOTS ( 'NONE', 3,
 ( #400, #2086, #1129, #2835, #1384, #3075, #1609, #159, #1868, #407, #2098, #645, #2344, #893, #2591 ),
 .UNSPECIFIED., .F., .F.,
 ( 4, 1, 2, 2, 2, 2, 2, 4 ),
 ( 0.0000000000000000000, 0.1250000000000067400, 0.1875000000000064900, 0.2500000000000062700, 0.5000000000000042200, 0.7500000000000021100, 0.8750000000000011100, 1.000000000000000000 ),
 .UNSPECIFIED. ) ;
#1689 = CARTESIAN_POINT ( 'NONE',  ( -0.08687926572476319100, 0.4923942860722587100, -0.07137023224794325500 ) ) ;
#1690 = CARTESIAN_POINT ( 'NONE',  ( -0.2380312482874370500, 0.4397057252739889300, -0.1162714021689320200 ) ) ;
#1691 = EDGE_CURVE ( 'NONE', #1094, #931, #275, .T. ) ;
#1692 = ORIENTED_EDGE ( 'NONE', *, *, #1852, .F. ) ;
#1693 = CARTESIAN_POINT ( 'NONE',  ( -0.04246086573351517300, 0.4981938166264292500, -0.07212749414778080200 ) ) ;
#1694 = CARTESIAN_POINT ( 'NONE',  ( -0.1041982443631960800, 0.4890222806723135700, -0.06652086185463930400 ) ) ;
#1695 = CARTESIAN_POINT ( 'NONE',  ( -0.1242262336691105500, 0.4843223816570729800, -0.07262395863917464600 ) ) ;
#1696 = VERTEX_POINT ( 'NONE', #606 ) ;
#1697 = ORIENTED_EDGE ( 'NONE', *, *, #337, .T. ) ;
#1698 = CARTESIAN_POINT ( 'NONE',  ( -0.08439118520106628200, 0.4928266712144944700, -0.08544254844391688300 ) ) ;
#1699 = CARTESIAN_POINT ( 'NONE',  ( 0.04880160333592428700, 0.4976130559024465900, -0.08665004852479947500 ) ) ;
#1700 = CARTESIAN_POINT ( 'NONE',  ( 0.0000000000000000000, 0.0000000000000000000, -0.1082677165354335900 ) ) ;
#1701 = CARTESIAN_POINT ( 'NONE',  ( -0.04090370367602930200, 0.4983240813865491000, -0.08334201631312063200 ) ) ;
#1702 = CARTESIAN_POINT ( 'NONE',  ( -0.05252910104211746400, 0.4972331866138945400, -0.1101997698212461200 ) ) ;
#1703 = CARTESIAN_POINT ( 'NONE',  ( -0.1373622334801760100, 0.4807618040458531700, -0.05756314806814805800 ) ) ;
#1704 = VERTEX_POINT ( 'NONE', #853 ) ;
#1705 = EDGE_CURVE ( 'NONE', #1257, #1188, #1482, .T. ) ;
#1706 = CARTESIAN_POINT ( 'NONE',  ( 0.1276946851355224600, 0.4834191911606817200, -0.1068976277114530200 ) ) ;
#1707 = ORIENTED_EDGE ( 'NONE', *, *, #2121, .T. ) ;
#1708 = CARTESIAN_POINT ( 'NONE',  ( -0.1075649545622770500, 0.4882927246626859200, -0.09241401389801344500 ) ) ;
#1709 = VECTOR ( 'NONE', #2755, 39.37007874015748100 ) ;
#1710 = CARTESIAN_POINT ( 'NONE',  ( 0.1590901593902422400, 0.4740151064947059600, -0.1170285190677811800 ) ) ;
#1711 = AXIS2_PLACEMENT_3D ( 'NONE', #984, #509, #265 ) ;
#1712 = ORIENTED_EDGE ( 'NONE', *, *, #3080, .T. ) ;
#1713 = CARTESIAN_POINT ( 'NONE',  ( 0.07550353127946378400, 0.4942664077125311100, -0.08806348588419357600 ) ) ;
#1714 = EDGE_CURVE ( 'NONE', #1362, #930, #2640, .T. ) ;
#1715 = SPHERICAL_SURFACE ( 'NONE', #1302, 9.082677165354329700 ) ;
#1716 = CARTESIAN_POINT ( 'NONE',  ( 0.0000000000000000000, 0.0000000000000000000, -0.09810059659655162600 ) ) ;
#1717 = DIRECTION ( 'NONE',  ( -1.000000000000000000, 0.0000000000000000000, -0.0000000000000000000 ) ) ;
#1718 = CARTESIAN_POINT ( 'NONE',  ( -0.06057708390934208500, 0.4963169072043909800, -0.1051917956966328500 ) ) ;
#1719 = CARTESIAN_POINT ( 'NONE',  ( 0.2137403331683414300, 0.4520122711029478900, -0.06465973022741292000 ) ) ;
#1720 = ADVANCED_FACE ( 'NONE', ( #850 ), #764, .T. ) ;
#1721 = CIRCLE ( 'NONE', #443, 1.641338582677165400 ) ;
#1722 = CARTESIAN_POINT ( 'NONE',  ( -0.09133206241610263000, 0.4915876873710541800, -0.06578116897692716500 ) ) ;
#1723 = CARTESIAN_POINT ( 'NONE',  ( 0.06427047175051230100, 0.4958525490403270500, -0.08380722012009236800 ) ) ;
#1724 = CARTESIAN_POINT ( 'NONE',  ( 0.0000000000000000000, 0.0000000000000000000, -0.05721628405869578400 ) ) ;
#1725 = CARTESIAN_POINT ( 'NONE',  ( 0.1120586494026321700, 0.4872811167420350000, -0.1000208067789284800 ) ) ;
#1726 = DIRECTION ( 'NONE',  ( -0.0000000000000000000, -0.0000000000000000000, 1.000000000000000000 ) ) ;
#1727 = EDGE_CURVE ( 'NONE', #3134, #38, #1429, .T. ) ;
#1728 = CARTESIAN_POINT ( 'NONE',  ( -0.06316601386836043200, 0.4959940067975888700, -0.09442446785874897300 ) ) ;
#1729 = CARTESIAN_POINT ( 'NONE',  ( -0.1072577083912909900, 0.4883603309571312700, -0.07243863950188199300 ) ) ;
#1730 = CARTESIAN_POINT ( 'NONE',  ( -0.1293881773321039200, 0.4829687245151205700, -0.1124067050583054000 ) ) ;
#1731 = AXIS2_PLACEMENT_3D ( 'NONE', #1003, #1990, #2223 ) ;
#1732 = CARTESIAN_POINT ( 'NONE',  ( -0.2015563940486130000, 0.4576418954551549900, -0.07690132342877453700 ) ) ;
#1733 = ADVANCED_FACE ( 'NONE', ( #202 ), #127, .T. ) ;
#1734 = EDGE_CURVE ( 'NONE', #2178, #2383, #2060, .T. ) ;
#1735 = B_SPLINE_CURVE_WITH_KNOTS ( 'NONE', 3,
 ( #2943, #1719, #279, #1974, #522, #2211, #760, #2451, #1011, #2706, #1261, #2951, #1490, #43, #1740, #291 ),
 .UNSPECIFIED., .F., .F.,
 ( 4, 1, 2, 2, 2, 1, 2, 2, 4 ),
 ( 0.0000000000000000000, 0.1249999999999997200, 0.1875000000000006400, 0.2500000000000015500, 0.4999999999999933900, 0.6249999999999884500, 0.6874999999999887900, 0.7499999999999892300, 1.000000000000000000 ),
 .UNSPECIFIED. ) ;
#1736 = CARTESIAN_POINT ( 'NONE',  ( 0.1175946155840169200, 0.4859748411859512500, -0.1049112505314811900 ) ) ;
#1737 = DIRECTION ( 'NONE',  ( -0.3709879667713043000, 0.9286376734286057000, 0.0000000000000000000 ) ) ;
#1738 = CARTESIAN_POINT ( 'NONE',  ( -0.1592023064511578200, 0.4739774526500514800, -0.08714606146632752900 ) ) ;
#1739 = B_SPLINE_CURVE_WITH_KNOTS ( 'NONE', 3,
 ( #1748, #781, #1511, #62, #1764, #309, #2006, #551, #2240, #791, #2486, #1045, #2737, #1296, #2988, #1522, #72, #1776, #325, #2015, #561, #2253, #804, #2495, #1055, #2749, #1309, #2997, #1533, #84, #1789, #333, #2027, #574, #2264 ),
 .UNSPECIFIED., .F., .F.,
 ( 4, 1, 1, 2, 2, 1, 2, 2, 1, 1, 1, 2, 2, 2, 2, 2, 2, 1, 2, 2, 4 ),
 ( 0.0000000000000000000, 0.06249999999999339400, 0.09374999999999073000, 0.1093749999999894000, 0.1249999999999880700, 0.1874999999999852300, 0.2187499999999843500, 0.2499999999999834600, 0.3749999999999825100, 0.4374999999999817400, 0.4687499999999814000, 0.4843749999999811300, 0.4999999999999807900, 0.6249999999999836800, 0.7499999999999865700, 0.8124999999999881200, 0.8749999999999897900, 0.9062499999999905600, 0.9218749999999915600, 0.9374999999999925600, 1.000000000000000000 ),
 .UNSPECIFIED. ) ;
#1740 = CARTESIAN_POINT ( 'NONE',  ( 0.2167189297560053500, 0.4505921036273540200, -0.07377801196649098900 ) ) ;
#1741 = CARTESIAN_POINT ( 'NONE',  ( -0.1335172130623950300, 0.4818434951475957200, -0.06807617957656375600 ) ) ;
#1742 = ORIENTED_EDGE ( 'NONE', *, *, #1652, .T. ) ;
#1743 = ORIENTED_EDGE ( 'NONE', *, *, #1319, .T. ) ;
#1744 = VERTEX_POINT ( 'NONE', #414 ) ;
#1745 = CARTESIAN_POINT ( 'NONE',  ( 0.05136948722378890900, 0.4973541753945221500, -0.1098595684318030100 ) ) ;
#1746 = VERTEX_POINT ( 'NONE', #2107 ) ;
#1747 = CARTESIAN_POINT ( 'NONE',  ( 0.05323533200517034700, 0.4971581521020626600, -0.1120161148574771400 ) ) ;
#1748 = CARTESIAN_POINT ( 'NONE',  ( -0.1592023064511578200, 0.4739774526500514800, -0.08714606146632752900 ) ) ;
#1749 = CARTESIAN_POINT ( 'NONE',  ( 0.1379510336320354800, 0.4805929193863972500, -0.07218029212507159900 ) ) ;
#1750 = ORIENTED_EDGE ( 'NONE', *, *, #814, .T. ) ;
#1751 = CARTESIAN_POINT ( 'NONE',  ( -0.03901098181630602300, 0.4984758201735847700, -0.1113383123748678100 ) ) ;
#1752 = CARTESIAN_POINT ( 'NONE',  ( -0.1055285358350232900, 0.4887369109507806500, -0.06807588922540254400 ) ) ;
#1753 = DIRECTION ( 'NONE',  ( 0.1851758038360771200, 0.9827054094049054700, 0.0000000000000000000 ) ) ;
#1754 = APPROVAL_DATE_TIME ( #2385, #136 ) ;
#1755 = VERTEX_POINT ( 'NONE', #2841 ) ;
#1756 = EDGE_CURVE ( 'NONE', #2246, #2814, #2071, .T. ) ;
#1757 = FACE_BOUND ( 'NONE', #169, .T. ) ;
#1758 = DIRECTION ( 'NONE',  ( 1.000000000000000000, 0.0000000000000000000, 0.0000000000000000000 ) ) ;
#1759 = CARTESIAN_POINT ( 'NONE',  ( 0.1010206469802241700, 0.4896885055301566400, -0.07125888916357736600 ) ) ;
#1760 = FACE_BOUND ( 'NONE', #1017, .T. ) ;
#1761 = CC_DESIGN_PERSON_AND_ORGANIZATION_ASSIGNMENT ( #1518, #444, ( #1592 ) ) ;
#1762 = EDGE_LOOP ( 'NONE', ( #3026, #2075, #838, #2829, #1283 ) ) ;
#1763 = CARTESIAN_POINT ( 'NONE',  ( 0.06625340955855871200, 0.4955910468540225500, -0.1170285190677811800 ) ) ;
#1764 = CARTESIAN_POINT ( 'NONE',  ( -0.1591057735584353900, 0.4740098658095457900, -0.09150912621517153000 ) ) ;
#1765 = VERTEX_POINT ( 'NONE', #654 ) ;
#1766 = CARTESIAN_POINT ( 'NONE',  ( -0.07799963074078838900, 0.4938785883394056800, -0.07618074635518462500 ) ) ;
#1767 = CARTESIAN_POINT ( 'NONE',  ( 0.1551283122481714200, 0.4753265852620909800, -0.06388243604144455700 ) ) ;
#1768 = CARTESIAN_POINT ( 'NONE',  ( -0.04120766468760693500, 0.4982990489648614900, -0.09575377292966512400 ) ) ;
#1769 = CARTESIAN_POINT ( 'NONE',  ( -0.1308750975745671700, 0.4825678331175732300, -0.07647013928475747400 ) ) ;
#1770 = CARTESIAN_POINT ( 'NONE',  ( -0.1010296925636408600, 0.4896867080738605000, -0.07784020212808427700 ) ) ;
#1771 = CARTESIAN_POINT ( 'NONE',  ( -0.08885602879599556500, 0.4920425422390479800, -0.1075156226442128800 ) ) ;
#1772 = B_SPLINE_CURVE_WITH_KNOTS ( 'NONE', 3,
 ( #1100, #1363, #631, #881 ),
 .UNSPECIFIED., .F., .F.,
 ( 4, 4 ),
 ( 0.0000000000000000000, 1.000000000000000000 ),
 .UNSPECIFIED. ) ;
#1773 = CARTESIAN_POINT ( 'NONE',  ( 0.1084645702167357000, 0.4880948925558742900, -0.06425618713660638500 ) ) ;
#1774 = ORIENTED_EDGE ( 'NONE', *, *, #1687, .F. ) ;
#1775 = CARTESIAN_POINT ( 'NONE',  ( 0.1766812949054244200, 0.4677432409640349700, -0.09229986966026866600 ) ) ;
#1776 = CARTESIAN_POINT ( 'NONE',  ( -0.1563356470650136000, 0.4749307009192094100, -0.1064603380558945700 ) ) ;
#1777 = EDGE_CURVE ( 'NONE', #2338, #2820, #1567, .T. ) ;
#1778 = CARTESIAN_POINT ( 'NONE',  ( -0.08327158627221144200, 0.4930170817727411700, -0.06392386658443775800 ) ) ;
#1779 = CARTESIAN_POINT ( 'NONE',  ( 6.089141237617258400E-017, -0.4944322300693972400, 0.1304514883488147900 ) ) ;
#1780 = B_SPLINE_CURVE_WITH_KNOTS ( 'NONE', 3,
 ( #2679, #2420, #728, #2924, #1468, #19, #1708, #258, #1959, #503, #2192, #738, #2438, #989, #2689, #1246, #2937, #1473 ),
 .UNSPECIFIED., .F., .F.,
 ( 4, 1, 1, 2, 2, 2, 2, 2, 2, 4 ),
 ( 0.0000000000000000000, 0.1250000000000016400, 0.1875000000000022800, 0.2187500000000026100, 0.2500000000000029400, 0.5000000000000010000, 0.6250000000000007800, 0.7500000000000004400, 0.8750000000000002200, 1.000000000000000000 ),
 .UNSPECIFIED. ) ;
#1781 = CARTESIAN_POINT ( 'NONE',  ( -0.04614381842437571100, 0.4978664180557582100, -0.1080227733911674500 ) ) ;
#1782 = ORIENTED_EDGE ( 'NONE', *, *, #2189, .F. ) ;
#1783 = CARTESIAN_POINT ( 'NONE',  ( -0.1146704734157411000, 0.4866731113823519700, -0.09025604522004325400 ) ) ;
#1784 = CARTESIAN_POINT ( 'NONE',  ( 0.1596283839517476400, 0.4738341260788985800, -0.06327321924948925400 ) ) ;
#1785 = AXIS2_PLACEMENT_3D ( 'NONE', #138, #1842, #384 ) ;
#1786 = CARTESIAN_POINT ( 'NONE',  ( -0.06282507118087879400, 0.4960373709537476100, -0.07654514430771490500 ) ) ;
#1787 = EDGE_CURVE ( 'NONE', #17, #1362, #1500, .T. ) ;
#1788 = CARTESIAN_POINT ( 'NONE',  ( 0.1713516902758316100, 0.4697220754353297900, -0.1054706172043507500 ) ) ;
#1789 = CARTESIAN_POINT ( 'NONE',  ( -0.1439438797195511400, 0.4788321230440125100, -0.1168479747869782300 ) ) ;
#1790 = CARTESIAN_POINT ( 'NONE',  ( -0.1070803712033404900, 0.4883994344142071900, -0.1035423190893753300 ) ) ;
#1791 = CARTESIAN_POINT ( 'NONE',  ( -0.03646727652223223000, 0.4986683759857891700, -0.1068445051925522200 ) ) ;
#1792 = ORIENTED_EDGE ( 'NONE', *, *, #2527, .F. ) ;
#1793 = ORIENTED_EDGE ( 'NONE', *, *, #1000, .T. ) ;
#1794 = CARTESIAN_POINT ( 'NONE',  ( -0.004542638897484074800, 0.4999793640060029000, -0.09204366140575817600 ) ) ;
#1795 = ORIENTED_EDGE ( 'NONE', *, *, #436, .T. ) ;
#1796 = CARTESIAN_POINT ( 'NONE',  ( 0.1749244510094394900, 0.4684030836322844400, -0.07369919328207497100 ) ) ;
#1797 = CARTESIAN_POINT ( 'NONE',  ( -0.05624470359855901500, 0.4968271754112451000, -0.05760000768127827200 ) ) ;
#1798 = CARTESIAN_POINT ( 'NONE',  ( -0.05664014232461643500, 0.4967826949492072400, -0.06508999968411619000 ) ) ;
#1799 = EDGE_CURVE ( 'NONE', #773, #1816, #2786, .T. ) ;
#1800 = CARTESIAN_POINT ( 'NONE',  ( 0.1598301651206249500, 0.4737661008530622000, -0.1102144669781385500 ) ) ;
#1801 = CIRCLE ( 'NONE', #845, 0.5000000000000001100 ) ;
#1802 = CARTESIAN_POINT ( 'NONE',  ( 0.1302237752031615800, 0.4827439988153906000, -0.1142403408267841500 ) ) ;
#1803 = CARTESIAN_POINT ( 'NONE',  ( -0.1154596374865820300, 0.4864864608407084000, -0.09874431911604314400 ) ) ;
#1804 = CARTESIAN_POINT ( 'NONE',  ( -0.04424521997818965700, 0.4980385130781370700, -0.06807617957656375600 ) ) ;
#1805 = CIRCLE ( 'NONE', #2821, 0.5000000000000001100 ) ;
#1806 = EDGE_CURVE ( 'NONE', #466, #1617, #940, .T. ) ;
#1807 = CARTESIAN_POINT ( 'NONE',  ( 0.1111176970812613500, 0.4874965203930763900, -0.05721628405869578400 ) ) ;
#1808 = FACE_OUTER_BOUND ( 'NONE', #1258, .T. ) ;
#1809 = VERTEX_POINT ( 'NONE', #2238 ) ;
#1810 = CARTESIAN_POINT ( 'NONE',  ( -0.06836737516661392500, 0.4953042830916398700, -0.06903044128759917900 ) ) ;
#1811 = CARTESIAN_POINT ( 'NONE',  ( -0.07052188290876303100, 0.4950016829322095300, -0.09556954805927996000 ) ) ;
#1812 = CARTESIAN_POINT ( 'NONE',  ( -0.09333030303404904500, 0.4912127751770596900, -0.08480943487945671900 ) ) ;
#1813 = CARTESIAN_POINT ( 'NONE',  ( -0.1035684309587751600, 0.4891572450237692300, -0.1160401775858506300 ) ) ;
#1814 = CARTESIAN_POINT ( 'NONE',  ( -0.1127430557312032500, 0.4871233890004643100, -0.06536505362024880300 ) ) ;
#1815 = CARTESIAN_POINT ( 'NONE',  ( 0.1050678642001579400, 0.4888364457941649100, -0.05797154341252941400 ) ) ;
#1816 = VERTEX_POINT ( 'NONE', #2005 ) ;
#1817 = CARTESIAN_POINT ( 'NONE',  ( 0.2109828011956216800, 0.4533082306554556100, -0.07185387743644665300 ) ) ;
#1818 = CARTESIAN_POINT ( 'NONE',  ( 0.07452208091247532200, 0.4944152702500951300, -0.08084069729309918700 ) ) ;
#1819 = CARTESIAN_POINT ( 'NONE',  ( -0.06296633030841720900, 0.4960212167988152800, -0.1136033482094154800 ) ) ;
#1820 = ORIENTED_EDGE ( 'NONE', *, *, #2428, .F. ) ;
#1821 = CARTESIAN_POINT ( 'NONE',  ( 0.09258790191803857600, 0.4913527047024528500, -0.1087002331804401800 ) ) ;
#1822 = ORIENTED_EDGE ( 'NONE', *, *, #1114, .F. ) ;
#1823 = EDGE_CURVE ( 'NONE', #324, #1510, #382, .T. ) ;
#1824 = CARTESIAN_POINT ( 'NONE',  ( -0.1519982671073286700, 0.4763365689135589100, -0.08568002696941039200 ) ) ;
#1825 = CARTESIAN_POINT ( 'NONE',  ( 0.1847714945522013200, 0.4646068178873646300, -0.08514818433946573500 ) ) ;
#1826 = CARTESIAN_POINT ( 'NONE',  ( 0.09336982835498866500, 0.4912047192829508400, -0.07217738033203625900 ) ) ;
#1827 = AXIS2_PLACEMENT_3D ( 'NONE', #633, #2333, #885 ) ;
#1828 = CARTESIAN_POINT ( 'NONE',  ( 0.07405165014194335600, 0.4944861772023170200, -0.08048376059634643200 ) ) ;
#1829 = EDGE_CURVE ( 'NONE', #448, #2155, #691, .T. ) ;
#1830 = ORIENTED_EDGE ( 'NONE', *, *, #2282, .T. ) ;
#1831 = ORIENTED_EDGE ( 'NONE', *, *, #3107, .T. ) ;
#1832 = CARTESIAN_POINT ( 'NONE',  ( 0.0000000000000000000, 0.0000000000000000000, -0.1876574949175361100 ) ) ;
#1833 = CARTESIAN_POINT ( 'NONE',  ( -0.1374936598148714100, 0.4807244362253674200, -0.06470893635203162100 ) ) ;
#1834 = CLOSED_SHELL ( 'NONE', ( #2948, #2708, #1720, #1632, #762, #185, #2206, #1897, #1733, #740, #2463, #21, #1492, #510, #1412, #35, #272, #922, #1005, #2613, #1252, #2125, #1975, #2188, #527, #2691, #1161 ) ) ;
#1835 = CARTESIAN_POINT ( 'NONE',  ( -0.1508946669614717700, 0.4766873250569060300, -0.07365760734017921800 ) ) ;
#1836 = CARTESIAN_POINT ( 'NONE',  ( 0.1805692373834795200, 0.4662621380976315100, -0.06790326815298924900 ) ) ;
#1837 = APPROVAL_PERSON_ORGANIZATION ( #2470, #136, #2620 ) ;
#1838 = EDGE_LOOP ( 'NONE', ( #2031, #588, #1323, #163, #1774 ) ) ;
#1839 = CARTESIAN_POINT ( 'NONE',  ( 0.1069368476130658500, 0.4884306668604142500, -0.08547085164558013100 ) ) ;
#1840 = VERTEX_POINT ( 'NONE', #341 ) ;
#1841 = CYLINDRICAL_SURFACE ( 'NONE', #3085, 0.5000000000000001100 ) ;
#1842 = DIRECTION ( 'NONE',  ( -0.0000000000000000000, -0.0000000000000000000, 1.000000000000000000 ) ) ;
#1843 = CARTESIAN_POINT ( 'NONE',  ( -0.2125935644108117000, 0.4525527605522710600, -0.06548457142332099500 ) ) ;
#1844 = CYLINDRICAL_SURFACE ( 'NONE', #213, 0.5000000000000001100 ) ;
#1845 = CARTESIAN_POINT ( 'NONE',  ( 0.1604925267703221400, 0.4735425391837181900, -0.1170002912664079000 ) ) ;
#1846 = CARTESIAN_POINT ( 'NONE',  ( -0.1437965224258962700, 0.4788765057940641000, -0.06442066736056439900 ) ) ;
#1847 = EDGE_CURVE ( 'NONE', #2889, #3147, #2970, .T. ) ;
#1848 = AXIS2_PLACEMENT_3D ( 'NONE', #655, #2349, #901 ) ;
#1849 = B_SPLINE_CURVE_WITH_KNOTS ( 'NONE', 3,
 ( #2129, #1432, #2146, #694, #2384, #939, #2642, #1190, #2888, #1438, #3135, #1667, #220, #1925, #468, #2153, #702, #2396, #952, #2647, #1201, #2899, #1445, #3141, #1680, #228, #1934, #476, #2164, #708 ),
 .UNSPECIFIED., .F., .F.,
 ( 4, 1, 2, 2, 2, 2, 1, 2, 2, 1, 2, 2, 1, 1, 1, 2, 2, 4 ),
 ( 0.0000000000000000000, 0.03124999999999926400, 0.04687499999999949300, 0.06249999999999972200, 0.1249999999999981400, 0.2499999999999975000, 0.3124999999999966700, 0.3437499999999962800, 0.3749999999999958900, 0.4374999999999962300, 0.4687499999999959500, 0.4999999999999956700, 0.6249999999999947800, 0.6874999999999948900, 0.7187499999999947800, 0.7343749999999947800, 0.7499999999999948900, 1.000000000000000000 ),
 .UNSPECIFIED. ) ;
#1850 = CARTESIAN_POINT ( 'NONE',  ( 0.1612965872886167600, 0.4732737952009995500, -0.05649996524068669200 ) ) ;
#1851 = CARTESIAN_POINT ( 'NONE',  ( 0.1007896212934505900, 0.4897361056949477400, -0.07482013292752701100 ) ) ;
#1852 = EDGE_CURVE ( 'NONE', #1342, #2925, #1983, .T. ) ;
#1853 = ORIENTED_EDGE ( 'NONE', *, *, #2732, .T. ) ;
#1854 = ORIENTED_EDGE ( 'NONE', *, *, #492, .T. ) ;
#1855 = CARTESIAN_POINT ( 'NONE',  ( 0.08170067959411385400, 0.4932802938310950100, -0.1090532477282351200 ) ) ;
#1856 = CARTESIAN_POINT ( 'NONE',  ( -0.2092608026992707500, 0.4541034204381828000, -0.07493755147238445600 ) ) ;
#1857 = CARTESIAN_POINT ( 'NONE',  ( 0.1690407294317899100, 0.4705593166294662600, -0.1155020591250503200 ) ) ;
#1858 = DIRECTION ( 'NONE',  ( -0.4484755854017918300, 0.8937950823866286400, 0.0000000000000000000 ) ) ;
#1859 = CARTESIAN_POINT ( 'NONE',  ( 0.2318292581638392300, 0.4430759297421501000, -0.09658636279885329800 ) ) ;
#1860 = CARTESIAN_POINT ( 'NONE',  ( -0.03522408949993856300, 0.4987578550357436000, -0.1034690727642639500 ) ) ;
#1861 = CARTESIAN_POINT ( 'NONE',  ( 0.1378061077230954000, 0.4806345491410957100, -0.1027562476968552400 ) ) ;
#1862 = CARTESIAN_POINT ( 'NONE',  ( -0.2168378704171732800, 0.4505345025111232000, -0.07576564808050076400 ) ) ;
#1863 = DIRECTION ( 'NONE',  ( 1.000000000000000000, 0.0000000000000000000, 0.0000000000000000000 ) ) ;
#1864 = DIRECTION ( 'NONE',  ( -0.0000000000000000000, -0.0000000000000000000, 1.000000000000000000 ) ) ;
#1865 = VERTEX_POINT ( 'NONE', #2370 ) ;
#1866 = EDGE_CURVE ( 'NONE', #1321, #201, #2391, .T. ) ;
#1867 = CARTESIAN_POINT ( 'NONE',  ( 0.1830275128313890200, 0.4652966325020195200, -0.09883971242751794800 ) ) ;
#1868 = CARTESIAN_POINT ( 'NONE',  ( 0.1478751234029169200, 0.4776348977061674600, -0.1047326449279004200 ) ) ;
#1869 = CARTESIAN_POINT ( 'NONE',  ( 0.0000000000000000000, 0.0000000000000000000, -0.1082677165354335900 ) ) ;
#1870 = CARTESIAN_POINT ( 'NONE',  ( 0.1590901593902422400, 0.4740151064947059600, -0.1170285190677811800 ) ) ;
#1871 = ORIENTED_EDGE ( 'NONE', *, *, #25, .F. ) ;
#1872 = CARTESIAN_POINT ( 'NONE',  ( -0.03547748561252400700, 0.4987398767590895400, -0.06992692180599369100 ) ) ;
#1873 = DIRECTION ( 'NONE',  ( -0.0000000000000000000, -0.0000000000000000000, 1.000000000000000000 ) ) ;
#1874 = DIRECTION ( 'NONE',  ( 0.0000000000000000000, 0.0000000000000000000, -1.000000000000000000 ) ) ;
#1875 = DIRECTION ( 'NONE',  ( -1.224646799147353200E-016, -1.000000000000000000, 0.0000000000000000000 ) ) ;
#1876 = ORIENTED_EDGE ( 'NONE', *, *, #110, .T. ) ;
#1877 = CARTESIAN_POINT ( 'NONE',  ( 0.1132789679388349500, 0.4869997320017818700, -0.06414151631936923500 ) ) ;
#1878 = CYLINDRICAL_SURFACE ( 'NONE', #2867, 0.5000000000000001100 ) ;
#1879 = CARTESIAN_POINT ( 'NONE',  ( -0.1155421523448528900, 0.4864668652966190900, -0.09682296182974364800 ) ) ;
#1880 = CARTESIAN_POINT ( 'NONE',  ( -0.1302194104504575400, 0.4827451761974793600, -0.08712240156323848600 ) ) ;
#1881 = CARTESIAN_POINT ( 'NONE',  ( -0.04883617587478746700, 0.4976093550785847300, -0.05746010758574599000 ) ) ;
#1882 = VECTOR ( 'NONE', #2831, 39.37007874015748100 ) ;
#1883 = CARTESIAN_POINT ( 'NONE',  ( -0.2055955672965958400, 0.4557790287785997700, -0.08583688016206747500 ) ) ;
#1884 = FACE_OUTER_BOUND ( 'NONE', #3127, .T. ) ;
#1885 = ORIENTED_EDGE ( 'NONE', *, *, #170, .T. ) ;
#1886 = EDGE_CURVE ( 'NONE', #2397, #726, #2555, .T. ) ;
#1887 = CARTESIAN_POINT ( 'NONE',  ( -0.1482155432845505800, 0.4775272663220210300, -0.1066830973178068100 ) ) ;
#1888 = CARTESIAN_POINT ( 'NONE',  ( 0.07635095953979069400, 0.4941361731141749000, -0.1023325179000914200 ) ) ;
#1889 = CARTESIAN_POINT ( 'NONE',  ( 0.1219372148729250500, 0.4849034099778941100, -0.07210852650041582600 ) ) ;
#1890 = DIRECTION ( 'NONE',  ( 1.000000000000000000, 0.0000000000000000000, 0.0000000000000000000 ) ) ;
#1891 = AXIS2_PLACEMENT_3D ( 'NONE', #2280, #2546, #1392 ) ;
#1892 = CARTESIAN_POINT ( 'NONE',  ( -0.1314124292890644400, 0.4824217805512352500, -0.1009409427656449400 ) ) ;
#1893 = CARTESIAN_POINT ( 'NONE',  ( 0.2061919237050609800, 0.4555091088977725200, -0.08611291236477290600 ) ) ;
#1894 = EDGE_CURVE ( 'NONE', #1666, #661, #1849, .T. ) ;
#1895 = CARTESIAN_POINT ( 'NONE',  ( -0.1517074225225686900, 0.4764292793265072500, -0.09501947189685605600 ) ) ;
#1896 = CARTESIAN_POINT ( 'NONE',  ( 0.06620650671736251500, 0.4955973148315918100, -0.1102144669781385500 ) ) ;
#1897 = ADVANCED_FACE ( 'NONE', ( #1271 ), #1841, .T. ) ;
#1898 = CARTESIAN_POINT ( 'NONE',  ( 0.0000000000000000000, -2.923370550806765400E-017, 0.1304514883488148700 ) ) ;
#1899 = SECURITY_CLASSIFICATION_LEVEL ( 'unclassified' ) ;
#1900 = CARTESIAN_POINT ( 'NONE',  ( 0.0000000000000000000, -2.855187286470391000E-017, 0.1248837184182120400 ) ) ;
#1901 = CARTESIAN_POINT ( 'NONE',  ( 0.06620650671736251500, 0.4955973148315918100, -0.1102144669781385500 ) ) ;
#1902 = VERTEX_POINT ( 'NONE', #1211 ) ;
#1903 = EDGE_CURVE ( 'NONE', #2945, #2854, #1289, .T. ) ;
#1904 = CARTESIAN_POINT ( 'NONE',  ( -0.04277825515185482800, 0.4981678287767797300, -0.1146693467040419700 ) ) ;
#1905 = VERTEX_POINT ( 'NONE', #1690 ) ;
#1906 = CARTESIAN_POINT ( 'NONE',  ( -0.09409500246783630800, 0.4910664076984331300, -0.06454962245325884800 ) ) ;
#1907 = AXIS2_PLACEMENT_3D ( 'NONE', #2545, #3040, #2298 ) ;
#1908 = CARTESIAN_POINT ( 'NONE',  ( -0.09508696988722438500, 0.4908753298860868400, -0.07800698449855630900 ) ) ;
#1909 = ORIENTED_EDGE ( 'NONE', *, *, #2038, .F. ) ;
#1910 = CARTESIAN_POINT ( 'NONE',  ( -0.1247745943995606400, 0.4841812006195415100, -0.1034690727641187100 ) ) ;
#1911 = VERTEX_POINT ( 'NONE', #3124 ) ;
#1912 = CARTESIAN_POINT ( 'NONE',  ( 0.05779689357582069200, 0.4966485552437862000, -0.1067750755678528500 ) ) ;
#1913 = B_SPLINE_CURVE_WITH_KNOTS ( 'NONE', 3,
 ( #160, #2836, #886, #408 ),
 .UNSPECIFIED., .F., .F.,
 ( 4, 4 ),
 ( 0.0000000000000000000, 1.000000000000000000 ),
 .UNSPECIFIED. ) ;
#1914 = CARTESIAN_POINT ( 'NONE',  ( -0.09325063342601958000, 0.4912280312881345300, -0.1166787962904641500 ) ) ;
#1915 = SPHERICAL_SURFACE ( 'NONE', #94, 1.018897637795275600 ) ;
#1916 = DIRECTION ( 'NONE',  ( 0.0000000000000000000, 0.0000000000000000000, -1.000000000000000000 ) ) ;
#1917 = CYLINDRICAL_SURFACE ( 'NONE', #2711, 0.5000000000000001100 ) ;
#1918 = VERTEX_POINT ( 'NONE', #20 ) ;
#1919 = CARTESIAN_POINT ( 'NONE',  ( 0.1596283839517476400, 0.4738341260788985800, -0.06327321924948925400 ) ) ;
#1920 = CARTESIAN_POINT ( 'NONE',  ( 0.09436023547423963400, 0.4910154589166663700, -0.07971937091698233500 ) ) ;
#1921 = CARTESIAN_POINT ( 'NONE',  ( -0.08399706928109708400, 0.4928940959421937400, -0.06310563927464442300 ) ) ;
#1922 = VERTEX_POINT ( 'NONE', #1710 ) ;
#1923 = CARTESIAN_POINT ( 'NONE',  ( -0.07804453814836873100, 0.4938715008603439300, -0.1004018209816552600 ) ) ;
#1924 = EDGE_CURVE ( 'NONE', #818, #3060, #703, .T. ) ;
#1925 = CARTESIAN_POINT ( 'NONE',  ( -0.1532979912845526000, 0.4759199559464156200, -0.06248886387776742700 ) ) ;
#1926 = EDGE_LOOP ( 'NONE', ( #1223, #218, #570, #2605 ) ) ;
#1927 = CC_DESIGN_DATE_AND_TIME_ASSIGNMENT ( #2090, #2132, ( #1592 ) ) ;
#1928 = CARTESIAN_POINT ( 'NONE',  ( 0.1216628107360527000, 0.4849742800336784300, -0.05968551554436529700 ) ) ;
#1929 = CARTESIAN_POINT ( 'NONE',  ( 0.1033010803681912000, 0.4892125357243167800, -0.09222745795072449800 ) ) ;
#1930 = CARTESIAN_POINT ( 'NONE',  ( -0.09383691785195756600, 0.4911157202268353600, -0.05760802553086723900 ) ) ;
#1931 = DIRECTION ( 'NONE',  ( 1.000000000000000000, 0.0000000000000000000, 0.0000000000000000000 ) ) ;
#1932 = ORIENTED_EDGE ( 'NONE', *, *, #2667, .F. ) ;
#1933 = B_SPLINE_CURVE_WITH_KNOTS ( 'NONE', 3,
 ( #1069, #101, #2041, #590, #2283, #832, #2529, #1080, #2778, #1334, #3027, #1564, #111, #1814, #358, #2050, #601, #2296, #843, #2542, #1096, #2788 ),
 .UNSPECIFIED., .F., .F.,
 ( 4, 1, 2, 2, 2, 2, 2, 2, 1, 2, 2, 4 ),
 ( 0.0000000000000000000, 0.06249999999999655800, 0.09374999999999564200, 0.1249999999999947300, 0.2499999999999946700, 0.4999999999999975600, 0.6249999999999991100, 0.7500000000000006700, 0.8125000000000010000, 0.8437500000000010000, 0.8750000000000011100, 1.000000000000000000 ),
 .UNSPECIFIED. ) ;
#1934 = CARTESIAN_POINT ( 'NONE',  ( -0.1586362579025805700, 0.4741672048657800100, -0.07698108317257396100 ) ) ;
#1935 = CARTESIAN_POINT ( 'NONE',  ( -0.1229269795891107100, 0.4846534417213165200, -0.08469855434003625800 ) ) ;
#1936 = CARTESIAN_POINT ( 'NONE',  ( 0.2096689916984779100, 0.4539150954971026300, -0.07576564808050076400 ) ) ;
#1937 = ORIENTED_EDGE ( 'NONE', *, *, #1787, .T. ) ;
#1938 = CARTESIAN_POINT ( 'NONE',  ( -0.08615853813642866700, 0.4925207917724289100, -0.07302031490144048100 ) ) ;
#1939 = CARTESIAN_POINT ( 'NONE',  ( 0.06154587042881550600, 0.4961977192038413100, -0.07707991233778040100 ) ) ;
#1940 = AXIS2_PLACEMENT_3D ( 'NONE', #3072, #1586, #1606 ) ;
#1941 = CARTESIAN_POINT ( 'NONE',  ( -0.04213918051718563300, 0.4982211644458673900, -0.07325947464814908100 ) ) ;
#1942 = VERTEX_POINT ( 'NONE', #2205 ) ;
#1943 = CARTESIAN_POINT ( 'NONE',  ( -0.1036990143413651600, 0.4891283875905718100, -0.06608352190246968800 ) ) ;
#1944 = CARTESIAN_POINT ( 'NONE',  ( -0.1254720307948052600, 0.4840008299982266900, -0.06867009056701786600 ) ) ;
#1945 = CIRCLE ( 'NONE', #2043, 0.4944322300693971800 ) ;
#1946 = ORIENTED_EDGE ( 'NONE', *, *, #1326, .T. ) ;
#1947 = ORIENTED_EDGE ( 'NONE', *, *, #3025, .T. ) ;
#1948 = CARTESIAN_POINT ( 'NONE',  ( 0.07966173510223119300, 0.4936173459616967100, -0.06806829294220073700 ) ) ;
#1949 = FACE_OUTER_BOUND ( 'NONE', #3142, .T. ) ;
#1950 = CARTESIAN_POINT ( 'NONE',  ( 0.04775747855818918100, 0.4977140295330508800, -0.08945677216148757700 ) ) ;
#1951 = ORIENTED_EDGE ( 'NONE', *, *, #1403, .T. ) ;
#1952 = VERTEX_POINT ( 'NONE', #3149 ) ;
#1953 = CARTESIAN_POINT ( 'NONE',  ( -0.04083876827770709800, 0.4983294041149487500, -0.08712240156323848600 ) ) ;
#1954 = EDGE_CURVE ( 'NONE', #2155, #2568, #2473, .T. ) ;
#1955 = CARTESIAN_POINT ( 'NONE',  ( -0.05286890664443513700, 0.4971971115081225700, -0.1101791257637443900 ) ) ;
#1956 = CARTESIAN_POINT ( 'NONE',  ( -0.1383505255710463800, 0.4804780686046070700, -0.05739847594077227000 ) ) ;
#1957 = CARTESIAN_POINT ( 'NONE',  ( 0.1267869433273290100, 0.4836582137900819500, -0.1053088161267091800 ) ) ;
#1958 = EDGE_CURVE ( 'NONE', #1976, #1199, #737, .T. ) ;
#1959 = CARTESIAN_POINT ( 'NONE',  ( -0.1062408899500151700, 0.4885837905656771900, -0.08917641487031521800 ) ) ;
#1960 = ADVANCED_FACE ( 'NONE', ( #1189 ), #1915, .T. ) ;
#1961 = DIRECTION ( 'NONE',  ( 0.4043106589289660600, 0.9146217202081007300, 0.0000000000000000000 ) ) ;
#1962 = CARTESIAN_POINT ( 'NONE',  ( -0.06137775900809567400, 0.4962185485573668600, -0.1035980300601075100 ) ) ;
#1963 = CARTESIAN_POINT ( 'NONE',  ( -0.1385685400440216100, 0.4804152698210514800, -0.1168647466742075400 ) ) ;
#1964 = ORIENTED_EDGE ( 'NONE', *, *, #436, .F. ) ;
#1965 = CARTESIAN_POINT ( 'NONE',  ( 0.1980520973648301500, 0.4591082480767069200, -0.1102144669781385700 ) ) ;
#1966 = CARTESIAN_POINT ( 'NONE',  ( 0.06617132919729341900, 0.4956020129017471600, -0.08371537551841717900 ) ) ;
#1967 = ORIENTED_EDGE ( 'NONE', *, *, #727, .T. ) ;
#1968 = ORIENTED_EDGE ( 'NONE', *, *, #824, .F. ) ;
#1969 = EDGE_LOOP ( 'NONE', ( #1109, #1232, #480, #652, #4 ) ) ;
#1970 = B_SPLINE_CURVE_WITH_KNOTS ( 'NONE', 3,
 ( #877, #2326, #1377, #3071 ),
 .UNSPECIFIED., .F., .F.,
 ( 4, 4 ),
 ( 0.0000000000000000000, 1.000000000000000000 ),
 .UNSPECIFIED. ) ;
#1971 = CARTESIAN_POINT ( 'NONE',  ( 0.1133417491555206200, 0.4869851955179634900, -0.1011211015902082500 ) ) ;
#1972 = CARTESIAN_POINT ( 'NONE',  ( -0.06340716653990972900, 0.4959632361476795100, -0.09008638489355634500 ) ) ;
#1973 = B_SPLINE_CURVE_WITH_KNOTS ( 'NONE', 3,
 ( #2109, #416, #1877, #659, #2350, #902, #2606, #1150, #2855, #1407, #3096, #1633, #178, #1889, #429, #2118, #668, #2361 ),
 .UNSPECIFIED., .F., .F.,
 ( 4, 1, 2, 2, 2, 2, 1, 2, 2, 4 ),
 ( 0.0000000000000000000, 0.1250000000000018000, 0.1875000000000040500, 0.2500000000000062700, 0.5000000000000078800, 0.7500000000000094400, 0.8125000000000086600, 0.8437500000000074400, 0.8750000000000062200, 1.000000000000000000 ),
 .UNSPECIFIED. ) ;
#1974 = CARTESIAN_POINT ( 'NONE',  ( 0.2140808896937614100, 0.4518510545497985100, -0.06613053772952638700 ) ) ;
#1975 = ADVANCED_FACE ( 'NONE', ( #540 ), #3131, .T. ) ;
#1976 = VERTEX_POINT ( 'NONE', #2462 ) ;
#1977 = EDGE_CURVE ( 'NONE', #2179, #2155, #3057, .T. ) ;
#1978 = CARTESIAN_POINT ( 'NONE',  ( -0.1284481746273784500, 0.4832194806036844700, -0.1113383123748678100 ) ) ;
#1979 = CARTESIAN_POINT ( 'NONE',  ( 0.04700565708162061900, 0.4977855652932142700, -0.09866254046892253300 ) ) ;
#1980 = DIRECTION ( 'NONE',  ( 0.0000000000000000000, 1.000000000000000000, 0.0000000000000000000 ) ) ;
#1981 =( GEOMETRIC_REPRESENTATION_CONTEXT ( 3 ) GLOBAL_UNCERTAINTY_ASSIGNED_CONTEXT ( ( #1137 ) ) GLOBAL_UNIT_ASSIGNED_CONTEXT ( ( #903, #2607, #1152 ) ) REPRESENTATION_CONTEXT ( 'NONE', 'WORKASPACE' ) );
#1982 = ORIENTED_EDGE ( 'NONE', *, *, #2077, .F. ) ;
#1983 = LINE ( 'NONE', #2805, #46 ) ;
#1984 = CARTESIAN_POINT ( 'NONE',  ( 0.1181205773528736000, 0.4858472635343957800, -0.1054268984362687800 ) ) ;
#1985 = CARTESIAN_POINT ( 'NONE',  ( 0.1566058621215232200, 0.4748430196904007700, -0.05657036795599159500 ) ) ;
#1986 = VERTEX_POINT ( 'NONE', #1268 ) ;
#1987 = FACE_OUTER_BOUND ( 'NONE', #1037, .T. ) ;
#1988 = CARTESIAN_POINT ( 'NONE',  ( 0.1246080785232107200, 0.4842305194269717600, -0.07437760043261058800 ) ) ;
#1989 = ORIENTED_EDGE ( 'NONE', *, *, #3080, .F. ) ;
#1990 = DIRECTION ( 'NONE',  ( -0.0000000000000000000, 1.224606353822377300E-016, -1.000000000000000000 ) ) ;
#1991 = CARTESIAN_POINT ( 'NONE',  ( 0.0000000000000000000, 0.0000000000000000000, 8.875984251968505500 ) ) ;
#1992 = ORIENTED_EDGE ( 'NONE', *, *, #2917, .T. ) ;
#1993 = CARTESIAN_POINT ( 'NONE',  ( 0.05545945426046432900, 0.4969160401535275800, -0.1139163191136354600 ) ) ;
#1994 = CARTESIAN_POINT ( 'NONE',  ( -0.2242377927008959700, 0.4468975411933144300, -0.09810059659655162600 ) ) ;
#1995 = CARTESIAN_POINT ( 'NONE',  ( 0.1375140929753828100, 0.4807180818662409300, -0.07362442685094292000 ) ) ;
#1996 = EDGE_LOOP ( 'NONE', ( #786, #2923, #1876, #1333, #306, #2293, #1989, #2418 ) ) ;
#1997 = CARTESIAN_POINT ( 'NONE',  ( 0.1468205995335962200, 0.4779579079961802100, -0.07177457555467803300 ) ) ;
#1998 = CARTESIAN_POINT ( 'NONE',  ( -0.1047531344752106700, 0.4889036518759279400, -0.06705880374373515700 ) ) ;
#1999 = CARTESIAN_POINT ( 'NONE',  ( -0.1330491693830852000, 0.4819729807921152600, -0.06891061003858242600 ) ) ;
#2000 = DIRECTION ( 'NONE',  ( -0.0000000000000000000, 1.224606353822377300E-016, -1.000000000000000000 ) ) ;
#2001 = AXIS2_PLACEMENT_3D ( 'NONE', #2538, #1547, #120 ) ;
#2002 = CARTESIAN_POINT ( 'NONE',  ( -0.08450558382241082900, 0.4928070820610531700, -0.09861930841876716300 ) ) ;
#2003 = B_SPLINE_CURVE_WITH_KNOTS ( 'NONE', 3,
 ( #1009, #2449, #1985, #530, #2218, #771, #2466, #1019, #2716, #1273, #2962, #1498, #55, #1749, #298, #1995 ),
 .UNSPECIFIED., .F., .F.,
 ( 4, 2, 2, 2, 2, 2, 2, 4 ),
 ( 0.0000000000000000000, 0.1250000000000003600, 0.2500000000000007200, 0.5000000000000007800, 0.7500000000000007800, 0.8750000000000007800, 0.9375000000000003300, 1.000000000000000000 ),
 .UNSPECIFIED. ) ;
#2004 = CARTESIAN_POINT ( 'NONE',  ( 0.1012994246533826500, 0.4896309195804188800, -0.07033086214440512100 ) ) ;
#2005 = CARTESIAN_POINT ( 'NONE',  ( 0.0000000000000000000, 0.4999999999999999400, 0.1248837184182121100 ) ) ;
#2006 = CARTESIAN_POINT ( 'NONE',  ( -0.1590864879494104100, 0.4740163388743231000, -0.09193055389699168700 ) ) ;
#2007 = CARTESIAN_POINT ( 'NONE',  ( -0.07835365390067949900, 0.4938226098879149300, -0.07451901344445049900 ) ) ;
#2008 = CARTESIAN_POINT ( 'NONE',  ( 0.1563242913149009700, 0.4749344836107058900, -0.06358545652712302400 ) ) ;
#2009 = CARTESIAN_POINT ( 'NONE',  ( -0.04178416160720765900, 0.4982510461277674900, -0.09968082948340341300 ) ) ;
#2010 = CARTESIAN_POINT ( 'NONE',  ( -0.1017245997252164400, 0.4895428465194051100, -0.07794772282627911200 ) ) ;
#2011 = CARTESIAN_POINT ( 'NONE',  ( -0.2014626224073520500, 0.4576164461344815500, -0.09810059659655162600 ) ) ;
#2012 = CARTESIAN_POINT ( 'NONE',  ( -0.09219777457390500300, 0.4914262257848316400, -0.1094055317158693500 ) ) ;
#2013 = CARTESIAN_POINT ( 'NONE',  ( 0.1112791686684475000, 0.4874596871747030600, -0.06403033614833843200 ) ) ;
#2014 = CARTESIAN_POINT ( 'NONE',  ( 0.1764042072693058300, 0.4678477952764874000, -0.09404212086381703900 ) ) ;
#2015 = CARTESIAN_POINT ( 'NONE',  ( -0.1554659237588298900, 0.4752167241395806600, -0.1085044954707862600 ) ) ;
#2016 = DIRECTION ( 'NONE',  ( -0.0000000000000000000, -0.0000000000000000000, 1.000000000000000000 ) ) ;
#2017 = CARTESIAN_POINT ( 'NONE',  ( -0.04761859843913446300, 0.4977275533155581200, -0.1090628197048621700 ) ) ;
#2018 = CALENDAR_DATE ( 2016, 30, 9 ) ;
#2019 = EDGE_CURVE ( 'NONE', #1746, #2503, #618, .T. ) ;
#2020 = CARTESIAN_POINT ( 'NONE',  ( -0.1150918327410424500, 0.4865736052152816500, -0.09200671106570450200 ) ) ;
#2021 = CIRCLE ( 'NONE', #2364, 1.018897637795275600 ) ;
#2022 = CARTESIAN_POINT ( 'NONE',  ( 0.1623704763555702500, 0.4729016100396073500, -0.06345429700446327000 ) ) ;
#2023 = ORIENTED_EDGE ( 'NONE', *, *, #1467, .F. ) ;
#2024 = CARTESIAN_POINT ( 'NONE',  ( -0.06226834987973480000, 0.4961075074926569700, -0.07365760734033165200 ) ) ;
#2025 = FACE_OUTER_BOUND ( 'NONE', #1245, .T. ) ;
#2026 = CARTESIAN_POINT ( 'NONE',  ( 0.1696981460055964300, 0.4703223950139360800, -0.1069598552271575500 ) ) ;
#2027 = CARTESIAN_POINT ( 'NONE',  ( -0.1429565837533115500, 0.4791281616307985200, -0.1169693609952648800 ) ) ;
#2028 = CARTESIAN_POINT ( 'NONE',  ( -0.1077904694714318200, 0.4882429990028179200, -0.1009561651555654500 ) ) ;
#2029 = EDGE_LOOP ( 'NONE', ( #3039, #2892, #2790, #1214, #950, #355, #1063, #1909, #2978, #1084, #166, #274, #1538 ) ) ;
#2030 = CARTESIAN_POINT ( 'NONE',  ( -0.05043287248768331400, 0.4974501680313970200, -0.06415021981785179500 ) ) ;
#2031 = ORIENTED_EDGE ( 'NONE', *, *, #1249, .F. ) ;
#2032 = CARTESIAN_POINT ( 'NONE',  ( 0.1754330112106533600, 0.4682128765947592400, -0.07518316430676953700 ) ) ;
#2033 = CARTESIAN_POINT ( 'NONE',  ( -0.06022098204330553200, 0.4963622521596535200, -0.05887335030667539100 ) ) ;
#2034 = CARTESIAN_POINT ( 'NONE',  ( -0.05489145954272238400, 0.4969779425010562000, -0.06442066736056476000 ) ) ;
#2035 = ORIENTED_EDGE ( 'NONE', *, *, #2055, .F. ) ;
#2036 = CARTESIAN_POINT ( 'NONE',  ( 0.0000000000000000000, 0.0000000000000000000, 8.875984251968505500 ) ) ;
#2037 = CARTESIAN_POINT ( 'NONE',  ( -0.1153190202738459000, 0.4865198089492530600, -0.1001809534411239000 ) ) ;
#2038 = EDGE_CURVE ( 'NONE', #653, #1840, #183, .T. ) ;
#2039 = EDGE_CURVE ( 'NONE', #1918, #348, #2775, .T. ) ;
#2040 = ORIENTED_EDGE ( 'NONE', *, *, #1068, .T. ) ;
#2041 = CARTESIAN_POINT ( 'NONE',  ( -0.09964358560321753800, 0.4899710359570040900, -0.05726273585530024200 ) ) ;
#2042 = DIRECTION ( 'NONE',  ( -0.0000000000000000000, -0.0000000000000000000, 1.000000000000000000 ) ) ;
#2043 = AXIS2_PLACEMENT_3D ( 'NONE', #2347, #898, #2600 ) ;
#2044 = CARTESIAN_POINT ( 'NONE',  ( -0.06986431974515378000, 0.4950949645863929000, -0.07422368502869529400 ) ) ;
#2045 = DIRECTION ( 'NONE',  ( -0.0000000000000000000, -0.0000000000000000000, 1.000000000000000000 ) ) ;
#2046 = CARTESIAN_POINT ( 'NONE',  ( -0.07039515972135937400, 0.4950197224206504500, -0.09667188197975434800 ) ) ;
#2047 = CARTESIAN_POINT ( 'NONE',  ( -0.09032454439138146200, 0.4917760640361736900, -0.08589027746240361600 ) ) ;
#2048 = CARTESIAN_POINT ( 'NONE',  ( -0.09998916384209877200, 0.4899015371047940600, -0.1168883442620141400 ) ) ;
#2049 = CARTESIAN_POINT ( 'NONE',  ( -0.1306562027309134700, 0.4826271517443247400, -0.07815727647293603500 ) ) ;
#2050 = CARTESIAN_POINT ( 'NONE',  ( -0.1136760682166034200, 0.4869063624050474200, -0.06749428781152848300 ) ) ;
#2051 = VERTEX_POINT ( 'NONE', #559 ) ;
#2052 = CARTESIAN_POINT ( 'NONE',  ( 0.1023440352498348200, 0.4894146397248472800, -0.05893425525789498800 ) ) ;
#2053 = ORIENTED_EDGE ( 'NONE', *, *, #2527, .T. ) ;
#2054 = CARTESIAN_POINT ( 'NONE',  ( 0.2122939759164133900, 0.4526956617529399000, -0.06794210679239254300 ) ) ;
#2055 = EDGE_CURVE ( 'NONE', #2658, #2367, #1120, .T. ) ;
#2056 = CARTESIAN_POINT ( 'NONE',  ( -0.06025302583443351000, 0.4963568843824771000, -0.1153099583426723000 ) ) ;
#2057 = ORIENTED_EDGE ( 'NONE', *, *, #3067, .T. ) ;
#2058 = CARTESIAN_POINT ( 'NONE',  ( -0.2086589527926643300, 0.4543802828242757800, -0.05721628405869578400 ) ) ;
#2059 = VERTEX_POINT ( 'NONE', #2250 ) ;
#2060 = LINE ( 'NONE', #167, #2701 ) ;
#2061 = CARTESIAN_POINT ( 'NONE',  ( -0.1520072025094213500, 0.4763337174557979400, -0.08712240156323848600 ) ) ;
#2062 = AXIS2_PLACEMENT_3D ( 'NONE', #1281, #1027, #2969 ) ;
#2063 = CARTESIAN_POINT ( 'NONE',  ( 0.09333181835819613600, 0.4912119417135060200, -0.07351795728704224600 ) ) ;
#2064 = CIRCLE ( 'NONE', #2213, 9.082677165354329700 ) ;
#2065 = CARTESIAN_POINT ( 'NONE',  ( 0.07452208091247532200, 0.4944152702500951300, -0.08084069729309918700 ) ) ;
#2066 = CARTESIAN_POINT ( 'NONE',  ( 0.07684051600676894400, 0.4940602609487193000, -0.1000682457174011700 ) ) ;
#2067 = DIRECTION ( 'NONE',  ( 1.000000000000000000, 0.0000000000000000000, 0.0000000000000000000 ) ) ;
#2068 = CARTESIAN_POINT ( 'NONE',  ( -0.1360041780651147800, 0.4811476212017873900, -0.06556466885267472900 ) ) ;
#2069 = B_SPLINE_CURVE_WITH_KNOTS ( 'NONE', 3,
 ( #1147, #174, #2614, #1157 ),
 .UNSPECIFIED., .F., .F.,
 ( 4, 4 ),
 ( 0.0000000000000000000, 1.000000000000000000 ),
 .UNSPECIFIED. ) ;
#2070 = CARTESIAN_POINT ( 'NONE',  ( -0.1507476328391459100, 0.4767338378649315600, -0.07303661769117421300 ) ) ;
#2071 = B_SPLINE_CURVE_WITH_KNOTS ( 'NONE', 3,
 ( #2348, #155, #900, #2603, #1148, #2852, #1404, #3091, #1627, #175, #1887, #425, #2115, #666, #2357, #912, #2615, #1159, #2863, #1413, #3104, #1641, #187, #1895, #440, #2128, #676, #2369, #925 ),
 .UNSPECIFIED., .F., .F.,
 ( 4, 2, 2, 2, 2, 2, 2, 1, 1, 2, 2, 1, 1, 1, 2, 2, 4 ),
 ( 0.0000000000000000000, 0.03125000000000236600, 0.06250000000000473200, 0.1250000000000073300, 0.2500000000000137700, 0.3125000000000169900, 0.3750000000000202100, 0.4375000000000234800, 0.4687500000000247000, 0.4843750000000248100, 0.5000000000000248700, 0.6250000000000159900, 0.6875000000000108800, 0.7187500000000088800, 0.7343750000000078800, 0.7500000000000067700, 1.000000000000000000 ),
 .UNSPECIFIED. ) ;
#2072 = CARTESIAN_POINT ( 'NONE',  ( 0.1759722186511582200, 0.4680129572215463400, -0.06250103147143439000 ) ) ;
#2073 = CARTESIAN_POINT ( 'NONE',  ( 0.1067588446994057600, 0.4884696130023073500, -0.08528217843843896600 ) ) ;
#2074 = ORIENTED_EDGE ( 'NONE', *, *, #2843, .F. ) ;
#2075 = ORIENTED_EDGE ( 'NONE', *, *, #921, .T. ) ;
#2076 = CARTESIAN_POINT ( 'NONE',  ( -0.2123423526180864600, 0.4526706618662775200, -0.06652143196077339700 ) ) ;
#2077 = EDGE_CURVE ( 'NONE', #2345, #2815, #2390, .T. ) ;
#2078 = CARTESIAN_POINT ( 'NONE',  ( -0.1430865823865563300, 0.4790889816860517400, -0.06424073339102591400 ) ) ;
#2079 = DIRECTION ( 'NONE',  ( -0.7071067811865637800, 0.0000000000000000000, -0.7071067811865312500 ) ) ;
#2080 = CARTESIAN_POINT ( 'NONE',  ( -0.03328850250014952400, 0.4988906449326321300, -0.08714606146632752900 ) ) ;
#2081 = APPROVAL ( #680, 'UNSPECIFIED' ) ;
#2082 = ORIENTED_EDGE ( 'NONE', *, *, #1714, .F. ) ;
#2083 = CARTESIAN_POINT ( 'NONE',  ( 0.08295334266943314700, 0.4930707780254143800, -0.1065146437986116400 ) ) ;
#2084 = CARTESIAN_POINT ( 'NONE',  ( 0.0000000000000000000, 0.0000000000000000000, -0.1082677165354335900 ) ) ;
#2085 = CARTESIAN_POINT ( 'NONE',  ( 0.1732058718756761000, 0.4690438061947810300, -0.1135117690255376800 ) ) ;
#2086 = CARTESIAN_POINT ( 'NONE',  ( 0.1587153666221450000, 0.4741421902941756500, -0.1101897951752851300 ) ) ;
#2087 = CARTESIAN_POINT ( 'NONE',  ( -0.4944322300693974000, 6.089141237617259600E-017, -0.1932252648481388400 ) ) ;
#2088 = CARTESIAN_POINT ( 'NONE',  ( -0.03457371043399861500, 0.4988032420978139600, -0.1008329711021477600 ) ) ;
#2089 = CARTESIAN_POINT ( 'NONE',  ( 0.1386999869810469400, 0.4803773780214866100, -0.1046889707173448100 ) ) ;
#2090 = DATE_AND_TIME ( #2740, #229 ) ;
#2091 = CARTESIAN_POINT ( 'NONE',  ( -0.03336592580000448400, 0.4988854731919085100, -0.08332587868645904800 ) ) ;
#2092 = ORIENTED_EDGE ( 'NONE', *, *, #1467, .T. ) ;
#2093 = LINE ( 'NONE', #1470, #884 ) ;
#2094 = ORIENTED_EDGE ( 'NONE', *, *, #1705, .F. ) ;
#2095 = CARTESIAN_POINT ( 'NONE',  ( 0.04988657485315112200, 0.4975051051491040100, -0.06554456994603680100 ) ) ;
#2096 = LINE ( 'NONE', #1248, #809 ) ;
#2097 = CARTESIAN_POINT ( 'NONE',  ( 0.1838003900722148000, 0.4649921463033673300, -0.09598515517609600100 ) ) ;
#2098 = CARTESIAN_POINT ( 'NONE',  ( 0.1454924932852537100, 0.4783640018923853700, -0.1003570277121867300 ) ) ;
#2099 = AXIS2_PLACEMENT_3D ( 'NONE', #891, #2586, #1139 ) ;
#2100 = CARTESIAN_POINT ( 'NONE',  ( 0.2308949602245624300, 0.4434946643905627300, -0.1162714021689320000 ) ) ;
#2101 = B_SPLINE_CURVE_WITH_KNOTS ( 'NONE', 3,
 ( #2698, #1255, #285, #1979, #525, #2214, #765, #2459, #1015, #2712, #1265, #2955, #1493, #48, #1745 ),
 .UNSPECIFIED., .F., .F.,
 ( 4, 1, 2, 2, 2, 2, 2, 4 ),
 ( 0.0000000000000000000, 0.1249999999999988100, 0.1874999999999998600, 0.2500000000000009400, 0.5000000000000016700, 0.6250000000000003300, 0.7499999999999990000, 1.000000000000000000 ),
 .UNSPECIFIED. ) ;
#2102 = DIRECTION ( 'NONE',  ( 0.0000000000000000000, 1.000000000000000000, 1.365923996832131600E-016 ) ) ;
#2103 = ORIENTED_EDGE ( 'NONE', *, *, #1866, .T. ) ;
#2104 = CARTESIAN_POINT ( 'NONE',  ( -0.03615399421509889200, 0.4986911808751695600, -0.06815109585979192700 ) ) ;
#2105 = DIRECTION ( 'NONE',  ( 1.000000000000000000, 0.0000000000000000000, 0.0000000000000000000 ) ) ;
#2106 = VERTEX_POINT ( 'NONE', #2534 ) ;
#2107 = CARTESIAN_POINT ( 'NONE',  ( 0.4944322300693971800, 6.089141237617258400E-017, 0.01973757862051097800 ) ) ;
#2108 = CARTESIAN_POINT ( 'NONE',  ( 0.01665349113075081600, 0.4997225842736728900, -0.07304475922526149100 ) ) ;
#2109 = CARTESIAN_POINT ( 'NONE',  ( 0.1112791686684475000, 0.4874596871747030600, -0.06403033614833843200 ) ) ;
#2110 = CARTESIAN_POINT ( 'NONE',  ( 0.0000000000000000000, 0.0000000000000000000, 0.0000000000000000000 ) ) ;
#2111 = CARTESIAN_POINT ( 'NONE',  ( 0.0000000000000000000, 0.4944322300693972400, 0.1304514883488149300 ) ) ;
#2112 = CARTESIAN_POINT ( 'NONE',  ( -0.04950245518819663300, 0.4975434962566753200, -0.05736519121369573800 ) ) ;
#2113 = EDGE_CURVE ( 'NONE', #1411, #1986, #2196, .T. ) ;
#2114 = ORIENTED_EDGE ( 'NONE', *, *, #2019, .F. ) ;
#2115 = CARTESIAN_POINT ( 'NONE',  ( -0.1492690857811687600, 0.4771989055959218200, -0.1051917956965357500 ) ) ;
#2116 = CARTESIAN_POINT ( 'NONE',  ( 0.07535108914727342600, 0.4942898939802954400, -0.1050390509287381900 ) ) ;
#2117 = EDGE_CURVE ( 'NONE', #1942, #2194, #1642, .T. ) ;
#2118 = CARTESIAN_POINT ( 'NONE',  ( 0.1220740440876619300, 0.4848689867527949400, -0.07297415933351336600 ) ) ;
#2119 = PERSON_AND_ORGANIZATION_ROLE ( 'design_owner' ) ;
#2120 = CARTESIAN_POINT ( 'NONE',  ( 0.0000000000000000000, 0.0000000000000000000, -0.1018861810907975600 ) ) ;
#2121 = EDGE_CURVE ( 'NONE', #251, #709, #1087, .T. ) ;
#2122 = CARTESIAN_POINT ( 'NONE',  ( -0.1314860912164375100, 0.4824017101903790800, -0.1012420019653811900 ) ) ;
#2123 = VERTEX_POINT ( 'NONE', #2011 ) ;
#2124 = CARTESIAN_POINT ( 'NONE',  ( 0.2079327584393097500, 0.4547170830943744700, -0.08093928022263684200 ) ) ;
#2125 = ADVANCED_FACE ( 'NONE', ( #1757, #2322 ), #394, .T. ) ;
#2126 = DIRECTION ( 'NONE',  ( 1.000000000000000000, 0.0000000000000000000, 0.0000000000000000000 ) ) ;
#2127 = ORIENTED_EDGE ( 'NONE', *, *, #1954, .F. ) ;
#2128 = CARTESIAN_POINT ( 'NONE',  ( -0.1517570415432256400, 0.4764134763303744000, -0.09442446785877566000 ) ) ;
#2129 = CARTESIAN_POINT ( 'NONE',  ( -0.1411497147234112800, 0.4796631714375200200, -0.05721628405869577000 ) ) ;
#2130 = CARTESIAN_POINT ( 'NONE',  ( -0.08502132673331805300, 0.4927184266575958500, -0.08455441942454568200 ) ) ;
#2131 = SPHERICAL_SURFACE ( 'NONE', #2141, 1.641338582677165400 ) ;
#2132 = DATE_TIME_ROLE ( 'classification_date' ) ;
#2133 = DIRECTION ( 'NONE',  ( 0.0000000000000000000, 1.000000000000000000, 1.365923996832131900E-016 ) ) ;
#2134 = ORIENTED_EDGE ( 'NONE', *, *, #3003, .F. ) ;
#2135 = CIRCLE ( 'NONE', #1133, 0.5000000000000001100 ) ;
#2136 = ORIENTED_EDGE ( 'NONE', *, *, #398, .F. ) ;
#2137 = CARTESIAN_POINT ( 'NONE',  ( -0.04118080136530479600, 0.4983013127778578300, -0.1134817370489048000 ) ) ;
#2138 = LINE ( 'NONE', #2483, #2709 ) ;
#2139 = EDGE_CURVE ( 'NONE', #862, #466, #514, .T. ) ;
#2140 = CARTESIAN_POINT ( 'NONE',  ( -0.09329719477102937900, 0.4912185911352102700, -0.06481885448035669400 ) ) ;
#2141 = AXIS2_PLACEMENT_3D ( 'NONE', #2819, #2845, #1395 ) ;
#2142 = CARTESIAN_POINT ( 'NONE',  ( -0.1241431247575466000, 0.4843433703024092600, -0.1008329711020751500 ) ) ;
#2143 = CARTESIAN_POINT ( 'NONE',  ( 0.05632321559892072100, 0.4968177102945491900, -0.1047409971777589900 ) ) ;
#2144 = VERTEX_POINT ( 'NONE', #2993 ) ;
#2145 = CARTESIAN_POINT ( 'NONE',  ( -0.08926462764384296400, 0.4919694066079160500, -0.1155120631919229500 ) ) ;
#2146 = CARTESIAN_POINT ( 'NONE',  ( -0.1423802571189577100, 0.4792996416765730700, -0.05726220148582462200 ) ) ;
#2147 = VERTEX_POINT ( 'NONE', #346 ) ;
#2148 = CARTESIAN_POINT ( 'NONE',  ( -0.04376148263103388200, 0.4980812868650048000, -0.06891061003857884600 ) ) ;
#2149 = CARTESIAN_POINT ( 'NONE',  ( 0.09523981858644280100, 0.4908457678455358500, -0.08190703956345775400 ) ) ;
#2150 = CARTESIAN_POINT ( 'NONE',  ( -0.08453360060083525700, 0.4928022737974764300, -0.06253585545648487900 ) ) ;
#2151 = CARTESIAN_POINT ( 'NONE',  ( -0.07775303667507683900, 0.4939174733225404900, -0.09895897937381276100 ) ) ;
#2152 = B_SPLINE_CURVE_WITH_KNOTS ( 'NONE', 3,
 ( #6, #245, #1948, #491 ),
 .UNSPECIFIED., .F., .F.,
 ( 4, 4 ),
 ( 0.0000000000000000000, 1.000000000000000000 ),
 .UNSPECIFIED. ) ;
#2153 = CARTESIAN_POINT ( 'NONE',  ( -0.1542150146817258000, 0.4756237215296960100, -0.06372927776367147400 ) ) ;
#2154 = AXIS2_PLACEMENT_3D ( 'NONE', #1127, #2577, #1381 ) ;
#2155 = VERTEX_POINT ( 'NONE', #1529 ) ;
#2156 = CARTESIAN_POINT ( 'NONE',  ( 0.1190318822174417000, 0.4856250789570060200, -0.05849829517310725000 ) ) ;
#2157 = CARTESIAN_POINT ( 'NONE',  ( 0.1037474752040533500, 0.4891180528420695000, -0.09265555067663720800 ) ) ;
#2158 = CARTESIAN_POINT ( 'NONE',  ( -0.09641119633240548300, 0.4906200436385876900, -0.05726364618589783300 ) ) ;
#2159 = ORIENTED_EDGE ( 'NONE', *, *, #2436, .F. ) ;
#2160 = PERSON_AND_ORGANIZATION ( #235, #613 ) ;
#2161 = ORIENTED_EDGE ( 'NONE', *, *, #2569, .T. ) ;
#2162 = ORIENTED_EDGE ( 'NONE', *, *, #25, .T. ) ;
#2163 = LINE ( 'NONE', #1663, #1600 ) ;
#2164 = CARTESIAN_POINT ( 'NONE',  ( -0.1591753038998481000, 0.4739865224242033000, -0.08304548070333801800 ) ) ;
#2165 = LINE ( 'NONE', #2927, #959 ) ;
#2166 = DIRECTION ( 'NONE',  ( 0.7071067811865496800, 0.0000000000000000000, 0.7071067811865453500 ) ) ;
#2167 = CARTESIAN_POINT ( 'NONE',  ( -0.03328850250014952400, 0.4988906449326321300, -0.08714606146632752900 ) ) ;
#2168 = CARTESIAN_POINT ( 'NONE',  ( -0.1229920475294876800, 0.4846369324636294900, -0.08279520592560719900 ) ) ;
#2169 = DIRECTION ( 'NONE',  ( -0.0000000000000000000, -0.0000000000000000000, 1.000000000000000000 ) ) ;
#2170 = EDGE_CURVE ( 'NONE', #1902, #2774, #3112, .T. ) ;
#2171 = CARTESIAN_POINT ( 'NONE',  ( -0.08569994666903646400, 0.4926007820650609700, -0.07433801779651899600 ) ) ;
#2172 = CARTESIAN_POINT ( 'NONE',  ( 0.06084355922578975300, 0.4962843494022694000, -0.07718570239673880300 ) ) ;
#2173 = CARTESIAN_POINT ( 'NONE',  ( -0.09618405607093526200, 0.4906614744568433800, -0.07781202188102150100 ) ) ;
#2174 = CARTESIAN_POINT ( 'NONE',  ( -0.04165270824681272000, 0.4982620361021379800, -0.07562092477859255800 ) ) ;
#2175 = ORIENTED_EDGE ( 'NONE', *, *, #1691, .F. ) ;
#2176 = CARTESIAN_POINT ( 'NONE',  ( -0.1027148883101053100, 0.4893362412274067700, -0.06536107343086392000 ) ) ;
#2177 = CARTESIAN_POINT ( 'NONE',  ( -0.1258164638915577300, 0.4839113788641474200, -0.06780946544439020500 ) ) ;
#2178 = VERTEX_POINT ( 'NONE', #591 ) ;
#2179 = VERTEX_POINT ( 'NONE', #2308 ) ;
#2180 = DIRECTION ( 'NONE',  ( 0.0000000000000000000, 0.0000000000000000000, -1.000000000000000000 ) ) ;
#2181 = DIRECTION ( 'NONE',  ( 1.000000000000000000, 0.0000000000000000000, 0.0000000000000000000 ) ) ;
#2182 = CARTESIAN_POINT ( 'NONE',  ( 0.04733651516219367100, 0.4977542140246025700, -0.09119579745417344400 ) ) ;
#2183 = DIRECTION ( 'NONE',  ( 8.659560562354826900E-017, -0.7071067811865386900, -0.7071067811865562300 ) ) ;
#2184 = CARTESIAN_POINT ( 'NONE',  ( 0.08364483393386316900, 0.4929538941485061000, -0.08825807691151225900 ) ) ;
#2185 = CARTESIAN_POINT ( 'NONE',  ( -0.05346212075258269200, 0.4971336748063188100, -0.1101259438475220600 ) ) ;
#2186 = CARTESIAN_POINT ( 'NONE',  ( -0.1393385286035232500, 0.4801928302653144500, -0.05727642169899187200 ) ) ;
#2187 = EDGE_CURVE ( 'NONE', #2776, #653, #2539, .T. ) ;
#2188 = ADVANCED_FACE ( 'NONE', ( #467 ), #957, .T. ) ;
#2189 = EDGE_CURVE ( 'NONE', #1219, #2248, #1970, .T. ) ;
#2190 = EDGE_CURVE ( 'NONE', #515, #146, #1421, .T. ) ;
#2191 = CARTESIAN_POINT ( 'NONE',  ( 0.1251220659298647200, 0.4840915413048273400, -0.1029066574854510300 ) ) ;
#2192 = CARTESIAN_POINT ( 'NONE',  ( -0.1039996372336201400, 0.4890649573577269300, -0.08682574146045733700 ) ) ;
#2193 = CARTESIAN_POINT ( 'NONE',  ( 0.05457750836329579300, 0.4970125978494702700, -0.09315754137922054000 ) ) ;
#2194 = VERTEX_POINT ( 'NONE', #1862 ) ;
#2195 = AXIS2_PLACEMENT_3D ( 'NONE', #483, #2169, #714 ) ;
#2196 = B_SPLINE_CURVE_WITH_KNOTS ( 'NONE', 3,
 ( #3032, #1556, #115, #1818 ),
 .UNSPECIFIED., .F., .F.,
 ( 4, 4 ),
 ( 0.0000000000000000000, 1.000000000000000000 ),
 .UNSPECIFIED. ) ;
#2197 = CARTESIAN_POINT ( 'NONE',  ( 0.08190366919453169500, 0.4932526311640255100, -0.1001195749934828000 ) ) ;
#2198 = CARTESIAN_POINT ( 'NONE',  ( -0.2037554365464981600, 0.4566001774832617000, -0.09128654450690899800 ) ) ;
#2199 = ORIENTED_EDGE ( 'NONE', *, *, #186, .T. ) ;
#2200 = CARTESIAN_POINT ( 'NONE',  ( -0.06188255557252900200, 0.4961557736001532800, -0.1020795501335730700 ) ) ;
#2201 = FACE_OUTER_BOUND ( 'NONE', #2275, .T. ) ;
#2202 = CARTESIAN_POINT ( 'NONE',  ( -0.1378987072353864700, 0.4806079952741282900, -0.1167786859600562200 ) ) ;
#2203 = FACE_OUTER_BOUND ( 'NONE', #2330, .T. ) ;
#2204 = CARTESIAN_POINT ( 'NONE',  ( 0.2001067559315619100, 0.4582164367994862000, -0.1041575317873451000 ) ) ;
#2205 = CARTESIAN_POINT ( 'NONE',  ( -0.2219933881459618400, 0.4480166689080624700, -0.09128654450690899800 ) ) ;
#2206 = ADVANCED_FACE ( 'NONE', ( #2239, #2974 ), #317, .T. ) ;
#2207 = FACE_BOUND ( 'NONE', #3100, .T. ) ;
#2208 = ORIENTED_EDGE ( 'NONE', *, *, #398, .T. ) ;
#2209 = CARTESIAN_POINT ( 'NONE',  ( 0.1148137182657931300, 0.4866393698569068700, -0.1023868352830715900 ) ) ;
#2210 = CARTESIAN_POINT ( 'NONE',  ( 0.2386967924118977000, 0.4393447863492538900, -0.1162714021689320200 ) ) ;
#2211 = CARTESIAN_POINT ( 'NONE',  ( 0.2142068279990651800, 0.4517913663071229700, -0.06664096794213766900 ) ) ;
#2212 = DIRECTION ( 'NONE',  ( -1.000000000000000000, 0.0000000000000000000, 0.0000000000000000000 ) ) ;
#2213 = AXIS2_PLACEMENT_3D ( 'NONE', #2403, #964, #2661 ) ;
#2214 = CARTESIAN_POINT ( 'NONE',  ( 0.04708453811548978700, 0.4977781115246690000, -0.09940623438639316400 ) ) ;
#2215 = DIRECTION ( 'NONE',  ( 0.0000000000000000000, -1.000000000000000000, -1.340590012346837100E-016 ) ) ;
#2216 = CARTESIAN_POINT ( 'NONE',  ( 0.05136948722378890900, 0.4973541753945221500, -0.1098595684318030100 ) ) ;
#2217 = CARTESIAN_POINT ( 'NONE',  ( 0.1198555851891334300, 0.4854231138628067900, -0.1073888445713602200 ) ) ;
#2218 = CARTESIAN_POINT ( 'NONE',  ( 0.1531807588021703000, 0.4759592238365278900, -0.05712115582151527200 ) ) ;
#2219 = CARTESIAN_POINT ( 'NONE',  ( 0.0000000000000000000, 0.0000000000000000000, -0.06554456994603680100 ) ) ;
#2220 = CARTESIAN_POINT ( 'NONE',  ( -0.05206371069204465700, 0.4972819824093521200, -0.06403033614833843200 ) ) ;
#2221 = ORIENTED_EDGE ( 'NONE', *, *, #2077, .T. ) ;
#2222 = CARTESIAN_POINT ( 'NONE',  ( 0.1294882723780572700, 0.4829418053104806400, -0.07387285583337781200 ) ) ;
#2223 = DIRECTION ( 'NONE',  ( 0.0000000000000000000, 1.000000000000000000, 1.365923996832131600E-016 ) ) ;
#2224 = B_SPLINE_CURVE_WITH_KNOTS ( 'NONE', 3,
 ( #290, #1274, #1020, #1997, #542, #2229, #783, #2478, #1033, #2728, #1288, #2977, #1513, #64, #1767, #311, #2008, #553, #2242, #793, #2488, #1047 ),
 .UNSPECIFIED., .F., .F.,
 ( 4, 1, 1, 2, 2, 2, 1, 2, 2, 1, 2, 2, 4 ),
 ( 0.0000000000000000000, 0.1249999999999910100, 0.1874999999999859600, 0.2187499999999847100, 0.2499999999999834600, 0.4999999999999768000, 0.6249999999999734700, 0.6874999999999733500, 0.7499999999999733500, 0.8124999999999732400, 0.8437499999999756900, 0.8749999999999781300, 1.000000000000000000 ),
 .UNSPECIFIED. ) ;
#2225 = DIRECTION ( 'NONE',  ( -1.224646799147353200E-016, -1.000000000000000000, 0.0000000000000000000 ) ) ;
#2226 = VERTEX_POINT ( 'NONE', #184 ) ;
#2227 = CARTESIAN_POINT ( 'NONE',  ( 0.05914549601170527400, 0.4964909890400283100, -0.1158717593195305600 ) ) ;
#2228 = CARTESIAN_POINT ( 'NONE',  ( -0.07693626908261949600, 0.4940453529752144600, -0.08613740709970650600 ) ) ;
#2229 = CARTESIAN_POINT ( 'NONE',  ( 0.1472284230936264900, 0.4778323961090258900, -0.07092034973985257600 ) ) ;
#2230 = CARTESIAN_POINT ( 'NONE',  ( -0.04083876827770709800, 0.4983294041149487500, -0.08712240156323848600 ) ) ;
#2231 = CARTESIAN_POINT ( 'NONE',  ( -0.1325565230830745600, 0.4821086878639591600, -0.06990752395439564500 ) ) ;
#2232 = ORIENTED_EDGE ( 'NONE', *, *, #3102, .T. ) ;
#2233 = EDGE_CURVE ( 'NONE', #495, #116, #849, .T. ) ;
#2234 = CARTESIAN_POINT ( 'NONE',  ( 0.09333181835819613600, 0.4912119417135060200, -0.07351795728704224600 ) ) ;
#2235 = LOCAL_TIME ( 14, 0, 40.00000000000000000, #2894 ) ;
#2236 = CARTESIAN_POINT ( 'NONE',  ( 0.1018381139074501800, 0.4895192242714641000, -0.06910111573105866300 ) ) ;
#2237 = CC_DESIGN_APPROVAL ( #2081, ( #1592 ) ) ;
#2238 = CARTESIAN_POINT ( 'NONE',  ( -0.1284481746273784500, 0.4832194806036844700, -0.1113383123748678100 ) ) ;
#2239 = FACE_BOUND ( 'NONE', #3001, .T. ) ;
#2240 = CARTESIAN_POINT ( 'NONE',  ( -0.1589327444308950800, 0.4740679209706174000, -0.09434699156170349400 ) ) ;
#2241 = CARTESIAN_POINT ( 'NONE',  ( -0.07927441129147648500, 0.4936756004038336800, -0.07136279946664785000 ) ) ;
#2242 = CARTESIAN_POINT ( 'NONE',  ( 0.1570090479680677200, 0.4747085270927710600, -0.06346409974422485800 ) ) ;
#2243 = CARTESIAN_POINT ( 'NONE',  ( -0.04207058656252808700, 0.4982269228656380800, -0.1009409427656430100 ) ) ;
#2244 = CYLINDRICAL_SURFACE ( 'NONE', #535, 0.5000000000000001100 ) ;
#2245 = CARTESIAN_POINT ( 'NONE',  ( -0.1043359141678861000, 0.4889940291107033300, -0.07864559496517506400 ) ) ;
#2246 = VERTEX_POINT ( 'NONE', #3101 ) ;
#2247 = CARTESIAN_POINT ( 'NONE',  ( -0.1074236290437070900, 0.4883238310005770800, -0.07311573893452862100 ) ) ;
#2248 = VERTEX_POINT ( 'NONE', #920 ) ;
#2249 = CARTESIAN_POINT ( 'NONE',  ( -0.09340481599137814800, 0.4911981094634365600, -0.1098038186895187000 ) ) ;
#2250 = CARTESIAN_POINT ( 'NONE',  ( 0.1294882723780572700, 0.4829418053104806400, -0.07387285583337781200 ) ) ;
#2251 = B_SPLINE_CURVE_WITH_KNOTS ( 'NONE', 3,
 ( #2061, #1824, #2305, #858, #2550, #1102, #2798, #1356, #3047, #1582, #133, #1835, #374, #2070, #619, #2314, #867, #2561, #1113, #2810, #1365, #3058, #1589, #141, #1846, #390, #2078, #627, #2323, #875, #2571 ),
 .UNSPECIFIED., .F., .F.,
 ( 4, 1, 1, 1, 2, 2, 1, 1, 1, 2, 2, 2, 2, 2, 2, 1, 2, 2, 4 ),
 ( 0.0000000000000000000, 0.1250000000000000600, 0.1875000000000001400, 0.2187500000000001900, 0.2343750000000002800, 0.2500000000000003900, 0.3750000000000007800, 0.4375000000000010000, 0.4687500000000012800, 0.4843750000000016700, 0.5000000000000020000, 0.5625000000000027800, 0.6250000000000036600, 0.7500000000000035500, 0.8750000000000035500, 0.9062500000000035500, 0.9218750000000036600, 0.9375000000000037700, 1.000000000000000000 ),
 .UNSPECIFIED. ) ;
#2252 = CARTESIAN_POINT ( 'NONE',  ( 0.1759580414965812600, 0.4680158980889726500, -0.09632442252686827800 ) ) ;
#2253 = CARTESIAN_POINT ( 'NONE',  ( -0.1526396973378041600, 0.4761325381922653600, -0.1125622758814902000 ) ) ;
#2254 = CARTESIAN_POINT ( 'NONE',  ( -0.2127797056948561000, 0.4524652694903431600, -0.06465973022833490500 ) ) ;
#2255 = CARTESIAN_POINT ( 'NONE',  ( -0.04893254559989382300, 0.4975999259181270200, -0.1096629220943114700 ) ) ;
#2256 = EDGE_CURVE ( 'NONE', #1816, #2493, #1040, .T. ) ;
#2257 = CARTESIAN_POINT ( 'NONE',  ( -0.1152638513538048300, 0.4865328824276725100, -0.09298714865000516600 ) ) ;
#2258 = CARTESIAN_POINT ( 'NONE',  ( 0.1632298037641080900, 0.4726057054217247000, -0.06358466775507233500 ) ) ;
#2259 = AXIS2_PLACEMENT_3D ( 'NONE', #1660, #211, #1916 ) ;
#2260 = CARTESIAN_POINT ( 'NONE',  ( -0.05214606948220317000, 0.4972733528327828400, -0.05721628405869577000 ) ) ;
#2261 = CARTESIAN_POINT ( 'NONE',  ( -0.06211533113987598200, 0.4961266840328346100, -0.07303661769122225800 ) ) ;
#2262 = EDGE_CURVE ( 'NONE', #2887, #2557, #2898, .T. ) ;
#2263 = CARTESIAN_POINT ( 'NONE',  ( 0.1682270184631841100, 0.4708500537211280400, -0.1079102073706284700 ) ) ;
#2264 = CARTESIAN_POINT ( 'NONE',  ( -0.1411497147234112800, 0.4796631714375200200, -0.1170285190677812100 ) ) ;
#2265 = CARTESIAN_POINT ( 'NONE',  ( -0.1079686868295026000, 0.4882036089891885800, -0.09994079842541217500 ) ) ;
#2266 = CARTESIAN_POINT ( 'NONE',  ( -0.04905821970868046900, 0.4975880237332555600, -0.06444736092285273400 ) ) ;
#2267 = EDGE_LOOP ( 'NONE', ( #2472, #413, #1793, #1579 ) ) ;
#2268 = ORIENTED_EDGE ( 'NONE', *, *, #2113, .T. ) ;
#2269 = CARTESIAN_POINT ( 'NONE',  ( 0.2308949602245624300, 0.4434946643905627300, -0.1162714021689320000 ) ) ;
#2270 = CARTESIAN_POINT ( 'NONE',  ( 0.1759905388247576800, 0.4680035856046441700, -0.07728729951513373100 ) ) ;
#2271 = EDGE_CURVE ( 'NONE', #3147, #818, #282, .T. ) ;
#2272 = CARTESIAN_POINT ( 'NONE',  ( -0.06334205384804361700, 0.4959721984401934700, -0.06098897424658344900 ) ) ;
#2273 = EDGE_CURVE ( 'NONE', #474, #2652, #2877, .T. ) ;
#2274 = CARTESIAN_POINT ( 'NONE',  ( -0.05415481115601647500, 0.4970586271866719900, -0.06424073339102606700 ) ) ;
#2275 = EDGE_LOOP ( 'NONE', ( #221, #50, #2908, #456 ) ) ;
#2276 = EDGE_CURVE ( 'NONE', #441, #301, #2163, .T. ) ;
#2277 = CARTESIAN_POINT ( 'NONE',  ( -0.07092891668121841000, 0.4949435207964934500, -0.08714606146632752900 ) ) ;
#2278 = CARTESIAN_POINT ( 'NONE',  ( 0.0000000000000000000, 0.0000000000000000000, 0.01416980868990835500 ) ) ;
#2279 = CARTESIAN_POINT ( 'NONE',  ( -0.1150582028597462200, 0.4865815956986307400, -0.1019004960380205400 ) ) ;
#2280 = CARTESIAN_POINT ( 'NONE',  ( 0.0000000000000000000, -2.923370550806765400E-017, 0.1304514883488148700 ) ) ;
#2281 = ORIENTED_EDGE ( 'NONE', *, *, #97, .F. ) ;
#2282 = EDGE_CURVE ( 'NONE', #304, #1308, #1521, .T. ) ;
#2283 = CARTESIAN_POINT ( 'NONE',  ( -0.1008230301001185900, 0.4897292826382683200, -0.05737188602840696100 ) ) ;
#2284 = FACE_OUTER_BOUND ( 'NONE', #2537, .T. ) ;
#2285 = CARTESIAN_POINT ( 'NONE',  ( 0.1104300651066863500, 0.4876532560378614700, -0.05722836519246530400 ) ) ;
#2286 = CARTESIAN_POINT ( 'NONE',  ( -0.07023628238718919400, 0.4950422867683883500, -0.07630088674019333600 ) ) ;
#2287 = ORIENTED_EDGE ( 'NONE', *, *, #1734, .T. ) ;
#2288 = FACE_OUTER_BOUND ( 'NONE', #992, .T. ) ;
#2289 = CARTESIAN_POINT ( 'NONE',  ( -0.06957051211401553400, 0.4951366206873057400, -0.1016444787759781900 ) ) ;
#2290 = CARTESIAN_POINT ( 'NONE',  ( -0.08663741250306961100, 0.4924382090594771100, -0.08908347322181987800 ) ) ;
#2291 = CARTESIAN_POINT ( 'NONE',  ( -0.09730345274407439800, 0.4904406570463767900, -0.1170285190677811800 ) ) ;
#2292 = FACE_OUTER_BOUND ( 'NONE', #2394, .T. ) ;
#2293 = ORIENTED_EDGE ( 'NONE', *, *, #1568, .T. ) ;
#2294 = CARTESIAN_POINT ( 'NONE',  ( -0.1304184363403783600, 0.4826914467871680200, -0.08079342308929263200 ) ) ;
#2295 = ORIENTED_EDGE ( 'NONE', *, *, #1924, .F. ) ;
#2296 = CARTESIAN_POINT ( 'NONE',  ( -0.1140796248476203000, 0.4868119201291790100, -0.06874909803292228400 ) ) ;
#2297 = CARTESIAN_POINT ( 'NONE',  ( 0.09954309729977922600, 0.4899918193688663800, -0.06061667702409661400 ) ) ;
#2298 = DIRECTION ( 'NONE',  ( 0.0000000000000000000, -1.000000000000000000, -1.208642382658147400E-016 ) ) ;
#2299 = CARTESIAN_POINT ( 'NONE',  ( -0.2185611728484482000, 0.4497050938261065200, -0.08093928022263684200 ) ) ;
#2300 = CARTESIAN_POINT ( 'NONE',  ( -0.05788814144840311700, 0.4966383228636124200, -0.1162472635335451700 ) ) ;
#2301 = CARTESIAN_POINT ( 'NONE',  ( 0.001514231483037283600, 0.4999977070977584800, -0.09431501210230572300 ) ) ;
#2302 = EDGE_CURVE ( 'NONE', #3052, #1666, #2304, .T. ) ;
#2303 = CARTESIAN_POINT ( 'NONE',  ( 0.03302881650745641300, 0.4989079046077712400, -0.09431501210230572300 ) ) ;
#2304 = B_SPLINE_CURVE_WITH_KNOTS ( 'NONE', 3,
 ( #3146, #1684, #1935, #482, #2168, #711, #2404, #965, #2662, #1218, #2910, #1456, #5, #1695, #242, #1944, #490, #2177, #725, #2415, #977, #2676, #1227, #2921, #1465, #16, #1703, #253, #1956, #499, #2186, #735, #2431 ),
 .UNSPECIFIED., .F., .F.,
 ( 4, 1, 1, 2, 2, 1, 2, 2, 1, 1, 1, 2, 2, 2, 2, 2, 1, 2, 2, 4 ),
 ( 0.0000000000000000000, 0.06249999999999986100, 0.09374999999999915300, 0.1093749999999988100, 0.1249999999999984500, 0.1874999999999945300, 0.2187499999999926400, 0.2499999999999907300, 0.3749999999999823500, 0.4374999999999786300, 0.4687499999999770700, 0.4843749999999766900, 0.4999999999999762400, 0.6249999999999814600, 0.7499999999999865700, 0.8749999999999917800, 0.9062499999999921200, 0.9218749999999928900, 0.9374999999999935600, 1.000000000000000000 ),
 .UNSPECIFIED. ) ;
#2305 = CARTESIAN_POINT ( 'NONE',  ( -0.1519601847901508600, 0.4763487227029170000, -0.08369714931024502300 ) ) ;
#2306 = B_SPLINE_CURVE_WITH_KNOTS ( 'NONE', 3,
 ( #1272, #1018, #297, #1994 ),
 .UNSPECIFIED., .F., .F.,
 ( 4, 4 ),
 ( 0.0000000000000000000, 1.000000000000000000 ),
 .UNSPECIFIED. ) ;
#2307 = CARTESIAN_POINT ( 'NONE',  ( 0.1846026473153575800, 0.4646739345094521000, -0.08200795391129846200 ) ) ;
#2308 = CARTESIAN_POINT ( 'NONE',  ( 0.0000000000000000000, 5.561535759119967900E-016, -0.2066929133858258800 ) ) ;
#2309 = CARTESIAN_POINT ( 'NONE',  ( 0.07250524869417576700, 0.4947150896469652000, -0.07941414657141836200 ) ) ;
#2310 = EDGE_LOOP ( 'NONE', ( #307, #1192, #236, #36 ) ) ;
#2311 = CARTESIAN_POINT ( 'NONE',  ( 0.0000000000000000000, 0.0000000000000000000, -0.1932252648481388400 ) ) ;
#2312 = CARTESIAN_POINT ( 'NONE',  ( -0.1352774720055397200, 0.4813522904990271100, -0.06613465716901056900 ) ) ;
#2313 = CARTESIAN_POINT ( 'NONE',  ( 0.08364483393386316900, 0.4929538941485061000, -0.08825807691151225900 ) ) ;
#2314 = CARTESIAN_POINT ( 'NONE',  ( -0.1505158220405190800, 0.4768071092047868100, -0.07213290020087942400 ) ) ;
#2315 = CARTESIAN_POINT ( 'NONE',  ( 0.1730580235574745200, 0.4690966299394737600, -0.06036409321528971000 ) ) ;
#2316 = VERTEX_POINT ( 'NONE', #1449 ) ;
#2317 = CARTESIAN_POINT ( 'NONE',  ( 0.1049321676024039900, 0.4888657442415930100, -0.08325019998915003700 ) ) ;
#2318 = VERTEX_POINT ( 'NONE', #956 ) ;
#2319 = CALENDAR_DATE ( 2016, 30, 9 ) ;
#2320 = CARTESIAN_POINT ( 'NONE',  ( 0.06869365419402855000, 0.4952587666843781300, -0.1169042417438494900 ) ) ;
#2321 = CARTESIAN_POINT ( 'NONE',  ( -0.2120322907873114200, 0.4528160431794912600, -0.06769963437321602200 ) ) ;
#2322 = FACE_OUTER_BOUND ( 'NONE', #660, .T. ) ;
#2323 = CARTESIAN_POINT ( 'NONE',  ( -0.1423772173205985500, 0.4793004437200315000, -0.06410422562663524400 ) ) ;
#2324 = AXIS2_PLACEMENT_3D ( 'NONE', #1619, #168, #1875 ) ;
#2325 = DIRECTION ( 'NONE',  ( -0.0000000000000000000, 1.224606353822377300E-016, -1.000000000000000000 ) ) ;
#2326 = CARTESIAN_POINT ( 'NONE',  ( 0.2190577468679990600, 0.4494638627336889300, -0.08038721581722597900 ) ) ;
#2327 = FACE_OUTER_BOUND ( 'NONE', #3014, .T. ) ;
#2328 = B_SPLINE_CURVE_WITH_KNOTS ( 'NONE', 3,
 ( #3055, #2254, #1843, #385, #2076, #625, #2321, #872, #2567, #1122, #2817, #1373, #3066, #1598, #145, #1856 ),
 .UNSPECIFIED., .F., .F.,
 ( 4, 1, 2, 2, 2, 1, 2, 2, 4 ),
 ( 0.0000000000000000000, 0.1249999999999920900, 0.1874999999999891200, 0.2499999999999861800, 0.4999999999999885600, 0.6249999999999897900, 0.6874999999999903400, 0.7499999999999909000, 1.000000000000000000 ),
 .UNSPECIFIED. ) ;
#2329 = CARTESIAN_POINT ( 'NONE',  ( 0.08351687468385680900, 0.4929755964656897200, -0.1049087842753140000 ) ) ;
#2330 = EDGE_LOOP ( 'NONE', ( #3123, #2516, #3130, #1081 ) ) ;
#2331 = DIRECTION ( 'NONE',  ( 1.000000000000000000, 0.0000000000000000000, 0.0000000000000000000 ) ) ;
#2332 = CARTESIAN_POINT ( 'NONE',  ( 0.1763964455872335800, 0.4678516076189311300, -0.1108386677419346500 ) ) ;
#2333 = DIRECTION ( 'NONE',  ( -0.0000000000000000000, -0.0000000000000000000, 1.000000000000000000 ) ) ;
#2334 = CARTESIAN_POINT ( 'NONE',  ( 0.2386967924118977000, 0.4393447863492538900, -0.1162714021689320200 ) ) ;
#2335 = CARTESIAN_POINT ( 'NONE',  ( -0.03415545612377451200, 0.4988320775866684200, -0.09872546288341985100 ) ) ;
#2336 = CARTESIAN_POINT ( 'NONE',  ( 0.1420844539386557400, 0.4793919160113514500, -0.1099678999109546100 ) ) ;
#2337 = CARTESIAN_POINT ( 'NONE',  ( -0.03340440517995395300, 0.4988828978606358900, -0.08245422781930587800 ) ) ;
#2338 = VERTEX_POINT ( 'NONE', #2685 ) ;
#2339 = ORIENTED_EDGE ( 'NONE', *, *, #2187, .T. ) ;
#2340 = CARTESIAN_POINT ( 'NONE',  ( 0.0000000000000000000, 0.0000000000000000000, -0.1082677165354335900 ) ) ;
#2341 = CARTESIAN_POINT ( 'NONE',  ( 0.009084902827492014700, 0.4999174577273883800, -0.09431501210230572300 ) ) ;
#2342 = EDGE_CURVE ( 'NONE', #2437, #1049, #2093, .T. ) ;
#2343 = CARTESIAN_POINT ( 'NONE',  ( 0.1844925652110711600, 0.4647176545118108500, -0.09161256331336351000 ) ) ;
#2344 = CARTESIAN_POINT ( 'NONE',  ( 0.1445737114311030100, 0.4786423646479994700, -0.09765670554539160300 ) ) ;
#2345 = VERTEX_POINT ( 'NONE', #2930 ) ;
#2346 = CARTESIAN_POINT ( 'NONE',  ( -0.03634892629284715300, 0.4986770145730444200, -0.06768947755056636800 ) ) ;
#2347 = CARTESIAN_POINT ( 'NONE',  ( 0.0000000000000000000, -1.567560977708784100E-017, 0.01973757862051091200 ) ) ;
#2348 = CARTESIAN_POINT ( 'NONE',  ( -0.1411497147234112800, 0.4796631714375200200, -0.1102144669781385500 ) ) ;
#2349 = DIRECTION ( 'NONE',  ( -0.0000000000000000000, -0.0000000000000000000, 1.000000000000000000 ) ) ;
#2350 = CARTESIAN_POINT ( 'NONE',  ( 0.1148942825572453100, 0.4866203927492260800, -0.06446741122441654300 ) ) ;
#2351 = CARTESIAN_POINT ( 'NONE',  ( -0.1303513461635837600, 0.4827095690708234100, -0.09259374825076109600 ) ) ;
#2352 = CARTESIAN_POINT ( 'NONE',  ( -0.05109920464607618800, 0.4973831312598233600, -0.05723270394830562400 ) ) ;
#2353 = CONICAL_SURFACE ( 'NONE', #193, 0.4944322300693971800, 0.7853981633974712600 ) ;
#2354 = CARTESIAN_POINT ( 'NONE',  ( 0.4944322300693974000, 0.0000000000000000000, -0.1932252648481388400 ) ) ;
#2355 = ORIENTED_EDGE ( 'NONE', *, *, #2911, .T. ) ;
#2356 = EDGE_CURVE ( 'NONE', #2568, #2875, #1676, .T. ) ;
#2357 = CARTESIAN_POINT ( 'NONE',  ( -0.1500388045688910200, 0.4769574764659569300, -0.1035980300602780700 ) ) ;
#2358 = CIRCLE ( 'NONE', #3143, 1.018897637795275600 ) ;
#2359 = CARTESIAN_POINT ( 'NONE',  ( 0.07277108048736351300, 0.4946769522561319500, -0.1082716684820951400 ) ) ;
#2360 = ADVANCED_FACE ( 'NONE', ( #2742 ), #717, .T. ) ;
#2361 = CARTESIAN_POINT ( 'NONE',  ( 0.1221608388721730900, 0.4848471196635565400, -0.07462997273222697600 ) ) ;
#2362 = APPLICATION_PROTOCOL_DEFINITION ( 'international standard', 'config_control_design', 1994, #669 ) ;
#2363 = CIRCLE ( 'NONE', #600, 0.5000000000000001100 ) ;
#2364 = AXIS2_PLACEMENT_3D ( 'NONE', #437, #2126, #674 ) ;
#2365 = DIRECTION ( 'NONE',  ( 0.03330698226150165300, 0.9994451685473455500, 0.0000000000000000000 ) ) ;
#2366 = CARTESIAN_POINT ( 'NONE',  ( -0.1319031975242060100, 0.4822878716659500000, -0.1027259237199217300 ) ) ;
#2367 = VERTEX_POINT ( 'NONE', #1251 ) ;
#2368 = CARTESIAN_POINT ( 'NONE',  ( -0.09730345274407439800, 0.4904406570463767900, -0.1170285190677811800 ) ) ;
#2369 = CARTESIAN_POINT ( 'NONE',  ( -0.1519886634322996900, 0.4763396336299990900, -0.09008638489313140800 ) ) ;
#2370 = CARTESIAN_POINT ( 'NONE',  ( -0.1302194104504575400, 0.4827451761974793600, -0.08712240156323848600 ) ) ;
#2371 = CARTESIAN_POINT ( 'NONE',  ( -0.08548901628317244500, 0.4926374287803526600, -0.08393123574043202800 ) ) ;
#2372 = APPROVAL_ROLE ( '' ) ;
#2373 = EDGE_LOOP ( 'NONE', ( #2458, #124, #2822, #2127 ) ) ;
#2374 = CARTESIAN_POINT ( 'NONE',  ( -0.1272194384331882300, 0.4835444420658233100, -0.1094021362629100000 ) ) ;
#2375 = CARTESIAN_POINT ( 'NONE',  ( 0.06497693397734080600, 0.4957603259846354300, -0.1101641468241076200 ) ) ;
#2376 = CARTESIAN_POINT ( 'NONE',  ( -0.04042759530522219100, 0.4983629519347411200, -0.1128347020117523600 ) ) ;
#2377 = EDGE_CURVE ( 'NONE', #1345, #1219, #1735, .T. ) ;
#2378 = CARTESIAN_POINT ( 'NONE',  ( -0.09247705120979940500, 0.4913737001144695100, -0.06516879911379593000 ) ) ;
#2379 = AXIS2_PLACEMENT_3D ( 'NONE', #1869, #2905, #1448 ) ;
#2380 = CARTESIAN_POINT ( 'NONE',  ( -0.1237369672463050500, 0.4844473136979313100, -0.09872546288374743600 ) ) ;
#2381 = CARTESIAN_POINT ( 'NONE',  ( 0.05524795452099788600, 0.4969383349473738800, -0.1023229944267967500 ) ) ;
#2382 = CARTESIAN_POINT ( 'NONE',  ( -0.08507240145444479300, 0.4927109808969072400, -0.1129402009921702400 ) ) ;
#2383 = VERTEX_POINT ( 'NONE', #2696 ) ;
#2384 = CARTESIAN_POINT ( 'NONE',  ( -0.1432640894722351000, 0.4790359391516474400, -0.05732844076601732700 ) ) ;
#2385 = DATE_AND_TIME ( #3053, #537 ) ;
#2386 = CARTESIAN_POINT ( 'NONE',  ( 0.1294882723780572700, 0.4829418053104806400, -0.07387285583337781200 ) ) ;
#2387 = CARTESIAN_POINT ( 'NONE',  ( 0.09728586108410243500, 0.4904444204519812200, -0.08536350268843856400 ) ) ;
#2388 = ORIENTED_EDGE ( 'NONE', *, *, #979, .F. ) ;
#2389 = CARTESIAN_POINT ( 'NONE',  ( -0.08519171506574363400, 0.4926891617968277600, -0.06188053590025092300 ) ) ;
#2390 = CIRCLE ( 'NONE', #730, 0.5000000000000001100 ) ;
#2391 = B_SPLINE_CURVE_WITH_KNOTS ( 'NONE', 3,
 ( #2626, #1172, #2873, #1422, #3117, #1653, #203, #1906, #449, #2140, #688, #2378, #935, #2635 ),
 .UNSPECIFIED., .F., .F.,
 ( 4, 2, 2, 2, 2, 2, 4 ),
 ( 0.0000000000000000000, 0.1249999999999935900, 0.2499999999999871800, 0.4999999999999881200, 0.6249999999999911200, 0.7499999999999941200, 1.000000000000000000 ),
 .UNSPECIFIED. ) ;
#2392 = CARTESIAN_POINT ( 'NONE',  ( -0.07735913099965417700, 0.4939793323836762000, -0.09650759829298449800 ) ) ;
#2393 = FACE_BOUND ( 'NONE', #81, .T. ) ;
#2394 = EDGE_LOOP ( 'NONE', ( #1551, #1605, #388, #1025, #2208 ) ) ;
#2395 = EDGE_CURVE ( 'NONE', #709, #1275, #1179, .T. ) ;
#2396 = CARTESIAN_POINT ( 'NONE',  ( -0.1553919992007498400, 0.4752403233614164200, -0.06585549539151119800 ) ) ;
#2397 = VERTEX_POINT ( 'NONE', #775 ) ;
#2398 = ORIENTED_EDGE ( 'NONE', *, *, #2648, .F. ) ;
#2399 = CC_DESIGN_SECURITY_CLASSIFICATION ( #1592, ( #778 ) ) ;
#2400 = CARTESIAN_POINT ( 'NONE',  ( 0.1173802070822828800, 0.4860269275252192500, -0.05797392053075943500 ) ) ;
#2401 = CARTESIAN_POINT ( 'NONE',  ( 0.1071033065857822900, 0.4883997371864163300, -0.09575777127200903200 ) ) ;
#2402 = CARTESIAN_POINT ( 'NONE',  ( 0.0000000000000000000, 0.0000000000000000000, -0.1082677165354335900 ) ) ;
#2403 = CARTESIAN_POINT ( 'NONE',  ( 0.0000000000000000000, 0.0000000000000000000, 8.875984251968505500 ) ) ;
#2404 = CARTESIAN_POINT ( 'NONE',  ( -0.1230129096837309900, 0.4846316376209260900, -0.08233942538447297500 ) ) ;
#2405 = EDGE_CURVE ( 'NONE', #2966, #3029, #611, .T. ) ;
#2406 = CARTESIAN_POINT ( 'NONE',  ( -0.09815038301312391200, 0.4902718657177639900, -0.05721628405869578400 ) ) ;
#2407 = CARTESIAN_POINT ( 'NONE',  ( -0.08520082975691120600, 0.4926873699214798800, -0.07627554561711658000 ) ) ;
#2408 = CARTESIAN_POINT ( 'NONE',  ( 0.05820131481988495600, 0.4966022047337626000, -0.07786908775665453400 ) ) ;
#2409 = AXIS2_PLACEMENT_3D ( 'NONE', #2311, #863, #2556 ) ;
#2410 = CARTESIAN_POINT ( 'NONE',  ( -0.09757022243085773600, 0.4903885682788024500, -0.07768705174632525900 ) ) ;
#2411 = CARTESIAN_POINT ( 'NONE',  ( 0.0000000000000000000, 1.624290868514798900E-016, -1.434645669291339200 ) ) ;
#2412 = CARTESIAN_POINT ( 'NONE',  ( -0.04144585692302515300, 0.4982792828044745900, -0.07695625046543071200 ) ) ;
#2413 = EDGE_LOOP ( 'NONE', ( #3083, #1379, #684, #2621 ) ) ;
#2414 = CARTESIAN_POINT ( 'NONE',  ( -0.1012252417424216600, 0.4896463464394939500, -0.06465107712742126900 ) ) ;
#2415 = CARTESIAN_POINT ( 'NONE',  ( -0.1267065167212703400, 0.4836797020885710800, -0.06575363661335689700 ) ) ;
#2416 = ORIENTED_EDGE ( 'NONE', *, *, #2377, .F. ) ;
#2417 = ORIENTED_EDGE ( 'NONE', *, *, #2687, .F. ) ;
#2418 = ORIENTED_EDGE ( 'NONE', *, *, #1229, .T. ) ;
#2419 = ORIENTED_EDGE ( 'NONE', *, *, #2612, .F. ) ;
#2420 = CARTESIAN_POINT ( 'NONE',  ( -0.1081480777243600300, 0.4881639002592484400, -0.09610239061654730900 ) ) ;
#2421 = VECTOR ( 'NONE', #1574, 39.37007874015748100 ) ;
#2422 = CARTESIAN_POINT ( 'NONE',  ( 0.04715948626957659100, 0.4977710156331445800, -0.09219321724315070200 ) ) ;
#2423 = ORIENTED_EDGE ( 'NONE', *, *, #2454, .T. ) ;
#2424 = CARTESIAN_POINT ( 'NONE',  ( 0.07356138472724743600, 0.4945596746519367300, -0.08605617680427125900 ) ) ;
#2425 = DIRECTION ( 'NONE',  ( -0.0000000000000000000, -0.0000000000000000000, 1.000000000000000000 ) ) ;
#2426 = CYLINDRICAL_SURFACE ( 'NONE', #2482, 0.5000000000000001100 ) ;
#2427 = DIRECTION ( 'NONE',  ( 0.0000000000000000000, -0.7071067811865486800, 0.7071067811865463500 ) ) ;
#2428 = EDGE_CURVE ( 'NONE', #348, #2902, #45, .T. ) ;
#2429 = CARTESIAN_POINT ( 'NONE',  ( -0.05447683926224094300, 0.4970237230213419000, -0.1099540410973320200 ) ) ;
#2430 = ORIENTED_EDGE ( 'NONE', *, *, #1734, .F. ) ;
#2431 = CARTESIAN_POINT ( 'NONE',  ( -0.1411497147234112800, 0.4796631714375200200, -0.05721628405869577000 ) ) ;
#2432 = VECTOR ( 'NONE', #779, 39.37007874015748100 ) ;
#2433 = ORIENTED_EDGE ( 'NONE', *, *, #2612, .T. ) ;
#2434 = ORIENTED_EDGE ( 'NONE', *, *, #1847, .T. ) ;
#2435 = CARTESIAN_POINT ( 'NONE',  ( 0.1243927259852431000, 0.4842793335969924900, -0.1019849347903715000 ) ) ;
#2436 = EDGE_CURVE ( 'NONE', #1475, #3122, #2663, .T. ) ;
#2437 = VERTEX_POINT ( 'NONE', #344 ) ;
#2438 = CARTESIAN_POINT ( 'NONE',  ( -0.1018854425830267000, 0.4895098317873074500, -0.08552644096519630700 ) ) ;
#2439 = CARTESIAN_POINT ( 'NONE',  ( 0.05558640869593668700, 0.4969006772863659400, -0.08992641634477723000 ) ) ;
#2440 = CARTESIAN_POINT ( 'NONE',  ( 0.07691924750054778000, 0.4940480030968140700, -0.09961483039425000900 ) ) ;
#2441 = DIRECTION ( 'NONE',  ( -0.0000000000000000000, -0.0000000000000000000, 1.000000000000000000 ) ) ;
#2442 = CARTESIAN_POINT ( 'NONE',  ( -0.06204188023748440800, 0.4961358746296951100, -0.1015243905182207200 ) ) ;
#2443 = DIRECTION ( 'NONE',  ( -0.0000000000000000000, -0.0000000000000000000, 1.000000000000000000 ) ) ;
#2444 = ADVANCED_FACE ( 'NONE', ( #1452 ), #1314, .T. ) ;
#2445 = VERTEX_POINT ( 'NONE', #1616 ) ;
#2446 = CARTESIAN_POINT ( 'NONE',  ( -0.1352235004784298200, 0.4813686882662672800, -0.1161568450720330400 ) ) ;
#2447 = CARTESIAN_POINT ( 'NONE',  ( 0.0000000000000000000, -1.247748521138706000E-016, 0.9106299212598421000 ) ) ;
#2448 = CARTESIAN_POINT ( 'NONE',  ( 0.1153049760616993700, 0.4865231395633569100, -0.1028112232227170600 ) ) ;
#2449 = CARTESIAN_POINT ( 'NONE',  ( 0.1578464595399548000, 0.4744330075649331700, -0.05648570248247405300 ) ) ;
#2450 = CARTESIAN_POINT ( 'NONE',  ( 0.04234775314436868600, 0.4982034401764240400, -0.09431501210230572300 ) ) ;
#2451 = CARTESIAN_POINT ( 'NONE',  ( 0.2147726318961176700, 0.4515228107727086200, -0.06864105169677023300 ) ) ;
#2452 = CARTESIAN_POINT ( 'NONE',  ( -0.1380481117506458000, 0.4805650831413913500, -0.1096629220943113500 ) ) ;
#2453 = ORIENTED_EDGE ( 'NONE', *, *, #1229, .F. ) ;
#2454 = EDGE_CURVE ( 'NONE', #1094, #2731, #1945, .T. ) ;
#2455 = ORIENTED_EDGE ( 'NONE', *, *, #2753, .F. ) ;
#2456 = DIRECTION ( 'NONE',  ( -1.000000000000000000, 0.0000000000000000000, 0.0000000000000000000 ) ) ;
#2457 = ORIENTED_EDGE ( 'NONE', *, *, #2896, .T. ) ;
#2458 = ORIENTED_EDGE ( 'NONE', *, *, #1977, .F. ) ;
#2459 = CARTESIAN_POINT ( 'NONE',  ( 0.04758017701582460000, 0.4977311193345023100, -0.1021463937459253800 ) ) ;
#2460 = B_SPLINE_CURVE_WITH_KNOTS ( 'NONE', 3,
 ( #2334, #1859, #634, #2579 ),
 .UNSPECIFIED., .F., .F.,
 ( 4, 4 ),
 ( 0.0000000000000000000, 1.000000000000000000 ),
 .UNSPECIFIED. ) ;
#2461 = CARTESIAN_POINT ( 'NONE',  ( 0.06831614389315120200, 0.4953109631841339200, -0.08386289192164084200 ) ) ;
#2462 = CARTESIAN_POINT ( 'NONE',  ( -0.1871297024073166900, 0.4636620261321269800, -0.1162714021689320200 ) ) ;
#2463 = ADVANCED_FACE ( 'NONE', ( #83 ), #650, .T. ) ;
#2464 = DIRECTION ( 'NONE',  ( 0.0000000000000000000, 0.7071067811865389100, -0.7071067811865560100 ) ) ;
#2465 = DIRECTION ( 'NONE',  ( -0.0000000000000000000, 1.224606353822377300E-016, -1.000000000000000000 ) ) ;
#2466 = CARTESIAN_POINT ( 'NONE',  ( 0.1473989266754783500, 0.4777841846762582200, -0.05934981066242080200 ) ) ;
#2467 = DIRECTION ( 'NONE',  ( 0.09977314970630221700, 0.9950102102982078000, 0.0000000000000000000 ) ) ;
#2468 = CARTESIAN_POINT ( 'NONE',  ( -0.1070112256706541300, 0.4884144203411413000, -0.07153071994177925800 ) ) ;
#2469 = DIRECTION ( 'NONE',  ( -0.0000000000000000000, 1.224606353822377300E-016, -1.000000000000000000 ) ) ;
#2470 = PERSON_AND_ORGANIZATION ( #235, #613 ) ;
#2471 = EDGE_LOOP ( 'NONE', ( #2785, #255, #913, #2419, #638, #1558, #2023, #1002, #2672, #205, #194, #1427 ) ) ;
#2472 = ORIENTED_EDGE ( 'NONE', *, *, #2862, .F. ) ;
#2473 = CIRCLE ( 'NONE', #2915, 0.4944322300693974000 ) ;
#2474 = CARTESIAN_POINT ( 'NONE',  ( -0.06342646950878998200, 0.4959607675670029100, -0.08712240156323848600 ) ) ;
#2475 = CIRCLE ( 'NONE', #47, 0.4944322300693972400 ) ;
#2476 = CARTESIAN_POINT ( 'NONE',  ( 0.06236756424246946800, 0.4960951774710488100, -0.1166974488585116900 ) ) ;
#2477 = CARTESIAN_POINT ( 'NONE',  ( -0.07702673048404247400, 0.4940312847422663200, -0.08393213094259340000 ) ) ;
#2478 = CARTESIAN_POINT ( 'NONE',  ( 0.1482702214907675200, 0.4775110290577185300, -0.06894514826940254000 ) ) ;
#2479 = CARTESIAN_POINT ( 'NONE',  ( -0.1320993153187082200, 0.4822341759215894600, -0.07111641549867535300 ) ) ;
#2480 = CARTESIAN_POINT ( 'NONE',  ( 0.0000000000000000000, 0.0000000000000000000, -0.1082677165354335900 ) ) ;
#2481 = CARTESIAN_POINT ( 'NONE',  ( 0.0000000000000000000, 0.0000000000000000000, -0.1932252648481388400 ) ) ;
#2482 = AXIS2_PLACEMENT_3D ( 'NONE', #2084, #1864, #405 ) ;
#2483 = CARTESIAN_POINT ( 'NONE',  ( 0.4944322300693971800, 6.055048479497750800E-017, 0.01973757862051097800 ) ) ;
#2484 = CARTESIAN_POINT ( 'NONE',  ( 0.1029679166284950400, 0.4892829186916299900, -0.06749336809162036200 ) ) ;
#2485 = B_SPLINE_CURVE_WITH_KNOTS ( 'NONE', 3,
 ( #3004, #2720, #578, #2269 ),
 .UNSPECIFIED., .F., .F.,
 ( 4, 4 ),
 ( 0.0000000000000000000, 1.000000000000000000 ),
 .UNSPECIFIED. ) ;
#2486 = CARTESIAN_POINT ( 'NONE',  ( -0.1587261009909749200, 0.4741371393794413000, -0.09636829883234247800 ) ) ;
#2487 = CARTESIAN_POINT ( 'NONE',  ( -0.07977132779454161600, 0.4935955676150475800, -0.07000507645266132500 ) ) ;
#2488 = CARTESIAN_POINT ( 'NONE',  ( 0.1586082738906343100, 0.4741777875240038600, -0.06329651014538968700 ) ) ;
#2489 = CARTESIAN_POINT ( 'NONE',  ( -0.04214666266452388200, 0.4982204943639137500, -0.1012420019653816600 ) ) ;
#2490 = CARTESIAN_POINT ( 'NONE',  ( -0.1074164312208125300, 0.4883263528376191600, -0.08024150521095108100 ) ) ;
#2491 = CARTESIAN_POINT ( 'NONE',  ( -0.09406651862502585200, 0.4910718002134810100, -0.1099609634235374200 ) ) ;
#2492 = CARTESIAN_POINT ( 'NONE',  ( -0.06337751427258911400, 0.4959670292134197900, -0.08369714931015026500 ) ) ;
#2493 = VERTEX_POINT ( 'NONE', #1402 ) ;
#2494 = CARTESIAN_POINT ( 'NONE',  ( 0.1744849423427914400, 0.4685671298023632000, -0.1007011880427149100 ) ) ;
#2495 = CARTESIAN_POINT ( 'NONE',  ( -0.1496428179909829700, 0.4770822555812459000, -0.1149257272612161900 ) ) ;
#2496 = B_SPLINE_CURVE_WITH_KNOTS ( 'NONE', 3,
 ( #2260, #1530, #2758, #1316, #3006, #1541, #95, #1797, #339, #2033, #582, #2272, #827, #2521, #1073, #2767, #1330, #3017, #1555, #103, #1810, #347, #2044, #592, #2286, #833, #2533, #1085, #2781, #1336 ),
 .UNSPECIFIED., .F., .F.,
 ( 4, 1, 2, 2, 2, 2, 1, 2, 2, 1, 2, 2, 1, 1, 1, 2, 2, 4 ),
 ( 0.0000000000000000000, 0.03125000000000001400, 0.04687500000000004200, 0.06250000000000006900, 0.1249999999999996300, 0.2499999999999985800, 0.3124999999999978900, 0.3437499999999973400, 0.3749999999999967200, 0.4374999999999945000, 0.4687499999999937300, 0.4999999999999928900, 0.6249999999999913400, 0.6874999999999911200, 0.7187499999999913400, 0.7343749999999911200, 0.7499999999999909000, 1.000000000000000000 ),
 .UNSPECIFIED. ) ;
#2497 = CARTESIAN_POINT ( 'NONE',  ( -0.09846079219072123600, 0.4902097928493232000, -0.1101008408462372900 ) ) ;
#2498 = CARTESIAN_POINT ( 'NONE',  ( -0.03862442543784731100, 0.4985060722805891900, -0.1107789941103390800 ) ) ;
#2499 = CARTESIAN_POINT ( 'NONE',  ( -0.04978804709930646100, 0.4975150579175426900, -0.1099315513596729000 ) ) ;
#2500 = EDGE_LOOP ( 'NONE', ( #2779, #1951, #847 ) ) ;
#2501 = EDGE_CURVE ( 'NONE', #2147, #1028, #2638, .T. ) ;
#2502 = CARTESIAN_POINT ( 'NONE',  ( -0.1155080563746466700, 0.4864749635291296700, -0.09532309063934769900 ) ) ;
#2503 = VERTEX_POINT ( 'NONE', #2851 ) ;
#2504 = CARTESIAN_POINT ( 'NONE',  ( 0.1661340182781685700, 0.4715941299382069900, -0.06434884402811400000 ) ) ;
#2505 = CARTESIAN_POINT ( 'NONE',  ( -6.055048479497749500E-017, -0.4944322300693972400, 0.01973757862051090200 ) ) ;
#2506 = CARTESIAN_POINT ( 'NONE',  ( -0.06187409591935996000, 0.4961568585910312000, -0.07213290020098295200 ) ) ;
#2507 = ORIENTED_EDGE ( 'NONE', *, *, #2928, .F. ) ;
#2508 = CARTESIAN_POINT ( 'NONE',  ( 0.1670084545473018700, 0.4712839380720393300, -0.1085809810708354800 ) ) ;
#2509 = CIRCLE ( 'NONE', #2692, 0.5000000000000001100 ) ;
#2510 = CARTESIAN_POINT ( 'NONE',  ( -0.1952947881975155600, 0.4602824629538775400, -0.1162714021689320000 ) ) ;
#2511 = CARTESIAN_POINT ( 'NONE',  ( -0.1080999188613608300, 0.4881745728876544800, -0.09892242086659748500 ) ) ;
#2512 = ORIENTED_EDGE ( 'NONE', *, *, #3045, .F. ) ;
#2513 = ORIENTED_EDGE ( 'NONE', *, *, #2271, .T. ) ;
#2514 = CARTESIAN_POINT ( 'NONE',  ( -0.04731312816850871000, 0.4977565573865216900, -0.06526343910188089900 ) ) ;
#2515 = FACE_OUTER_BOUND ( 'NONE', #873, .T. ) ;
#2516 = ORIENTED_EDGE ( 'NONE', *, *, #1977, .T. ) ;
#2517 = CARTESIAN_POINT ( 'NONE',  ( 6.055048479497750800E-017, 0.4944322300693971800, 0.01973757862051097100 ) ) ;
#2518 = EDGE_LOOP ( 'NONE', ( #3054, #566, #770 ) ) ;
#2519 = CARTESIAN_POINT ( 'NONE',  ( 0.1764884277280141800, 0.4678160514826991100, -0.07972854074499578800 ) ) ;
#2520 = LINE ( 'NONE', #697, #3024 ) ;
#2521 = CARTESIAN_POINT ( 'NONE',  ( -0.06477077808590953100, 0.4957870761789407400, -0.06248886387781504800 ) ) ;
#2522 = CARTESIAN_POINT ( 'NONE',  ( -0.05341891149064140900, 0.4971384186092753200, -0.06410422562663277400 ) ) ;
#2523 = ORIENTED_EDGE ( 'NONE', *, *, #1463, .T. ) ;
#2524 = CARTESIAN_POINT ( 'NONE',  ( -0.07089531185317585200, 0.4949483363602812900, -0.08962544438351663400 ) ) ;
#2525 = DIRECTION ( 'NONE',  ( 1.000000000000000000, 0.0000000000000000000, 0.0000000000000000000 ) ) ;
#2526 = CARTESIAN_POINT ( 'NONE',  ( -0.1134769281497394600, 0.4869535533210126400, -0.1069387296838139700 ) ) ;
#2527 = EDGE_CURVE ( 'NONE', #2803, #2106, #2069, .T. ) ;
#2528 = ORIENTED_EDGE ( 'NONE', *, *, #2276, .F. ) ;
#2529 = CARTESIAN_POINT ( 'NONE',  ( -0.1022898460373611700, 0.4894261476005972200, -0.05758688990390013100 ) ) ;
#2530 = CARTESIAN_POINT ( 'NONE',  ( 0.1094971637267301000, 0.4878636226922774000, -0.05726410117802432200 ) ) ;
#2531 = ORIENTED_EDGE ( 'NONE', *, *, #1146, .T. ) ;
#2532 = AXIS2_PLACEMENT_3D ( 'NONE', #589, #1873, #2105 ) ;
#2533 = CARTESIAN_POINT ( 'NONE',  ( -0.07033789721305831700, 0.4950278585162715100, -0.07698108317257092200 ) ) ;
#2534 = CARTESIAN_POINT ( 'NONE',  ( 0.1455017623546056600, 0.4783609904159242800, -0.07541074953416519700 ) ) ;
#2535 = CARTESIAN_POINT ( 'NONE',  ( -0.06829104989304020400, 0.4953144119759831400, -0.1055981871894274400 ) ) ;
#2536 = CARTESIAN_POINT ( 'NONE',  ( -0.08491522804435176800, 0.4927367256269652400, -0.09263832905282121100 ) ) ;
#2537 = EDGE_LOOP ( 'NONE', ( #1563, #951, #712, #948 ) ) ;
#2538 = CARTESIAN_POINT ( 'NONE',  ( 0.0000000000000000000, -1.247748521138706000E-016, 0.9106299212598421000 ) ) ;
#2539 = B_SPLINE_CURVE_WITH_KNOTS ( 'NONE', 3,
 ( #860, #1104, #2800, #1359, #3050, #1584, #135, #1839, #378, #2073, #621, #2317, #870, #2564, #1118, #2813, #1370, #3061, #1591, #143, #1851, #393 ),
 .UNSPECIFIED., .F., .F.,
 ( 4, 2, 1, 1, 1, 2, 2, 2, 1, 2, 2, 2, 4 ),
 ( 0.0000000000000000000, 0.2500000000000007200, 0.3750000000000003900, 0.4375000000000002800, 0.4687499999999993900, 0.4843749999999981700, 0.4999999999999969500, 0.6249999999999983300, 0.6874999999999977800, 0.7187499999999980000, 0.7499999999999981100, 0.8749999999999991100, 1.000000000000000000 ),
 .UNSPECIFIED. ) ;
#2540 = CARTESIAN_POINT ( 'NONE',  ( -0.1303565075836284100, 0.4827081738279212500, -0.08181845768280728000 ) ) ;
#2541 = B_SPLINE_CURVE_WITH_KNOTS ( 'NONE', 3,
 ( #626, #389, #1845, #874, #2570, #1124, #2818, #1374, #3069, #1599, #147, #1857, #399, #2085, #632, #2332, #883, #2578, #1128, #2834, #1383, #3074, #1608, #157, #1867, #406, #2097, #644, #2343, #892, #2589, #1140, #2844, #1394, #3081, #1620 ),
 .UNSPECIFIED., .F., .F.,
 ( 4, 1, 2, 2, 2, 2, 2, 2, 1, 2, 2, 2, 1, 2, 2, 2, 1, 2, 2, 4 ),
 ( 0.0000000000000000000, 0.03125000000000235900, 0.04687500000000249800, 0.06250000000000263700, 0.1250000000000051900, 0.1875000000000077400, 0.2500000000000102700, 0.3750000000000116600, 0.4375000000000108800, 0.4687500000000097700, 0.5000000000000086600, 0.6250000000000038900, 0.6875000000000005600, 0.7187499999999995600, 0.7499999999999984500, 0.8749999999999952300, 0.9062499999999952300, 0.9218749999999957800, 0.9374999999999962300, 1.000000000000000000 ),
 .UNSPECIFIED. ) ;
#2542 = CARTESIAN_POINT ( 'NONE',  ( -0.1144211116794955200, 0.4867318066270817600, -0.07002551405761053800 ) ) ;
#2543 = ORIENTED_EDGE ( 'NONE', *, *, #1305, .F. ) ;
#2544 = CARTESIAN_POINT ( 'NONE',  ( 0.09554827856160302800, 0.4907864583415755300, -0.06481912079400084500 ) ) ;
#2545 = CARTESIAN_POINT ( 'NONE',  ( 0.0000000000000000000, -1.567560977708784100E-017, 0.01973757862051091200 ) ) ;
#2546 = DIRECTION ( 'NONE',  ( -0.0000000000000000000, 1.224606353822377300E-016, -1.000000000000000000 ) ) ;
#2547 = CARTESIAN_POINT ( 'NONE',  ( -0.05606809795843709100, 0.4968467206211448200, -0.1166851582269501800 ) ) ;
#2548 = EDGE_LOOP ( 'NONE', ( #463, #1831, #2523, #878, #755, #2355, #2040, #2053, #2705, #477 ) ) ;
#2549 = CARTESIAN_POINT ( 'NONE',  ( 0.06625340955855871200, 0.4955910468540225500, -0.1170285190677811800 ) ) ;
#2550 = CARTESIAN_POINT ( 'NONE',  ( -0.1518179471445161300, 0.4763940716109569800, -0.08078045886590969100 ) ) ;
#2551 = AXIS2_PLACEMENT_3D ( 'NONE', #2219, #772, #2467 ) ;
#2552 = CARTESIAN_POINT ( 'NONE',  ( 0.1845027526514581300, 0.4647136050925578200, -0.08100464652485894800 ) ) ;
#2553 = CARTESIAN_POINT ( 'NONE',  ( 0.0000000000000000000, 0.0000000000000000000, -0.1876574949175361100 ) ) ;
#2554 = CARTESIAN_POINT ( 'NONE',  ( 0.07134769745040990500, 0.4948840530977840500, -0.07871996053573492000 ) ) ;
#2555 = CIRCLE ( 'NONE', #2259, 1.641338582677165100 ) ;
#2556 = DIRECTION ( 'NONE',  ( 1.000000000000000000, 0.0000000000000000000, 0.0000000000000000000 ) ) ;
#2557 = VERTEX_POINT ( 'NONE', #2861 ) ;
#2558 = DIRECTION ( 'NONE',  ( 1.000000000000000000, 0.0000000000000000000, -0.0000000000000000000 ) ) ;
#2559 = CARTESIAN_POINT ( 'NONE',  ( -0.1346022587937107100, 0.4815416976987493800, -0.06675230854282396300 ) ) ;
#2560 = CIRCLE ( 'NONE', #1095, 0.5000000000000001100 ) ;
#2561 = CARTESIAN_POINT ( 'NONE',  ( -0.1499171278091248900, 0.4769957034677119200, -0.07040163355140240100 ) ) ;
#2562 = ORIENTED_EDGE ( 'NONE', *, *, #7, .F. ) ;
#2563 = CARTESIAN_POINT ( 'NONE',  ( 0.1705410522156074500, 0.4700175450656458000, -0.05896398610659035800 ) ) ;
#2564 = CARTESIAN_POINT ( 'NONE',  ( 0.1034598713844300800, 0.4891790974178230100, -0.08130891910650504800 ) ) ;
#2565 = B_SPLINE_CURVE_WITH_KNOTS ( 'NONE', 3,
 ( #963, #479, #2148, #2660, #1216, #2909, #1455, #1, #1693, #240, #1941, #487, #2174, #722, #2412, #974, #2674, #1225, #2919, #1462, #14, #1701, #250, #1953 ),
 .UNSPECIFIED., .F., .F.,
 ( 4, 2, 2, 1, 2, 2, 1, 2, 2, 1, 1, 2, 2, 4 ),
 ( 0.0000000000000000000, 0.06249999999999941700, 0.1249999999999988300, 0.1874999999999982500, 0.2187499999999974200, 0.2499999999999965600, 0.3749999999999947800, 0.4374999999999939500, 0.4999999999999930600, 0.6249999999999911200, 0.6874999999999900100, 0.7187499999999895600, 0.7499999999999890100, 1.000000000000000000 ),
 .UNSPECIFIED. ) ;
#2566 = CARTESIAN_POINT ( 'NONE',  ( 0.06935172996756272500, 0.4951670701808096300, -0.1168337122367861000 ) ) ;
#2567 = CARTESIAN_POINT ( 'NONE',  ( -0.2112513771032012400, 0.4531808564876933000, -0.07010367378492059200 ) ) ;
#2568 = VERTEX_POINT ( 'NONE', #2354 ) ;
#2569 = EDGE_CURVE ( 'NONE', #2316, #2503, #2021, .T. ) ;
#2570 = CARTESIAN_POINT ( 'NONE',  ( 0.1615169108171139200, 0.4731937547887927200, -0.1169553321287558500 ) ) ;
#2571 = CARTESIAN_POINT ( 'NONE',  ( -0.1410702712988623800, 0.4796865419788901000, -0.06403033614833843200 ) ) ;
#2572 = CARTESIAN_POINT ( 'NONE',  ( 0.0000000000000000000, 0.0000000000000000000, -0.09885771349540083100 ) ) ;
#2573 = VERTEX_POINT ( 'NONE', #1640 ) ;
#2574 = PRODUCT_RELATED_PRODUCT_CATEGORY ( 'detail', '', ( #1243 ) ) ;
#2575 = ORIENTED_EDGE ( 'NONE', *, *, #1823, .T. ) ;
#2576 = CARTESIAN_POINT ( 'NONE',  ( 0.08378049991832670100, 0.4929308581430570400, -0.1039776178143114200 ) ) ;
#2577 = DIRECTION ( 'NONE',  ( -1.000000000000000000, 0.0000000000000000000, -0.0000000000000000000 ) ) ;
#2578 = CARTESIAN_POINT ( 'NONE',  ( 0.1779627701578288300, 0.4672572750063658200, -0.1090254633926743800 ) ) ;
#2579 = CARTESIAN_POINT ( 'NONE',  ( 0.2178393359680880200, 0.4500511345447121300, -0.05721628405869578400 ) ) ;
#2580 = CARTESIAN_POINT ( 'NONE',  ( -0.03369086965856302200, 0.4988636391554511200, -0.09535201206672347400 ) ) ;
#2581 = CARTESIAN_POINT ( 'NONE',  ( 0.1486157652899667000, 0.4774102061150284900, -0.1149290246453861100 ) ) ;
#2582 = CARTESIAN_POINT ( 'NONE',  ( -0.03346732677414167300, 0.4988786827983002800, -0.08130457503557087000 ) ) ;
#2583 = ORIENTED_EDGE ( 'NONE', *, *, #2282, .F. ) ;
#2584 = ORIENTED_EDGE ( 'NONE', *, *, #1557, .T. ) ;
#2585 = EDGE_CURVE ( 'NONE', #1510, #2573, #1496, .T. ) ;
#2586 = DIRECTION ( 'NONE',  ( -0.0000000000000000000, 1.224606353822377300E-016, -1.000000000000000000 ) ) ;
#2587 = CARTESIAN_POINT ( 'NONE',  ( -0.1047531344752106700, 0.4889036518759279400, -0.06705880374373515700 ) ) ;
#2588 = CARTESIAN_POINT ( 'NONE',  ( 0.0000000000000000000, 0.0000000000000000000, -0.1082677165354335900 ) ) ;
#2589 = CARTESIAN_POINT ( 'NONE',  ( 0.1846395259448335700, 0.4646592793139937600, -0.09015217628108375400 ) ) ;
#2590 = CIRCLE ( 'NONE', #517, 0.5000000000000001100 ) ;
#2591 = CARTESIAN_POINT ( 'NONE',  ( 0.1440523965680814400, 0.4787994434447395100, -0.09542702754749045300 ) ) ;
#2592 = CARTESIAN_POINT ( 'NONE',  ( 0.09335643135496921000, 0.4912072647854324700, -0.07430248302897307600 ) ) ;
#2593 = DIRECTION ( 'NONE',  ( -0.0000000000000000000, -0.0000000000000000000, 1.000000000000000000 ) ) ;
#2594 = AXIS2_PLACEMENT_3D ( 'NONE', #2340, #642, #1863 ) ;
#2595 = CARTESIAN_POINT ( 'NONE',  ( 0.01665349113075082600, 0.4997225842736728900, -0.09431501210230572300 ) ) ;
#2596 = ORIENTED_EDGE ( 'NONE', *, *, #67, .F. ) ;
#2597 = CARTESIAN_POINT ( 'NONE',  ( -0.03811566132626249100, 0.4985461538538691900, -0.06425154490795378900 ) ) ;
#2598 = FACE_OUTER_BOUND ( 'NONE', #2599, .T. ) ;
#2599 = EDGE_LOOP ( 'NONE', ( #919, #381, #2134 ) ) ;
#2600 = DIRECTION ( 'NONE',  ( 0.0000000000000000000, 1.000000000000000000, 1.208642382658147400E-016 ) ) ;
#2601 = ORIENTED_EDGE ( 'NONE', *, *, #1341, .F. ) ;
#2602 = ORIENTED_EDGE ( 'NONE', *, *, #1549, .T. ) ;
#2603 = CARTESIAN_POINT ( 'NONE',  ( -0.1424188579537904500, 0.4792879696810012900, -0.1101259438475225000 ) ) ;
#2604 = CARTESIAN_POINT ( 'NONE',  ( -0.09766314367009655600, 0.4903691572361318900, -0.06403033614833843200 ) ) ;
#2605 = ORIENTED_EDGE ( 'NONE', *, *, #2342, .T. ) ;
#2606 = CARTESIAN_POINT ( 'NONE',  ( 0.1168638512294266900, 0.4861531766915577200, -0.06510696028503526500 ) ) ;
#2607 =( NAMED_UNIT ( * ) PLANE_ANGLE_UNIT ( ) SI_UNIT ( $, .RADIAN. ) );
#2608 = ORIENTED_EDGE ( 'NONE', *, *, #412, .F. ) ;
#2609 = CARTESIAN_POINT ( 'NONE',  ( 0.2022491395344459300, 0.4573361674034133700, -0.07690132342877452300 ) ) ;
#2610 = CARTESIAN_POINT ( 'NONE',  ( -0.1304285927906884400, 0.4826887011933723200, -0.09384629908173362800 ) ) ;
#2611 = DIRECTION ( 'NONE',  ( -0.0000000000000000000, -0.0000000000000000000, 1.000000000000000000 ) ) ;
#2612 = EDGE_CURVE ( 'NONE', #835, #681, #2724, .T. ) ;
#2613 = ADVANCED_FACE ( 'NONE', ( #803 ), #1878, .T. ) ;
#2614 = CARTESIAN_POINT ( 'NONE',  ( 0.1428458109642485900, 0.4791688439319250500, -0.07481530863975777200 ) ) ;
#2615 = CARTESIAN_POINT ( 'NONE',  ( -0.1505239463494498500, 0.4768045133347017000, -0.1020795501336555200 ) ) ;
#2616 = PRODUCT_DEFINITION_SHAPE ( 'NONE', 'NONE',  #3128 ) ;
#2617 = CARTESIAN_POINT ( 'NONE',  ( 0.06997354978325172300, 0.4950795953550764500, -0.1096544647296031200 ) ) ;
#2618 = EDGE_CURVE ( 'NONE', #1952, #749, #2509, .T. ) ;
#2619 = CARTESIAN_POINT ( 'NONE',  ( 0.1847906837189697000, 0.4645991855467203600, -0.08630613490666672000 ) ) ;
#2620 = APPROVAL_ROLE ( '' ) ;
#2621 = ORIENTED_EDGE ( 'NONE', *, *, #1799, .F. ) ;
#2622 = CARTESIAN_POINT ( 'NONE',  ( -0.1324940817516681900, 0.4821259079192180600, -0.1042797829300179000 ) ) ;
#2623 = CARTESIAN_POINT ( 'NONE',  ( 0.5000000000000001100, 0.0000000000000000000, -0.1082677165354335900 ) ) ;
#2624 = CARTESIAN_POINT ( 'NONE',  ( -0.05033149731383600900, 0.4974609257188595300, -0.1169516018740474500 ) ) ;
#2625 = VERTEX_POINT ( 'NONE', #958 ) ;
#2626 = CARTESIAN_POINT ( 'NONE',  ( -0.09766314367009655600, 0.4903691572361318900, -0.06403033614833843200 ) ) ;
#2627 = CARTESIAN_POINT ( 'NONE',  ( -0.08608303475539450000, 0.4925341714558519300, -0.08318543780676956900 ) ) ;
#2628 = CARTESIAN_POINT ( 'NONE',  ( -0.1269228230458949400, 0.4836223824779031800, -0.1088764625004430800 ) ) ;
#2629 = ORIENTED_EDGE ( 'NONE', *, *, #1568, .F. ) ;
#2630 = CARTESIAN_POINT ( 'NONE',  ( 0.06400992328063891100, 0.4958858385334198900, -0.1100503007772815100 ) ) ;
#2631 = VERTEX_POINT ( 'NONE', #475 ) ;
#2632 = CARTESIAN_POINT ( 'NONE',  ( -0.03955828448694652400, 0.4984329879765785300, -0.1119554637292058100 ) ) ;
#2633 = EDGE_CURVE ( 'NONE', #2710, #1765, #158, .T. ) ;
#2634 = VECTOR ( 'NONE', #767, 39.37007874015748100 ) ;
#2635 = CARTESIAN_POINT ( 'NONE',  ( -0.09133206241610263000, 0.4915876873710541800, -0.06578116897692716500 ) ) ;
#2636 = FACE_BOUND ( 'NONE', #3106, .T. ) ;
#2637 = CARTESIAN_POINT ( 'NONE',  ( -0.1232857330003787100, 0.4845623109656072600, -0.09535201206715344900 ) ) ;
#2638 = B_SPLINE_CURVE_WITH_KNOTS ( 'NONE', 3,
 ( #3090, #651, #1883, #423 ),
 .UNSPECIFIED., .F., .F.,
 ( 4, 4 ),
 ( 0.0000000000000000000, 1.000000000000000000 ),
 .UNSPECIFIED. ) ;
#2639 = CARTESIAN_POINT ( 'NONE',  ( 0.05465221993673855700, 0.4970041680047658800, -0.09985024805420522600 ) ) ;
#2640 = B_SPLINE_CURVE_WITH_KNOTS ( 'NONE', 3,
 ( #2807, #614, #624, #2320, #871, #2566, #1121, #2816, #1372, #3064, #1596, #144, #1855, #396, #2083, #630, #2329, #880, #2576, #1126, #2830, #1380 ),
 .UNSPECIFIED., .F., .F.,
 ( 4, 1, 2, 2, 2, 2, 2, 2, 1, 2, 2, 4 ),
 ( 0.0000000000000000000, 0.06249999999999557300, 0.09374999999999385200, 0.1249999999999921500, 0.2499999999999916200, 0.4999999999999903400, 0.6249999999999906700, 0.7499999999999910100, 0.8124999999999911200, 0.8437499999999917800, 0.8749999999999924500, 1.000000000000000000 ),
 .UNSPECIFIED. ) ;
#2641 = CARTESIAN_POINT ( 'NONE',  ( -0.08248611790212677400, 0.4931495616793264400, -0.1103167068101467600 ) ) ;
#2642 = CARTESIAN_POINT ( 'NONE',  ( -0.1443289842772103000, 0.4787168352604736500, -0.05745089053525616300 ) ) ;
#2643 = CARTESIAN_POINT ( 'NONE',  ( 0.1290458788760706900, 0.4830602068250980900, -0.07083234640390589900 ) ) ;
#2644 = CARTESIAN_POINT ( 'NONE',  ( 0.09828806807158341200, 0.4902442934604469000, -0.08673157092051110600 ) ) ;
#2645 = CARTESIAN_POINT ( 'NONE',  ( -0.08744664988469695600, 0.4922950449676021800, -0.06009168034411720100 ) ) ;
#2646 = CARTESIAN_POINT ( 'NONE',  ( -0.07714989979160380400, 0.4940120375562312400, -0.09443827451611568100 ) ) ;
#2647 = CARTESIAN_POINT ( 'NONE',  ( -0.1559686775214966000, 0.4750513641275558300, -0.06712581938649313200 ) ) ;
#2648 = EDGE_CURVE ( 'NONE', #2625, #1744, #9, .T. ) ;
#2649 = AXIS2_PLACEMENT_3D ( 'NONE', #1405, #3092, #1628 ) ;
#2650 = CARTESIAN_POINT ( 'NONE',  ( 0.1157162018664477500, 0.4864255843451939000, -0.05760937573550076200 ) ) ;
#2651 = CARTESIAN_POINT ( 'NONE',  ( 0.2044466021072773000, 0.4562911207625990300, -0.09128654450690899800 ) ) ;
#2652 = VERTEX_POINT ( 'NONE', #2406 ) ;
#2653 = DIRECTION ( 'NONE',  ( 0.0000000000000000000, 0.0000000000000000000, 1.000000000000000000 ) ) ;
#2654 = CARTESIAN_POINT ( 'NONE',  ( 0.1292583287680352500, 0.4830034425128946800, -0.1104583314180370600 ) ) ;
#2655 = VERTEX_POINT ( 'NONE', #1686 ) ;
#2656 = CARTESIAN_POINT ( 'NONE',  ( -0.05214606948220317000, 0.4972733528327828400, -0.05721628405869577000 ) ) ;
#2657 = CARTESIAN_POINT ( 'NONE',  ( 0.06337280207397064100, 0.4959681629298118800, -0.07692041641342847700 ) ) ;
#2658 = VERTEX_POINT ( 'NONE', #1458 ) ;
#2659 = LOCAL_TIME ( 14, 0, 40.00000000000000000, #154 ) ;
#2660 = CARTESIAN_POINT ( 'NONE',  ( -0.04338509911189737000, 0.4981142126683560900, -0.06963247787018242400 ) ) ;
#2661 = DIRECTION ( 'NONE',  ( 0.0000000000000000000, 0.0000000000000000000, -1.000000000000000000 ) ) ;
#2662 = CARTESIAN_POINT ( 'NONE',  ( -0.1231596249983422000, 0.4845943851123560900, -0.08005967152743115300 ) ) ;
#2663 = LINE ( 'NONE', #1537, #1391 ) ;
#2664 = B_SPLINE_CURVE_WITH_KNOTS ( 'NONE', 3,
 ( #269, #1965, #2204, #754 ),
 .UNSPECIFIED., .F., .F.,
 ( 4, 4 ),
 ( 0.0000000000000000000, 1.000000000000000000 ),
 .UNSPECIFIED. ) ;
#2665 = CARTESIAN_POINT ( 'NONE',  ( 0.0000000000000000000, 0.0000000000000000000, -0.05721628405869578400 ) ) ;
#2666 = CIRCLE ( 'NONE', #868, 0.5000000000000001100 ) ;
#2667 = EDGE_CURVE ( 'NONE', #947, #1704, #2152, .T. ) ;
#2668 = ORIENTED_EDGE ( 'NONE', *, *, #1903, .T. ) ;
#2669 = CARTESIAN_POINT ( 'NONE',  ( -0.08475203503769333800, 0.4927647528440496400, -0.07916129227287867200 ) ) ;
#2670 = CARTESIAN_POINT ( 'NONE',  ( 0.05507349784581592300, 0.4969585639541744800, -0.07946184446775894600 ) ) ;
#2671 = EDGE_CURVE ( 'NONE', #3065, #2776, #1593, .T. ) ;
#2672 = ORIENTED_EDGE ( 'NONE', *, *, #1866, .F. ) ;
#2673 = CARTESIAN_POINT ( 'NONE',  ( 0.01665349113075082600, 0.4997225842736728900, -0.1162714021689320200 ) ) ;
#2674 = CARTESIAN_POINT ( 'NONE',  ( -0.04115724950161744200, 0.4983032100841973100, -0.07936696382496807900 ) ) ;
#2675 = CARTESIAN_POINT ( 'NONE',  ( -0.1002861289539158400, 0.4898395616094021700, -0.06434965124348969400 ) ) ;
#2676 = CARTESIAN_POINT ( 'NONE',  ( -0.1295806273242984500, 0.4829181423213103100, -0.06168467308581655100 ) ) ;
#2677 = CARTESIAN_POINT ( 'NONE',  ( 0.1287559198170512300, 0.4831375776344935000, -0.1091320311810303100 ) ) ;
#2678 = ORIENTED_EDGE ( 'NONE', *, *, #2436, .T. ) ;
#2679 = CARTESIAN_POINT ( 'NONE',  ( -0.1081629420542428700, 0.4881606067332457400, -0.09705956086063399800 ) ) ;
#2680 = CARTESIAN_POINT ( 'NONE',  ( 0.04690623565457603000, 0.4977949439448428000, -0.09454219887544110200 ) ) ;
#2681 = CARTESIAN_POINT ( 'NONE',  ( 0.07272924519911246100, 0.4946829013082257900, -0.08543607832106477100 ) ) ;
#2682 = CARTESIAN_POINT ( 'NONE',  ( -0.02648668806112169600, 0.4992979624989000700, -0.09885771349540083100 ) ) ;
#2683 = CARTESIAN_POINT ( 'NONE',  ( 0.0000000000000000000, -6.238948653923919900E-017, -0.1082677165354335900 ) ) ;
#2684 = CARTESIAN_POINT ( 'NONE',  ( -0.05669755426757070600, 0.4967761390898548500, -0.1090940725384521200 ) ) ;
#2685 = CARTESIAN_POINT ( 'NONE',  ( -0.004542638897484200600, 0.4999793640060029000, -0.09885771349540083100 ) ) ;
#2686 = ORIENTED_EDGE ( 'NONE', *, *, #186, .F. ) ;
#2687 = EDGE_CURVE ( 'NONE', #3125, #1809, #1038, .T. ) ;
#2688 = CARTESIAN_POINT ( 'NONE',  ( 0.1222870048310236000, 0.4848188818588792200, -0.09945311059576990300 ) ) ;
#2689 = CARTESIAN_POINT ( 'NONE',  ( -0.09962455589371351000, 0.4899750003731319100, -0.08478219383488513900 ) ) ;
#2690 = CARTESIAN_POINT ( 'NONE',  ( 0.05680964557260967400, 0.4967624793778466200, -0.08779921030754936400 ) ) ;
#2691 = ADVANCED_FACE ( 'NONE', ( #1228 ), #500, .T. ) ;
#2692 = AXIS2_PLACEMENT_3D ( 'NONE', #1209, #2906, #1451 ) ;
#2693 = ORIENTED_EDGE ( 'NONE', *, *, #2356, .T. ) ;
#2694 = DIRECTION ( 'NONE',  ( 0.0000000000000000000, -1.000000000000000000, -1.340590012346837100E-016 ) ) ;
#2695 = CARTESIAN_POINT ( 'NONE',  ( -0.06264981564032691400, 0.4960595287096121200, -0.09889782330750893100 ) ) ;
#2696 = CARTESIAN_POINT ( 'NONE',  ( 0.009084902827491891600, 0.4999174577273884400, -0.1162714021689320000 ) ) ;
#2697 = CARTESIAN_POINT ( 'NONE',  ( -0.1320977682720539400, 0.4822357767312059300, -0.1146693467034608200 ) ) ;
#2698 = CARTESIAN_POINT ( 'NONE',  ( 0.04687232202082121400, 0.4977981372287130200, -0.09601852512471638300 ) ) ;
#2699 = CARTESIAN_POINT ( 'NONE',  ( -0.1943773469519257700, 0.4607369438731795400, -0.09658636279885329800 ) ) ;
#2700 = ORIENTED_EDGE ( 'NONE', *, *, #2843, .T. ) ;
#2701 = VECTOR ( 'NONE', #1874, 39.37007874015748100 ) ;
#2702 = CARTESIAN_POINT ( 'NONE',  ( 0.1153872383895735400, 0.4865036333364564100, -0.1028831011999182800 ) ) ;
#2703 = CARTESIAN_POINT ( 'NONE',  ( -0.09673480233828135600, 0.4905531347535899100, -0.1102144669781385500 ) ) ;
#2704 = CARTESIAN_POINT ( 'NONE',  ( 0.02371714736223322400, 0.4995244648308542800, -0.07008727133913188200 ) ) ;
#2705 = ORIENTED_EDGE ( 'NONE', *, *, #675, .T. ) ;
#2706 = CARTESIAN_POINT ( 'NONE',  ( 0.2155121964817893800, 0.4511702034380263300, -0.07080659674915368300 ) ) ;
#2707 = CARTESIAN_POINT ( 'NONE',  ( -0.1388741921944514100, 0.4803270148877709600, -0.1099315513596727100 ) ) ;
#2708 = ADVANCED_FACE ( 'NONE', ( #579 ), #2353, .T. ) ;
#2709 = VECTOR ( 'NONE', #571, 39.37007874015748100 ) ;
#2710 = VERTEX_POINT ( 'NONE', #2954 ) ;
#2711 = AXIS2_PLACEMENT_3D ( 'NONE', #1217, #232, #481 ) ;
#2712 = CARTESIAN_POINT ( 'NONE',  ( 0.04835112223976610600, 0.4976567345420764300, -0.1044983873523708500 ) ) ;
#2713 = CARTESIAN_POINT ( 'NONE',  ( 0.06763048771669816200, 0.4954054134207195900, -0.08378330070458461800 ) ) ;
#2714 = CARTESIAN_POINT ( 'NONE',  ( 0.0000000000000000000, 0.0000000000000000000, 8.875984251968505500 ) ) ;
#2715 = ORIENTED_EDGE ( 'NONE', *, *, #1170, .T. ) ;
#2716 = CARTESIAN_POINT ( 'NONE',  ( 0.1418492245389247300, 0.4794588564859744700, -0.06434142904343337400 ) ) ;
#2717 = ORIENTED_EDGE ( 'NONE', *, *, #1279, .F. ) ;
#2718 = CARTESIAN_POINT ( 'NONE',  ( -0.1066073214416467900, 0.4885026926209462500, -0.07032724324293451700 ) ) ;
#2719 = CARTESIAN_POINT ( 'NONE',  ( 0.06617132919729341900, 0.4956020129017471600, -0.08371537551841717900 ) ) ;
#2720 = CARTESIAN_POINT ( 'NONE',  ( 0.2269146453298012400, 0.4455499528195707700, -0.1041575317873450800 ) ) ;
#2721 = ORIENTED_EDGE ( 'NONE', *, *, #2262, .F. ) ;
#2722 = CARTESIAN_POINT ( 'NONE',  ( 0.04988657485315111500, 0.4975051051491040100, -0.05797340095754498200 ) ) ;
#2723 = CARTESIAN_POINT ( 'NONE',  ( 0.0000000000000000000, 0.0000000000000000000, 0.01973757862051097800 ) ) ;
#2724 = B_SPLINE_CURVE_WITH_KNOTS ( 'NONE', 3,
 ( #2368, #924, #1659, #210, #1914, #455, #2145, #692, #2382, #938, #2641, #1187, #2885, #1436, #3132, #1665, #219, #1923, #464, #2151, #701, #2392, #949, #2646, #1200, #2895, #1444, #3140, #1678 ),
 .UNSPECIFIED., .F., .F.,
 ( 4, 2, 2, 2, 2, 1, 2, 2, 1, 1, 2, 2, 1, 1, 2, 2, 4 ),
 ( 0.0000000000000000000, 0.06249999999999898700, 0.1249999999999979700, 0.2499999999999953100, 0.3749999999999926700, 0.4374999999999911700, 0.4687499999999907300, 0.4999999999999902900, 0.6249999999999921200, 0.6874999999999935600, 0.7187499999999934500, 0.7499999999999933400, 0.8124999999999946700, 0.8437499999999953400, 0.8593749999999950000, 0.8749999999999945600, 1.000000000000000000 ),
 .UNSPECIFIED. ) ;
#2725 = CARTESIAN_POINT ( 'NONE',  ( 0.06343212919012562700, 0.4959600742070532400, -0.1168631172581616900 ) ) ;
#2726 = DIRECTION ( 'NONE',  ( -0.0000000000000000000, -0.0000000000000000000, 1.000000000000000000 ) ) ;
#2727 = CARTESIAN_POINT ( 'NONE',  ( -0.07728020791187938100, 0.4939916737530903300, -0.08102933145448595900 ) ) ;
#2728 = CARTESIAN_POINT ( 'NONE',  ( 0.1510458353361166200, 0.4766398563480996300, -0.06597012304362331900 ) ) ;
#2729 = CARTESIAN_POINT ( 'NONE',  ( -0.04097496641835532400, 0.4983182252800041900, -0.09259374825076646700 ) ) ;
#2730 = CARTESIAN_POINT ( 'NONE',  ( -0.1317903004643839500, 0.4823186920980309700, -0.07212749414796650000 ) ) ;
#2731 = VERTEX_POINT ( 'NONE', #763 ) ;
#2732 = EDGE_CURVE ( 'NONE', #2051, #2059, #472, .T. ) ;
#2733 = DIRECTION ( 'NONE',  ( 1.000000000000000000, 0.0000000000000000000, 0.0000000000000000000 ) ) ;
#2734 = CARTESIAN_POINT ( 'NONE',  ( -0.08496575300185513200, 0.4927280264244676100, -0.1008879434457251700 ) ) ;
#2735 = CARTESIAN_POINT ( 'NONE',  ( 0.1044556160588677900, 0.4889675561332637600, -0.06608573647819643300 ) ) ;
#2736 = CARTESIAN_POINT ( 'NONE',  ( 0.1769202701335603500, 0.4676528825953410500, -0.08958118713491214400 ) ) ;
#2737 = CARTESIAN_POINT ( 'NONE',  ( -0.1583875793715654700, 0.4742503982735592500, -0.09902556842080043100 ) ) ;
#2738 = CARTESIAN_POINT ( 'NONE',  ( -0.08043786254777125800, 0.4934873950528435000, -0.06846729585022456900 ) ) ;
#2739 = CARTESIAN_POINT ( 'NONE',  ( -0.04257747366183060200, 0.4981839052094696500, -0.1027259237199194100 ) ) ;
#2740 = CALENDAR_DATE ( 2016, 30, 9 ) ;
#2741 = CARTESIAN_POINT ( 'NONE',  ( -0.1102003068386608600, 0.4877053898599238400, -0.08255829174978565600 ) ) ;
#2742 = FACE_OUTER_BOUND ( 'NONE', #2267, .T. ) ;
#2743 = DIRECTION ( 'NONE',  ( 1.000000000000000000, 0.0000000000000000000, 0.0000000000000000000 ) ) ;
#2744 = CARTESIAN_POINT ( 'NONE',  ( -0.09564960602449335000, 0.4907671304320913000, -0.1101774256991934100 ) ) ;
#2745 = CARTESIAN_POINT ( 'NONE',  ( -0.06322942337057378700, 0.4959859277857238100, -0.08078045886586812700 ) ) ;
#2746 = SPHERICAL_SURFACE ( 'NONE', #1366, 1.018897637795275600 ) ;
#2747 = ORIENTED_EDGE ( 'NONE', *, *, #1114, .T. ) ;
#2748 = CARTESIAN_POINT ( 'NONE',  ( 0.1737704063410041600, 0.4688324541458360800, -0.1021226581117714300 ) ) ;
#2749 = CARTESIAN_POINT ( 'NONE',  ( -0.1474981508132675000, 0.4777498082707635200, -0.1159652966339550000 ) ) ;
#2750 = CARTESIAN_POINT ( 'NONE',  ( -0.09995843484127808800, 0.4899071242090950500, -0.1098355542035036300 ) ) ;
#2751 = CARTESIAN_POINT ( 'NONE',  ( -0.03774375125172105300, 0.4985733869847570100, -0.1094021362631532200 ) ) ;
#2752 = CARTESIAN_POINT ( 'NONE',  ( -0.05079233441707810300, 0.4974136336912957600, -0.1101323342044096700 ) ) ;
#2753 = EDGE_CURVE ( 'NONE', #2887, #1342, #3015, .T. ) ;
#2754 = EDGE_CURVE ( 'NONE', #38, #3134, #2590, .T. ) ;
#2755 = DIRECTION ( 'NONE',  ( 8.659560562354946400E-017, 0.7071067811865484600, 0.7071067811865465700 ) ) ;
#2756 = CARTESIAN_POINT ( 'NONE',  ( 0.1717493362604939100, 0.4695791571455724700, -0.06805916722125413000 ) ) ;
#2757 = AXIS2_PLACEMENT_3D ( 'NONE', #1991, #538, #2225 ) ;
#2758 = CARTESIAN_POINT ( 'NONE',  ( -0.05342204618030185800, 0.4971381790915492800, -0.05726220148582761300 ) ) ;
#2759 = CARTESIAN_POINT ( 'NONE',  ( -0.06125117748512905200, 0.4962341580281231500, -0.07040163355155801300 ) ) ;
#2760 = ORIENTED_EDGE ( 'NONE', *, *, #657, .T. ) ;
#2761 = CARTESIAN_POINT ( 'NONE',  ( 0.1651469669775115200, 0.4719391894981125300, -0.1093390706186667800 ) ) ;
#2762 = CARTESIAN_POINT ( 'NONE',  ( -0.2171576038476026600, 0.4503804781417238300, -0.05721628405869578400 ) ) ;
#2763 = CARTESIAN_POINT ( 'NONE',  ( -0.1081629420542428700, 0.4881606067332457400, -0.09705956086063399800 ) ) ;
#2764 = CARTESIAN_POINT ( 'NONE',  ( -0.04636064830909810600, 0.4978460728872224900, -0.06590186616731100200 ) ) ;
#2765 = CARTESIAN_POINT ( 'NONE',  ( -0.04424521997818965700, 0.4980385130781370700, -0.06807617957656375600 ) ) ;
#2766 = CARTESIAN_POINT ( 'NONE',  ( 0.1767335296341469300, 0.4677234887535094400, -0.08142920683181333100 ) ) ;
#2767 = CARTESIAN_POINT ( 'NONE',  ( -0.06572623649028733200, 0.4956614339162022100, -0.06372927776382164600 ) ) ;
#2768 = ORIENTED_EDGE ( 'NONE', *, *, #1463, .F. ) ;
#2769 = CARTESIAN_POINT ( 'NONE',  ( -0.05206371069204465700, 0.4972819824093521200, -0.06403033614833843200 ) ) ;
#2770 = ORIENTED_EDGE ( 'NONE', *, *, #2395, .T. ) ;
#2771 = EDGE_CURVE ( 'NONE', #2875, #448, #1151, .T. ) ;
#2772 = CARTESIAN_POINT ( 'NONE',  ( -0.07082811568648080000, 0.4949579558838450600, -0.09150912621533662000 ) ) ;
#2773 = CARTESIAN_POINT ( 'NONE',  ( -0.1098626318839604200, 0.4877816049559577900, -0.1120282715200220200 ) ) ;
#2774 = VERTEX_POINT ( 'NONE', #2234 ) ;
#2775 = B_SPLINE_CURVE_WITH_KNOTS ( 'NONE', 3,
 ( #2474, #1506, #2492, #1053, #2745, #1304, #2995, #1531, #80, #1786, #331, #2024, #572, #2261, #817, #2506, #1062, #2759, #1317, #3007, #1542, #96, #1798, #340, #2034, #583, #2274, #828, #2522, #1074, #2769 ),
 .UNSPECIFIED., .F., .F.,
 ( 4, 1, 1, 1, 2, 2, 1, 1, 1, 2, 2, 2, 2, 2, 2, 1, 2, 2, 4 ),
 ( 0.0000000000000000000, 0.1249999999999894300, 0.1874999999999850100, 0.2187499999999828200, 0.2343749999999828200, 0.2499999999999827900, 0.3749999999999900100, 0.4374999999999936200, 0.4687499999999949500, 0.4843749999999950000, 0.4999999999999950000, 0.5624999999999958900, 0.6249999999999968900, 0.7499999999999977800, 0.8749999999999987800, 0.9062499999999993300, 0.9218749999999995600, 0.9374999999999996700, 1.000000000000000000 ),
 .UNSPECIFIED. ) ;
#2776 = VERTEX_POINT ( 'NONE', #1292 ) ;
#2777 = EDGE_CURVE ( 'NONE', #2445, #794, #3068, .T. ) ;
#2778 = CARTESIAN_POINT ( 'NONE',  ( -0.1062361006711416600, 0.4885878377025871200, -0.05881568187946925600 ) ) ;
#2779 = ORIENTED_EDGE ( 'NONE', *, *, #1557, .F. ) ;
#2780 = CARTESIAN_POINT ( 'NONE',  ( 0.1082223235138435300, 0.4881475102078126600, -0.05737356829451929100 ) ) ;
#2781 = CARTESIAN_POINT ( 'NONE',  ( -0.07090071969054205500, 0.4949475616252312900, -0.08304548070338954600 ) ) ;
#2782 = DIRECTION ( 'NONE',  ( -0.0000000000000000000, -0.0000000000000000000, 1.000000000000000000 ) ) ;
#2783 = CARTESIAN_POINT ( 'NONE',  ( -0.06793719136466402900, 0.4953630418676074900, -0.1064603380558945100 ) ) ;
#2784 = CARTESIAN_POINT ( 'NONE',  ( -0.08448327463346024000, 0.4928109058217529100, -0.09489271981104970000 ) ) ;
#2785 = ORIENTED_EDGE ( 'NONE', *, *, #2896, .F. ) ;
#2786 = LINE ( 'NONE', #1171, #1355 ) ;
#2787 = CARTESIAN_POINT ( 'NONE',  ( -0.1302823149135584900, 0.4827282066390245500, -0.08334201631348951700 ) ) ;
#2788 = CARTESIAN_POINT ( 'NONE',  ( -0.1148053955939561400, 0.4866412653510955900, -0.07235862203567942900 ) ) ;
#2789 = ORIENTED_EDGE ( 'NONE', *, *, #1652, .F. ) ;
#2790 = ORIENTED_EDGE ( 'NONE', *, *, #492, .F. ) ;
#2791 = CARTESIAN_POINT ( 'NONE',  ( 0.09388958494808750900, 0.4911056967134222500, -0.06888821221759094900 ) ) ;
#2792 = FACE_OUTER_BOUND ( 'NONE', #2310, .T. ) ;
#2793 = ORIENTED_EDGE ( 'NONE', *, *, #2302, .T. ) ;
#2794 = ORIENTED_EDGE ( 'NONE', *, *, #263, .T. ) ;
#2795 = CARTESIAN_POINT ( 'NONE',  ( -0.05504441121107402800, 0.4969609193507868400, -0.1168479747869786300 ) ) ;
#2796 = CARTESIAN_POINT ( 'NONE',  ( 0.0000000000000000000, 0.0000000000000000000, -0.1162714021689320200 ) ) ;
#2797 = CARTESIAN_POINT ( 'NONE',  ( -0.1410702712988623800, 0.4796865419788901000, -0.06403033614833843200 ) ) ;
#2798 = CARTESIAN_POINT ( 'NONE',  ( -0.1517745657681964800, 0.4764078937966608200, -0.08015564747436908200 ) ) ;
#2799 = CARTESIAN_POINT ( 'NONE',  ( 0.1843372462153141900, 0.4647792987493505300, -0.07966476724064813800 ) ) ;
#2800 = CARTESIAN_POINT ( 'NONE',  ( 0.1123799343008618900, 0.4872098630765474600, -0.09077291357715537600 ) ) ;
#2801 = AXIS2_PLACEMENT_3D ( 'NONE', #2110, #179, #1890 ) ;
#2802 = CARTESIAN_POINT ( 'NONE',  ( 0.06879010614763278500, 0.4952460629689324200, -0.07762360267812623600 ) ) ;
#2803 = VERTEX_POINT ( 'NONE', #1024 ) ;
#2804 = ORIENTED_EDGE ( 'NONE', *, *, #1341, .T. ) ;
#2805 = CARTESIAN_POINT ( 'NONE',  ( -0.5000000000000001100, 6.123233995736767300E-017, -0.1082677165354335900 ) ) ;
#2806 = B_SPLINE_CURVE_WITH_KNOTS ( 'NONE', 3,
 ( #2450, #759, #2704, #1260 ),
 .UNSPECIFIED., .F., .F.,
 ( 4, 4 ),
 ( 0.0000000000000000000, 1.000000000000000000 ),
 .UNSPECIFIED. ) ;
#2807 = CARTESIAN_POINT ( 'NONE',  ( 0.06625340955855871200, 0.4955910468540225500, -0.1170285190677811800 ) ) ;
#2808 = CARTESIAN_POINT ( 'NONE',  ( -0.1335172130623950300, 0.4818434951475957200, -0.06807617957656375600 ) ) ;
#2809 = CARTESIAN_POINT ( 'NONE',  ( 0.0000000000000000000, 0.0000000000000000000, -0.1082677165354335900 ) ) ;
#2810 = CARTESIAN_POINT ( 'NONE',  ( -0.1489254887477767800, 0.4773065117827618400, -0.06842848103385938700 ) ) ;
#2811 = CARTESIAN_POINT ( 'NONE',  ( 0.1676700444214879200, 0.4710501097383484900, -0.05776897957462044700 ) ) ;
#2812 = VERTEX_POINT ( 'NONE', #1313 ) ;
#2813 = CARTESIAN_POINT ( 'NONE',  ( 0.1028212716994125800, 0.4893136028442627800, -0.08031191413086694000 ) ) ;
#2814 = VERTEX_POINT ( 'NONE', #1539 ) ;
#2815 = VERTEX_POINT ( 'NONE', #91 ) ;
#2816 = CARTESIAN_POINT ( 'NONE',  ( 0.07188175494169622700, 0.4948072275189516800, -0.1163676197426758200 ) ) ;
#2817 = CARTESIAN_POINT ( 'NONE',  ( -0.2107518793880966100, 0.4534133366968291500, -0.07146693759367452000 ) ) ;
#2818 = CARTESIAN_POINT ( 'NONE',  ( 0.1627578901916268700, 0.4727692750586768300, -0.1168705905753889000 ) ) ;
#2819 = CARTESIAN_POINT ( 'NONE',  ( 0.0000000000000000000, 1.624290868514798900E-016, -1.434645669291339200 ) ) ;
#2820 = VERTEX_POINT ( 'NONE', #1794 ) ;
#2821 = AXIS2_PLACEMENT_3D ( 'NONE', #3046, #1581, #131 ) ;
#2822 = ORIENTED_EDGE ( 'NONE', *, *, #2356, .F. ) ;
#2823 = DIRECTION ( 'NONE',  ( -0.05297337612224337100, 0.9985959249977997000, 0.0000000000000000000 ) ) ;
#2824 = PERSON_AND_ORGANIZATION ( #235, #613 ) ;
#2825 = CARTESIAN_POINT ( 'NONE',  ( -0.03329789129465825900, 0.4988900184648627500, -0.08610560069060982400 ) ) ;
#2826 = ORIENTED_EDGE ( 'NONE', *, *, #3003, .T. ) ;
#2827 = ORIENTED_EDGE ( 'NONE', *, *, #1437, .T. ) ;
#2828 = VECTOR ( 'NONE', #2611, 39.37007874015748100 ) ;
#2829 = ORIENTED_EDGE ( 'NONE', *, *, #577, .T. ) ;
#2830 = CARTESIAN_POINT ( 'NONE',  ( 0.08423922137834977100, 0.4928526933595120400, -0.1017603510874032100 ) ) ;
#2831 = DIRECTION ( 'NONE',  ( -0.7071067811865496800, 8.659560562354960000E-017, 0.7071067811865453500 ) ) ;
#2832 = CIRCLE ( 'NONE', #1026, 0.5000000000000001100 ) ;
#2833 = B_SPLINE_CURVE_WITH_KNOTS ( 'NONE', 3,
 ( #1741, #2965, #1999, #544, #2231, #785, #2479, #1035, #2730, #1291, #2980, #1515, #66, #1769, #314, #2049, #599, #2294, #842, #2540, #1093, #2787, #1344, #3036 ),
 .UNSPECIFIED., .F., .F.,
 ( 4, 2, 2, 1, 2, 2, 1, 2, 2, 1, 1, 2, 2, 4 ),
 ( 0.0000000000000000000, 0.06250000000000040200, 0.1250000000000008000, 0.1875000000000012200, 0.2187500000000010000, 0.2500000000000007800, 0.3749999999999988300, 0.4374999999999979500, 0.4999999999999970000, 0.6249999999999943400, 0.6874999999999943400, 0.7187499999999942300, 0.7499999999999940000, 1.000000000000000000 ),
 .UNSPECIFIED. ) ;
#2834 = CARTESIAN_POINT ( 'NONE',  ( 0.1795923460305596200, 0.4666345762512271200, -0.1068163002629799000 ) ) ;
#2835 = CARTESIAN_POINT ( 'NONE',  ( 0.1559090428506848000, 0.4750711004401804700, -0.1097754056928938900 ) ) ;
#2836 = CARTESIAN_POINT ( 'NONE',  ( -0.2155338456908269800, 0.4511621169181358500, -0.07185387743644665300 ) ) ;
#2837 = DIRECTION ( 'NONE',  ( 0.0000000000000000000, 0.0000000000000000000, -1.000000000000000000 ) ) ;
#2838 = CARTESIAN_POINT ( 'NONE',  ( -0.03356387563048854300, 0.4988721949060591100, -0.09400349227782177400 ) ) ;
#2839 = CARTESIAN_POINT ( 'NONE',  ( 0.1537352959588102800, 0.4757808858962082600, -0.1165264559336505700 ) ) ;
#2840 = CARTESIAN_POINT ( 'NONE',  ( -0.03369215602096547300, 0.4988635494037596500, -0.07881014338516198500 ) ) ;
#2841 = CARTESIAN_POINT ( 'NONE',  ( 0.09258790191803857600, 0.4913527047024528500, -0.1087002331804401800 ) ) ;
#2842 = CARTESIAN_POINT ( 'NONE',  ( 0.02211589634762765200, 0.4995405470400264800, -0.08013484351760956400 ) ) ;
#2843 = EDGE_CURVE ( 'NONE', #2318, #750, #2485, .T. ) ;
#2844 = CARTESIAN_POINT ( 'NONE',  ( 0.1846958516598514500, 0.4646368931751233000, -0.08939247195825225600 ) ) ;
#2845 = DIRECTION ( 'NONE',  ( -1.000000000000000000, 0.0000000000000000000, -0.0000000000000000000 ) ) ;
#2846 = CARTESIAN_POINT ( 'NONE',  ( 0.09339758526948832600, 0.4911994420610156800, -0.07511094373913708400 ) ) ;
#2847 = CARTESIAN_POINT ( 'NONE',  ( 0.0000000000000000000, -2.923370550806765400E-017, 0.1304514883488148700 ) ) ;
#2848 = CARTESIAN_POINT ( 'NONE',  ( -0.1302289823264916900, 0.4827425942057465600, -0.08860897140579013200 ) ) ;
#2849 = CARTESIAN_POINT ( 'NONE',  ( -0.04128848174825444600, 0.4982941790993217800, -0.06065490220518950800 ) ) ;
#2850 = ORIENTED_EDGE ( 'NONE', *, *, #2271, .F. ) ;
#2851 = CARTESIAN_POINT ( 'NONE',  ( 0.0000000000000000000, 0.4944322300693971300, 0.01973757862051090200 ) ) ;
#2852 = CARTESIAN_POINT ( 'NONE',  ( -0.1433970012480775300, 0.4789964585412490000, -0.1099540410973470100 ) ) ;
#2853 = CARTESIAN_POINT ( 'NONE',  ( -0.5000000000000001100, 6.123233995736767300E-017, -0.1876574949175361100 ) ) ;
#2854 = VERTEX_POINT ( 'NONE', #1516 ) ;
#2855 = CARTESIAN_POINT ( 'NONE',  ( 0.1201626093313750800, 0.4853474191100110600, -0.06776491247841690000 ) ) ;
#2856 = CARTESIAN_POINT ( 'NONE',  ( 0.1878315803145101400, 0.4633781365543198600, -0.1162714021689320200 ) ) ;
#2857 = CARTESIAN_POINT ( 'NONE',  ( -0.1304490378762637200, 0.4826831763519673400, -0.09413250497372702100 ) ) ;
#2858 = ORIENTED_EDGE ( 'NONE', *, *, #3045, .T. ) ;
#2859 = DIRECTION ( 'NONE',  ( -0.0000000000000000000, -0.0000000000000000000, 1.000000000000000000 ) ) ;
#2860 = ORIENTED_EDGE ( 'NONE', *, *, #2959, .F. ) ;
#2861 = CARTESIAN_POINT ( 'NONE',  ( 0.5000000000000001100, 0.0000000000000000000, 0.01416980868990835500 ) ) ;
#2862 = EDGE_CURVE ( 'NONE', #2731, #3134, #3089, .T. ) ;
#2863 = CARTESIAN_POINT ( 'NONE',  ( -0.1506770520288953600, 0.4767561504478537400, -0.1015243905182086300 ) ) ;
#2864 = CARTESIAN_POINT ( 'NONE',  ( 0.06897407828169090100, 0.4952197558978156900, -0.1099271129760038800 ) ) ;
#2865 = CIRCLE ( 'NONE', #1174, 0.4944322300693972400 ) ;
#2866 = DATE_TIME_ROLE ( 'creation_date' ) ;
#2867 = AXIS2_PLACEMENT_3D ( 'NONE', #226, #1430, #1931 ) ;
#2868 = DIRECTION ( 'NONE',  ( -0.0000000000000000000, -0.0000000000000000000, 1.000000000000000000 ) ) ;
#2869 = CARTESIAN_POINT ( 'NONE',  ( -0.1339917331673080600, 0.4817126781273578500, -0.1066981624474415400 ) ) ;
#2870 = CIRCLE ( 'NONE', #961, 0.5000000000000001100 ) ;
#2871 = CARTESIAN_POINT ( 'NONE',  ( -0.04893829137333211700, 0.4975993522952217900, -0.1167997020000025400 ) ) ;
#2872 = CYLINDRICAL_SURFACE ( 'NONE', #1731, 0.5000000000000000000 ) ;
#2873 = CARTESIAN_POINT ( 'NONE',  ( -0.09697238367671104400, 0.4905063055831380700, -0.06405718709429283900 ) ) ;
#2874 = CARTESIAN_POINT ( 'NONE',  ( -0.08808748029211314900, 0.4921805184817689100, -0.08120415444422650300 ) ) ;
#2875 = VERTEX_POINT ( 'NONE', #825 ) ;
#2876 = CARTESIAN_POINT ( 'NONE',  ( -0.1262928476340401400, 0.4837873475440543400, -0.1075901725690584900 ) ) ;
#2877 = B_SPLINE_CURVE_WITH_KNOTS ( 'NONE', 3,
 ( #446, #685, #1921, #460, #2150, #700, #2389, #945, #2645, #1197, #2893, #1442, #3139, #1675, #224, #1930, #473, #2158, #706 ),
 .UNSPECIFIED., .F., .F.,
 ( 4, 1, 2, 2, 2, 2, 1, 1, 2, 2, 4 ),
 ( 0.0000000000000000000, 0.06250000000000341400, 0.09375000000000512100, 0.1250000000000068300, 0.2500000000000055500, 0.5000000000000044400, 0.6250000000000027800, 0.6875000000000028900, 0.7187500000000033300, 0.7500000000000036600, 1.000000000000000000 ),
 .UNSPECIFIED. ) ;
#2878 = CARTESIAN_POINT ( 'NONE',  ( 0.06278979725353545100, 0.4960425778794727000, -0.1098233595968808300 ) ) ;
#2879 = B_SPLINE_CURVE_WITH_KNOTS ( 'NONE', 3,
 ( #981, #2918, #2940, #1477, #30, #1725, #276, #1971, #519, #2209, #758, #2448, #1008, #2702, #1259, #2949, #1488, #41, #1736, #288, #1984, #529, #2217, #769 ),
 .UNSPECIFIED., .F., .F.,
 ( 4, 1, 1, 2, 2, 2, 1, 1, 1, 2, 2, 1, 2, 2, 4 ),
 ( 0.0000000000000000000, 0.1250000000000363600, 0.1875000000000545400, 0.2187500000000645000, 0.2500000000000744400, 0.3750000000001107400, 0.4375000000001290100, 0.4687500000001381100, 0.4843750000001392200, 0.4921875000001353900, 0.5000000000001315600, 0.6250000000001015900, 0.6875000000000856000, 0.7500000000000696100, 1.000000000000000000 ),
 .UNSPECIFIED. ) ;
#2880 = EDGE_LOOP ( 'NONE', ( #523, #380, #3002, #2953 ) ) ;
#2881 = AXIS2_PLACEMENT_3D ( 'NONE', #327, #2016, #563 ) ;
#2882 = CARTESIAN_POINT ( 'NONE',  ( -0.1231623758505952800, 0.4845936749200969700, -0.09400349227797534500 ) ) ;
#2883 = CARTESIAN_POINT ( 'NONE',  ( 0.05442000312282672300, 0.4970296404679643300, -0.09747991672976867600 ) ) ;
#2884 = ORIENTED_EDGE ( 'NONE', *, *, #273, .F. ) ;
#2885 = CARTESIAN_POINT ( 'NONE',  ( -0.08128935954061226900, 0.4933478447514050300, -0.1086406843251493700 ) ) ;
#2886 = ORIENTED_EDGE ( 'NONE', *, *, #594, .T. ) ;
#2887 = VERTEX_POINT ( 'NONE', #1328 ) ;
#2888 = CARTESIAN_POINT ( 'NONE',  ( -0.1475162084895913800, 0.4777465895983754600, -0.05825433383810793600 ) ) ;
#2889 = VERTEX_POINT ( 'NONE', #1552 ) ;
#2890 = CARTESIAN_POINT ( 'NONE',  ( 0.1286882284446442500, 0.4831556832403519600, -0.06923034836381004900 ) ) ;
#2891 = CARTESIAN_POINT ( 'NONE',  ( 0.09863833974288709100, 0.4901739325362392500, -0.08718556780773539800 ) ) ;
#2892 = ORIENTED_EDGE ( 'NONE', *, *, #1549, .F. ) ;
#2893 = CARTESIAN_POINT ( 'NONE',  ( -0.09058595386427642500, 0.4917261530102078900, -0.05853625167751142600 ) ) ;
#2894 = COORDINATED_UNIVERSAL_TIME_OFFSET ( 5, 0, .BEHIND. ) ;
#2895 = CARTESIAN_POINT ( 'NONE',  ( -0.07709639817350832900, 0.4940203897440960100, -0.09374774523267698200 ) ) ;
#2896 = EDGE_CURVE ( 'NONE', #2652, #251, #1933, .T. ) ;
#2897 = EDGE_CURVE ( 'NONE', #640, #1168, #1076, .T. ) ;
#2898 = LINE ( 'NONE', #2623, #2828 ) ;
#2899 = CARTESIAN_POINT ( 'NONE',  ( -0.1575320802140028900, 0.4745355121520336000, -0.07137757738946934300 ) ) ;
#2900 = EDGE_LOOP ( 'NONE', ( #2281, #658, #907 ) ) ;
#2901 = B_SPLINE_CURVE_WITH_KNOTS ( 'NONE', 3,
 ( #2797, #854, #1352, #3044, #1580, #129, #1833, #371, #2068, #615, #2312, #865, #2559, #1111, #2808 ),
 .UNSPECIFIED., .F., .F.,
 ( 4, 2, 2, 2, 1, 2, 2, 4 ),
 ( 0.0000000000000000000, 0.1249999999999972000, 0.2499999999999943900, 0.4999999999999894500, 0.6249999999999893400, 0.6874999999999900100, 0.7499999999999906700, 1.000000000000000000 ),
 .UNSPECIFIED. ) ;
#2902 = VERTEX_POINT ( 'NONE', #2765 ) ;
#2903 = CIRCLE ( 'NONE', #695, 0.4999999999999999400 ) ;
#2904 = CARTESIAN_POINT ( 'NONE',  ( 0.1147598984355978200, 0.4866520470583128300, -0.05745773863289796400 ) ) ;
#2905 = DIRECTION ( 'NONE',  ( -0.0000000000000000000, -0.0000000000000000000, 1.000000000000000000 ) ) ;
#2906 = DIRECTION ( 'NONE',  ( -0.0000000000000000000, -0.0000000000000000000, 1.000000000000000000 ) ) ;
#2907 = CARTESIAN_POINT ( 'NONE',  ( 0.06409527149796086200, 0.4958747787210021100, -0.07690132342877453700 ) ) ;
#2908 = ORIENTED_EDGE ( 'NONE', *, *, #707, .T. ) ;
#2909 = CARTESIAN_POINT ( 'NONE',  ( -0.04297975853544727700, 0.4981493341178091000, -0.07057604218814089700 ) ) ;
#2910 = CARTESIAN_POINT ( 'NONE',  ( -0.1233799561845672100, 0.4845383253293310500, -0.07797609692714786700 ) ) ;
#2911 = EDGE_CURVE ( 'NONE', #1457, #598, #1378, .T. ) ;
#2912 = DIRECTION ( 'NONE',  ( 0.4186935025871254500, 0.9081276071628505700, 0.0000000000000000000 ) ) ;
#2913 = CARTESIAN_POINT ( 'NONE',  ( -0.08450059326487023600, 0.4928079248578525800, -0.08187962416082322800 ) ) ;
#2914 = CARTESIAN_POINT ( 'NONE',  ( 0.05226272096584767800, 0.4972617500562270300, -0.08177688104718201800 ) ) ;
#2915 = AXIS2_PLACEMENT_3D ( 'NONE', #1256, #2947, #1484 ) ;
#2916 = ORIENTED_EDGE ( 'NONE', *, *, #1823, .F. ) ;
#2917 = EDGE_CURVE ( 'NONE', #2338, #1543, #1801, .T. ) ;
#2918 = CARTESIAN_POINT ( 'NONE',  ( 0.1096874897149213400, 0.4878204146350638100, -0.09800486086303711300 ) ) ;
#2919 = CARTESIAN_POINT ( 'NONE',  ( -0.04100468197371148800, 0.4983157796075920500, -0.08140801077806916800 ) ) ;
#2920 = CARTESIAN_POINT ( 'NONE',  ( -0.09911628504720862400, 0.4900777890692306600, -0.06411004352578166000 ) ) ;
#2921 = CARTESIAN_POINT ( 'NONE',  ( -0.1332633023786157800, 0.4819156771557537900, -0.05889263508818126700 ) ) ;
#2922 = CARTESIAN_POINT ( 'NONE',  ( 0.1285583084381597400, 0.4831901996668334100, -0.1086554445134553900 ) ) ;
#2923 = ORIENTED_EDGE ( 'NONE', *, *, #1958, .T. ) ;
#2924 = CARTESIAN_POINT ( 'NONE',  ( -0.1078189459174399400, 0.4882367117539464000, -0.09342713773704576500 ) ) ;
#2925 = VERTEX_POINT ( 'NONE', #122 ) ;
#2926 = CARTESIAN_POINT ( 'NONE',  ( 0.07466057996499903000, 0.4943945136002168000, -0.08708898472383633200 ) ) ;
#2927 = CARTESIAN_POINT ( 'NONE',  ( 0.01665349113075082600, 0.4997225842736728900, -0.09431501210230572300 ) ) ;
#2928 = EDGE_CURVE ( 'NONE', #424, #1922, #796, .T. ) ;
#2929 = CARTESIAN_POINT ( 'NONE',  ( -0.05906610100153081300, 0.4964991571577032600, -0.1071360511840959000 ) ) ;
#2930 = CARTESIAN_POINT ( 'NONE',  ( 0.1959915392970015000, 0.4599862134064368600, -0.1162714021689320200 ) ) ;
#2931 = VECTOR ( 'NONE', #2079, 39.37007874015748100 ) ;
#2932 = ADVANCED_FACE ( 'NONE', ( #2284 ), #352, .T. ) ;
#2933 = ORIENTED_EDGE ( 'NONE', *, *, #2039, .F. ) ;
#2934 = CARTESIAN_POINT ( 'NONE',  ( 0.1162556328261433000, 0.4862968515589968800, -0.09418488263531602000 ) ) ;
#2935 = VECTOR ( 'NONE', #2183, 39.37007874015748900 ) ;
#2936 = EDGE_CURVE ( 'NONE', #1696, #2925, #990, .T. ) ;
#2937 = CARTESIAN_POINT ( 'NONE',  ( -0.09734960810890479200, 0.4904323648025193400, -0.08448548668516178700 ) ) ;
#2938 = CARTESIAN_POINT ( 'NONE',  ( 0.05978733172616572400, 0.4964148967422015700, -0.08502705044368291700 ) ) ;
#2939 = LINE ( 'NONE', #260, #1647 ) ;
#2940 = CARTESIAN_POINT ( 'NONE',  ( 0.1102999444575696000, 0.4876826873405470400, -0.09852027041268307500 ) ) ;
#2941 = DIRECTION ( 'NONE',  ( 1.000000000000000000, 0.0000000000000000000, 0.0000000000000000000 ) ) ;
#2942 = CARTESIAN_POINT ( 'NONE',  ( -0.06306591668918648500, 0.4960067460104333200, -0.09554093169964406100 ) ) ;
#2943 = CARTESIAN_POINT ( 'NONE',  ( 0.2136024664316382200, 0.4520774118824352200, -0.06403033614833843200 ) ) ;
#2944 = CARTESIAN_POINT ( 'NONE',  ( -0.1305507360855962500, 0.4826557386219855200, -0.1134817370491230800 ) ) ;
#2945 = VERTEX_POINT ( 'NONE', #896 ) ;
#2946 = CARTESIAN_POINT ( 'NONE',  ( 0.0000000000000000000, 0.0000000000000000000, -0.09204366140575817600 ) ) ;
#2947 = DIRECTION ( 'NONE',  ( -0.0000000000000000000, -0.0000000000000000000, 1.000000000000000000 ) ) ;
#2948 = ADVANCED_FACE ( 'NONE', ( #2201 ), #430, .F. ) ;
#2949 = CARTESIAN_POINT ( 'NONE',  ( 0.1153650271540131700, 0.4865089026575581400, -0.1028630977783860900 ) ) ;
#2950 = CARTESIAN_POINT ( 'NONE',  ( -0.08439118520106628200, 0.4928266712144944700, -0.09666917245966490100 ) ) ;
#2951 = CARTESIAN_POINT ( 'NONE',  ( 0.2159287565752387200, 0.4509709310410576200, -0.07189770213005460000 ) ) ;
#2952 = CARTESIAN_POINT ( 'NONE',  ( -0.1398436170443815000, 0.4800457759312745100, -0.1101323342044099200 ) ) ;
#2953 = ORIENTED_EDGE ( 'NONE', *, *, #1000, .F. ) ;
#2954 = CARTESIAN_POINT ( 'NONE',  ( 0.1302194104504578200, 0.4827451761974792500, -0.1162714021689320200 ) ) ;
#2955 = CARTESIAN_POINT ( 'NONE',  ( 0.04912585090730890700, 0.4975808597286792100, -0.1062746594744135300 ) ) ;
#2956 = CARTESIAN_POINT ( 'NONE',  ( 0.06886249199400515400, 0.4952353194463057800, -0.08394114331933620600 ) ) ;
#2957 = CARTESIAN_POINT ( 'NONE',  ( 0.1007774711314895900, 0.4897386054525499900, -0.07284191546318771700 ) ) ;
#2958 = CC_DESIGN_PERSON_AND_ORGANIZATION_ASSIGNMENT ( #3126, #2119, ( #1243 ) ) ;
#2959 = EDGE_CURVE ( 'NONE', #1865, #2246, #233, .T. ) ;
#2960 = CARTESIAN_POINT ( 'NONE',  ( 0.05239109690142086000, 0.4972476071317749000, -0.1110910812420799800 ) ) ;
#2961 = CARTESIAN_POINT ( 'NONE',  ( 0.0000000000000000000, -1.247748521138706000E-016, 0.9106299212598421000 ) ) ;
#2962 = CARTESIAN_POINT ( 'NONE',  ( 0.1392798954909232100, 0.4802097438253502000, -0.06871546271230556700 ) ) ;
#2963 = CARTESIAN_POINT ( 'NONE',  ( 0.0000000000000000000, 0.0000000000000000000, -0.1162714021689320200 ) ) ;
#2964 = CARTESIAN_POINT ( 'NONE',  ( -0.1065083008608405700, 0.4885242939153072200, -0.07006404572517221900 ) ) ;
#2965 = CARTESIAN_POINT ( 'NONE',  ( -0.1332659030727250900, 0.4819131323010979500, -0.06851215524597564800 ) ) ;
#2966 = VERTEX_POINT ( 'NONE', #1144 ) ;
#2967 = ORIENTED_EDGE ( 'NONE', *, *, #1419, .F. ) ;
#2968 = DIRECTION ( 'NONE',  ( -0.0000000000000000000, -0.0000000000000000000, 1.000000000000000000 ) ) ;
#2969 = DIRECTION ( 'NONE',  ( 1.000000000000000000, 0.0000000000000000000, 0.0000000000000000000 ) ) ;
#2970 = B_SPLINE_CURVE_WITH_KNOTS ( 'NONE', 3,
 ( #1108, #2066, #1406, #3094, #1629, #177, #1888, #427, #2116, #667, #2359, #914, #2617, #1160, #2864, #1414, #3105, #1644, #188, #1896 ),
 .UNSPECIFIED., .F., .F.,
 ( 4, 1, 2, 2, 2, 2, 2, 1, 2, 2, 4 ),
 ( 0.0000000000000000000, 0.06249999999999929200, 0.09374999999999744600, 0.1249999999999955900, 0.2499999999999951200, 0.4999999999999947800, 0.7499999999999943400, 0.8124999999999952300, 0.8437499999999952300, 0.8749999999999952300, 1.000000000000000000 ),
 .UNSPECIFIED. ) ;
#2971 = LOCAL_TIME ( 14, 0, 40.00000000000000000, #462 ) ;
#2972 = DIRECTION ( 'NONE',  ( 1.000000000000000000, 0.0000000000000000000, 0.0000000000000000000 ) ) ;
#2973 = CARTESIAN_POINT ( 'NONE',  ( 0.06399768084530149700, 0.4958873975455584900, -0.1169254107434883300 ) ) ;
#2974 = FACE_OUTER_BOUND ( 'NONE', #715, .T. ) ;
#2975 = CARTESIAN_POINT ( 'NONE',  ( 0.1300434736194425500, 0.4827929860957658200, -0.1129212583662476300 ) ) ;
#2976 = CARTESIAN_POINT ( 'NONE',  ( -0.07755152488637358200, 0.4939491668237328000, -0.07876029803295960000 ) ) ;
#2977 = CARTESIAN_POINT ( 'NONE',  ( 0.1531562034169823800, 0.4759656960043606700, -0.06466435967102258900 ) ) ;
#2978 = ORIENTED_EDGE ( 'NONE', *, *, #2187, .F. ) ;
#2979 = CARTESIAN_POINT ( 'NONE',  ( -0.04105471232229451100, 0.4983116601818960400, -0.09384629908173561200 ) ) ;
#2980 = CARTESIAN_POINT ( 'NONE',  ( -0.1314788533420131500, 0.4824037213375589300, -0.07325947464843000900 ) ) ;
#2981 = FACE_BOUND ( 'NONE', #2548, .T. ) ;
#2982 = CARTESIAN_POINT ( 'NONE',  ( -0.09849835180414338900, 0.4902020753647084500, -0.07765844032762370100 ) ) ;
#2983 = AXIS2_PLACEMENT_3D ( 'NONE', #1364, #3056, #1588 ) ;
#2984 = ORIENTED_EDGE ( 'NONE', *, *, #2233, .F. ) ;
#2985 = CARTESIAN_POINT ( 'NONE',  ( -0.08592029660486862100, 0.4925625672466295600, -0.1033684817967240300 ) ) ;
#2986 = CARTESIAN_POINT ( 'NONE',  ( 0.1061388236925814700, 0.4886047984457297900, -0.06508288964520751700 ) ) ;
#2987 = CARTESIAN_POINT ( 'NONE',  ( 0.1768755661569144400, 0.4676697918320809100, -0.09027540990646523700 ) ) ;
#2988 = CARTESIAN_POINT ( 'NONE',  ( -0.1571194111448409300, 0.4746721059924098300, -0.1043402257857170000 ) ) ;
#2989 = CARTESIAN_POINT ( 'NONE',  ( -0.08120740443741469900, 0.4933613346763632300, -0.06695929654822430100 ) ) ;
#2990 = CARTESIAN_POINT ( 'NONE',  ( -0.07691924750054837700, 0.4940480030968139600, -0.08862480540939234000 ) ) ;
#2991 = CARTESIAN_POINT ( 'NONE',  ( -0.04318789827793780700, 0.4981313865121157500, -0.1042797829300198300 ) ) ;
#2992 = CARTESIAN_POINT ( 'NONE',  ( -0.1124644506831312100, 0.4871879572872714900, -0.08534541412818955100 ) ) ;
#2993 = CARTESIAN_POINT ( 'NONE',  ( 0.1208067351058193100, 0.4851862866498521900, -0.1087002331804401800 ) ) ;
#2994 = CARTESIAN_POINT ( 'NONE',  ( 0.04234775314436868600, 0.4982034401764240400, -0.09431501210230572300 ) ) ;
#2995 = CARTESIAN_POINT ( 'NONE',  ( -0.06318425840103396300, 0.4959916829707998200, -0.08015564747435591200 ) ) ;
#2996 = CARTESIAN_POINT ( 'NONE',  ( 0.1731055223528646700, 0.4690784844256006800, -0.1032611353633317700 ) ) ;
#2997 = CARTESIAN_POINT ( 'NONE',  ( -0.1455163481723040500, 0.4783567262816317300, -0.1165527919099324000 ) ) ;
#2998 = CARTESIAN_POINT ( 'NONE',  ( -0.1029510192068032900, 0.4892886550138404500, -0.1086032590561580700 ) ) ;
#2999 = CARTESIAN_POINT ( 'NONE',  ( -0.03743793460793307100, 0.4985964429233674100, -0.1088764625003512100 ) ) ;
#3000 = CARTESIAN_POINT ( 'NONE',  ( -0.05214606948220317000, 0.4972733528327828400, -0.1102144669781385500 ) ) ;
#3001 = EDGE_LOOP ( 'NONE', ( #1782, #2416, #2136, #2984, #2543 ) ) ;
#3002 = ORIENTED_EDGE ( 'NONE', *, *, #1727, .T. ) ;
#3003 = EDGE_CURVE ( 'NONE', #726, #773, #2865, .T. ) ;
#3004 = CARTESIAN_POINT ( 'NONE',  ( 0.2249142427254589600, 0.4465574805321633800, -0.09810059659655162600 ) ) ;
#3005 = CARTESIAN_POINT ( 'NONE',  ( 0.1740742314985851400, 0.4687198934874974900, -0.07173958644108573100 ) ) ;
#3006 = CARTESIAN_POINT ( 'NONE',  ( -0.05433898115190979900, 0.4970385351847299600, -0.05732844076601886800 ) ) ;
#3007 = CARTESIAN_POINT ( 'NONE',  ( -0.06021969820828496800, 0.4963606504717056300, -0.06842848103386969800 ) ) ;
#3008 = ORIENTED_EDGE ( 'NONE', *, *, #824, .T. ) ;
#3009 = CARTESIAN_POINT ( 'NONE',  ( 0.1640885831962938000, 0.4723081785207911000, -0.1096658734011721600 ) ) ;
#3010 = ORIENTED_EDGE ( 'NONE', *, *, #1382, .F. ) ;
#3011 = CARTESIAN_POINT ( 'NONE',  ( -0.2311580720914048200, 0.4434264653408179200, -0.09658636279885324200 ) ) ;
#3012 = CARTESIAN_POINT ( 'NONE',  ( -0.1155421523448528900, 0.4864668652966190900, -0.09682296182974364800 ) ) ;
#3013 = CARTESIAN_POINT ( 'NONE',  ( -0.04588720150093803000, 0.4978899232328845600, -0.06628621956268032600 ) ) ;
#3014 = EDGE_LOOP ( 'NONE', ( #1508, #757, #1167, #2721 ) ) ;
#3015 = CIRCLE ( 'NONE', #361, 0.5000000000000001100 ) ;
#3016 = CARTESIAN_POINT ( 'NONE',  ( 0.1769212819755079400, 0.4676525139972272400, -0.08311639221105018800 ) ) ;
#3017 = CARTESIAN_POINT ( 'NONE',  ( -0.06695312747917209200, 0.4954970404402303000, -0.06585549539171764400 ) ) ;
#3018 = CARTESIAN_POINT ( 'NONE',  ( -0.2219933881459618400, 0.4480166689080624700, -0.09128654450690899800 ) ) ;
#3019 = CIRCLE ( 'NONE', #478, 0.5000000000000001100 ) ;
#3020 = CARTESIAN_POINT ( 'NONE',  ( -0.07080797784070226600, 0.4949608372810983000, -0.09193055389696344600 ) ) ;
#3021 = ORIENTED_EDGE ( 'NONE', *, *, #2262, .T. ) ;
#3022 = CARTESIAN_POINT ( 'NONE',  ( -0.09556686583708397200, 0.4907828179428833600, -0.08448645505821288100 ) ) ;
#3023 = CARTESIAN_POINT ( 'NONE',  ( -0.1069247501459728200, 0.4884336336297989700, -0.1143622066504425000 ) ) ;
#3024 = VECTOR ( 'NONE', #2837, 39.37007874015748100 ) ;
#3025 = EDGE_CURVE ( 'NONE', #2144, #1755, #1639, .T. ) ;
#3026 = ORIENTED_EDGE ( 'NONE', *, *, #2428, .T. ) ;
#3027 = CARTESIAN_POINT ( 'NONE',  ( -0.1103041412274517500, 0.4876818711894369600, -0.06196212404518046400 ) ) ;
#3028 = CARTESIAN_POINT ( 'NONE',  ( 0.1071991819339463400, 0.4883735160576478900, -0.05751077313069913300 ) ) ;
#3029 = VERTEX_POINT ( 'NONE', #532 ) ;
#3030 = AXIS2_PLACEMENT_3D ( 'NONE', #2665, #1220, #2912 ) ;
#3031 = CARTESIAN_POINT ( 'NONE',  ( 0.01665349113075081600, 0.4997225842736728900, -0.07304475922526149100 ) ) ;
#3032 = CARTESIAN_POINT ( 'NONE',  ( 0.07154950748641565600, 0.4948541886035233700, -0.06554456994603680100 ) ) ;
#3033 = CARTESIAN_POINT ( 'NONE',  ( -0.06703009958757839800, 0.4954871886350039600, -0.1085044954707867800 ) ) ;
#3034 = CARTESIAN_POINT ( 'NONE',  ( -0.08439118520106628200, 0.4928266712144944700, -0.09666917245966490100 ) ) ;
#3035 = DIRECTION ( 'NONE',  ( -0.0000000000000000000, -0.0000000000000000000, 1.000000000000000000 ) ) ;
#3036 = CARTESIAN_POINT ( 'NONE',  ( -0.1302194104504575400, 0.4827451761974793600, -0.08712240156323848600 ) ) ;
#3037 = CARTESIAN_POINT ( 'NONE',  ( 0.1847906837189697000, 0.4645991855467203600, -0.08630613490666672000 ) ) ;
#3038 = CARTESIAN_POINT ( 'NONE',  ( 0.09353946591450791600, 0.4911724443430618400, -0.07071106146193133200 ) ) ;
#3039 = ORIENTED_EDGE ( 'NONE', *, *, #3025, .F. ) ;
#3040 = DIRECTION ( 'NONE',  ( 0.0000000000000000000, -1.224606353822377300E-016, 1.000000000000000000 ) ) ;
#3041 = CARTESIAN_POINT ( 'NONE',  ( -0.05401987256092985500, 0.4970736700677546000, -0.1169693609952649600 ) ) ;
#3042 = B_SPLINE_CURVE_WITH_KNOTS ( 'NONE', 3,
 ( #2065, #1828, #125, #609, #2309, #861, #2554, #1105, #2802, #1361, #3051, #1585, #137, #1673, #149 ),
 .UNSPECIFIED., .F., .F.,
 ( 4, 1, 2, 2, 2, 2, 2, 4 ),
 ( 0.0000000000000000000, 0.1250000000000027800, 0.1875000000000020000, 0.2500000000000012200, 0.5000000000000001100, 0.7499999999999990000, 0.8749999999999995600, 1.000000000000000000 ),
 .UNSPECIFIED. ) ;
#3043 = DIRECTION ( 'NONE',  ( 0.4617899204491247600, 0.8869893287811253500, 0.0000000000000000000 ) ) ;
#3044 = CARTESIAN_POINT ( 'NONE',  ( -0.1394966752412004600, 0.4801466670700472700, -0.06415021981784691000 ) ) ;
#3045 = EDGE_CURVE ( 'NONE', #2812, #1865, #2833, .T. ) ;
#3046 = CARTESIAN_POINT ( 'NONE',  ( 0.0000000000000000000, 0.0000000000000000000, -0.1018861810907975600 ) ) ;
#3047 = CARTESIAN_POINT ( 'NONE',  ( -0.1516458917416782800, 0.4764488817324922800, -0.07849719834105770000 ) ) ;
#3048 = AXIS2_PLACEMENT_3D ( 'NONE', #1164, #2868, #1417 ) ;
#3049 = CARTESIAN_POINT ( 'NONE',  ( 0.1838138606386030000, 0.4649865635804761300, -0.07686618069832412700 ) ) ;
#3050 = CARTESIAN_POINT ( 'NONE',  ( 0.1088585580486947900, 0.4880068251163800500, -0.08743879603678551800 ) ) ;
#3051 = CARTESIAN_POINT ( 'NONE',  ( 0.06641727880645693900, 0.4955693442289923500, -0.07707531103470535700 ) ) ;
#3052 = VERTEX_POINT ( 'NONE', #172 ) ;
#3053 = CALENDAR_DATE ( 2016, 30, 9 ) ;
#3054 = ORIENTED_EDGE ( 'NONE', *, *, #2618, .F. ) ;
#3055 = CARTESIAN_POINT ( 'NONE',  ( -0.2129176709120640100, 0.4524003375478207200, -0.06403033614833843200 ) ) ;
#3056 = DIRECTION ( 'NONE',  ( -0.0000000000000000000, 1.224606353822377300E-016, -1.000000000000000000 ) ) ;
#3057 = CIRCLE ( 'NONE', #2757, 9.082677165354329700 ) ;
#3058 = CARTESIAN_POINT ( 'NONE',  ( -0.1464647943224926800, 0.4780678758465744500, -0.06574755238922672100 ) ) ;
#3059 = CARTESIAN_POINT ( 'NONE',  ( 0.1654941538742524300, 0.4718176566321961000, -0.05717087213681800600 ) ) ;
#3060 = VERTEX_POINT ( 'NONE', #2719 ) ;
#3061 = CARTESIAN_POINT ( 'NONE',  ( 0.1020564208633752800, 0.4894739960488496700, -0.07897307845468044800 ) ) ;
#3062 = FACE_BOUND ( 'NONE', #343, .T. ) ;
#3063 = ORIENTED_EDGE ( 'NONE', *, *, #2917, .F. ) ;
#3064 = CARTESIAN_POINT ( 'NONE',  ( 0.07705658615552998800, 0.4940296318505484900, -0.1140921739692981500 ) ) ;
#3065 = VERTEX_POINT ( 'NONE', #367 ) ;
#3066 = CARTESIAN_POINT ( 'NONE',  ( -0.2104758676682516000, 0.4535415235279849400, -0.07216694436142646900 ) ) ;
#3067 = EDGE_CURVE ( 'NONE', #2814, #1626, #2251, .T. ) ;
#3068 = B_SPLINE_CURVE_WITH_KNOTS ( 'NONE', 3,
 ( #2982, #787, #68, #1770, #316, #2010, #556, #2245, #797, #2490, #1051, #2741, #1301, #2992, #1528, #76, #1783, #329, #2020, #568, #2257, #810, #2502, #1059 ),
 .UNSPECIFIED., .F., .F.,
 ( 4, 1, 2, 2, 2, 2, 2, 2, 2, 1, 2, 2, 4 ),
 ( 0.0000000000000000000, 0.06250000000000270600, 0.09375000000000390000, 0.1250000000000051100, 0.2500000000000041600, 0.3750000000000032200, 0.5000000000000023300, 0.6250000000000014400, 0.7500000000000004400, 0.8125000000000006700, 0.8437500000000006700, 0.8750000000000006700, 1.000000000000000000 ),
 .UNSPECIFIED. ) ;
#3069 = CARTESIAN_POINT ( 'NONE',  ( 0.1655712014078070900, 0.4717915384293625000, -0.1164472992598530900 ) ) ;
#3070 = CARTESIAN_POINT ( 'NONE',  ( 0.1364680786113365900, 0.4810162632014539600, -0.09896299611082862200 ) ) ;
#3071 = CARTESIAN_POINT ( 'NONE',  ( 0.2226715353639886200, 0.4476800055158192700, -0.09128654450690899800 ) ) ;
#3072 = CARTESIAN_POINT ( 'NONE',  ( 0.0000000000000000000, 0.0000000000000000000, -0.1876574949175361100 ) ) ;
#3073 = CARTESIAN_POINT ( 'NONE',  ( -0.5000000000000001100, 6.123233995736767300E-017, -0.1876574949175361100 ) ) ;
#3074 = CARTESIAN_POINT ( 'NONE',  ( 0.1816964318689190900, 0.4658181913268209000, -0.1026315911694277000 ) ) ;
#3075 = CARTESIAN_POINT ( 'NONE',  ( 0.1546044231814968900, 0.4754973211387573700, -0.1093944579383522900 ) ) ;
#3076 = CARTESIAN_POINT ( 'NONE',  ( -0.08327158627221144200, 0.4930170817727411700, -0.06392386658443775800 ) ) ;
#3077 = CARTESIAN_POINT ( 'NONE',  ( -0.03340504001983665700, 0.4988828686212566900, -0.09195856980278296900 ) ) ;
#3078 = CARTESIAN_POINT ( 'NONE',  ( 0.1562348411400951200, 0.4749643444068271100, -0.1168856978504651400 ) ) ;
#3079 = CARTESIAN_POINT ( 'NONE',  ( -0.03383256033308964400, 0.4988540487079642400, -0.07761312102212278300 ) ) ;
#3080 = EDGE_CURVE ( 'NONE', #2123, #246, #1565, .T. ) ;
#3081 = CARTESIAN_POINT ( 'NONE',  ( 0.1847749243225747200, 0.4646054537230872600, -0.08756602087583850700 ) ) ;
#3082 =( LENGTH_UNIT ( ) NAMED_UNIT ( * ) SI_UNIT ( $, .METRE. ) );
#3083 = ORIENTED_EDGE ( 'NONE', *, *, #746, .T. ) ;
#3084 = CARTESIAN_POINT ( 'NONE',  ( 0.09358169164254896700, 0.4911644163933151000, -0.07664530571355678000 ) ) ;
#3085 = AXIS2_PLACEMENT_3D ( 'NONE', #2402, #1181, #960 ) ;
#3086 = DIRECTION ( 'NONE',  ( 0.0000000000000000000, 1.000000000000000000, 1.381305580180739800E-016 ) ) ;
#3087 = DIRECTION ( 'NONE',  ( -1.000000000000000000, 0.0000000000000000000, 0.0000000000000000000 ) ) ;
#3088 = CARTESIAN_POINT ( 'NONE',  ( -0.04557315821607955300, 0.4979214465291511600, -0.05821798611928981300 ) ) ;
#3089 = LINE ( 'NONE', #2517, #1709 ) ;
#3090 = CARTESIAN_POINT ( 'NONE',  ( -0.2092608026992707500, 0.4541034204381828000, -0.07493755147238445600 ) ) ;
#3091 = CARTESIAN_POINT ( 'NONE',  ( -0.1455364145992213400, 0.4783516458156597500, -0.1090940725384897300 ) ) ;
#3092 = DIRECTION ( 'NONE',  ( -0.0000000000000000000, -0.0000000000000000000, 1.000000000000000000 ) ) ;
#3093 = CIRCLE ( 'NONE', #2324, 1.018897637795275600 ) ;
#3094 = CARTESIAN_POINT ( 'NONE',  ( 0.07663288148295127600, 0.4940925039633687300, -0.1011390203804284300 ) ) ;
#3095 = EDGE_LOOP ( 'NONE', ( #2789, #2686, #1822, #2884 ) ) ;
#3096 = CARTESIAN_POINT ( 'NONE',  ( 0.1215804870812919600, 0.4849929919908827500, -0.07070755036104288400 ) ) ;
#3097 = LINE ( 'NONE', #971, #2432 ) ;
#3098 = CARTESIAN_POINT ( 'NONE',  ( 0.05440448801972696400, 0.4970313387335968400, -0.09646806328340808100 ) ) ;
#3099 = CARTESIAN_POINT ( 'NONE',  ( -0.1307953993561929700, 0.4825894991748545500, -0.09772228742778116300 ) ) ;
#3100 = EDGE_LOOP ( 'NONE', ( #1324, #1820, #2933, #670, #207 ) ) ;
#3101 = CARTESIAN_POINT ( 'NONE',  ( -0.1411497147234112800, 0.4796631714375200200, -0.1102144669781385500 ) ) ;
#3102 = EDGE_CURVE ( 'NONE', #506, #1905, #923, .T. ) ;
#3103 = CARTESIAN_POINT ( 'NONE',  ( -0.05137213995596329200, 0.4973545101733477000, -0.1170063216394661200 ) ) ;
#3104 = CARTESIAN_POINT ( 'NONE',  ( -0.1512611822123919600, 0.4765712015838544600, -0.09889782330768238900 ) ) ;
#3105 = CARTESIAN_POINT ( 'NONE',  ( 0.06840032079678264000, 0.4952993143498694600, -0.1100394211627666300 ) ) ;
#3106 = EDGE_LOOP ( 'NONE', ( #2512, #117, #1480, #1369, #2860 ) ) ;
#3107 = EDGE_CURVE ( 'NONE', #1617, #1132, #1688, .T. ) ;
#3108 = ADVANCED_FACE ( 'NONE', ( #270 ), #2131, .T. ) ;
#3109 = CARTESIAN_POINT ( 'NONE',  ( 0.1387289638711876600, 0.4803769158570361800, -0.09672043558302448300 ) ) ;
#3110 = APPROVAL_ROLE ( '' ) ;
#3111 = CARTESIAN_POINT ( 'NONE',  ( -0.1358201121177327100, 0.4811996938809560700, -0.1084073974464029200 ) ) ;
#3112 = B_SPLINE_CURVE_WITH_KNOTS ( 'NONE', 3,
 ( #1807, #2285, #2530, #1082, #2780, #1335, #3028, #1566, #112, #1815, #359, #2052, #602, #2297, #844, #2544, #1097, #2791, #1347, #3038, #1575, #123, #1826, #369, #2063 ),
 .UNSPECIFIED., .F., .F.,
 ( 4, 1, 2, 2, 2, 2, 2, 2, 2, 2, 2, 2, 4 ),
 ( 0.0000000000000000000, 0.06249999999999660000, 0.09374999999999583700, 0.1249999999999950900, 0.1874999999999967800, 0.2499999999999985000, 0.3749999999999987800, 0.4999999999999991100, 0.7499999999999991100, 0.8749999999999996700, 0.9062500000000001100, 0.9375000000000005600, 1.000000000000000000 ),
 .UNSPECIFIED. ) ;
#3113 = CARTESIAN_POINT ( 'NONE',  ( 0.0000000000000000000, -2.855187286470391000E-017, 0.1248837184182120400 ) ) ;
#3114 = B_SPLINE_CURVE_WITH_KNOTS ( 'NONE', 3,
 ( #176, #373, #617, #2313 ),
 .UNSPECIFIED., .F., .F.,
 ( 4, 4 ),
 ( 0.0000000000000000000, 1.000000000000000000 ),
 .UNSPECIFIED. ) ;
#3115 = CARTESIAN_POINT ( 'NONE',  ( -0.04721537692277640700, 0.4977673004926658200, -0.1165049837313922200 ) ) ;
#3116 = ORIENTED_EDGE ( 'NONE', *, *, #2936, .F. ) ;
#3117 = CARTESIAN_POINT ( 'NONE',  ( -0.09626048247701450600, 0.4906464974157590000, -0.06410347408135062800 ) ) ;
#3118 = ORIENTED_EDGE ( 'NONE', *, *, #2897, .F. ) ;
#3119 = CARTESIAN_POINT ( 'NONE',  ( -0.09166930886932867000, 0.4915264353668635200, -0.07904771415824851700 ) ) ;
#3120 = CARTESIAN_POINT ( 'NONE',  ( -0.1257738902041139200, 0.4839224524737168500, -0.1063303065392840300 ) ) ;
#3121 = CARTESIAN_POINT ( 'NONE',  ( 0.06048025461210709800, 0.4963292524091924000, -0.1089282184559777900 ) ) ;
#3122 = VERTEX_POINT ( 'NONE', #171 ) ;
#3123 = ORIENTED_EDGE ( 'NONE', *, *, #512, .F. ) ;
#3124 = CARTESIAN_POINT ( 'NONE',  ( 0.001514231483037283800, 0.4999977070977584800, -0.1018861810907975600 ) ) ;
#3125 = VERTEX_POINT ( 'NONE', #1375 ) ;
#3126 = PERSON_AND_ORGANIZATION ( #235, #613 ) ;
#3127 = EDGE_LOOP ( 'NONE', ( #2159, #1343, #2430, #2804, #1871, #2094, #2608, #2035, #257, #2528, #1597 ) ) ;
#3128 = PRODUCT_DEFINITION ( 'UNKNOWN', '', #778, #831 ) ;
#3129 = CARTESIAN_POINT ( 'NONE',  ( -0.1230080840801411600, 0.4846328760550957000, -0.09195856980300393100 ) ) ;
#3130 = ORIENTED_EDGE ( 'NONE', *, *, #1829, .F. ) ;
#3131 = SPHERICAL_SURFACE ( 'NONE', #248, 9.082677165354329700 ) ;
#3132 = CARTESIAN_POINT ( 'NONE',  ( -0.08012815454598011500, 0.4935382648074482800, -0.1067082088436087500 ) ) ;
#3133 = FACE_OUTER_BOUND ( 'NONE', #2029, .T. ) ;
#3134 = VERTEX_POINT ( 'NONE', #1141 ) ;
#3135 = CARTESIAN_POINT ( 'NONE',  ( -0.1509764164491415300, 0.4766619710948119500, -0.06022891392887797700 ) ) ;
#3136 = B_SPLINE_CURVE_WITH_KNOTS ( 'NONE', 3,
 ( #2386, #180, #698, #943, #2643, #1195, #2890, #1440, #3137, #1671, #222, #1928, #470, #2156, #704, #2400, #954, #2650, #1204, #2904, #1447, #3144, #1682 ),
 .UNSPECIFIED., .F., .F.,
 ( 4, 1, 2, 2, 2, 2, 1, 2, 2, 1, 2, 2, 4 ),
 ( 0.0000000000000000000, 0.06250000000000027800, 0.09375000000000013900, 0.1250000000000000000, 0.2499999999999991100, 0.4999999999999964500, 0.6249999999999958900, 0.6874999999999963400, 0.7499999999999968900, 0.8124999999999973400, 0.8437499999999977800, 0.8749999999999981100, 1.000000000000000000 ),
 .UNSPECIFIED. ) ;
#3137 = CARTESIAN_POINT ( 'NONE',  ( 0.1269624302514136300, 0.4836129308046945900, -0.06480448124855157900 ) ) ;
#3138 = CARTESIAN_POINT ( 'NONE',  ( 0.1004371136812175400, 0.4898099118556896200, -0.08933785684962219900 ) ) ;
#3139 = CARTESIAN_POINT ( 'NONE',  ( -0.09275590526658009100, 0.4913212345024510200, -0.05784609427151966200 ) ) ;
#3140 = CARTESIAN_POINT ( 'NONE',  ( -0.07695422066134471900, 0.4940425580607157300, -0.09081128060138977900 ) ) ;
#3141 = CARTESIAN_POINT ( 'NONE',  ( -0.1584419154039086500, 0.4742321879604071100, -0.07567368439462196500 ) ) ;
#3142 = EDGE_LOOP ( 'NONE', ( #350, #453, #3008, #962, #815 ) ) ;
#3143 = AXIS2_PLACEMENT_3D ( 'NONE', #2961, #1497, #54 ) ;
#3144 = CARTESIAN_POINT ( 'NONE',  ( 0.1125387372143222500, 0.4871726150923401700, -0.05724648198521830500 ) ) ;
#3145 = ORIENTED_EDGE ( 'NONE', *, *, #2302, .F. ) ;
#3146 = CARTESIAN_POINT ( 'NONE',  ( -0.1228948704354095300, 0.4846615838094288600, -0.08714606146632752900 ) ) ;
#3147 = VERTEX_POINT ( 'NONE', #1621 ) ;
#3148 = CARTESIAN_POINT ( 'NONE',  ( -0.08732150127807498900, 0.4923161679647049500, -0.07054189990371739800 ) ) ;
#3149 = CARTESIAN_POINT ( 'NONE',  ( 0.03302881650745641300, 0.4989079046077712400, -0.09431501210230572300 ) ) ;
#3150 = ORIENTED_EDGE ( 'NONE', *, *, #727, .F. ) ;
ENDSEC;
END-ISO-10303-21;
