ISO-10303-21;
HEADER;
FILE_DESCRIPTION (( 'STEP AP214' ),
    '1' );
FILE_NAME ('C60-FW.STEP',
    '2020-09-02T20:14:40',
    ( 'Aaron' ),
    ( 'Microsoft' ),
    'SwSTEP 2.0',
    'SolidWorks 2020',
    '' );
FILE_SCHEMA (( 'AUTOMOTIVE_DESIGN' ));
ENDSEC;

DATA;
#1 = DIRECTION ( 'NONE',  ( 1.000000000000000000, 0.0000000000000000000, 0.0000000000000000000 ) ) ;
#2 = FACE_BOUND ( 'NONE', #1284, .T. ) ;
#3 = CARTESIAN_POINT ( 'NONE',  ( 0.0000000000000000000, 0.0000000000000000000, 0.0000000000000000000 ) ) ;
#4 = ADVANCED_FACE ( 'NONE', ( #809 ), #513, .F. ) ;
#5 = ADVANCED_FACE ( 'NONE', ( #541 ), #364, .F. ) ;
#6 = LENGTH_MEASURE_WITH_UNIT ( LENGTH_MEASURE( 0.02539999999999999897 ), #459 );
#7 = AXIS2_PLACEMENT_3D ( 'NONE', #618, #395, #1382 ) ;
#8 = EDGE_CURVE ( 'NONE', #347, #538, #428, .T. ) ;
#9 = CARTESIAN_POINT ( 'NONE',  ( 1.159898192278110640, -0.9448818899999995580, -0.2755905499999999897 ) ) ;
#10 = CONICAL_SURFACE ( 'NONE', #59, 0.1124999999999999611, 0.7155849933176745559 ) ;
#11 = CARTESIAN_POINT ( 'NONE',  ( 0.0000000000000000000, 0.0000000000000000000, -0.2755905499999999897 ) ) ;
#12 = CARTESIAN_POINT ( 'NONE',  ( 0.0000000000000000000, 0.0000000000000000000, -0.2755905499999999897 ) ) ;
#13 = B_SPLINE_CURVE_WITH_KNOTS ( 'NONE', 3,
 ( #1394, #965, #518, #1084, #65, #1177, #182, #629, #287, #733, #1283, #848, #397, #1387, #959, #512, #56, #1073, #620, #176, #1172, #727, #282, #1278, #844, #391 ),
 .UNSPECIFIED., .F., .F.,
 ( 4, 2, 2, 2, 2, 2, 2, 2, 2, 2, 2, 2, 4 ),
 ( 0.005161068146131826684, 0.005806051757352768614, 0.006451035368573710543, 0.006773527174184180641, 0.007096018979794652473, 0.007418510785405122571, 0.007741002591015593536, 0.008063494396626064500, 0.008385986202236534598, 0.008708478007847006430, 0.009030969813457478262, 0.009675953424678420192, 0.01032093703589936386 ),
 .UNSPECIFIED. ) ;
#14 = ORIENTED_EDGE ( 'NONE', *, *, #1302, .T. ) ;
#15 = ORIENTED_EDGE ( 'NONE', *, *, #1065, .F. ) ;
#16 = FACE_OUTER_BOUND ( 'NONE', #245, .T. ) ;
#17 = CARTESIAN_POINT ( 'NONE',  ( 0.02881581107419301999, -0.7494565610629417840, -0.1764854358205602824 ) ) ;
#18 = DIRECTION ( 'NONE',  ( 0.0000000000000000000, 0.0000000000000000000, 1.000000000000000000 ) ) ;
#19 = CARTESIAN_POINT ( 'NONE',  ( 0.8507720352764819305, 0.4161833892423547065, -0.1181102400000000052 ) ) ;
#20 = LINE ( 'NONE', #1201, #110 ) ;
#21 = DIRECTION ( 'NONE',  ( -1.000000000000000000, 0.0000000000000000000, 0.0000000000000000000 ) ) ;
#22 = DIRECTION ( 'NONE',  ( 1.000000000000000000, 0.0000000000000000000, 0.0000000000000000000 ) ) ;
#23 = EDGE_LOOP ( 'NONE', ( #573, #1242, #1128, #1422 ) ) ;
#24 = CARTESIAN_POINT ( 'NONE',  ( 2.731847993664263218E-16, -0.9448818899999998910, -0.1181102400000000052 ) ) ;
#25 = ORIENTED_EDGE ( 'NONE', *, *, #1353, .F. ) ;
#26 = AXIS2_PLACEMENT_3D ( 'NONE', #313, #1303, #912 ) ;
#27 = DIRECTION ( 'NONE',  ( -0.6560590289905068317, 8.034405899049447636E-17, 0.7547095802227723471 ) ) ;
#28 = CIRCLE ( 'NONE', #114, 1.496050000000000102 ) ;
#29 = PRESENTATION_LAYER_ASSIGNMENT (  '', '', ( #437 ) ) ;
#30 = CYLINDRICAL_SURFACE ( 'NONE', #713, 0.7500000000000001110 ) ;
#31 = ORIENTED_EDGE ( 'NONE', *, *, #516, .T. ) ;
#32 = FILL_AREA_STYLE_COLOUR ( '', #81 ) ;
#33 = ORIENTED_EDGE ( 'NONE', *, *, #1312, .T. ) ;
#34 = DIRECTION ( 'NONE',  ( -0.0000000000000000000, -0.0000000000000000000, 1.000000000000000000 ) ) ;
#35 = EDGE_LOOP ( 'NONE', ( #1327, #1405, #1075, #917 ) ) ;
#36 = CARTESIAN_POINT ( 'NONE',  ( 0.6145978004320732380, 0.4298482798663476601, -0.1138159743248905592 ) ) ;
#37 = CARTESIAN_POINT ( 'NONE',  ( 0.0000000000000000000, 0.0000000000000000000, -0.2755905499999999897 ) ) ;
#38 = VERTEX_POINT ( 'NONE', #763 ) ;
#39 = ORIENTED_EDGE ( 'NONE', *, *, #1053, .T. ) ;
#40 = EDGE_CURVE ( 'NONE', #71, #438, #772, .T. ) ;
#41 = CYLINDRICAL_SURFACE ( 'NONE', #183, 1.496050000000000102 ) ;
#42 = DIRECTION ( 'NONE',  ( -0.0000000000000000000, -1.000000000000000000, -0.0000000000000000000 ) ) ;
#43 = CARTESIAN_POINT ( 'NONE',  ( 0.0000000000000000000, 1.377999999999999892, -0.2180721296389495356 ) ) ;
#44 = ORIENTED_EDGE ( 'NONE', *, *, #93, .F. ) ;
#45 = CARTESIAN_POINT ( 'NONE',  ( 0.6684257024945354786, 0.3401756745556128170, -0.06645100635905286379 ) ) ;
#46 = LINE ( 'NONE', #1060, #1314 ) ;
#47 = CARTESIAN_POINT ( 'NONE',  ( -1.080883006414953051, -0.6890000000000058300, 6.829619984160658046E-17 ) ) ;
#48 = ADVANCED_FACE ( 'NONE', ( #420 ), #431, .F. ) ;
#49 = ADVANCED_FACE ( 'NONE', ( #382, #163 ), #1354, .T. ) ;
#50 = FACE_OUTER_BOUND ( 'NONE', #243, .T. ) ;
#51 = CIRCLE ( 'NONE', #1361, 1.496050000000000102 ) ;
#52 = EDGE_CURVE ( 'NONE', #1431, #714, #1293, .T. ) ;
#53 = CIRCLE ( 'NONE', #1220, 0.1124999999999999611 ) ;
#54 = CARTESIAN_POINT ( 'NONE',  ( 0.6793782207726980493, 0.3177198901488975658, -0.1095622643246105532 ) ) ;
#55 = VECTOR ( 'NONE', #285, 39.37007874015748143 ) ;
#56 = CARTESIAN_POINT ( 'NONE',  ( 0.6388276019044184517, 0.3929564936171798251, -0.1797654506001291341 ) ) ;
#57 = CIRCLE ( 'NONE', #1337, 0.06496062992125939406 ) ;
#58 = AXIS2_PLACEMENT_3D ( 'NONE', #441, #1428, #660 ) ;
#59 = AXIS2_PLACEMENT_3D ( 'NONE', #1045, #1282, #393 ) ;
#60 = CIRCLE ( 'NONE', #1315, 0.1124999999999999334 ) ;
#61 = EDGE_LOOP ( 'NONE', ( #916, #1129, #145, #129 ) ) ;
#62 = CARTESIAN_POINT ( 'NONE',  ( 0.8507720352764819305, 0.4161833892423547065, -0.1181102400000000052 ) ) ;
#63 = CARTESIAN_POINT ( 'NONE',  ( 0.04294813908881484066, -0.7487753062921251868, -0.1670314417342698421 ) ) ;
#64 = SURFACE_STYLE_FILL_AREA ( #517 ) ;
#65 = CARTESIAN_POINT ( 'NONE',  ( 0.6739548172506319990, 0.3291213278343745885, -0.1580201488927151510 ) ) ;
#66 = ORIENTED_EDGE ( 'NONE', *, *, #1096, .T. ) ;
#67 = CARTESIAN_POINT ( 'NONE',  ( 1.193383006414953318, -0.6890000000000054969, 6.829619984160658046E-17 ) ) ;
#68 = CARTESIAN_POINT ( 'NONE',  ( 0.04291008269965969346, -0.7487776396341481178, -0.06915104111299552603 ) ) ;
#69 = DIRECTION ( 'NONE',  ( 0.0000000000000000000, 0.0000000000000000000, -1.000000000000000000 ) ) ;
#70 = DIRECTION ( 'NONE',  ( 1.000000000000000000, 0.0000000000000000000, 0.0000000000000000000 ) ) ;
#71 = VERTEX_POINT ( 'NONE', #1063 ) ;
#72 = EDGE_CURVE ( 'Edge5', #1224, #725, #532, .T. ) ;
#73 = LENGTH_MEASURE_WITH_UNIT ( LENGTH_MEASURE( 0.02539999999999999897 ), #436 );
#74 = ORIENTED_EDGE ( 'NONE', *, *, #1347, .T. ) ;
#75 = ORIENTED_EDGE ( 'NONE', *, *, #267, .F. ) ;
#76 = DIRECTION ( 'NONE',  ( -0.5000000000000044409, 0.8660254037844361541, -0.0000000000000000000 ) ) ;
#77 = ORIENTED_EDGE ( 'NONE', *, *, #537, .T. ) ;
#78 = LINE ( 'NONE', #1094, #529 ) ;
#79 = CARTESIAN_POINT ( 'NONE',  ( 0.0000000000000000000, 1.377999999999999892, -0.05751842036105049571 ) ) ;
#80 = VERTEX_POINT ( 'NONE', #1341 ) ;
#81 = COLOUR_RGB ( '',0.2509803921568627416, 0.2509803921568627416, 0.2509803921568627416 ) ;
#82 = AXIS2_PLACEMENT_3D ( 'NONE', #360, #1352, #920 ) ;
#83 = SURFACE_STYLE_USAGE ( .BOTH. , #640 ) ;
#84 =( LENGTH_UNIT ( ) NAMED_UNIT ( * ) SI_UNIT ( $, .METRE. ) );
#85 = AXIS2_PLACEMENT_3D ( 'NONE', #451, #236, #1235 ) ;
#86 = EDGE_CURVE ( 'Edge14', #80, #750, #743, .T. ) ;
#87 = FILL_AREA_STYLE ('',( #775 ) ) ;
#88 = CARTESIAN_POINT ( 'NONE',  ( -0.8182917203158521779, 0.4724409450000038313, -0.1181102400000000052 ) ) ;
#89 =( NAMED_UNIT ( * ) SI_UNIT ( $, .STERADIAN. ) SOLID_ANGLE_UNIT ( ) );
#90 = DIRECTION ( 'NONE',  ( -0.5000000000000042188, 0.8660254037844361541, 0.0000000000000000000 ) ) ;
#91 = VERTEX_POINT ( 'NONE', #237 ) ;
#92 = ORIENTED_EDGE ( 'NONE', *, *, #1347, .F. ) ;
#93 = EDGE_CURVE ( 'NONE', #104, #443, #906, .T. ) ;
#94 = CARTESIAN_POINT ( 'NONE',  ( -1.193383006414953096, -0.6890000000000058300, 6.829619984160658046E-17 ) ) ;
#95 = ORIENTED_EDGE ( 'NONE', *, *, #341, .T. ) ;
#96 = CARTESIAN_POINT ( 'NONE',  ( 0.6795584303533331871, 0.3173331683510473011, -0.1181102400000000052 ) ) ;
#97 = PRESENTATION_STYLE_ASSIGNMENT (( #547 ) ) ;
#98 = ORIENTED_EDGE ( 'NONE', *, *, #616, .T. ) ;
#99 = CARTESIAN_POINT ( 'NONE',  ( -0.06290032387633075206, -0.7473581674894309579, -0.1348837083851414931 ) ) ;
#100 = DIRECTION ( 'NONE',  ( 1.000000000000000000, 0.0000000000000000000, 0.0000000000000000000 ) ) ;
#101 = ORIENTED_EDGE ( 'NONE', *, *, #1096, .F. ) ;
#102 = CARTESIAN_POINT ( 'NONE',  ( 0.004294264357259401643, -0.7500000000000002220, -0.1830708699212595381 ) ) ;
#103 = ORIENTED_EDGE ( 'NONE', *, *, #864, .T. ) ;
#104 = VERTEX_POINT ( 'NONE', #345 ) ;
#105 =( LENGTH_UNIT ( ) NAMED_UNIT ( * ) SI_UNIT ( $, .METRE. ) );
#106 = FACE_OUTER_BOUND ( 'NONE', #290, .T. ) ;
#107 = AXIS2_PLACEMENT_3D ( 'NONE', #1310, #874, #426 ) ;
#108 = CARTESIAN_POINT ( 'NONE',  ( -0.01702782336546282069, -0.7498474770214897944, -0.05485260955523395265 ) ) ;
#109 = EDGE_LOOP ( 'NONE', ( #216, #447, #239, #25 ) ) ;
#110 = VECTOR ( 'NONE', #759, 39.37007874015748854 ) ;
#111 = AXIS2_PLACEMENT_3D ( 'NONE', #277, #1269, #836 ) ;
#112 = DIRECTION ( 'NONE',  ( 0.0000000000000000000, 0.0000000000000000000, -1.000000000000000000 ) ) ;
#113 = AXIS2_PLACEMENT_3D ( 'NONE', #510, #1406, #127 ) ;
#114 = AXIS2_PLACEMENT_3D ( 'NONE', #3, #1014, #122 ) ;
#115 = DIRECTION ( 'NONE',  ( 0.8660254037844361541, 0.5000000000000044409, 0.0000000000000000000 ) ) ;
#116 = FACE_OUTER_BOUND ( 'NONE', #942, .T. ) ;
#117 = PLANE ( 'NONE',  #296 ) ;
#118 = ORIENTED_EDGE ( 'NONE', *, *, #308, .T. ) ;
#119 = ORIENTED_EDGE ( 'NONE', *, *, #820, .T. ) ;
#120 = CARTESIAN_POINT ( 'NONE',  ( 0.06249999999999997224, 1.377999999999999892, 0.0000000000000000000 ) ) ;
#121 = CARTESIAN_POINT ( 'NONE',  ( 0.0000000000000000000, 0.0000000000000000000, 0.0000000000000000000 ) ) ;
#122 = DIRECTION ( 'NONE',  ( 1.000000000000000000, 0.0000000000000000000, 0.0000000000000000000 ) ) ;
#123 = ADVANCED_FACE ( 'Face7', ( #230, #452 ), #334, .T. ) ;
#124 = ORIENTED_EDGE ( 'NONE', *, *, #509, .F. ) ;
#125 = ADVANCED_FACE ( 'Face5', ( #2, #570, #1228, #1013, #116 ), #1217, .T. ) ;
#126 = FILL_AREA_STYLE_COLOUR ( '', #736 ) ;
#127 = DIRECTION ( 'NONE',  ( 0.0000000000000000000, 0.0000000000000000000, -1.000000000000000000 ) ) ;
#128 = DIRECTION ( 'NONE',  ( 1.000000000000000000, 0.0000000000000000000, 0.0000000000000000000 ) ) ;
#129 = ORIENTED_EDGE ( 'NONE', *, *, #897, .F. ) ;
#130 = DIMENSIONAL_EXPONENTS ( 1.000000000000000000, 0.0000000000000000000, 0.0000000000000000000, 0.0000000000000000000, 0.0000000000000000000, 0.0000000000000000000, 0.0000000000000000000 ) ;
#131 = LINE ( 'NONE', #1138, #271 ) ;
#132 = CIRCLE ( 'NONE', #624, 0.1124999999999999611 ) ;
#133 = EDGE_CURVE ( 'Edge19', #288, #774, #445, .T. ) ;
#134 = CIRCLE ( 'NONE', #107, 0.06496062992125939406 ) ;
#135 = CIRCLE ( 'NONE', #113, 0.06496062992125939406 ) ;
#136 = CARTESIAN_POINT ( 'NONE',  ( 2.753697675210334656E-16, -0.7500000000000001110, -0.1830708699212595381 ) ) ;
#137 = AXIS2_PLACEMENT_3D ( 'NONE', #289, #849, #1285 ) ;
#138 = CARTESIAN_POINT ( 'NONE',  ( 0.0000000000000000000, 1.377999999999999892, -0.2180721296389495356 ) ) ;
#139 = PRESENTATION_STYLE_ASSIGNMENT (( #1143 ) ) ;
#140 = EDGE_LOOP ( 'NONE', ( #352, #1145 ) ) ;
#141 = VERTEX_POINT ( 'NONE', #1008 ) ;
#142 = CARTESIAN_POINT ( 'NONE',  ( 0.0000000000000000000, 0.0000000000000000000, -0.2755905499999999897 ) ) ;
#143 = LINE ( 'NONE', #595, #405 ) ;
#144 = ORIENTED_EDGE ( 'NONE', *, *, #758, .F. ) ;
#145 = ORIENTED_EDGE ( 'NONE', *, *, #354, .T. ) ;
#146 = DIRECTION ( 'NONE',  ( -0.5000000000000036637, -0.8660254037844367092, 0.0000000000000000000 ) ) ;
#147 = CARTESIAN_POINT ( 'NONE',  ( -0.6758741828122500905, 0.3251148657003289366, -0.08556378775236835044 ) ) ;
#148 = CARTESIAN_POINT ( 'NONE',  ( 0.06325062731237166003, -0.7473352135876363267, -0.1351643559414361095 ) ) ;
#149 = EDGE_CURVE ( 'Edge1', #164, #1054, #1356, .T. ) ;
#150 = VERTEX_POINT ( 'NONE', #895 ) ;
#151 = DIRECTION ( 'NONE',  ( 1.000000000000000000, 0.0000000000000000000, 0.0000000000000000000 ) ) ;
#152 = CARTESIAN_POINT ( 'NONE',  ( -0.6326258622892593220, 0.4028609284572662874, -0.06174827617248614120 ) ) ;
#153 = AXIS2_PLACEMENT_3D ( 'NONE', #1426, #226, #22 ) ;
#154 = AXIS2_PLACEMENT_3D ( 'NONE', #1019, #115, #562 ) ;
#155 = LINE ( 'NONE', #832, #383 ) ;
#156 = CIRCLE ( 'NONE', #250, 0.06249999999999995143 ) ;
#157 = VECTOR ( 'NONE', #252, 39.37007874015748143 ) ;
#158 = ADVANCED_FACE ( 'NONE', ( #106 ), #908, .F. ) ;
#159 = CONICAL_SURFACE ( 'NONE', #338, 0.06249999999999995143, 0.7155849933176755551 ) ;
#160 = FACE_OUTER_BOUND ( 'NONE', #678, .T. ) ;
#161 = ADVANCED_FACE ( 'Face2', ( #1424 ), #1330, .F. ) ;
#162 = ADVANCED_FACE ( 'NONE', ( #579 ), #1020, .T. ) ;
#163 = FACE_OUTER_BOUND ( 'NONE', #677, .T. ) ;
#164 = VERTEX_POINT ( 'NONE', #323 ) ;
#165 = CARTESIAN_POINT ( 'NONE',  ( 0.7500000000000001110, 0.0000000000000000000, -0.2362204699999999880 ) ) ;
#166 = CYLINDRICAL_SURFACE ( 'NONE', #511, 0.6496062999999999699 ) ;
#167 = ORIENTED_EDGE ( 'NONE', *, *, #52, .F. ) ;
#168 = CARTESIAN_POINT ( 'NONE',  ( 0.6516270399762628118, 0.3713491232880117843, -0.05314808542854786155 ) ) ;
#169 = DIRECTION ( 'NONE',  ( -0.0000000000000000000, -0.0000000000000000000, -1.000000000000000000 ) ) ;
#170 = ADVANCED_FACE ( 'NONE', ( #777 ), #1126, .F. ) ;
#171 = DIRECTION ( 'NONE',  ( 1.000000000000000000, 0.0000000000000000000, 0.0000000000000000000 ) ) ;
#172 = DIRECTION ( 'NONE',  ( 1.000000000000000000, 0.0000000000000000000, 0.0000000000000000000 ) ) ;
#173 = EDGE_CURVE ( 'Edge23', #610, #288, #1304, .T. ) ;
#174 = CARTESIAN_POINT ( 'NONE',  ( -1.193383006414953096, -0.6890000000000058300, -0.2755905499999999897 ) ) ;
#175 = CARTESIAN_POINT ( 'NONE',  ( 0.6758618096582338364, 0.3251405468789700381, -0.08551639793296460235 ) ) ;
#176 = CARTESIAN_POINT ( 'NONE',  ( 0.6288417743266667692, 0.4087425991539767045, -0.1698097638863357295 ) ) ;
#177 = LINE ( 'NONE', #1173, #977 ) ;
#178 = CARTESIAN_POINT ( 'NONE',  ( -0.6220048394571471295, 0.4191013288247647517, -0.1580201488927151510 ) ) ;
#179 = PRESENTATION_LAYER_ASSIGNMENT (  '', '', ( #672 ) ) ;
#180 = APPLICATION_PROTOCOL_DEFINITION ( 'draft international standard', 'automotive_design', 1998, #542 ) ;
#181 = VECTOR ( 'NONE', #191, 39.37007874015748854 ) ;
#182 = CARTESIAN_POINT ( 'NONE',  ( 0.6684364293210469654, 0.3401547027706969817, -0.1697524965453919843 ) ) ;
#183 = AXIS2_PLACEMENT_3D ( 'NONE', #499, #943, #172 ) ;
#184 = PRESENTATION_LAYER_ASSIGNMENT (  '', '', ( #320 ) ) ;
#185 = LINE ( 'NONE', #62, #950 ) ;
#186 = CARTESIAN_POINT ( 'NONE',  ( -0.6788292496407394294, 0.3189066604578663089, -0.1352273929013633191 ) ) ;
#187 = DIRECTION ( 'NONE',  ( 1.000000000000000000, 0.0000000000000000000, 0.0000000000000000000 ) ) ;
#188 = ORIENTED_EDGE ( 'NONE', *, *, #229, .F. ) ;
#189 = ORIENTED_EDGE ( 'NONE', *, *, #1385, .T. ) ;
#190 = DIRECTION ( 'NONE',  ( -0.0000000000000000000, -0.0000000000000000000, 1.000000000000000000 ) ) ;
#191 = DIRECTION ( 'NONE',  ( -0.8660254037844364872, 0.5000000000000037748, -0.0000000000000000000 ) ) ;
#192 = CARTESIAN_POINT ( 'NONE',  ( -0.8182917203158521779, 0.4724409450000038313, -0.1181102400000000052 ) ) ;
#193 = CARTESIAN_POINT ( 'NONE',  ( 1.255883006414953318, -0.6890000000000054969, -0.05751842036105049571 ) ) ;
#194 = CARTESIAN_POINT ( 'NONE',  ( -0.06249999999999997224, 1.377999999999999892, 0.0000000000000000000 ) ) ;
#195 = ORIENTED_EDGE ( 'NONE', *, *, #910, .T. ) ;
#196 = DIRECTION ( 'NONE',  ( 0.6560590289905068317, 0.0000000000000000000, 0.7547095802227723471 ) ) ;
#197 = CARTESIAN_POINT ( 'NONE',  ( 1.130883006414953318, -0.6890000000000054969, 0.0000000000000000000 ) ) ;
#198 = CARTESIAN_POINT ( 'NONE',  ( 0.0000000000000000000, 0.0000000000000000000, 0.0000000000000000000 ) ) ;
#199 = UNCERTAINTY_MEASURE_WITH_UNIT (LENGTH_MEASURE( 1.000000000000000082E-05 ), #637, 'distance_accuracy_value', 'NONE');
#200 = AXIS2_PLACEMENT_3D ( 'NONE', #380, #1372, #940 ) ;
#201 = AXIS2_PLACEMENT_3D ( 'NONE', #1003, #1237, #463 ) ;
#202 = PRESENTATION_LAYER_ASSIGNMENT (  '', '', ( #1225 ) ) ;
#203 = CARTESIAN_POINT ( 'NONE',  ( 0.0000000000000000000, 0.0000000000000000000, -0.2362204699999999880 ) ) ;
#204 = EDGE_CURVE ( 'NONE', #725, #1194, #1407, .T. ) ;
#205 = AXIS2_PLACEMENT_3D ( 'NONE', #1388, #112, #1208 ) ;
#206 = CIRCLE ( 'NONE', #1021, 1.496050000000000102 ) ;
#207 = VECTOR ( 'NONE', #1298, 39.37007874015748143 ) ;
#208 =( LENGTH_UNIT ( ) NAMED_UNIT ( * ) SI_UNIT ( $, .METRE. ) );
#209 = CARTESIAN_POINT ( 'NONE',  ( -0.05640559759613911900, -0.7478796521904543804, -0.1506108453720300389 ) ) ;
#210 = EDGE_CURVE ( 'Edge13', #892, #1115, #581, .T. ) ;
#211 = DIRECTION ( 'NONE',  ( 0.8660254037844362651, 0.5000000000000045519, -0.0000000000000000000 ) ) ;
#212 = B_SPLINE_CURVE_WITH_KNOTS ( 'NONE', 3,
 ( #871, #1409, #1080, #1175, #178, #625, #292, #1289, #851, #399, #1299, #303, #860, #631, #788, #1219, #340, #1038, #1397, #404, #856, #741, #1183, #186, #415, #1404 ),
 .UNSPECIFIED., .F., .F.,
 ( 4, 2, 2, 2, 2, 2, 2, 2, 2, 2, 2, 2, 4 ),
 ( 0.005161068146131826684, 0.005806051757352766012, 0.006451035368573706207, 0.006773527174184177171, 0.007096018979794649004, 0.007418510785405119101, 0.007741002591015590933, 0.008063494396626062766, 0.008385986202236534598, 0.008708478007847006430, 0.009030969813457476528, 0.009675953424678418457, 0.01032093703589936212 ),
 .UNSPECIFIED. ) ;
#213 = DIMENSIONAL_EXPONENTS ( 1.000000000000000000, 0.0000000000000000000, 0.0000000000000000000, 0.0000000000000000000, 0.0000000000000000000, 0.0000000000000000000, 0.0000000000000000000 ) ;
#214 = VERTEX_POINT ( 'NONE', #193 ) ;
#215 = CARTESIAN_POINT ( 'NONE',  ( -1.305883006414952918, -0.6890000000000058300, 6.829619984160658046E-17 ) ) ;
#216 = ORIENTED_EDGE ( 'NONE', *, *, #1286, .F. ) ;
#217 = LENGTH_MEASURE_WITH_UNIT ( LENGTH_MEASURE( 0.02539999999999999897 ), #105 );
#218 = DIRECTION ( 'NONE',  ( -0.0000000000000000000, -0.0000000000000000000, 1.000000000000000000 ) ) ;
#219 = CARTESIAN_POINT ( 'NONE',  ( -0.04889850588523501906, -0.7484102798390179778, -0.07513642295372119362 ) ) ;
#220 = ORIENTED_EDGE ( 'NONE', *, *, #888, .T. ) ;
#221 = VERTEX_POINT ( 'NONE', #1187 ) ;
#222 =( CONVERSION_BASED_UNIT ( 'INCH', #665 ) LENGTH_UNIT ( ) NAMED_UNIT ( #814 ) );
#223 =( LENGTH_UNIT ( ) NAMED_UNIT ( * ) SI_UNIT ( $, .METRE. ) );
#224 = MECHANICAL_DESIGN_GEOMETRIC_PRESENTATION_REPRESENTATION (  '', ( #672 ), #1222 ) ;
#225 = DIRECTION ( 'NONE',  ( 1.000000000000000000, 0.0000000000000000000, -0.0000000000000000000 ) ) ;
#226 = DIRECTION ( 'NONE',  ( 0.0000000000000000000, 0.0000000000000000000, 1.000000000000000000 ) ) ;
#227 = VECTOR ( 'NONE', #865, 39.37007874015748143 ) ;
#228 = ORIENTED_EDGE ( 'NONE', *, *, #608, .F. ) ;
#229 = EDGE_CURVE ( 'NONE', #164, #150, #754, .T. ) ;
#230 = FACE_OUTER_BOUND ( 'NONE', #1025, .T. ) ;
#231 = FACE_OUTER_BOUND ( 'NONE', #1110, .T. ) ;
#232 = PRODUCT_CONTEXT ( 'NONE', #1165, 'mechanical' ) ;
#233 = SURFACE_STYLE_FILL_AREA ( #684 ) ;
#234 = CARTESIAN_POINT ( 'NONE',  ( -0.2383426241767917786, 1.476942245316491542, 0.0000000000000000000 ) ) ;
#235 = ORIENTED_EDGE ( 'NONE', *, *, #267, .T. ) ;
#236 = DIRECTION ( 'NONE',  ( 0.0000000000000000000, 0.0000000000000000000, -1.000000000000000000 ) ) ;
#237 = CARTESIAN_POINT ( 'NONE',  ( -1.130883006414953096, -0.6890000000000058300, -0.2180721296389495356 ) ) ;
#238 = ORIENTED_EDGE ( 'NONE', *, *, #519, .F. ) ;
#239 = ORIENTED_EDGE ( 'NONE', *, *, #1205, .T. ) ;
#240 = CARTESIAN_POINT ( 'NONE',  ( 1.193383006414953318, -0.6890000000000054969, 6.829619984160658046E-17 ) ) ;
#241 = ORIENTED_EDGE ( 'NONE', *, *, #682, .T. ) ;
#242 = EDGE_LOOP ( 'NONE', ( #1048, #490, #712, #898 ) ) ;
#243 = EDGE_LOOP ( 'NONE', ( #700, #465, #1092, #103 ) ) ;
#244 =( NAMED_UNIT ( * ) PLANE_ANGLE_UNIT ( ) SI_UNIT ( $, .RADIAN. ) );
#245 = EDGE_LOOP ( 'NONE', ( #621, #488, #66, #1120 ) ) ;
#246 = CARTESIAN_POINT ( 'NONE',  ( -1.080883006414953051, -0.6890000000000058300, -0.2755905499999999897 ) ) ;
#247 = UNCERTAINTY_MEASURE_WITH_UNIT (LENGTH_MEASURE( 1.000000000000000082E-05 ), #444, 'distance_accuracy_value', 'NONE');
#248 =( CONVERSION_BASED_UNIT ( 'INCH', #691 ) LENGTH_UNIT ( ) NAMED_UNIT ( #213 ) );
#249 = FACE_BOUND ( 'NONE', #1346, .T. ) ;
#250 = AXIS2_PLACEMENT_3D ( 'NONE', #951, #190, #1185 ) ;
#251 = VERTEX_POINT ( 'NONE', #858 ) ;
#252 = DIRECTION ( 'NONE',  ( -0.5000000000000037748, -0.8660254037844364872, 0.0000000000000000000 ) ) ;
#253 = AXIS2_PLACEMENT_3D ( 'NONE', #986, #1414, #90 ) ;
#254 = COLOUR_RGB ( '',0.2509803921568627416, 0.2509803921568627416, 0.2509803921568627416 ) ;
#255 = ORIENTED_EDGE ( 'NONE', *, *, #8, .T. ) ;
#256 = CARTESIAN_POINT ( 'NONE',  ( 0.06287954379214683032, -0.7473599244099236039, -0.1012550882179311385 ) ) ;
#257 = AXIS2_PLACEMENT_3D ( 'NONE', #784, #329, #1032 ) ;
#258 = CARTESIAN_POINT ( 'NONE',  ( 1.080883006414953273, -0.6890000000000054969, -0.2755905499999999897 ) ) ;
#259 = ORIENTED_EDGE ( 'NONE', *, *, #729, .F. ) ;
#260 = ORIENTED_EDGE ( 'NONE', *, *, #332, .F. ) ;
#261 = ADVANCED_FACE ( 'NONE', ( #410 ), #1399, .F. ) ;
#262 = CARTESIAN_POINT ( 'NONE',  ( -0.6795584303533335202, 0.3173331683510465795, -0.1181102399999999913 ) ) ;
#263 = CARTESIAN_POINT ( 'NONE',  ( 0.01687613503179783564, -0.7498216725457533816, -0.05523648141976204157 ) ) ;
#264 = CYLINDRICAL_SURFACE ( 'NONE', #584, 0.7500000000000001110 ) ;
#265 = CARTESIAN_POINT ( 'NONE',  ( -0.6409374544256574158, 0.3895080815403202945, -0.05523070004779426223 ) ) ;
#266 = CARTESIAN_POINT ( 'NONE',  ( -0.6496062999999999699, 7.955382760009552271E-17, -0.2755905499999999897 ) ) ;
#267 = EDGE_CURVE ( 'NONE', #221, #38, #837, .T. ) ;
#268 = DIRECTION ( 'NONE',  ( 1.000000000000000000, 0.0000000000000000000, 0.0000000000000000000 ) ) ;
#269 = CARTESIAN_POINT ( 'NONE',  ( 0.0000000000000000000, 1.377999999999999892, 6.829619984160658046E-17 ) ) ;
#270 = MECHANICAL_DESIGN_GEOMETRIC_PRESENTATION_REPRESENTATION (  '', ( #1040 ), #457 ) ;
#271 = VECTOR ( 'NONE', #689, 39.37007874015748143 ) ;
#272 = DIRECTION ( 'NONE',  ( 0.0000000000000000000, 0.0000000000000000000, 1.000000000000000000 ) ) ;
#273 = ORIENTED_EDGE ( 'NONE', *, *, #897, .T. ) ;
#274 = VECTOR ( 'NONE', #311, 39.37007874015748143 ) ;
#275 = CARTESIAN_POINT ( 'NONE',  ( 0.6286516453658314019, 0.4090637405088204392, -0.06617807013998762422 ) ) ;
#276 = VECTOR ( 'NONE', #422, 39.37007874015748143 ) ;
#277 = CARTESIAN_POINT ( 'NONE',  ( 0.0000000000000000000, 0.0000000000000000000, -0.2755905499999999897 ) ) ;
#278 = ORIENTED_EDGE ( 'NONE', *, *, #308, .F. ) ;
#279 = CARTESIAN_POINT ( 'NONE',  ( 0.0000000000000000000, 0.0000000000000000000, -0.2755905499999999897 ) ) ;
#280 = DIRECTION ( 'NONE',  ( -0.0000000000000000000, -0.0000000000000000000, 1.000000000000000000 ) ) ;
#281 = CARTESIAN_POINT ( 'NONE',  ( 0.6781454553689504339, 0.3203457745759463737, -0.09718421138695573780 ) ) ;
#282 = CARTESIAN_POINT ( 'NONE',  ( 0.6192936986755531725, 0.4230672795584072832, -0.1508517755123616466 ) ) ;
#283 = CARTESIAN_POINT ( 'NONE',  ( 1.398240816454911162, -0.5320603553164835464, -0.2755905499999999897 ) ) ;
#284 = EDGE_CURVE ( 'Edge4', #1107, #1255, #535, .T. ) ;
#285 = DIRECTION ( 'NONE',  ( 1.000000000000000000, 2.503857663935954485E-16, -0.0000000000000000000 ) ) ;
#286 = CARTESIAN_POINT ( 'NONE',  ( 0.6795584303533331871, 0.3173331683510473011, -0.1181102400000000052 ) ) ;
#287 = CARTESIAN_POINT ( 'NONE',  ( 0.6634721062104751432, 0.3497430766650184708, -0.1764684678550149377 ) ) ;
#288 = VERTEX_POINT ( 'NONE', #401 ) ;
#289 = CARTESIAN_POINT ( 'NONE',  ( 2.731847993664263218E-16, -0.9448818899999998910, -0.1181102400000000052 ) ) ;
#290 = EDGE_LOOP ( 'NONE', ( #1034, #92, #997, #31 ) ) ;
#291 = LINE ( 'NONE', #605, #362 ) ;
#292 = CARTESIAN_POINT ( 'NONE',  ( -0.6288008284766879452, 0.4088055772216452888, -0.1697524965453919288 ) ) ;
#293 = VECTOR ( 'NONE', #785, 39.37007874015748143 ) ;
#294 = DIRECTION ( 'NONE',  ( 1.000000000000000000, 0.0000000000000000000, 0.0000000000000000000 ) ) ;
#295 = AXIS2_PLACEMENT_3D ( 'NONE', #440, #369, #642 ) ;
#296 = AXIS2_PLACEMENT_3D ( 'NONE', #1127, #674, #225 ) ;
#297 = CARTESIAN_POINT ( 'NONE',  ( -1.193383006414953096, -0.6890000000000058300, -0.2755905499999999897 ) ) ;
#298 = CARTESIAN_POINT ( 'NONE',  ( -1.130883006414953096, -0.6890000000000058300, 0.0000000000000000000 ) ) ;
#299 = DIRECTION ( 'NONE',  ( -0.0000000000000000000, -0.0000000000000000000, 1.000000000000000000 ) ) ;
#300 = VERTEX_POINT ( 'NONE', #853 ) ;
#301 =( NAMED_UNIT ( * ) SI_UNIT ( $, .STERADIAN. ) SOLID_ANGLE_UNIT ( ) );
#302 = CARTESIAN_POINT ( 'NONE',  ( 0.6496062999999999699, 0.0000000000000000000, -0.2755905499999999897 ) ) ;
#303 = CARTESIAN_POINT ( 'NONE',  ( -0.6452070136359734365, 0.3823939747180075122, -0.1826435179173778178 ) ) ;
#304 = DIRECTION ( 'NONE',  ( 0.0000000000000000000, 0.0000000000000000000, 1.000000000000000000 ) ) ;
#305 = CARTESIAN_POINT ( 'NONE',  ( 0.01682223733911355004, -0.7498228218417385404, -0.1809976364251210945 ) ) ;
#306 = VERTEX_POINT ( 'NONE', #1291 ) ;
#307 = FILL_AREA_STYLE ('',( #126 ) ) ;
#308 = EDGE_CURVE ( 'NONE', #598, #527, #13, .T. ) ;
#309 = DIRECTION ( 'NONE',  ( -0.5000000000000037748, -0.8660254037844364872, 0.0000000000000000000 ) ) ;
#310 = ORIENTED_EDGE ( 'NONE', *, *, #1325, .F. ) ;
#311 = DIRECTION ( 'NONE',  ( -0.0000000000000000000, -0.0000000000000000000, -1.000000000000000000 ) ) ;
#312 = CARTESIAN_POINT ( 'NONE',  ( 0.05636199028632644242, -0.7478829345244689675, -0.08553541980426029867 ) ) ;
#313 = CARTESIAN_POINT ( 'NONE',  ( 0.0000000000000000000, 1.377999999999999892, 6.829619984160658046E-17 ) ) ;
#314 = VECTOR ( 'NONE', #1024, 39.37007874015748854 ) ;
#315 = DIRECTION ( 'NONE',  ( 1.000000000000000000, 0.0000000000000000000, 0.0000000000000000000 ) ) ;
#316 = LENGTH_MEASURE_WITH_UNIT ( LENGTH_MEASURE( 0.02539999999999999897 ), #208 );
#317 = VECTOR ( 'NONE', #840, 39.37007874015748143 ) ;
#318 = CARTESIAN_POINT ( 'NONE',  ( -0.03997949129405749952, -0.7489576867448913822, -0.1700073153696191608 ) ) ;
#319 = AXIS2_PLACEMENT_3D ( 'NONE', #1159, #711, #268 ) ;
#320 = STYLED_ITEM ( 'NONE', ( #989 ), #866 ) ;
#321 =( NAMED_UNIT ( * ) PLANE_ANGLE_UNIT ( ) SI_UNIT ( $, .RADIAN. ) );
#322 = ORIENTED_EDGE ( 'NONE', *, *, #1097, .T. ) ;
#323 = CARTESIAN_POINT ( 'NONE',  ( 0.6496062999999999699, 0.0000000000000000000, -0.2755905499999999897 ) ) ;
#324 = ORIENTED_EDGE ( 'NONE', *, *, #328, .F. ) ;
#325 = CARTESIAN_POINT ( 'NONE',  ( -0.05835824324064921992, -0.7477278894607379822, -0.08926060881914574252 ) ) ;
#326 = ORIENTED_EDGE ( 'NONE', *, *, #1098, .T. ) ;
#327 =( CONVERSION_BASED_UNIT ( 'INCH', #73 ) LENGTH_UNIT ( ) NAMED_UNIT ( #478 ) );
#328 = EDGE_CURVE ( 'NONE', #214, #675, #1379, .T. ) ;
#329 = DIRECTION ( 'NONE',  ( -0.0000000000000000000, -1.000000000000000000, -0.0000000000000000000 ) ) ;
#330 = CARTESIAN_POINT ( 'NONE',  ( 1.193383006414953318, -0.6890000000000054969, 6.829619984160658046E-17 ) ) ;
#331 = CYLINDRICAL_SURFACE ( 'NONE', #407, 0.06249999999999997224 ) ;
#332 = EDGE_CURVE ( 'Edge18', #576, #538, #46, .T. ) ;
#333 = CARTESIAN_POINT ( 'NONE',  ( 1.193383006414953318, -0.6890000000000054969, 0.0000000000000000000 ) ) ;
#334 = PLANE ( 'NONE',  #1251 ) ;
#335 = DIRECTION ( 'NONE',  ( 1.000000000000000000, 0.0000000000000000000, 0.0000000000000000000 ) ) ;
#336 = ORIENTED_EDGE ( 'NONE', *, *, #72, .F. ) ;
#337 = UNCERTAINTY_MEASURE_WITH_UNIT (LENGTH_MEASURE( 1.000000000000000082E-05 ), #1311, 'distance_accuracy_value', 'NONE');
#338 = AXIS2_PLACEMENT_3D ( 'NONE', #919, #69, #633 ) ;
#339 = PRESENTATION_STYLE_ASSIGNMENT (( #798 ) ) ;
#340 = CARTESIAN_POINT ( 'NONE',  ( -0.6597241070067415558, 0.3567626850793351179, -0.1797654506001291341 ) ) ;
#341 = EDGE_CURVE ( 'Edge20', #300, #150, #1195, .T. ) ;
#342 = EDGE_LOOP ( 'NONE', ( #1261, #903 ) ) ;
#343 = PRODUCT ( 'C60-FW', 'C60-FW', '', ( #232 ) ) ;
#344 = CARTESIAN_POINT ( 'NONE',  ( 0.06249999999999995143, 1.377999999999999892, -0.2180721296389495356 ) ) ;
#345 = CARTESIAN_POINT ( 'NONE',  ( 1.305883006414953140, -0.6890000000000054969, -0.2755905499999999897 ) ) ;
#346 = CARTESIAN_POINT ( 'NONE',  ( 0.0000000000000000000, 0.0000000000000000000, -0.2362204699999999880 ) ) ;
#347 = VERTEX_POINT ( 'NONE', #721 ) ;
#348 =( NAMED_UNIT ( * ) SI_UNIT ( $, .STERADIAN. ) SOLID_ANGLE_UNIT ( ) );
#349 = ORIENTED_EDGE ( 'NONE', *, *, #888, .F. ) ;
#350 = CARTESIAN_POINT ( 'NONE',  ( -1.193383006414953096, -0.6890000000000058300, 6.829619984160658046E-17 ) ) ;
#351 = DIRECTION ( 'NONE',  ( 1.000000000000000000, 0.0000000000000000000, 0.0000000000000000000 ) ) ;
#352 = ORIENTED_EDGE ( 'NONE', *, *, #644, .T. ) ;
#353 = EDGE_CURVE ( 'Edge2', #774, #1104, #385, .T. ) ;
#354 = EDGE_CURVE ( 'Edge13', #1115, #892, #699, .T. ) ;
#355 = CARTESIAN_POINT ( 'NONE',  ( 1.636583440631716346, -0.9448818899999994469, -0.2755905499999999897 ) ) ;
#356 = VERTEX_POINT ( 'NONE', #495 ) ;
#357 = CARTESIAN_POINT ( 'NONE',  ( -0.7500000000000001110, 9.184850993605150903E-17, -0.2362204699999999880 ) ) ;
#358 = CARTESIAN_POINT ( 'NONE',  ( 0.05193221739902931927, -0.7482239321568453505, -0.1580439475412312167 ) ) ;
#359 =( NAMED_UNIT ( * ) SI_UNIT ( $, .STERADIAN. ) SOLID_ANGLE_UNIT ( ) );
#360 = CARTESIAN_POINT ( 'NONE',  ( 1.193383006414953318, -0.6890000000000054969, 0.0000000000000000000 ) ) ;
#361 = EDGE_CURVE ( 'Edge1', #1054, #164, #1179, .T. ) ;
#362 = VECTOR ( 'NONE', #710, 39.37007874015748143 ) ;
#363 = ORIENTED_EDGE ( 'NONE', *, *, #1027, .T. ) ;
#364 = CONICAL_SURFACE ( 'NONE', #1419, 0.06249999999999995143, 0.7155849933176752220 ) ;
#365 =( GEOMETRIC_REPRESENTATION_CONTEXT ( 3 ) GLOBAL_UNCERTAINTY_ASSIGNED_CONTEXT ( ( #199 ) ) GLOBAL_UNIT_ASSIGNED_CONTEXT ( ( #637, #543, #1108 ) ) REPRESENTATION_CONTEXT ( 'NONE', 'WORKASPACE' ) );
#366 = CARTESIAN_POINT ( 'NONE',  ( -0.6786758033039438365, 0.3192175448226506895, -0.1012880114975334978 ) ) ;
#367 =( GEOMETRIC_REPRESENTATION_CONTEXT ( 3 ) GLOBAL_UNCERTAINTY_ASSIGNED_CONTEXT ( ( #1118 ) ) GLOBAL_UNIT_ASSIGNED_CONTEXT ( ( #1210, #321, #638 ) ) REPRESENTATION_CONTEXT ( 'NONE', 'WORKASPACE' ) );
#368 = VECTOR ( 'NONE', #1263, 39.37007874015748143 ) ;
#369 = DIRECTION ( 'NONE',  ( -0.0000000000000000000, -0.0000000000000000000, 1.000000000000000000 ) ) ;
#370 = ORIENTED_EDGE ( 'NONE', *, *, #93, .T. ) ;
#371 = DIRECTION ( 'NONE',  ( 1.000000000000000000, 0.0000000000000000000, 0.0000000000000000000 ) ) ;
#372 = ORIENTED_EDGE ( 'NONE', *, *, #670, .T. ) ;
#373 = ADVANCED_FACE ( 'NONE', ( #160 ), #793, .F. ) ;
#374 = CARTESIAN_POINT ( 'NONE',  ( -0.6685854137306367351, 0.3398964247632919600, -0.06617807013998761034 ) ) ;
#375 = DIRECTION ( 'NONE',  ( 0.0000000000000000000, 0.0000000000000000000, 1.000000000000000000 ) ) ;
#376 = DIRECTION ( 'NONE',  ( 1.000000000000000000, 0.0000000000000000000, 0.0000000000000000000 ) ) ;
#377 = EDGE_CURVE ( 'NONE', #1287, #473, #1316, .T. ) ;
#378 = DIRECTION ( 'NONE',  ( 0.0000000000000000000, 0.0000000000000000000, 1.000000000000000000 ) ) ;
#379 = CARTESIAN_POINT ( 'NONE',  ( 0.6183625920427234801, 0.4244176976232016396, -0.08929446320316460073 ) ) ;
#380 = CARTESIAN_POINT ( 'NONE',  ( 0.0000000000000000000, 1.377999999999999892, -0.05751842036105049571 ) ) ;
#381 = EDGE_LOOP ( 'NONE', ( #220, #370 ) ) ;
#382 = FACE_BOUND ( 'NONE', #658, .T. ) ;
#383 = VECTOR ( 'NONE', #378, 39.37007874015748143 ) ;
#384 = CARTESIAN_POINT ( 'NONE',  ( -1.255883006414952874, -0.6890000000000058300, 0.0000000000000000000 ) ) ;
#385 = CIRCLE ( 'NONE', #111, 1.496050000000000102 ) ;
#386 = CARTESIAN_POINT ( 'NONE',  ( 0.8182917203158509567, 0.4724409450000041089, 0.0000000000000000000 ) ) ;
#387 = STYLED_ITEM ( 'NONE', ( #97 ), #170 ) ;
#388 = CARTESIAN_POINT ( 'NONE',  ( 0.6577926208060833613, 0.3603140769993961601, -0.05523070004779427611 ) ) ;
#389 = CIRCLE ( 'NONE', #880, 0.06249999999999995143 ) ;
#390 = PRODUCT_DEFINITION_CONTEXT ( 'detailed design', #542, 'design' ) ;
#391 = CARTESIAN_POINT ( 'NONE',  ( 0.6145978004320730159, 0.4298482798663474935, -0.1181102400000000191 ) ) ;
#392 = CARTESIAN_POINT ( 'NONE',  ( -0.6236593846679618913, 0.4166031771808436646, -0.07520020735727281358 ) ) ;
#393 = DIRECTION ( 'NONE',  ( 1.000000000000000000, 0.0000000000000000000, 0.0000000000000000000 ) ) ;
#394 = ORIENTED_EDGE ( 'NONE', *, *, #1333, .F. ) ;
#395 = DIRECTION ( 'NONE',  ( -0.0000000000000000000, -0.0000000000000000000, 1.000000000000000000 ) ) ;
#396 = LINE ( 'NONE', #1386, #1124 ) ;
#397 = CARTESIAN_POINT ( 'NONE',  ( 0.6516889273394209647, 0.3712410794668316028, -0.1830674775699440426 ) ) ;
#398 = CARTESIAN_POINT ( 'NONE',  ( -0.7858114053552220923, 0.5286985007576540108, -0.1181102400000000052 ) ) ;
#399 = CARTESIAN_POINT ( 'NONE',  ( -0.6387778603818797807, 0.3930372761970866713, -0.1797328794670908225 ) ) ;
#400 = CYLINDRICAL_SURFACE ( 'NONE', #137, 0.06496062992125953284 ) ;
#401 = CARTESIAN_POINT ( 'NONE',  ( 1.159898192278110640, -0.9448818899999995580, 0.0000000000000000000 ) ) ;
#402 = ORIENTED_EDGE ( 'NONE', *, *, #632, .T. ) ;
#403 = CARTESIAN_POINT ( 'NONE',  ( -0.6221570071276872893, 0.4188391331539793594, -0.07848207585034557010 ) ) ;
#404 = CARTESIAN_POINT ( 'NONE',  ( -0.6684023616395534662, 0.3402216519507921810, -0.1698097638863356740 ) ) ;
#405 = VECTOR ( 'NONE', #1007, 39.37007874015748854 ) ;
#406 = CONICAL_SURFACE ( 'NONE', #26, 0.1124999999999999611, 0.7155849933176740008 ) ;
#407 = AXIS2_PLACEMENT_3D ( 'NONE', #1331, #442, #1425 ) ;
#408 = LENGTH_MEASURE_WITH_UNIT ( LENGTH_MEASURE( 0.02539999999999999897 ), #646 );
#409 = VECTOR ( 'NONE', #1376, 39.37007874015748143 ) ;
#410 = FACE_OUTER_BOUND ( 'NONE', #109, .T. ) ;
#411 = PRESENTATION_LAYER_ASSIGNMENT (  '', '', ( #1040 ) ) ;
#412 = ADVANCED_FACE ( 'Face6', ( #1366, #934, #486 ), #30, .F. ) ;
#413 = CARTESIAN_POINT ( 'NONE',  ( -0.6165003064622436302, 0.4271183045225097064, -0.09718421138695572392 ) ) ;
#414 = ADVANCED_FACE ( 'Face6', ( #1154, #708 ), #264, .F. ) ;
#415 = CARTESIAN_POINT ( 'NONE',  ( -0.6795584303533336312, 0.3173331683510466350, -0.1266967756682031154 ) ) ;
#416 = ORIENTED_EDGE ( 'NONE', *, *, #1069, .F. ) ;
#417 = ORIENTED_EDGE ( 'NONE', *, *, #958, .T. ) ;
#418 = CYLINDRICAL_SURFACE ( 'NONE', #257, 0.06496062992125953284 ) ;
#419 = DIRECTION ( 'NONE',  ( 1.000000000000000000, 2.503857663935954485E-16, -0.0000000000000000000 ) ) ;
#420 = FACE_OUTER_BOUND ( 'NONE', #667, .T. ) ;
#421 = ORIENTED_EDGE ( 'NONE', *, *, #1082, .T. ) ;
#422 = DIRECTION ( 'NONE',  ( -0.6560590289905073869, 0.0000000000000000000, -0.7547095802227719030 ) ) ;
#423 = ORIENTED_EDGE ( 'NONE', *, *, #945, .T. ) ;
#424 = SURFACE_STYLE_USAGE ( .BOTH. , #872 ) ;
#425 = ADVANCED_FACE ( 'NONE', ( #1362 ), #1423, .F. ) ;
#426 = DIRECTION ( 'NONE',  ( -0.5000000000000051070, 0.8660254037844357100, 0.0000000000000000000 ) ) ;
#427 = EDGE_CURVE ( 'Edge15', #545, #1163, #1044, .T. ) ;
#428 = LINE ( 'NONE', #878, #274 ) ;
#429 = SURFACE_SIDE_STYLE ('',( #883 ) ) ;
#430 = FILL_AREA_STYLE ('',( #884 ) ) ;
#431 = CONICAL_SURFACE ( 'NONE', #530, 0.06249999999999995143, 0.7155849933176752220 ) ;
#432 = CARTESIAN_POINT ( 'NONE',  ( -0.06453327681217903289, -0.7472189421076342875, -0.1095508451935987143 ) ) ;
#433 = AXIS2_PLACEMENT_3D ( 'NONE', #802, #218, #1211 ) ;
#434 = VECTOR ( 'NONE', #645, 39.37007874015748143 ) ;
#435 = VERTEX_POINT ( 'NONE', #1149 ) ;
#436 =( LENGTH_UNIT ( ) NAMED_UNIT ( * ) SI_UNIT ( $, .METRE. ) );
#437 = STYLED_ITEM ( 'NONE', ( #339 ), #1152 ) ;
#438 = VERTEX_POINT ( 'NONE', #704 ) ;
#439 = SURFACE_SIDE_STYLE ('',( #893 ) ) ;
#440 = CARTESIAN_POINT ( 'NONE',  ( -1.193383006414953096, -0.6890000000000058300, -0.2180721296389495356 ) ) ;
#441 = CARTESIAN_POINT ( 'NONE',  ( 0.0000000000000000000, 0.0000000000000000000, -0.2755905499999999897 ) ) ;
#442 = DIRECTION ( 'NONE',  ( -0.0000000000000000000, -0.0000000000000000000, 1.000000000000000000 ) ) ;
#443 = VERTEX_POINT ( 'NONE', #258 ) ;
#444 =( CONVERSION_BASED_UNIT ( 'INCH', #1427 ) LENGTH_UNIT ( ) NAMED_UNIT ( #921 ) );
#445 = LINE ( 'NONE', #792, #293 ) ;
#446 = FACE_BOUND ( 'NONE', #381, .T. ) ;
#447 = ORIENTED_EDGE ( 'NONE', *, *, #1229, .T. ) ;
#448 = CARTESIAN_POINT ( 'NONE',  ( 0.8182917203158519559, 0.4724409450000047750, -0.1181102400000000052 ) ) ;
#449 = PRODUCT_DEFINITION ( 'UNKNOWN', '', #1270, #390 ) ;
#450 = ORIENTED_EDGE ( 'NONE', *, *, #1223, .T. ) ;
#451 = CARTESIAN_POINT ( 'NONE',  ( -1.193383006414953096, -0.6890000000000058300, -0.2180721296389495356 ) ) ;
#452 = FACE_BOUND ( 'NONE', #873, .T. ) ;
#453 = CARTESIAN_POINT ( 'NONE',  ( 0.6145978004320730159, 0.4298482798663474935, -0.1181102400000000191 ) ) ;
#454 = PRESENTATION_LAYER_ASSIGNMENT (  '', '', ( #387 ) ) ;
#455 = LINE ( 'NONE', #526, #1377 ) ;
#456 = DIRECTION ( 'NONE',  ( -0.0000000000000000000, -0.0000000000000000000, 1.000000000000000000 ) ) ;
#457 =( GEOMETRIC_REPRESENTATION_CONTEXT ( 3 ) GLOBAL_UNCERTAINTY_ASSIGNED_CONTEXT ( ( #1067 ) ) GLOBAL_UNIT_ASSIGNED_CONTEXT ( ( #327, #663, #503 ) ) REPRESENTATION_CONTEXT ( 'NONE', 'WORKASPACE' ) );
#458 = ADVANCED_FACE ( 'Face3', ( #1254 ), #816, .F. ) ;
#459 =( LENGTH_UNIT ( ) NAMED_UNIT ( * ) SI_UNIT ( $, .METRE. ) );
#460 = EDGE_LOOP ( 'NONE', ( #278, #14, #1113, #496 ) ) ;
#461 = EDGE_CURVE ( 'NONE', #288, #1234, #603, .T. ) ;
#462 = CARTESIAN_POINT ( 'NONE',  ( 2.811401817266295477E-16, -0.7500000000000001110, -0.05314961007874047239 ) ) ;
#463 = DIRECTION ( 'NONE',  ( 1.000000000000000000, 0.0000000000000000000, 0.0000000000000000000 ) ) ;
#464 = CYLINDRICAL_SURFACE ( 'NONE', #1202, 1.496050000000000102 ) ;
#465 = ORIENTED_EDGE ( 'NONE', *, *, #616, .F. ) ;
#466 = VERTEX_POINT ( 'NONE', #591 ) ;
#467 = CARTESIAN_POINT ( 'NONE',  ( -0.1124999999999999611, 1.377999999999999892, 6.829619984160658046E-17 ) ) ;
#468 = ORIENTED_EDGE ( 'NONE', *, *, #210, .T. ) ;
#469 = CARTESIAN_POINT ( 'NONE',  ( 0.02094921314225756809, -0.7497176924395440034, -0.1797474440546341368 ) ) ;
#470 = EDGE_CURVE ( 'NONE', #438, #71, #739, .T. ) ;
#471 = ADVANCED_FACE ( 'NONE', ( #249, #1245 ), #810, .T. ) ;
#472 = CARTESIAN_POINT ( 'NONE',  ( 0.0000000000000000000, 0.0000000000000000000, 0.0000000000000000000 ) ) ;
#473 = VERTEX_POINT ( 'NONE', #571 ) ;
#474 = CARTESIAN_POINT ( 'NONE',  ( -1.193383006414953096, -0.6890000000000058300, -0.05751842036105049571 ) ) ;
#475 = CARTESIAN_POINT ( 'NONE',  ( 0.04897446517798342142, -0.7484054586745797488, -0.07521758196299573040 ) ) ;
#476 = ADVANCED_FACE ( 'NONE', ( #915 ), #464, .T. ) ;
#477 = DIRECTION ( 'NONE',  ( 0.0000000000000000000, 0.0000000000000000000, -1.000000000000000000 ) ) ;
#478 = DIMENSIONAL_EXPONENTS ( 1.000000000000000000, 0.0000000000000000000, 0.0000000000000000000, 0.0000000000000000000, 0.0000000000000000000, 0.0000000000000000000, 0.0000000000000000000 ) ;
#479 = ORIENTED_EDGE ( 'NONE', *, *, #1000, .T. ) ;
#480 =( GEOMETRIC_REPRESENTATION_CONTEXT ( 3 ) GLOBAL_UNCERTAINTY_ASSIGNED_CONTEXT ( ( #337 ) ) GLOBAL_UNIT_ASSIGNED_CONTEXT ( ( #1311, #1413, #89 ) ) REPRESENTATION_CONTEXT ( 'NONE', 'WORKASPACE' ) );
#481 = COLOUR_RGB ( '',0.5019607843137254832, 0.5019607843137254832, 0.5019607843137254832 ) ;
#482 = CARTESIAN_POINT ( 'NONE',  ( -0.6652812878694980281, 0.3463552817021262609, -0.06133904529888316304 ) ) ;
#483 = AXIS2_PLACEMENT_3D ( 'NONE', #88, #1103, #651 ) ;
#484 = AXIS2_PLACEMENT_3D ( 'NONE', #472, #18, #1030 ) ;
#485 = CARTESIAN_POINT ( 'NONE',  ( -1.305883006414952918, -0.6890000000000058300, 6.829619984160658046E-17 ) ) ;
#486 = FACE_BOUND ( 'NONE', #1231, .T. ) ;
#487 = ORIENTED_EDGE ( 'NONE', *, *, #1338, .F. ) ;
#488 = ORIENTED_EDGE ( 'NONE', *, *, #1216, .F. ) ;
#489 = FILL_AREA_STYLE ('',( #32 ) ) ;
#490 = ORIENTED_EDGE ( 'NONE', *, *, #670, .F. ) ;
#491 = LINE ( 'NONE', #1047, #927 ) ;
#492 = ORIENTED_EDGE ( 'NONE', *, *, #729, .T. ) ;
#493 = ORIENTED_EDGE ( 'NONE', *, *, #666, .T. ) ;
#494 = CARTESIAN_POINT ( 'NONE',  ( 0.6148406493586940913, 0.4295016447105108881, -0.1095938809204774905 ) ) ;
#495 = CARTESIAN_POINT ( 'NONE',  ( -1.159898192278109974, -0.9448818900000001131, -0.2755905499999999897 ) ) ;
#496 = ORIENTED_EDGE ( 'NONE', *, *, #875, .F. ) ;
#497 = ORIENTED_EDGE ( 'NONE', *, *, #353, .F. ) ;
#498 = ORIENTED_EDGE ( 'NONE', *, *, #427, .F. ) ;
#499 = CARTESIAN_POINT ( 'NONE',  ( 0.0000000000000000000, 0.0000000000000000000, -0.2755905499999999897 ) ) ;
#500 = CARTESIAN_POINT ( 'NONE',  ( 1.193383006414953318, -0.6890000000000054969, -0.05751842036105049571 ) ) ;
#501 = CARTESIAN_POINT ( 'NONE',  ( 0.6699076802365218075, 0.3372431397103822226, -0.06913582408481996899 ) ) ;
#502 = DIRECTION ( 'NONE',  ( 0.6560590289905068317, 0.0000000000000000000, 0.7547095802227723471 ) ) ;
#503 =( NAMED_UNIT ( * ) SI_UNIT ( $, .STERADIAN. ) SOLID_ANGLE_UNIT ( ) );
#504 = LINE ( 'NONE', #953, #1339 ) ;
#505 = AXIS2_PLACEMENT_3D ( 'NONE', #203, #169, #1168 ) ;
#506 = PRESENTATION_LAYER_ASSIGNMENT (  '', '', ( #1140 ) ) ;
#507 = CIRCLE ( 'NONE', #952, 0.1124999999999999611 ) ;
#508 = CARTESIAN_POINT ( 'NONE',  ( -0.6496062999999999699, 7.955382760009552271E-17, -0.2755905499999999897 ) ) ;
#509 = EDGE_CURVE ( 'Edge28', #576, #1317, #131, .T. ) ;
#510 = CARTESIAN_POINT ( 'NONE',  ( 2.731847993664263218E-16, -0.9448818899999998910, -0.1181102400000000052 ) ) ;
#511 = AXIS2_PLACEMENT_3D ( 'NONE', #612, #280, #1275 ) ;
#512 = CARTESIAN_POINT ( 'NONE',  ( 0.6409798127588014482, 0.3894382168630209917, -0.1810105603139646469 ) ) ;
#513 = CYLINDRICAL_SURFACE ( 'NONE', #253, 0.06496062992125951896 ) ;
#514 = CARTESIAN_POINT ( 'NONE',  ( -0.6537697111699264374, 0.3676371133832855298, -0.05315267205339457846 ) ) ;
#515 = DIRECTION ( 'NONE',  ( 1.000000000000000000, 0.0000000000000000000, 0.0000000000000000000 ) ) ;
#516 = EDGE_CURVE ( 'Edge7', #675, #863, #507, .T. ) ;
#517 = FILL_AREA_STYLE ('',( #964 ) ) ;
#518 = CARTESIAN_POINT ( 'NONE',  ( 0.6788395691095078233, 0.3188845866181637123, -0.1351380517128726311 ) ) ;
#519 = EDGE_CURVE ( 'Edge20', #150, #300, #1101, .T. ) ;
#520 = FILL_AREA_STYLE ('',( #1395 ) ) ;
#521 = DIRECTION ( 'NONE',  ( 1.000000000000000000, 0.0000000000000000000, 0.0000000000000000000 ) ) ;
#522 = CARTESIAN_POINT ( 'NONE',  ( 0.03962822116209601536, -0.7489606153087307039, -0.06646345725138858018 ) ) ;
#523 = ORIENTED_EDGE ( 'NONE', *, *, #332, .T. ) ;
#524 = DIRECTION ( 'NONE',  ( -0.0000000000000000000, -0.0000000000000000000, 1.000000000000000000 ) ) ;
#525 = FACE_OUTER_BOUND ( 'NONE', #615, .T. ) ;
#526 = CARTESIAN_POINT ( 'NONE',  ( 2.731847993664263218E-16, -0.9448818899999998910, -0.1830708699212595381 ) ) ;
#527 = VERTEX_POINT ( 'NONE', #453 ) ;
#528 = CARTESIAN_POINT ( 'NONE',  ( -6.317398485348608816E-16, 1.889763779999984239, -0.2755905499999999897 ) ) ;
#529 = VECTOR ( 'NONE', #766, 39.37007874015748143 ) ;
#530 = AXIS2_PLACEMENT_3D ( 'NONE', #43, #1368, #1061 ) ;
#531 = CARTESIAN_POINT ( 'NONE',  ( -0.1124999999999999611, 1.377999999999999892, 6.829619984160658046E-17 ) ) ;
#532 = CIRCLE ( 'NONE', #882, 0.7500000000000001110 ) ;
#533 = DIRECTION ( 'NONE',  ( -0.0000000000000000000, -0.0000000000000000000, 1.000000000000000000 ) ) ;
#534 = AXIS2_PLACEMENT_3D ( 'NONE', #1037, #597, #146 ) ;
#535 = CIRCLE ( 'NONE', #1018, 0.1124999999999999611 ) ;
#536 = ORIENTED_EDGE ( 'NONE', *, *, #988, .T. ) ;
#537 = EDGE_CURVE ( 'Edge12', #596, #1317, #28, .T. ) ;
#538 = VERTEX_POINT ( 'NONE', #1230 ) ;
#539 = DIRECTION ( 'NONE',  ( -0.5000000000000051070, 0.8660254037844357100, 0.0000000000000000000 ) ) ;
#540 = DIRECTION ( 'NONE',  ( 1.000000000000000000, 0.0000000000000000000, 0.0000000000000000000 ) ) ;
#541 = FACE_OUTER_BOUND ( 'NONE', #23, .T. ) ;
#542 = APPLICATION_CONTEXT ( 'automotive_design' ) ;
#543 =( NAMED_UNIT ( * ) PLANE_ANGLE_UNIT ( ) SI_UNIT ( $, .RADIAN. ) );
#544 = ADVANCED_FACE ( 'NONE', ( #231 ), #796, .F. ) ;
#545 = VERTEX_POINT ( 'NONE', #1336 ) ;
#546 = CARTESIAN_POINT ( 'NONE',  ( 0.6795584303533330761, 0.3173331683510473011, -0.1138695923461841841 ) ) ;
#547 = SURFACE_STYLE_USAGE ( .BOTH. , #990 ) ;
#548 = ORIENTED_EDGE ( 'NONE', *, *, #1193, .F. ) ;
#549 = CARTESIAN_POINT ( 'NONE',  ( -0.06454512056593049441, -0.7472179124378890425, -0.1265794428281379058 ) ) ;
#550 = FILL_AREA_STYLE_COLOUR ( '', #254 ) ;
#551 = CARTESIAN_POINT ( 'NONE',  ( -1.193383006414953096, -0.6890000000000058300, -0.2180721296389495356 ) ) ;
#552 = ORIENTED_EDGE ( 'NONE', *, *, #682, .F. ) ;
#553 = PRESENTATION_STYLE_ASSIGNMENT (( #994 ) ) ;
#554 = EDGE_LOOP ( 'NONE', ( #423, #1256 ) ) ;
#555 = DIRECTION ( 'NONE',  ( -0.5000000000000037748, -0.8660254037844364872, 0.0000000000000000000 ) ) ;
#556 = DIRECTION ( 'NONE',  ( -0.0000000000000000000, -0.0000000000000000000, 1.000000000000000000 ) ) ;
#557 =( GEOMETRIC_REPRESENTATION_CONTEXT ( 3 ) GLOBAL_UNCERTAINTY_ASSIGNED_CONTEXT ( ( #1274 ) ) GLOBAL_UNIT_ASSIGNED_CONTEXT ( ( #222, #1350, #1221 ) ) REPRESENTATION_CONTEXT ( 'NONE', 'WORKASPACE' ) );
#558 = CARTESIAN_POINT ( 'NONE',  ( -0.008479324451484235303, -0.7500000000000003331, -0.05314961007874045157 ) ) ;
#559 = ORIENTED_EDGE ( 'NONE', *, *, #133, .F. ) ;
#560 =( LENGTH_UNIT ( ) NAMED_UNIT ( * ) SI_UNIT ( $, .METRE. ) );
#561 = ORIENTED_EDGE ( 'NONE', *, *, #149, .F. ) ;
#562 = DIRECTION ( 'NONE',  ( -0.5000000000000044409, 0.8660254037844361541, 0.0000000000000000000 ) ) ;
#563 = DIRECTION ( 'NONE',  ( 1.000000000000000000, 0.0000000000000000000, 0.0000000000000000000 ) ) ;
#564 = FACE_OUTER_BOUND ( 'NONE', #1213, .T. ) ;
#565 = SHAPE_DEFINITION_REPRESENTATION ( #1062, #1429 ) ;
#566 = ORIENTED_EDGE ( 'NONE', *, *, #519, .T. ) ;
#567 = ORIENTED_EDGE ( 'NONE', *, *, #1026, .T. ) ;
#568 = LINE ( 'NONE', #120, #1248 ) ;
#569 = UNCERTAINTY_MEASURE_WITH_UNIT (LENGTH_MEASURE( 1.000000000000000082E-05 ), #831, 'distance_accuracy_value', 'NONE');
#570 = FACE_BOUND ( 'NONE', #830, .T. ) ;
#571 = CARTESIAN_POINT ( 'NONE',  ( -0.1124999999999999334, 1.377999999999999892, -0.2755905499999999897 ) ) ;
#572 = EDGE_LOOP ( 'NONE', ( #372, #118 ) ) ;
#573 = ORIENTED_EDGE ( 'NONE', *, *, #910, .F. ) ;
#574 = ADVANCED_FACE ( 'Face1', ( #900, #446, #1430, #1009, #564 ), #117, .F. ) ;
#575 = DIRECTION ( 'NONE',  ( -0.8660254037844364872, 0.5000000000000037748, 0.0000000000000000000 ) ) ;
#576 = VERTEX_POINT ( 'NONE', #1218 ) ;
#577 = CARTESIAN_POINT ( 'NONE',  ( -0.06250000000000000000, 1.377999999999999892, -0.05751842036105049571 ) ) ;
#578 = DIRECTION ( 'NONE',  ( 0.0000000000000000000, 0.0000000000000000000, -1.000000000000000000 ) ) ;
#579 = FACE_OUTER_BOUND ( 'NONE', #1410, .T. ) ;
#580 = ORIENTED_EDGE ( 'NONE', *, *, #930, .T. ) ;
#581 = CIRCLE ( 'NONE', #1121, 0.06250000000000000000 ) ;
#582 = DIRECTION ( 'NONE',  ( 1.000000000000000000, 0.0000000000000000000, 0.0000000000000000000 ) ) ;
#583 = VECTOR ( 'NONE', #1039, 39.37007874015748143 ) ;
#584 = AXIS2_PLACEMENT_3D ( 'NONE', #1260, #826, #371 ) ;
#585 = DIMENSIONAL_EXPONENTS ( 1.000000000000000000, 0.0000000000000000000, 0.0000000000000000000, 0.0000000000000000000, 0.0000000000000000000, 0.0000000000000000000, 0.0000000000000000000 ) ;
#586 = ADVANCED_FACE ( 'Face2', ( #786 ), #331, .F. ) ;
#587 = EDGE_CURVE ( 'NONE', #776, #941, #1432, .T. ) ;
#588 = MECHANICAL_DESIGN_GEOMETRIC_PRESENTATION_REPRESENTATION (  '', ( #387 ), #480 ) ;
#589 = FACE_OUTER_BOUND ( 'NONE', #781, .T. ) ;
#590 = CARTESIAN_POINT ( 'NONE',  ( 0.03960689212265161574, -0.7489618049694355406, -0.1697745195055381517 ) ) ;
#591 = CARTESIAN_POINT ( 'NONE',  ( -1.130883006414953096, -0.6890000000000058300, -0.05751842036105049571 ) ) ;
#592 = ORIENTED_EDGE ( 'NONE', *, *, #509, .T. ) ;
#593 = ORIENTED_EDGE ( 'NONE', *, *, #52, .T. ) ;
#594 = DIRECTION ( 'NONE',  ( 0.0000000000000000000, 0.0000000000000000000, 1.000000000000000000 ) ) ;
#595 = CARTESIAN_POINT ( 'NONE',  ( 0.7858114053552218703, 0.5286985007576548989, -0.1181102400000000052 ) ) ;
#596 = VERTEX_POINT ( 'NONE', #732 ) ;
#597 = DIRECTION ( 'NONE',  ( -0.8660254037844365982, 0.5000000000000038858, -0.0000000000000000000 ) ) ;
#598 = VERTEX_POINT ( 'NONE', #286 ) ;
#599 = DIRECTION ( 'NONE',  ( -0.0000000000000000000, -1.000000000000000000, -0.0000000000000000000 ) ) ;
#600 = CARTESIAN_POINT ( 'NONE',  ( 0.06495756686485229525, -0.7471817145222612311, -0.1266120171493511914 ) ) ;
#601 = DIRECTION ( 'NONE',  ( -0.0000000000000000000, -0.0000000000000000000, 1.000000000000000000 ) ) ;
#602 = CIRCLE ( 'NONE', #1294, 0.7500000000000001110 ) ;
#603 = CIRCLE ( 'NONE', #484, 1.496050000000000102 ) ;
#604 = CARTESIAN_POINT ( 'NONE',  ( -0.6270149663594722922, 0.4115354994199452721, -0.06913582408481996899 ) ) ;
#605 = CARTESIAN_POINT ( 'NONE',  ( 0.2383426241767906684, 1.476942245316491986, -0.2755905499999999897 ) ) ;
#606 = CARTESIAN_POINT ( 'NONE',  ( 0.6157884048020813017, 0.4281417141837068341, -0.1012880114975334978 ) ) ;
#607 = DIRECTION ( 'NONE',  ( 1.000000000000000000, 0.0000000000000000000, 0.0000000000000000000 ) ) ;
#608 = EDGE_CURVE ( 'NONE', #892, #80, #20, .T. ) ;
#609 = ADVANCED_FACE ( 'NONE', ( #1189 ), #159, .F. ) ;
#610 = VERTEX_POINT ( 'NONE', #1090 ) ;
#611 = DIRECTION ( 'NONE',  ( 1.000000000000000000, 0.0000000000000000000, 0.0000000000000000000 ) ) ;
#612 = CARTESIAN_POINT ( 'NONE',  ( 0.0000000000000000000, 0.0000000000000000000, -0.2755905499999999897 ) ) ;
#613 = CARTESIAN_POINT ( 'NONE',  ( 0.6452679351488649351, 0.3823626214063346462, -0.05315267205339455764 ) ) ;
#614 = DIRECTION ( 'NONE',  ( -0.5000000000000037748, -0.8660254037844364872, -0.0000000000000000000 ) ) ;
#615 = EDGE_LOOP ( 'NONE', ( #780, #567, #402, #1051 ) ) ;
#616 = EDGE_CURVE ( 'NONE', #91, #999, #821, .T. ) ;
#617 = DIRECTION ( 'NONE',  ( 1.000000000000000000, 0.0000000000000000000, 0.0000000000000000000 ) ) ;
#618 = CARTESIAN_POINT ( 'NONE',  ( -1.193383006414953096, -0.6890000000000058300, 0.0000000000000000000 ) ) ;
#619 = CARTESIAN_POINT ( 'NONE',  ( 0.6738038329742396249, 0.3293842067380898242, -0.07848207585034551459 ) ) ;
#620 = CARTESIAN_POINT ( 'NONE',  ( 0.6326658078980690325, 0.4027982932165208863, -0.1745158119823380094 ) ) ;
#621 = ORIENTED_EDGE ( 'NONE', *, *, #1305, .F. ) ;
#622 = CARTESIAN_POINT ( 'NONE',  ( 0.1124999999999999334, 1.377999999999999892, -0.2755905499999999897 ) ) ;
#623 = ADVANCED_FACE ( 'Face4', ( #1358, #1083 ), #627, .T. ) ;
#624 = AXIS2_PLACEMENT_3D ( 'NONE', #174, #1170, #724 ) ;
#625 = CARTESIAN_POINT ( 'NONE',  ( -0.6269702143251243420, 0.4116033726560150430, -0.1670086995449066858 ) ) ;
#626 = AXIS2_PLACEMENT_3D ( 'NONE', #896, #575, #1134 ) ;
#627 = PLANE ( 'NONE',  #154 ) ;
#628 = AXIS2_PLACEMENT_3D ( 'NONE', #756, #304, #1300 ) ;
#629 = CARTESIAN_POINT ( 'NONE',  ( 0.6652021544098650763, 0.3464369720872265135, -0.1744714558009962113 ) ) ;
#630 = CARTESIAN_POINT ( 'NONE',  ( -0.6474112944286254390, 0.3786510087683020442, -0.05314808542854786155 ) ) ;
#631 = CARTESIAN_POINT ( 'NONE',  ( -0.6516383594454714379, 0.3713298339747533316, -0.1830742221169648631 ) ) ;
#632 = EDGE_CURVE ( 'NONE', #435, #742, #135, .T. ) ;
#633 = DIRECTION ( 'NONE',  ( -1.000000000000000000, 0.0000000000000000000, 0.0000000000000000000 ) ) ;
#634 = EDGE_CURVE ( 'NONE', #38, #221, #1295, .T. ) ;
#635 = DIRECTION ( 'NONE',  ( -0.0000000000000000000, -0.0000000000000000000, 1.000000000000000000 ) ) ;
#636 = ORIENTED_EDGE ( 'NONE', *, *, #516, .F. ) ;
#637 =( CONVERSION_BASED_UNIT ( 'INCH', #1328 ) LENGTH_UNIT ( ) NAMED_UNIT ( #130 ) );
#638 =( NAMED_UNIT ( * ) SI_UNIT ( $, .STERADIAN. ) SOLID_ANGLE_UNIT ( ) );
#639 = CARTESIAN_POINT ( 'NONE',  ( -0.8507720352764822636, 0.4161833892423536518, -0.1181102400000000052 ) ) ;
#640 = SURFACE_SIDE_STYLE ('',( #901 ) ) ;
#641 = ORIENTED_EDGE ( 'NONE', *, *, #1065, .T. ) ;
#642 = DIRECTION ( 'NONE',  ( 1.000000000000000000, 0.0000000000000000000, 0.0000000000000000000 ) ) ;
#643 = DIRECTION ( 'NONE',  ( 1.000000000000000000, 0.0000000000000000000, 0.0000000000000000000 ) ) ;
#644 = EDGE_CURVE ( 'NONE', #473, #1287, #60, .T. ) ;
#645 = DIRECTION ( 'NONE',  ( -0.0000000000000000000, -0.0000000000000000000, 1.000000000000000000 ) ) ;
#646 =( LENGTH_UNIT ( ) NAMED_UNIT ( * ) SI_UNIT ( $, .METRE. ) );
#647 = LINE ( 'NONE', #197, #717 ) ;
#648 = COLOUR_RGB ( '',0.2509803921568627416, 0.2509803921568627416, 0.2509803921568627416 ) ;
#649 = EDGE_LOOP ( 'NONE', ( #75, #326, #363, #914 ) ) ;
#650 = COLOUR_RGB ( '',0.5019607843137254832, 0.5019607843137254832, 0.5019607843137254832 ) ;
#651 = DIRECTION ( 'NONE',  ( -0.5000000000000036637, -0.8660254037844367092, 0.0000000000000000000 ) ) ;
#652 = CARTESIAN_POINT ( 'NONE',  ( 0.0000000000000000000, 1.377999999999999892, -0.2180721296389495356 ) ) ;
#653 = DIMENSIONAL_EXPONENTS ( 1.000000000000000000, 0.0000000000000000000, 0.0000000000000000000, 0.0000000000000000000, 0.0000000000000000000, 0.0000000000000000000, 0.0000000000000000000 ) ;
#654 = CARTESIAN_POINT ( 'NONE',  ( -0.008586533348849198152, -0.7500000000000002220, -0.1830708699212595381 ) ) ;
#655 = DIRECTION ( 'NONE',  ( 1.000000000000000000, 0.0000000000000000000, 0.0000000000000000000 ) ) ;
#656 = CARTESIAN_POINT ( 'NONE',  ( -0.05839844918774037691, -0.7477247420425860991, -0.1468791463190652347 ) ) ;
#657 = SURFACE_SIDE_STYLE ('',( #966 ) ) ;
#658 = EDGE_LOOP ( 'NONE', ( #498, #825 ) ) ;
#659 = DIRECTION ( 'NONE',  ( 1.000000000000000000, 0.0000000000000000000, 0.0000000000000000000 ) ) ;
#660 = DIRECTION ( 'NONE',  ( 1.000000000000000000, 0.0000000000000000000, 0.0000000000000000000 ) ) ;
#661 = CARTESIAN_POINT ( 'NONE',  ( -0.03990996642230909552, -0.7489614395723397378, -0.06616030661976005089 ) ) ;
#662 = ORIENTED_EDGE ( 'NONE', *, *, #1000, .F. ) ;
#663 =( NAMED_UNIT ( * ) PLANE_ANGLE_UNIT ( ) SI_UNIT ( $, .RADIAN. ) );
#664 = ORIENTED_EDGE ( 'NONE', *, *, #972, .F. ) ;
#665 = LENGTH_MEASURE_WITH_UNIT ( LENGTH_MEASURE( 0.02539999999999999897 ), #560 );
#666 = EDGE_CURVE ( 'Edge9', #1194, #705, #1360, .T. ) ;
#667 = EDGE_LOOP ( 'NONE', ( #1329, #195, #1403, #416 ) ) ;
#668 = AXIS2_PLACEMENT_3D ( 'NONE', #1206, #211, #539 ) ;
#669 = DIRECTION ( 'NONE',  ( -0.0000000000000000000, -0.0000000000000000000, 1.000000000000000000 ) ) ;
#670 = EDGE_CURVE ( 'NONE', #527, #598, #803, .T. ) ;
#671 = CIRCLE ( 'NONE', #955, 0.1124999999999999611 ) ;
#672 = STYLED_ITEM ( 'NONE', ( #1412 ), #1099 ) ;
#673 = AXIS2_PLACEMENT_3D ( 'NONE', #37, #1050, #607 ) ;
#674 = DIRECTION ( 'NONE',  ( 0.0000000000000000000, 0.0000000000000000000, 1.000000000000000000 ) ) ;
#675 = VERTEX_POINT ( 'NONE', #847 ) ;
#676 = AXIS2_PLACEMENT_3D ( 'NONE', #687, #1136, #540 ) ;
#677 = EDGE_LOOP ( 'NONE', ( #548, #124, #523, #744 ) ) ;
#678 = EDGE_LOOP ( 'NONE', ( #1272, #417, #789, #324 ) ) ;
#679 = EDGE_LOOP ( 'NONE', ( #593, #39 ) ) ;
#680 = CARTESIAN_POINT ( 'NONE',  ( 1.193383006414953318, -0.6890000000000054969, -0.2755905499999999897 ) ) ;
#681 = CARTESIAN_POINT ( 'NONE',  ( 0.0000000000000000000, 0.0000000000000000000, -0.2362204699999999880 ) ) ;
#682 = EDGE_CURVE ( 'NONE', #999, #1431, #396, .T. ) ;
#683 = CARTESIAN_POINT ( 'NONE',  ( 0.0000000000000000000, 1.377999999999999892, 6.829619984160658046E-17 ) ) ;
#684 = FILL_AREA_STYLE ('',( #1135 ) ) ;
#685 = CARTESIAN_POINT ( 'NONE',  ( 1.130883006414953318, -0.6890000000000054969, -0.2180721296389495356 ) ) ;
#686 = ORIENTED_EDGE ( 'NONE', *, *, #1036, .T. ) ;
#687 = CARTESIAN_POINT ( 'NONE',  ( 1.193383006414953318, -0.6890000000000054969, -0.2180721296389495356 ) ) ;
#688 = ORIENTED_EDGE ( 'NONE', *, *, #1036, .F. ) ;
#689 = DIRECTION ( 'NONE',  ( 0.0000000000000000000, 0.0000000000000000000, 1.000000000000000000 ) ) ;
#690 = CARTESIAN_POINT ( 'NONE',  ( 0.008516359675821963751, -0.7499631480557382712, -0.1826492508081603294 ) ) ;
#691 = LENGTH_MEASURE_WITH_UNIT ( LENGTH_MEASURE( 0.02539999999999999897 ), #223 );
#692 = ORIENTED_EDGE ( 'NONE', *, *, #1216, .T. ) ;
#693 = MECHANICAL_DESIGN_GEOMETRIC_PRESENTATION_REPRESENTATION (  '', ( #1225 ), #557 ) ;
#694 = VECTOR ( 'NONE', #502, 39.37007874015748143 ) ;
#695 = DIRECTION ( 'NONE',  ( 1.000000000000000000, 0.0000000000000000000, 0.0000000000000000000 ) ) ;
#696 = CLOSED_SHELL ( 'NONE', ( #544, #586, #48, #373, #887, #425, #944, #261, #1191, #1152, #4, #170, #414, #1240, #1033, #162, #476, #1239, #574, #125, #471, #623, #49, #123, #412, #737, #1147, #866, #902, #1056, #1279, #609, #458, #158, #5, #161, #762 ) ) ;
#697 = CIRCLE ( 'NONE', #483, 0.06496062992125932467 ) ;
#698 = CONICAL_SURFACE ( 'NONE', #885, 0.1124999999999999611, 0.7155849933176745559 ) ;
#699 = CIRCLE ( 'NONE', #200, 0.06250000000000000000 ) ;
#700 = ORIENTED_EDGE ( 'NONE', *, *, #1229, .F. ) ;
#701 = CARTESIAN_POINT ( 'NONE',  ( -0.8182917203158511787, 0.4724409450000034982, 0.0000000000000000000 ) ) ;
#702 = CARTESIAN_POINT ( 'NONE',  ( 0.06453922609812461075, -0.7472184298691854076, -0.1095884172043625204 ) ) ;
#703 = ORIENTED_EDGE ( 'NONE', *, *, #1215, .T. ) ;
#704 = CARTESIAN_POINT ( 'NONE',  ( 0.06249999999999995143, 1.377999999999999892, -0.2180721296389495356 ) ) ;
#705 = VERTEX_POINT ( 'NONE', #812 ) ;
#706 = CARTESIAN_POINT ( 'NONE',  ( -0.6767378039787539379, 0.3233088646473973871, -0.08929446320316460073 ) ) ;
#707 = CARTESIAN_POINT ( 'NONE',  ( 0.02092604872113811368, -0.7497183473792338182, -0.05646509721354673467 ) ) ;
#708 = FACE_OUTER_BOUND ( 'NONE', #962, .T. ) ;
#709 = CARTESIAN_POINT ( 'NONE',  ( -0.6452262323997802751, 0.3823617071491957065, -0.05357101552463543193 ) ) ;
#710 = DIRECTION ( 'NONE',  ( -0.0000000000000000000, -0.0000000000000000000, -1.000000000000000000 ) ) ;
#711 = DIRECTION ( 'NONE',  ( -0.0000000000000000000, -0.0000000000000000000, 1.000000000000000000 ) ) ;
#712 = ORIENTED_EDGE ( 'NONE', *, *, #875, .T. ) ;
#713 = AXIS2_PLACEMENT_3D ( 'NONE', #1042, #601, #151 ) ;
#714 = VERTEX_POINT ( 'NONE', #246 ) ;
#715 = CARTESIAN_POINT ( 'NONE',  ( -0.6145978004320734600, 0.4298482798663468274, -0.1181102400000000052 ) ) ;
#716 = AXIS2_PLACEMENT_3D ( 'NONE', #1264, #829, #376 ) ;
#717 = VECTOR ( 'NONE', #1188, 39.37007874015748143 ) ;
#718 = AXIS2_PLACEMENT_3D ( 'NONE', #970, #524, #70 ) ;
#719 = CARTESIAN_POINT ( 'NONE',  ( 2.811401821167929530E-16, -0.9448818899999998910, -0.05314961007874047239 ) ) ;
#720 = CARTESIAN_POINT ( 'NONE',  ( 0.6236804026784114052, 0.4165714393353834311, -0.07516215340656200172 ) ) ;
#721 = CARTESIAN_POINT ( 'NONE',  ( -1.398240816454911162, -0.5320603553164848787, 0.0000000000000000000 ) ) ;
#722 = CYLINDRICAL_SURFACE ( 'NONE', #839, 0.6496062999999999699 ) ;
#723 = ORIENTED_EDGE ( 'NONE', *, *, #149, .T. ) ;
#724 = DIRECTION ( 'NONE',  ( 1.000000000000000000, 0.0000000000000000000, 0.0000000000000000000 ) ) ;
#725 = VERTEX_POINT ( 'NONE', #357 ) ;
#726 = CARTESIAN_POINT ( 'NONE',  ( 0.6767421239592610327, 0.3232998168656026627, -0.08931457021581938605 ) ) ;
#727 = CARTESIAN_POINT ( 'NONE',  ( 0.6220345190284444215, 0.4190574350007271742, -0.1580896682121572527 ) ) ;
#728 = DIRECTION ( 'NONE',  ( -0.0000000000000000000, -0.0000000000000000000, 1.000000000000000000 ) ) ;
#729 = EDGE_CURVE ( 'NONE', #1115, #750, #1176, .T. ) ;
#730 = CARTESIAN_POINT ( 'NONE',  ( 1.636583440631716346, -0.9448818899999994469, -0.2755905499999999897 ) ) ;
#731 = EDGE_LOOP ( 'NONE', ( #1076, #662, #641, #559 ) ) ;
#732 = CARTESIAN_POINT ( 'NONE',  ( 0.2383426241767910292, 1.476942245316492430, 0.0000000000000000000 ) ) ;
#733 = CARTESIAN_POINT ( 'NONE',  ( 0.6597691960118543530, 0.3566792163672399818, -0.1797328794670908503 ) ) ;
#734 = ORIENTED_EDGE ( 'NONE', *, *, #470, .F. ) ;
#735 = ORIENTED_EDGE ( 'NONE', *, *, #1385, .F. ) ;
#736 = COLOUR_RGB ( '',0.2509803921568627416, 0.2509803921568627416, 0.2509803921568627416 ) ;
#737 = ADVANCED_FACE ( 'NONE', ( #16 ), #1393, .F. ) ;
#738 = DIRECTION ( 'NONE',  ( 1.000000000000000000, 0.0000000000000000000, 0.0000000000000000000 ) ) ;
#739 = CIRCLE ( 'NONE', #1139, 0.06249999999999995143 ) ;
#740 = CIRCLE ( 'NONE', #1252, 0.1124999999999999611 ) ;
#741 = CARTESIAN_POINT ( 'NONE',  ( -0.6739316438695950318, 0.3291689780091106576, -0.1580896682121573082 ) ) ;
#742 = VERTEX_POINT ( 'NONE', #979 ) ;
#743 = CIRCLE ( 'NONE', #433, 0.1124999999999999611 ) ;
#744 = ORIENTED_EDGE ( 'NONE', *, *, #8, .F. ) ;
#745 =( LENGTH_UNIT ( ) NAMED_UNIT ( * ) SI_UNIT ( $, .METRE. ) );
#746 = B_SPLINE_CURVE_WITH_KNOTS ( 'NONE', 3,
 ( #1116, #102, #690, #305, #469, #17, #1028, #590, #63, #358, #1153, #148, #600, #1148, #702, #256, #1250, #1196, #312, #765, #475, #68, #522, #1088, #968, #707, #263, #1258, #824, #1381 ),
 .UNSPECIFIED., .F., .F.,
 ( 4, 2, 2, 2, 2, 2, 2, 2, 2, 2, 2, 2, 2, 2, 4 ),
 ( 5.393002882620713413E-20, 0.0003225667954817800984, 0.0006451335909635600883, 0.0009677003864453401867, 0.001290267181927120610, 0.001935400772890681458, 0.002580534363854242955, 0.002903101159336023054, 0.003225667954817802718, 0.003548234750299582817, 0.003870801545781362915, 0.004193368341263143013, 0.004515935136744923112, 0.004838501932226703210, 0.005161068727708483309 ),
 .UNSPECIFIED. ) ;
#747 = DIRECTION ( 'NONE',  ( -0.0000000000000000000, -0.0000000000000000000, 1.000000000000000000 ) ) ;
#748 = ORIENTED_EDGE ( 'NONE', *, *, #981, .T. ) ;
#749 = DIMENSIONAL_EXPONENTS ( 1.000000000000000000, 0.0000000000000000000, 0.0000000000000000000, 0.0000000000000000000, 0.0000000000000000000, 0.0000000000000000000, 0.0000000000000000000 ) ;
#750 = VERTEX_POINT ( 'NONE', #531 ) ;
#751 = ORIENTED_EDGE ( 'NONE', *, *, #1296, .F. ) ;
#752 = LINE ( 'NONE', #298, #1023 ) ;
#753 = CARTESIAN_POINT ( 'NONE',  ( 1.080883006414953273, -0.6890000000000054969, 6.829619984160658046E-17 ) ) ;
#754 = LINE ( 'NONE', #302, #207 ) ;
#755 = ORIENTED_EDGE ( 'NONE', *, *, #988, .F. ) ;
#756 = CARTESIAN_POINT ( 'NONE',  ( 0.0000000000000000000, 0.0000000000000000000, -0.2755905499999999897 ) ) ;
#757 = FACE_OUTER_BOUND ( 'NONE', #242, .T. ) ;
#758 = EDGE_CURVE ( 'NONE', #91, #714, #78, .T. ) ;
#759 = DIRECTION ( 'NONE',  ( 0.6560590289905063877, 0.0000000000000000000, 0.7547095802227727912 ) ) ;
#760 = DIRECTION ( 'NONE',  ( -0.8660254037844363761, 0.5000000000000037748, -0.0000000000000000000 ) ) ;
#761 = ORIENTED_EDGE ( 'NONE', *, *, #1081, .F. ) ;
#762 = ADVANCED_FACE ( 'NONE', ( #1309 ), #406, .F. ) ;
#763 = CARTESIAN_POINT ( 'NONE',  ( 1.255883006414953318, -0.6890000000000054969, -0.2180721296389495356 ) ) ;
#764 = ORIENTED_EDGE ( 'NONE', *, *, #210, .F. ) ;
#765 = CARTESIAN_POINT ( 'NONE',  ( 0.05165927639234114965, -0.7482224781871944508, -0.07849822133848224914 ) ) ;
#766 = DIRECTION ( 'NONE',  ( 0.6560590289905076089, 8.034405899049457497E-17, -0.7547095802227716810 ) ) ;
#767 = EDGE_LOOP ( 'NONE', ( #1363, #971, #1259, #806 ) ) ;
#768 =( GEOMETRIC_REPRESENTATION_CONTEXT ( 3 ) GLOBAL_UNCERTAINTY_ASSIGNED_CONTEXT ( ( #1236 ) ) GLOBAL_UNIT_ASSIGNED_CONTEXT ( ( #248, #1029, #359 ) ) REPRESENTATION_CONTEXT ( 'NONE', 'WORKASPACE' ) );
#769 = CARTESIAN_POINT ( 'NONE',  ( 0.0000000000000000000, 1.377999999999999892, -0.2755905499999999897 ) ) ;
#770 = AXIS2_PLACEMENT_3D ( 'NONE', #330, #556, #351 ) ;
#771 =( GEOMETRIC_REPRESENTATION_CONTEXT ( 3 ) GLOBAL_UNCERTAINTY_ASSIGNED_CONTEXT ( ( #247 ) ) GLOBAL_UNIT_ASSIGNED_CONTEXT ( ( #444, #845, #301 ) ) REPRESENTATION_CONTEXT ( 'NONE', 'WORKASPACE' ) );
#772 = CIRCLE ( 'NONE', #1123, 0.06249999999999995143 ) ;
#773 = CARTESIAN_POINT ( 'NONE',  ( -0.04895960962079608930, -0.7484062738181562757, -0.1610146190843927683 ) ) ;
#774 = VERTEX_POINT ( 'NONE', #9 ) ;
#775 = FILL_AREA_STYLE_COLOUR ( '', #1197 ) ;
#776 = VERTEX_POINT ( 'NONE', #462 ) ;
#777 = FACE_OUTER_BOUND ( 'NONE', #778, .T. ) ;
#778 = EDGE_LOOP ( 'NONE', ( #761, #890, #992, #101 ) ) ;
#779 = CARTESIAN_POINT ( 'NONE',  ( -0.05636123895337918216, -0.7478830168324707151, -0.08553242245929822130 ) ) ;
#780 = ORIENTED_EDGE ( 'NONE', *, *, #587, .F. ) ;
#781 = EDGE_LOOP ( 'NONE', ( #1389, #817, #947, #119 ) ) ;
#782 = EDGE_CURVE ( 'Edge15', #1163, #545, #697, .T. ) ;
#783 = CARTESIAN_POINT ( 'NONE',  ( -0.6145978004320734600, 0.4298482798663468274, -0.1181102400000000052 ) ) ;
#784 = CARTESIAN_POINT ( 'NONE',  ( 2.731847993664263218E-16, -0.9448818899999998910, -0.1181102400000000052 ) ) ;
#785 = DIRECTION ( 'NONE',  ( -0.0000000000000000000, -0.0000000000000000000, -1.000000000000000000 ) ) ;
#786 = FACE_OUTER_BOUND ( 'NONE', #61, .T. ) ;
#787 = ORIENTED_EDGE ( 'NONE', *, *, #833, .F. ) ;
#788 = CARTESIAN_POINT ( 'NONE',  ( -0.6537222018821929881, 0.3676472873340088654, -0.1826553597921016514 ) ) ;
#789 = ORIENTED_EDGE ( 'NONE', *, *, #1338, .T. ) ;
#790 = MECHANICAL_DESIGN_GEOMETRIC_PRESENTATION_REPRESENTATION (  '', ( #320 ), #367 ) ;
#791 = CYLINDRICAL_SURFACE ( 'NONE', #1074, 0.06249999999999995143 ) ;
#792 = CARTESIAN_POINT ( 'NONE',  ( 1.159898192278110640, -0.9448818899999995580, -0.2755905499999999897 ) ) ;
#793 = CONICAL_SURFACE ( 'NONE', #319, 0.1124999999999999611, 0.7155849933176745559 ) ;
#794 = PRESENTATION_LAYER_ASSIGNMENT (  '', '', ( #1268 ) ) ;
#795 = DIRECTION ( 'NONE',  ( -0.0000000000000000000, -0.0000000000000000000, 1.000000000000000000 ) ) ;
#796 = CONICAL_SURFACE ( 'NONE', #1141, 0.1124999999999999611, 0.7155849933176740008 ) ;
#797 = ORIENTED_EDGE ( 'NONE', *, *, #1015, .F. ) ;
#798 = SURFACE_STYLE_USAGE ( .BOTH. , #1232 ) ;
#799 = ORIENTED_EDGE ( 'NONE', *, *, #361, .F. ) ;
#800 = LINE ( 'NONE', #344, #583 ) ;
#801 = EDGE_CURVE ( 'Edge9', #705, #1194, #838, .T. ) ;
#802 = CARTESIAN_POINT ( 'NONE',  ( 0.0000000000000000000, 1.377999999999999892, 6.829619984160658046E-17 ) ) ;
#803 = B_SPLINE_CURVE_WITH_KNOTS ( 'NONE', 3,
 ( #1049, #36, #494, #606, #835, #379, #1371, #939, #720, #275, #1267, #1059, #613, #168, #1167, #388, #843, #1277, #1378, #45, #501, #948, #619, #175, #726, #281, #1290, #54, #546, #96 ),
 .UNSPECIFIED., .F., .F.,
 ( 4, 2, 2, 2, 2, 2, 2, 2, 2, 2, 2, 2, 2, 2, 4 ),
 ( 4.336808689942017736E-19, 0.0003225667591332382462, 0.0006451335182664760587, 0.0009677002773997139254, 0.001290267036532951684, 0.001935400554799431103, 0.002580534073065910740, 0.002903100832199150775, 0.003225667591332389943, 0.003548234350465629544, 0.003870801109598868712, 0.004193367868732108747, 0.004515934627865347481, 0.004838501386998587950, 0.005161068146131826684 ),
 .UNSPECIFIED. ) ;
#804 = DIRECTION ( 'NONE',  ( 1.000000000000000000, 0.0000000000000000000, 0.0000000000000000000 ) ) ;
#805 = ORIENTED_EDGE ( 'NONE', *, *, #1296, .T. ) ;
#806 = ORIENTED_EDGE ( 'NONE', *, *, #133, .T. ) ;
#807 = FACE_OUTER_BOUND ( 'NONE', #35, .T. ) ;
#808 = CARTESIAN_POINT ( 'NONE',  ( 0.0000000000000000000, 1.377999999999999892, 0.0000000000000000000 ) ) ;
#809 = FACE_OUTER_BOUND ( 'NONE', #460, .T. ) ;
#810 = PLANE ( 'NONE',  #1158 ) ;
#811 = ORIENTED_EDGE ( 'NONE', *, *, #930, .F. ) ;
#812 = CARTESIAN_POINT ( 'NONE',  ( 0.7500000000000001110, 0.0000000000000000000, 0.0000000000000000000 ) ) ;
#813 = DIRECTION ( 'NONE',  ( 0.0000000000000000000, 0.0000000000000000000, 1.000000000000000000 ) ) ;
#814 = DIMENSIONAL_EXPONENTS ( 1.000000000000000000, 0.0000000000000000000, 0.0000000000000000000, 0.0000000000000000000, 0.0000000000000000000, 0.0000000000000000000, 0.0000000000000000000 ) ;
#815 = AXIS2_PLACEMENT_3D ( 'NONE', #474, #923, #1355 ) ;
#816 = CYLINDRICAL_SURFACE ( 'NONE', #82, 0.06249999999999995143 ) ;
#817 = ORIENTED_EDGE ( 'NONE', *, *, #864, .F. ) ;
#818 = AXIS2_PLACEMENT_3D ( 'NONE', #1190, #760, #309 ) ;
#819 = PRODUCT_RELATED_PRODUCT_CATEGORY ( 'part', '', ( #343 ) ) ;
#820 = EDGE_CURVE ( 'Edge4', #1255, #1107, #53, .T. ) ;
#821 = CIRCLE ( 'NONE', #295, 0.06249999999999995143 ) ;
#822 = ORIENTED_EDGE ( 'NONE', *, *, #1081, .T. ) ;
#823 = CARTESIAN_POINT ( 'NONE',  ( -0.6793796599658448176, 0.3177167992687003339, -0.1095938809204775322 ) ) ;
#824 = CARTESIAN_POINT ( 'NONE',  ( 0.004240647451806278320, -0.7500000000000001110, -0.05314961007874047239 ) ) ;
#825 = ORIENTED_EDGE ( 'NONE', *, *, #782, .F. ) ;
#826 = DIRECTION ( 'NONE',  ( -0.0000000000000000000, -0.0000000000000000000, 1.000000000000000000 ) ) ;
#827 = CARTESIAN_POINT ( 'NONE',  ( -0.6346632099348638034, 0.3996474716627763102, -0.05971411188497158240 ) ) ;
#828 = CARTESIAN_POINT ( 'NONE',  ( 0.0000000000000000000, 0.0000000000000000000, 0.0000000000000000000 ) ) ;
#829 = DIRECTION ( 'NONE',  ( -0.0000000000000000000, -0.0000000000000000000, 1.000000000000000000 ) ) ;
#830 = EDGE_LOOP ( 'NONE', ( #636, #487 ) ) ;
#831 =( CONVERSION_BASED_UNIT ( 'INCH', #6 ) LENGTH_UNIT ( ) NAMED_UNIT ( #585 ) );
#832 = CARTESIAN_POINT ( 'NONE',  ( -1.159898192278109974, -0.9448818900000001131, -0.2755905499999999897 ) ) ;
#833 = EDGE_CURVE ( 'Edge16', #306, #1214, #134, .T. ) ;
#834 = ORIENTED_EDGE ( 'NONE', *, *, #1333, .T. ) ;
#835 = CARTESIAN_POINT ( 'NONE',  ( 0.6165048457251515179, 0.4271117564420142676, -0.09716104209507699097 ) ) ;
#836 = DIRECTION ( 'NONE',  ( 1.000000000000000000, 0.0000000000000000000, 0.0000000000000000000 ) ) ;
#837 = CIRCLE ( 'NONE', #1340, 0.06249999999999995143 ) ;
#838 = CIRCLE ( 'NONE', #1122, 0.7500000000000001110 ) ;
#839 = AXIS2_PLACEMENT_3D ( 'NONE', #279, #1066, #617 ) ;
#840 = DIRECTION ( 'NONE',  ( -0.0000000000000000000, -0.0000000000000000000, 1.000000000000000000 ) ) ;
#841 = CONICAL_SURFACE ( 'NONE', #85, 0.06249999999999995143, 0.7155849933176755551 ) ;
#842 = LINE ( 'NONE', #386, #409 ) ;
#843 = CARTESIAN_POINT ( 'NONE',  ( 0.6597284663908811186, 0.3567545967255508765, -0.05645831137148182161 ) ) ;
#844 = CARTESIAN_POINT ( 'NONE',  ( 0.6145978004320732380, 0.4298482798663476601, -0.1266967756682031709 ) ) ;
#845 =( NAMED_UNIT ( * ) PLANE_ANGLE_UNIT ( ) SI_UNIT ( $, .RADIAN. ) );
#846 = CARTESIAN_POINT ( 'NONE',  ( -0.06249999999999995143, 1.377999999999999892, -0.2180721296389495356 ) ) ;
#847 = CARTESIAN_POINT ( 'NONE',  ( 1.305883006414953140, -0.6890000000000054969, 6.829619984160658046E-17 ) ) ;
#848 = CARTESIAN_POINT ( 'NONE',  ( 0.6537664031778823714, 0.3675686771496483041, -0.1826435179173779288 ) ) ;
#849 = DIRECTION ( 'NONE',  ( -0.0000000000000000000, -1.000000000000000000, -0.0000000000000000000 ) ) ;
#850 = LINE ( 'NONE', #398, #1357 ) ;
#851 = CARTESIAN_POINT ( 'NONE',  ( -0.6346224422948683053, 0.3997121603481356700, -0.1764684678550148544 ) ) ;
#852 = SURFACE_STYLE_USAGE ( .BOTH. , #969 ) ;
#853 = CARTESIAN_POINT ( 'NONE',  ( -0.6496062999999999699, 7.955382760009552271E-17, -0.2362204699999999880 ) ) ;
#854 = AXIS2_PLACEMENT_3D ( 'NONE', #928, #477, #21 ) ;
#855 = DIRECTION ( 'NONE',  ( 1.000000000000000000, 0.0000000000000000000, 0.0000000000000000000 ) ) ;
#856 = CARTESIAN_POINT ( 'NONE',  ( -0.6699128334018438213, 0.3372325826734390297, -0.1670698024985716734 ) ) ;
#857 = ORIENTED_EDGE ( 'NONE', *, *, #537, .F. ) ;
#858 = CARTESIAN_POINT ( 'NONE',  ( 1.130883006414953318, -0.6890000000000054969, -0.05751842036105049571 ) ) ;
#859 = EDGE_LOOP ( 'NONE', ( #1155, #1089 ) ) ;
#860 = CARTESIAN_POINT ( 'NONE',  ( -0.6473486694163407273, 0.3787586267075600532, -0.1830674775699440426 ) ) ;
#861 = ORIENTED_EDGE ( 'NONE', *, *, #354, .F. ) ;
#862 = LINE ( 'NONE', #1052, #1078 ) ;
#863 = VERTEX_POINT ( 'NONE', #753 ) ;
#864 = EDGE_CURVE ( 'Edge24', #466, #985, #389, .T. ) ;
#865 = DIRECTION ( 'NONE',  ( 0.6560590289905076089, 8.034405899049457497E-17, -0.7547095802227716810 ) ) ;
#866 = ADVANCED_FACE ( 'NONE', ( #867 ), #418, .F. ) ;
#867 = FACE_OUTER_BOUND ( 'NONE', #1203, .T. ) ;
#868 = CARTESIAN_POINT ( 'NONE',  ( 2.365849761790789217E-16, -0.9448818899999998910, 0.0000000000000000000 ) ) ;
#869 = DIRECTION ( 'NONE',  ( -0.0000000000000000000, -0.0000000000000000000, 1.000000000000000000 ) ) ;
#870 = CARTESIAN_POINT ( 'NONE',  ( 0.0000000000000000000, 1.377999999999999892, -0.2180721296389495356 ) ) ;
#871 = CARTESIAN_POINT ( 'NONE',  ( -0.6145978004320734600, 0.4298482798663468274, -0.1181102400000000052 ) ) ;
#872 = SURFACE_SIDE_STYLE ('',( #1102 ) ) ;
#873 = EDGE_LOOP ( 'NONE', ( #566, #95 ) ) ;
#874 = DIRECTION ( 'NONE',  ( 0.8660254037844362651, 0.5000000000000045519, -0.0000000000000000000 ) ) ;
#875 = EDGE_CURVE ( 'NONE', #527, #306, #143, .T. ) ;
#876 = UNCERTAINTY_MEASURE_WITH_UNIT (LENGTH_MEASURE( 1.000000000000000082E-05 ), #1306, 'distance_accuracy_value', 'NONE');
#877 = EDGE_CURVE ( 'NONE', #985, #1107, #1365, .T. ) ;
#878 = CARTESIAN_POINT ( 'NONE',  ( -1.398240816454910718, -0.5320603553164852118, -0.2755905499999999897 ) ) ;
#879 = ORIENTED_EDGE ( 'NONE', *, *, #1312, .F. ) ;
#880 = AXIS2_PLACEMENT_3D ( 'NONE', #1297, #299, #655 ) ;
#881 = MECHANICAL_DESIGN_GEOMETRIC_PRESENTATION_REPRESENTATION (  '', ( #1140 ), #768 ) ;
#882 = AXIS2_PLACEMENT_3D ( 'NONE', #1276, #1322, #563 ) ;
#883 = SURFACE_STYLE_FILL_AREA ( #489 ) ;
#884 = FILL_AREA_STYLE_COLOUR ( '', #650 ) ;
#885 = AXIS2_PLACEMENT_3D ( 'NONE', #350, #1344, #659 ) ;
#886 = EDGE_LOOP ( 'NONE', ( #144, #98, #241, #931 ) ) ;
#887 = ADVANCED_FACE ( 'Face3', ( #1227 ), #791, .F. ) ;
#888 = EDGE_CURVE ( 'NONE', #443, #104, #740, .T. ) ;
#889 = CARTESIAN_POINT ( 'NONE',  ( -0.06287644455514937447, -0.7473601835665804050, -0.1012472694528988443 ) ) ;
#890 = ORIENTED_EDGE ( 'NONE', *, *, #1305, .T. ) ;
#891 = ORIENTED_EDGE ( 'NONE', *, *, #758, .T. ) ;
#892 = VERTEX_POINT ( 'NONE', #1012 ) ;
#893 = SURFACE_STYLE_FILL_AREA ( #307 ) ;
#894 = ORIENTED_EDGE ( 'NONE', *, *, #1098, .F. ) ;
#895 = CARTESIAN_POINT ( 'NONE',  ( 0.6496062999999999699, 0.0000000000000000000, -0.2362204699999999880 ) ) ;
#896 = CARTESIAN_POINT ( 'NONE',  ( -1.636583440631715236, -0.9448818900000003351, -0.2755905499999999897 ) ) ;
#897 = EDGE_CURVE ( 'NONE', #438, #892, #568, .T. ) ;
#898 = ORIENTED_EDGE ( 'NONE', *, *, #833, .T. ) ;
#899 = DIRECTION ( 'NONE',  ( 0.0000000000000000000, 0.0000000000000000000, 1.000000000000000000 ) ) ;
#900 = FACE_BOUND ( 'NONE', #140, .T. ) ;
#901 = SURFACE_STYLE_FILL_AREA ( #1086 ) ;
#902 = ADVANCED_FACE ( 'NONE', ( #904 ), #841, .F. ) ;
#903 = ORIENTED_EDGE ( 'NONE', *, *, #666, .F. ) ;
#904 = FACE_OUTER_BOUND ( 'NONE', #886, .T. ) ;
#905 = DIRECTION ( 'NONE',  ( 0.0000000000000000000, 0.0000000000000000000, 1.000000000000000000 ) ) ;
#906 = CIRCLE ( 'NONE', #201, 0.1124999999999999611 ) ;
#907 = DIRECTION ( 'NONE',  ( 1.000000000000000000, 0.0000000000000000000, 0.0000000000000000000 ) ) ;
#908 = CONICAL_SURFACE ( 'NONE', #770, 0.1124999999999999611, 0.7155849933176745559 ) ;
#909 = DIRECTION ( 'NONE',  ( -0.0000000000000000000, -0.0000000000000000000, 1.000000000000000000 ) ) ;
#910 = EDGE_CURVE ( 'NONE', #438, #1287, #800, .T. ) ;
#911 = ORIENTED_EDGE ( 'NONE', *, *, #204, .F. ) ;
#912 = DIRECTION ( 'NONE',  ( 1.000000000000000000, 0.0000000000000000000, 0.0000000000000000000 ) ) ;
#913 = DIRECTION ( 'NONE',  ( 1.000000000000000000, 0.0000000000000000000, 0.0000000000000000000 ) ) ;
#914 = ORIENTED_EDGE ( 'NONE', *, *, #935, .F. ) ;
#915 = FACE_OUTER_BOUND ( 'NONE', #1017, .T. ) ;
#916 = ORIENTED_EDGE ( 'NONE', *, *, #40, .F. ) ;
#917 = ORIENTED_EDGE ( 'NONE', *, *, #1411, .F. ) ;
#918 = CARTESIAN_POINT ( 'NONE',  ( -0.7858114053552220923, 0.5286985007576540108, -0.1181102400000000052 ) ) ;
#919 = CARTESIAN_POINT ( 'NONE',  ( 1.193383006414953318, -0.6890000000000054969, -0.2180721296389495356 ) ) ;
#920 = DIRECTION ( 'NONE',  ( 1.000000000000000000, 0.0000000000000000000, 0.0000000000000000000 ) ) ;
#921 = DIMENSIONAL_EXPONENTS ( 1.000000000000000000, 0.0000000000000000000, 0.0000000000000000000, 0.0000000000000000000, 0.0000000000000000000, 0.0000000000000000000, 0.0000000000000000000 ) ;
#922 = EDGE_LOOP ( 'NONE', ( #894, #1150, #1064, #74 ) ) ;
#923 = DIRECTION ( 'NONE',  ( -0.0000000000000000000, -0.0000000000000000000, 1.000000000000000000 ) ) ;
#924 = DIRECTION ( 'NONE',  ( -0.0000000000000000000, -0.0000000000000000000, 1.000000000000000000 ) ) ;
#925 = ORIENTED_EDGE ( 'NONE', *, *, #1026, .F. ) ;
#926 = EDGE_LOOP ( 'NONE', ( #787, #664 ) ) ;
#927 = VECTOR ( 'NONE', #34, 39.37007874015748143 ) ;
#928 = CARTESIAN_POINT ( 'NONE',  ( 1.193383006414953318, -0.6890000000000054969, -0.2180721296389495356 ) ) ;
#929 = AXIS2_PLACEMENT_3D ( 'NONE', #500, #946, #1057 ) ;
#930 = EDGE_CURVE ( 'NONE', #742, #435, #57, .T. ) ;
#931 = ORIENTED_EDGE ( 'NONE', *, *, #1053, .F. ) ;
#932 = CARTESIAN_POINT ( 'NONE',  ( -0.6738115475245229913, 0.3293684643588054572, -0.07850339672293737969 ) ) ;
#933 = DIRECTION ( 'NONE',  ( -0.6560590289905068317, 8.034405899049447636E-17, 0.7547095802227723471 ) ) ;
#934 = FACE_BOUND ( 'NONE', #572, .T. ) ;
#935 = EDGE_CURVE ( 'NONE', #38, #214, #491, .T. ) ;
#936 = CARTESIAN_POINT ( 'NONE',  ( -0.6183569164240950711, 0.4244259627269620916, -0.08931457021581935829 ) ) ;
#937 = CARTESIAN_POINT ( 'NONE',  ( 1.398240816454911162, -0.5320603553164838795, -0.2755905499999999897 ) ) ;
#938 = ORIENTED_EDGE ( 'NONE', *, *, #204, .T. ) ;
#939 = CARTESIAN_POINT ( 'NONE',  ( 0.6221472311024519586, 0.4188536853401451654, -0.07850339672293736581 ) ) ;
#940 = DIRECTION ( 'NONE',  ( 1.000000000000000000, 0.0000000000000000000, 0.0000000000000000000 ) ) ;
#941 = VERTEX_POINT ( 'NONE', #1243 ) ;
#942 = EDGE_LOOP ( 'NONE', ( #77, #1068, #1326, #1238, #1244, #686 ) ) ;
#943 = DIRECTION ( 'NONE',  ( 0.0000000000000000000, 0.0000000000000000000, 1.000000000000000000 ) ) ;
#944 = ADVANCED_FACE ( 'NONE', ( #807 ), #698, .F. ) ;
#945 = EDGE_CURVE ( 'NONE', #941, #776, #746, .T. ) ;
#946 = DIRECTION ( 'NONE',  ( -0.0000000000000000000, -0.0000000000000000000, 1.000000000000000000 ) ) ;
#947 = ORIENTED_EDGE ( 'NONE', *, *, #1411, .T. ) ;
#948 = CARTESIAN_POINT ( 'NONE',  ( 0.6726186270698979452, 0.3318032818406106421, -0.07520020735727281358 ) ) ;
#949 = CARTESIAN_POINT ( 'NONE',  ( 1.305883006414953140, -0.6890000000000054969, 6.829619984160658046E-17 ) ) ;
#950 = VECTOR ( 'NONE', #975, 39.37007874015748854 ) ;
#951 = CARTESIAN_POINT ( 'NONE',  ( 1.193383006414953318, -0.6890000000000054969, -0.05751842036105049571 ) ) ;
#952 = AXIS2_PLACEMENT_3D ( 'NONE', #240, #1241, #804 ) ;
#953 = CARTESIAN_POINT ( 'NONE',  ( 1.080883006414953273, -0.6890000000000054969, 6.829619984160658046E-17 ) ) ;
#954 = AXIS2_PLACEMENT_3D ( 'NONE', #67, #869, #855 ) ;
#955 = AXIS2_PLACEMENT_3D ( 'NONE', #269, #1265, #611 ) ;
#956 = LINE ( 'NONE', #730, #55 ) ;
#957 = DIRECTION ( 'NONE',  ( -0.6560590289905076089, 0.0000000000000000000, -0.7547095802227716810 ) ) ;
#958 = EDGE_CURVE ( 'NONE', #251, #863, #504, .T. ) ;
#959 = CARTESIAN_POINT ( 'NONE',  ( 0.6452529914047814286, 0.3823163901808799836, -0.1826553597921016514 ) ) ;
#960 = FACE_OUTER_BOUND ( 'NONE', #1308, .T. ) ;
#961 = LINE ( 'NONE', #685, #1421 ) ;
#962 = EDGE_LOOP ( 'NONE', ( #394, #938, #493, #751 ) ) ;
#963 = CARTESIAN_POINT ( 'NONE',  ( 0.0000000000000000000, 0.0000000000000000000, 0.0000000000000000000 ) ) ;
#964 = FILL_AREA_STYLE_COLOUR ( '', #481 ) ;
#965 = CARTESIAN_POINT ( 'NONE',  ( 0.6795584303533330761, 0.3173331683510473566, -0.1265895645436178885 ) ) ;
#966 = SURFACE_STYLE_FILL_AREA ( #520 ) ;
#967 = DIRECTION ( 'NONE',  ( 0.0000000000000000000, 0.0000000000000000000, 1.000000000000000000 ) ) ;
#968 = CARTESIAN_POINT ( 'NONE',  ( 0.02879570720132590411, -0.7494573417873119370, -0.05972505017400756705 ) ) ;
#969 = SURFACE_SIDE_STYLE ('',( #64 ) ) ;
#970 = CARTESIAN_POINT ( 'NONE',  ( -1.193383006414953096, -0.6890000000000058300, 0.0000000000000000000 ) ) ;
#971 = ORIENTED_EDGE ( 'NONE', *, *, #1015, .T. ) ;
#972 = EDGE_CURVE ( 'Edge16', #1214, #306, #993, .T. ) ;
#973 = ORIENTED_EDGE ( 'NONE', *, *, #1082, .F. ) ;
#974 = VECTOR ( 'NONE', #272, 39.37007874015748143 ) ;
#975 = DIRECTION ( 'NONE',  ( 0.8660254037844361541, 0.5000000000000044409, -0.0000000000000000000 ) ) ;
#976 = AXIS2_PLACEMENT_3D ( 'NONE', #192, #1001, #555 ) ;
#977 = VECTOR ( 'NONE', #728, 39.37007874015748143 ) ;
#978 = LINE ( 'NONE', #528, #1318 ) ;
#979 = CARTESIAN_POINT ( 'NONE',  ( 2.731847993664263218E-16, -0.9448818899999998910, -0.1830708699212593993 ) ) ;
#980 = CARTESIAN_POINT ( 'NONE',  ( -0.7500000000000001110, 9.184850993605150903E-17, -0.2362204699999999880 ) ) ;
#981 = EDGE_CURVE ( 'NONE', #1054, #300, #1391, .T. ) ;
#982 = EDGE_LOOP ( 'NONE', ( #1416, #561, #1117, #1392 ) ) ;
#983 = EDGE_CURVE ( 'Edge3', #347, #610, #51, .T. ) ;
#984 = DIRECTION ( 'NONE',  ( 1.000000000000000000, 0.0000000000000000000, 0.0000000000000000000 ) ) ;
#985 = VERTEX_POINT ( 'NONE', #1288 ) ;
#986 = CARTESIAN_POINT ( 'NONE',  ( 0.8182917203158519559, 0.4724409450000047750, -0.1181102400000000052 ) ) ;
#987 =( NAMED_UNIT ( * ) SI_UNIT ( $, .STERADIAN. ) SOLID_ANGLE_UNIT ( ) );
#988 = EDGE_CURVE ( 'NONE', #596, #1343, #291, .T. ) ;
#989 = PRESENTATION_STYLE_ASSIGNMENT (( #1417 ) ) ;
#990 = SURFACE_SIDE_STYLE ('',( #1418 ) ) ;
#991 = CARTESIAN_POINT ( 'NONE',  ( -0.06496398299598379888, -0.7471811566981342301, -0.1223483336060012666 ) ) ;
#992 = ORIENTED_EDGE ( 'NONE', *, *, #782, .T. ) ;
#993 = CIRCLE ( 'NONE', #668, 0.06496062992125939406 ) ;
#994 = SURFACE_STYLE_USAGE ( .BOTH. , #439 ) ;
#995 = CONICAL_SURFACE ( 'NONE', #205, 0.06249999999999995143, 0.7155849933176755551 ) ;
#996 = DIMENSIONAL_EXPONENTS ( 1.000000000000000000, 0.0000000000000000000, 0.0000000000000000000, 0.0000000000000000000, 0.0000000000000000000, 0.0000000000000000000, 0.0000000000000000000 ) ;
#997 = ORIENTED_EDGE ( 'NONE', *, *, #328, .T. ) ;
#998 = AXIS2_PLACEMENT_3D ( 'NONE', #963, #813, #515 ) ;
#999 = VERTEX_POINT ( 'NONE', #1157 ) ;
#1000 = EDGE_CURVE ( 'Edge6', #356, #610, #155, .T. ) ;
#1001 = DIRECTION ( 'NONE',  ( -0.8660254037844363761, 0.5000000000000037748, -0.0000000000000000000 ) ) ;
#1002 = VECTOR ( 'NONE', #533, 39.37007874015748143 ) ;
#1003 = CARTESIAN_POINT ( 'NONE',  ( 1.193383006414953318, -0.6890000000000054969, -0.2755905499999999897 ) ) ;
#1004 = AXIS2_PLACEMENT_3D ( 'NONE', #346, #1342, #907 ) ;
#1005 = CARTESIAN_POINT ( 'NONE',  ( 2.811401817266295477E-16, -0.7500000000000001110, -0.05314961007874047239 ) ) ;
#1006 = CARTESIAN_POINT ( 'NONE',  ( -0.6195108782266659508, 0.4227432231722739742, -0.08551639793296453296 ) ) ;
#1007 = DIRECTION ( 'NONE',  ( 0.8660254037844361541, 0.5000000000000044409, -0.0000000000000000000 ) ) ;
#1008 = CARTESIAN_POINT ( 'NONE',  ( -0.6795584303533335202, 0.3173331683510465795, -0.1181102399999999913 ) ) ;
#1009 = FACE_BOUND ( 'NONE', #1332, .T. ) ;
#1010 = DIRECTION ( 'NONE',  ( 0.8660254037844360431, 0.5000000000000044409, -0.0000000000000000000 ) ) ;
#1011 = EDGE_LOOP ( 'NONE', ( #235, #322, #349, #879 ) ) ;
#1012 = CARTESIAN_POINT ( 'NONE',  ( 0.06250000000000000000, 1.377999999999999892, -0.05751842036105049571 ) ) ;
#1013 = FACE_BOUND ( 'NONE', #342, .T. ) ;
#1014 = DIRECTION ( 'NONE',  ( 0.0000000000000000000, 0.0000000000000000000, 1.000000000000000000 ) ) ;
#1015 = EDGE_CURVE ( 'NONE', #1104, #1234, #1370, .T. ) ;
#1016 = CYLINDRICAL_SURFACE ( 'NONE', #1401, 0.06496062992125951896 ) ;
#1017 = EDGE_LOOP ( 'NONE', ( #189, #592, #857, #536 ) ) ;
#1018 = AXIS2_PLACEMENT_3D ( 'NONE', #1184, #747, #294 ) ;
#1019 = CARTESIAN_POINT ( 'NONE',  ( -6.317398485348608816E-16, 1.889763779999984239, -0.2755905499999999897 ) ) ;
#1020 = CYLINDRICAL_SURFACE ( 'NONE', #1178, 1.496050000000000102 ) ;
#1021 = AXIS2_PLACEMENT_3D ( 'NONE', #142, #594, #1031 ) ;
#1022 = DIRECTION ( 'NONE',  ( 0.0000000000000000000, 0.0000000000000000000, 1.000000000000000000 ) ) ;
#1023 = VECTOR ( 'NONE', #909, 39.37007874015748143 ) ;
#1024 = DIRECTION ( 'NONE',  ( -0.6560590289905063877, 8.034405899049442705E-17, 0.7547095802227727912 ) ) ;
#1025 = EDGE_LOOP ( 'NONE', ( #1209, #834 ) ) ;
#1026 = EDGE_CURVE ( 'NONE', #776, #435, #1266, .T. ) ;
#1027 = EDGE_CURVE ( 'Edge21', #251, #214, #1041, .T. ) ;
#1028 = CARTESIAN_POINT ( 'NONE',  ( 0.03254649434452371037, -0.7493018196378361528, -0.1744895747453090729 ) ) ;
#1029 =( NAMED_UNIT ( * ) PLANE_ANGLE_UNIT ( ) SI_UNIT ( $, .RADIAN. ) );
#1030 = DIRECTION ( 'NONE',  ( 1.000000000000000000, 0.0000000000000000000, 0.0000000000000000000 ) ) ;
#1031 = DIRECTION ( 'NONE',  ( 1.000000000000000000, 0.0000000000000000000, 0.0000000000000000000 ) ) ;
#1032 = DIRECTION ( 'NONE',  ( 0.0000000000000000000, 0.0000000000000000000, -1.000000000000000000 ) ) ;
#1033 = ADVANCED_FACE ( 'NONE', ( #1164 ), #166, .F. ) ;
#1034 = ORIENTED_EDGE ( 'NONE', *, *, #958, .F. ) ;
#1035 = ORIENTED_EDGE ( 'NONE', *, *, #634, .T. ) ;
#1036 = EDGE_CURVE ( 'Edge25', #1234, #596, #842, .T. ) ;
#1037 = CARTESIAN_POINT ( 'NONE',  ( -0.8182917203158521779, 0.4724409450000038313, -0.1181102400000000052 ) ) ;
#1038 = CARTESIAN_POINT ( 'NONE',  ( -0.6634344658116815285, 0.3498145514469459538, -0.1765086709568589318 ) ) ;
#1039 = DIRECTION ( 'NONE',  ( 0.6560590289905073869, 8.034405899049455031E-17, -0.7547095802227719030 ) ) ;
#1040 = STYLED_ITEM ( 'NONE', ( #139 ), #1429 ) ;
#1041 = CIRCLE ( 'NONE', #929, 0.06249999999999995143 ) ;
#1042 = CARTESIAN_POINT ( 'NONE',  ( 0.0000000000000000000, 0.0000000000000000000, -0.2362204699999999880 ) ) ;
#1043 = CIRCLE ( 'NONE', #628, 1.496050000000000102 ) ;
#1044 = CIRCLE ( 'NONE', #534, 0.06496062992125932467 ) ;
#1045 = CARTESIAN_POINT ( 'NONE',  ( -1.193383006414953096, -0.6890000000000058300, 6.829619984160658046E-17 ) ) ;
#1046 = DIRECTION ( 'NONE',  ( 1.000000000000000000, 0.0000000000000000000, 0.0000000000000000000 ) ) ;
#1047 = CARTESIAN_POINT ( 'NONE',  ( 1.255883006414953318, -0.6890000000000054969, 0.0000000000000000000 ) ) ;
#1048 = ORIENTED_EDGE ( 'NONE', *, *, #1302, .F. ) ;
#1049 = CARTESIAN_POINT ( 'NONE',  ( 0.6145978004320730159, 0.4298482798663474935, -0.1181102400000000191 ) ) ;
#1050 = DIRECTION ( 'NONE',  ( 0.0000000000000000000, 0.0000000000000000000, 1.000000000000000000 ) ) ;
#1051 = ORIENTED_EDGE ( 'NONE', *, *, #1384, .F. ) ;
#1052 = CARTESIAN_POINT ( 'NONE',  ( -1.080883006414953051, -0.6890000000000058300, 6.829619984160658046E-17 ) ) ;
#1053 = EDGE_CURVE ( 'NONE', #714, #1431, #132, .T. ) ;
#1054 = VERTEX_POINT ( 'NONE', #508 ) ;
#1055 = LINE ( 'NONE', #384, #317 ) ;
#1056 = ADVANCED_FACE ( 'NONE', ( #50 ), #1070, .F. ) ;
#1057 = DIRECTION ( 'NONE',  ( 1.000000000000000000, 0.0000000000000000000, 0.0000000000000000000 ) ) ;
#1058 = CARTESIAN_POINT ( 'NONE',  ( -0.01711716087948366924, -0.7498453846796755418, -0.1813435961187621071 ) ) ;
#1059 = CARTESIAN_POINT ( 'NONE',  ( 0.6408593787716991841, 0.3896927376698320900, -0.05485961122470252999 ) ) ;
#1060 = CARTESIAN_POINT ( 'NONE',  ( -1.636583440631715236, -0.9448818900000003351, -0.2755905499999999897 ) ) ;
#1061 = DIRECTION ( 'NONE',  ( -1.000000000000000000, 0.0000000000000000000, 0.0000000000000000000 ) ) ;
#1062 = PRODUCT_DEFINITION_SHAPE ( 'NONE', 'NONE',  #449 ) ;
#1063 = CARTESIAN_POINT ( 'NONE',  ( -0.06249999999999995143, 1.377999999999999892, -0.2180721296389495356 ) ) ;
#1064 = ORIENTED_EDGE ( 'NONE', *, *, #935, .T. ) ;
#1065 = EDGE_CURVE ( 'Edge26', #356, #774, #956, .T. ) ;
#1066 = DIRECTION ( 'NONE',  ( -0.0000000000000000000, -0.0000000000000000000, 1.000000000000000000 ) ) ;
#1067 = UNCERTAINTY_MEASURE_WITH_UNIT (LENGTH_MEASURE( 1.000000000000000082E-05 ), #327, 'distance_accuracy_value', 'NONE');
#1068 = ORIENTED_EDGE ( 'NONE', *, *, #1193, .T. ) ;
#1069 = EDGE_CURVE ( 'NONE', #71, #473, #1281, .T. ) ;
#1070 = CYLINDRICAL_SURFACE ( 'NONE', #7, 0.06249999999999995143 ) ;
#1071 = ORIENTED_EDGE ( 'NONE', *, *, #632, .F. ) ;
#1072 = EDGE_LOOP ( 'NONE', ( #1207, #1035, #33, #44 ) ) ;
#1073 = CARTESIAN_POINT ( 'NONE',  ( 0.6346655210723507468, 0.3996438254156077785, -0.1765086709568589318 ) ) ;
#1074 = AXIS2_PLACEMENT_3D ( 'NONE', #333, #1334, #1046 ) ;
#1075 = ORIENTED_EDGE ( 'NONE', *, *, #284, .T. ) ;
#1076 = ORIENTED_EDGE ( 'NONE', *, *, #173, .F. ) ;
#1077 = CARTESIAN_POINT ( 'NONE',  ( -0.6157962221494118760, 0.4281304803947233451, -0.1012341160485485253 ) ) ;
#1078 = VECTOR ( 'NONE', #196, 39.37007874015748143 ) ;
#1079 = AXIS2_PLACEMENT_3D ( 'NONE', #121, #899, #1335 ) ;
#1080 = CARTESIAN_POINT ( 'NONE',  ( -0.6155819374413790124, 0.4284500186338399130, -0.1351380517128725478 ) ) ;
#1081 = EDGE_CURVE ( 'Edge27', #1367, #141, #212, .T. ) ;
#1082 = EDGE_CURVE ( 'Edge10', #1104, #1343, #978, .T. ) ;
#1083 = FACE_OUTER_BOUND ( 'NONE', #1106, .T. ) ;
#1084 = CARTESIAN_POINT ( 'NONE',  ( 0.6760534372647976076, 0.3247495806523421624, -0.1507736815642907735 ) ) ;
#1085 = APPLICATION_PROTOCOL_DEFINITION ( 'draft international standard', 'automotive_design', 1998, #1165 ) ;
#1086 = FILL_AREA_STYLE ('',( #550 ) ) ;
#1087 = CARTESIAN_POINT ( 'NONE',  ( -0.6579134998782261157, 0.3601541334348955514, -0.05485961122470254386 ) ) ;
#1088 = CARTESIAN_POINT ( 'NONE',  ( 0.03259389053911658507, -0.7492996980485367997, -0.06175933601187977989 ) ) ;
#1089 = ORIENTED_EDGE ( 'NONE', *, *, #284, .F. ) ;
#1090 = CARTESIAN_POINT ( 'NONE',  ( -1.159898192278109974, -0.9448818900000001131, 0.0000000000000000000 ) ) ;
#1091 = CARTESIAN_POINT ( 'NONE',  ( 1.193383006414953318, -0.6890000000000054969, -0.2180721296389495356 ) ) ;
#1092 = ORIENTED_EDGE ( 'NONE', *, *, #1353, .T. ) ;
#1093 = LINE ( 'NONE', #639, #181 ) ;
#1094 = CARTESIAN_POINT ( 'NONE',  ( -1.130883006414953096, -0.6890000000000058300, -0.2180721296389495356 ) ) ;
#1095 = DIRECTION ( 'NONE',  ( -0.0000000000000000000, -0.0000000000000000000, 1.000000000000000000 ) ) ;
#1096 = EDGE_CURVE ( 'NONE', #141, #545, #1093, .T. ) ;
#1097 = EDGE_CURVE ( 'NONE', #38, #104, #1351, .T. ) ;
#1098 = EDGE_CURVE ( 'NONE', #221, #251, #647, .T. ) ;
#1099 = MANIFOLD_SOLID_BREP ( '3X C''SINK F. 4-40 FHMS', #696 ) ;
#1100 =( GEOMETRIC_REPRESENTATION_CONTEXT ( 3 ) GLOBAL_UNCERTAINTY_ASSIGNED_CONTEXT ( ( #569 ) ) GLOBAL_UNIT_ASSIGNED_CONTEXT ( ( #831, #244, #348 ) ) REPRESENTATION_CONTEXT ( 'NONE', 'WORKASPACE' ) );
#1101 = CIRCLE ( 'NONE', #1004, 0.6496062999999999699 ) ;
#1102 = SURFACE_STYLE_FILL_AREA ( #87 ) ;
#1103 = DIRECTION ( 'NONE',  ( -0.8660254037844365982, 0.5000000000000038858, -0.0000000000000000000 ) ) ;
#1104 = VERTEX_POINT ( 'NONE', #283 ) ;
#1105 = DIRECTION ( 'NONE',  ( 0.0000000000000000000, 0.0000000000000000000, -1.000000000000000000 ) ) ;
#1106 = EDGE_LOOP ( 'NONE', ( #688, #797, #421, #755 ) ) ;
#1107 = VERTEX_POINT ( 'NONE', #215 ) ;
#1108 =( NAMED_UNIT ( * ) SI_UNIT ( $, .STERADIAN. ) SOLID_ANGLE_UNIT ( ) );
#1109 = DIRECTION ( 'NONE',  ( -0.0000000000000000000, -0.0000000000000000000, 1.000000000000000000 ) ) ;
#1110 = EDGE_LOOP ( 'NONE', ( #861, #492, #450, #228 ) ) ;
#1111 = DIRECTION ( 'NONE',  ( 0.0000000000000000000, 0.0000000000000000000, 1.000000000000000000 ) ) ;
#1112 = CARTESIAN_POINT ( 'NONE',  ( -0.06165521754383443409, -0.7474632451698260960, -0.1390067226693559865 ) ) ;
#1113 = ORIENTED_EDGE ( 'NONE', *, *, #972, .T. ) ;
#1114 = DIRECTION ( 'NONE',  ( -0.0000000000000000000, -0.0000000000000000000, 1.000000000000000000 ) ) ;
#1115 = VERTEX_POINT ( 'NONE', #577 ) ;
#1116 = CARTESIAN_POINT ( 'NONE',  ( 2.753697675210334656E-16, -0.7500000000000001110, -0.1830708699212595381 ) ) ;
#1117 = ORIENTED_EDGE ( 'NONE', *, *, #229, .T. ) ;
#1118 = UNCERTAINTY_MEASURE_WITH_UNIT (LENGTH_MEASURE( 1.000000000000000082E-05 ), #1210, 'distance_accuracy_value', 'NONE');
#1119 = CARTESIAN_POINT ( 'NONE',  ( -0.03266347710581425645, -0.7493292219227920548, -0.06132492639331175305 ) ) ;
#1120 = ORIENTED_EDGE ( 'NONE', *, *, #427, .T. ) ;
#1121 = AXIS2_PLACEMENT_3D ( 'NONE', #79, #1095, #643 ) ;
#1122 = AXIS2_PLACEMENT_3D ( 'NONE', #198, #1111, #984 ) ;
#1123 = AXIS2_PLACEMENT_3D ( 'NONE', #870, #1307, #1408 ) ;
#1124 = VECTOR ( 'NONE', #957, 39.37007874015748143 ) ;
#1125 = PRESENTATION_STYLE_ASSIGNMENT (( #852 ) ) ;
#1126 = CYLINDRICAL_SURFACE ( 'NONE', #818, 0.06496062992125957447 ) ;
#1127 = CARTESIAN_POINT ( 'NONE',  ( 0.0000000000000000000, 0.0000000000000000000, -0.2755905499999999897 ) ) ;
#1128 = ORIENTED_EDGE ( 'NONE', *, *, #1069, .T. ) ;
#1129 = ORIENTED_EDGE ( 'NONE', *, *, #1325, .T. ) ;
#1130 = ORIENTED_EDGE ( 'NONE', *, *, #1223, .F. ) ;
#1131 = DIRECTION ( 'NONE',  ( 1.000000000000000000, 0.0000000000000000000, -0.0000000000000000000 ) ) ;
#1132 = DIRECTION ( 'NONE',  ( 1.000000000000000000, 2.503857663935954485E-16, 0.0000000000000000000 ) ) ;
#1133 = ORIENTED_EDGE ( 'NONE', *, *, #1215, .F. ) ;
#1134 = DIRECTION ( 'NONE',  ( -0.5000000000000037748, -0.8660254037844364872, 0.0000000000000000000 ) ) ;
#1135 = FILL_AREA_STYLE_COLOUR ( '', #1180 ) ;
#1136 = DIRECTION ( 'NONE',  ( -0.0000000000000000000, -0.0000000000000000000, 1.000000000000000000 ) ) ;
#1137 = PRESENTATION_STYLE_ASSIGNMENT (( #83 ) ) ;
#1138 = CARTESIAN_POINT ( 'NONE',  ( -0.2383426241767914178, 1.476942245316491764, -0.2755905499999999897 ) ) ;
#1139 = AXIS2_PLACEMENT_3D ( 'NONE', #138, #1142, #695 ) ;
#1140 = STYLED_ITEM ( 'NONE', ( #1137 ), #4 ) ;
#1141 = AXIS2_PLACEMENT_3D ( 'NONE', #683, #795, #335 ) ;
#1142 = DIRECTION ( 'NONE',  ( -0.0000000000000000000, -0.0000000000000000000, 1.000000000000000000 ) ) ;
#1143 = SURFACE_STYLE_USAGE ( .BOTH. , #657 ) ;
#1144 = EDGE_LOOP ( 'NONE', ( #310, #734, #273, #468 ) ) ;
#1145 = ORIENTED_EDGE ( 'NONE', *, *, #377, .T. ) ;
#1146 = LINE ( 'NONE', #701, #157 ) ;
#1147 = ADVANCED_FACE ( 'NONE', ( #757 ), #1016, .F. ) ;
#1148 = CARTESIAN_POINT ( 'NONE',  ( 0.06496215510784615621, -0.7471813156162973035, -0.1138945063160443361 ) ) ;
#1149 = CARTESIAN_POINT ( 'NONE',  ( 2.811401821167929530E-16, -0.9448818899999998910, -0.05314961007874062504 ) ) ;
#1150 = ORIENTED_EDGE ( 'NONE', *, *, #634, .F. ) ;
#1151 = CARTESIAN_POINT ( 'NONE',  ( -0.6781420541963489867, 0.3203529797331865492, -0.09716104209507694933 ) ) ;
#1152 = ADVANCED_FACE ( 'NONE', ( #525 ), #400, .F. ) ;
#1153 = CARTESIAN_POINT ( 'NONE',  ( 0.05677121573341614713, -0.7478553285145708163, -0.1507983691924514036 ) ) ;
#1154 = FACE_BOUND ( 'NONE', #554, .T. ) ;
#1155 = ORIENTED_EDGE ( 'NONE', *, *, #820, .F. ) ;
#1156 = CARTESIAN_POINT ( 'NONE',  ( -0.6288136271619322315, 0.4087858016249269477, -0.06645100635905290543 ) ) ;
#1157 = CARTESIAN_POINT ( 'NONE',  ( -1.255883006414952874, -0.6890000000000058300, -0.2180721296389495356 ) ) ;
#1158 = AXIS2_PLACEMENT_3D ( 'NONE', #355, #1348, #1132 ) ;
#1159 = CARTESIAN_POINT ( 'NONE',  ( 1.193383006414953318, -0.6890000000000054969, 6.829619984160658046E-17 ) ) ;
#1160 = MECHANICAL_DESIGN_GEOMETRIC_PRESENTATION_REPRESENTATION (  '', ( #437 ), #1100 ) ;
#1161 = ORIENTED_EDGE ( 'NONE', *, *, #1384, .T. ) ;
#1162 = CARTESIAN_POINT ( 'NONE',  ( -0.6145978004320733490, 0.4298482798663467164, -0.1138695923461841980 ) ) ;
#1163 = VERTEX_POINT ( 'NONE', #918 ) ;
#1164 = FACE_OUTER_BOUND ( 'NONE', #982, .T. ) ;
#1165 = APPLICATION_CONTEXT ( 'automotive_design' ) ;
#1166 = ORIENTED_EDGE ( 'NONE', *, *, #945, .F. ) ;
#1167 = CARTESIAN_POINT ( 'NONE',  ( 0.6537480680254762477, 0.3676014548717398966, -0.05357101552463545274 ) ) ;
#1168 = DIRECTION ( 'NONE',  ( 1.000000000000000000, 0.0000000000000000000, 0.0000000000000000000 ) ) ;
#1169 = FACE_OUTER_BOUND ( 'NONE', #1374, .T. ) ;
#1170 = DIRECTION ( 'NONE',  ( -0.0000000000000000000, -0.0000000000000000000, 1.000000000000000000 ) ) ;
#1171 = EDGE_LOOP ( 'NONE', ( #911, #336, #805, #1373 ) ) ;
#1172 = CARTESIAN_POINT ( 'NONE',  ( 0.6270084002799521938, 0.4115452407104956412, -0.1670698024985717012 ) ) ;
#1173 = CARTESIAN_POINT ( 'NONE',  ( 0.7500000000000001110, 0.0000000000000000000, -0.2362204699999999880 ) ) ;
#1174 = ORIENTED_EDGE ( 'NONE', *, *, #1286, .T. ) ;
#1175 = CARTESIAN_POINT ( 'NONE',  ( -0.6192681053456663420, 0.4231046606609386584, -0.1507736815642907180 ) ) ;
#1176 = LINE ( 'NONE', #467, #314 ) ;
#1177 = CARTESIAN_POINT ( 'NONE',  ( 0.6699440841660216917, 0.3371704466937306965, -0.1670086995449066858 ) ) ;
#1178 = AXIS2_PLACEMENT_3D ( 'NONE', #11, #1345, #913 ) ;
#1179 = CIRCLE ( 'NONE', #673, 0.6496062999999999699 ) ;
#1180 = COLOUR_RGB ( '',0.2509803921568627416, 0.2509803921568627416, 0.2509803921568627416 ) ;
#1181 = CIRCLE ( 'NONE', #815, 0.06249999999999995143 ) ;
#1182 = LINE ( 'NONE', #194, #434 ) ;
#1183 = CARTESIAN_POINT ( 'NONE',  ( -0.6760338609453271363, 0.3247904356774572454, -0.1508517755123616466 ) ) ;
#1184 = CARTESIAN_POINT ( 'NONE',  ( -1.193383006414953096, -0.6890000000000058300, 6.829619984160658046E-17 ) ) ;
#1185 = DIRECTION ( 'NONE',  ( 1.000000000000000000, 0.0000000000000000000, 0.0000000000000000000 ) ) ;
#1186 = DIRECTION ( 'NONE',  ( -0.0000000000000000000, -0.0000000000000000000, 1.000000000000000000 ) ) ;
#1187 = CARTESIAN_POINT ( 'NONE',  ( 1.130883006414953318, -0.6890000000000054969, -0.2180721296389495356 ) ) ;
#1188 = DIRECTION ( 'NONE',  ( -0.0000000000000000000, -0.0000000000000000000, 1.000000000000000000 ) ) ;
#1189 = FACE_OUTER_BOUND ( 'NONE', #1072, .T. ) ;
#1190 = CARTESIAN_POINT ( 'NONE',  ( -0.8182917203158521779, 0.4724409450000038313, -0.1181102400000000052 ) ) ;
#1191 = ADVANCED_FACE ( 'NONE', ( #960 ), #995, .F. ) ;
#1192 = DIRECTION ( 'NONE',  ( -1.000000000000000000, 0.0000000000000000000, 0.0000000000000000000 ) ) ;
#1193 = EDGE_CURVE ( 'Edge8', #1317, #347, #1146, .T. ) ;
#1194 = VERTEX_POINT ( 'NONE', #1247 ) ;
#1195 = CIRCLE ( 'NONE', #505, 0.6496062999999999699 ) ;
#1196 = CARTESIAN_POINT ( 'NONE',  ( 0.05839614433069337945, -0.7477249209793433993, -0.08933701610683482397 ) ) ;
#1197 = COLOUR_RGB ( '',0.2509803921568627416, 0.2509803921568627416, 0.2509803921568627416 ) ;
#1198 = AXIS2_PLACEMENT_3D ( 'NONE', #551, #1114, #100 ) ;
#1199 = ORIENTED_EDGE ( 'NONE', *, *, #608, .T. ) ;
#1200 = AXIS2_PLACEMENT_3D ( 'NONE', #297, #456, #171 ) ;
#1201 = CARTESIAN_POINT ( 'NONE',  ( 0.1124999999999999611, 1.377999999999999892, 6.829619984160658046E-17 ) ) ;
#1202 = AXIS2_PLACEMENT_3D ( 'NONE', #12, #1022, #582 ) ;
#1203 = EDGE_LOOP ( 'NONE', ( #925, #1166, #1161, #580 ) ) ;
#1204 = CARTESIAN_POINT ( 'NONE',  ( -0.05169956215007850270, -0.7482197009396255316, -0.1576707766901938035 ) ) ;
#1205 = EDGE_CURVE ( 'Edge24', #985, #466, #1181, .T. ) ;
#1206 = CARTESIAN_POINT ( 'NONE',  ( 0.8182917203158519559, 0.4724409450000047750, -0.1181102400000000052 ) ) ;
#1207 = ORIENTED_EDGE ( 'NONE', *, *, #1097, .F. ) ;
#1208 = DIRECTION ( 'NONE',  ( -1.000000000000000000, 0.0000000000000000000, 0.0000000000000000000 ) ) ;
#1209 = ORIENTED_EDGE ( 'NONE', *, *, #72, .T. ) ;
#1210 =( CONVERSION_BASED_UNIT ( 'INCH', #217 ) LENGTH_UNIT ( ) NAMED_UNIT ( #749 ) );
#1211 = DIRECTION ( 'NONE',  ( 1.000000000000000000, 0.0000000000000000000, 0.0000000000000000000 ) ) ;
#1212 = CARTESIAN_POINT ( 'NONE',  ( -0.05164229390226065392, -0.7482236761846755568, -0.07847468862768151865 ) ) ;
#1213 = EDGE_LOOP ( 'NONE', ( #260, #735, #973, #497, #15, #1133 ) ) ;
#1214 = VERTEX_POINT ( 'NONE', #19 ) ;
#1215 = EDGE_CURVE ( 'NONE', #538, #356, #206, .T. ) ;
#1216 = EDGE_CURVE ( 'Edge27', #141, #1367, #1383, .T. ) ;
#1217 = PLANE ( 'NONE',  #1079 ) ;
#1218 = CARTESIAN_POINT ( 'NONE',  ( -0.2383426241767917786, 1.476942245316491542, -0.2755905499999999897 ) ) ;
#1219 = CARTESIAN_POINT ( 'NONE',  ( -0.6577532953872871069, 0.3603856927306104407, -0.1810105603139645636 ) ) ;
#1220 = AXIS2_PLACEMENT_3D ( 'NONE', #94, #1109, #315 ) ;
#1221 =( NAMED_UNIT ( * ) SI_UNIT ( $, .STERADIAN. ) SOLID_ANGLE_UNIT ( ) );
#1222 =( GEOMETRIC_REPRESENTATION_CONTEXT ( 3 ) GLOBAL_UNCERTAINTY_ASSIGNED_CONTEXT ( ( #876 ) ) GLOBAL_UNIT_ASSIGNED_CONTEXT ( ( #1306, #1398, #987 ) ) REPRESENTATION_CONTEXT ( 'NONE', 'WORKASPACE' ) );
#1223 = EDGE_CURVE ( 'Edge14', #750, #80, #671, .T. ) ;
#1224 = VERTEX_POINT ( 'NONE', #165 ) ;
#1225 = STYLED_ITEM ( 'NONE', ( #553 ), #1147 ) ;
#1226 = CIRCLE ( 'NONE', #954, 0.1124999999999999611 ) ;
#1227 = FACE_OUTER_BOUND ( 'NONE', #649, .T. ) ;
#1228 = FACE_BOUND ( 'NONE', #859, .T. ) ;
#1229 = EDGE_CURVE ( 'NONE', #999, #985, #1055, .T. ) ;
#1230 = CARTESIAN_POINT ( 'NONE',  ( -1.398240816454910940, -0.5320603553164852118, -0.2755905499999999897 ) ) ;
#1231 = EDGE_LOOP ( 'NONE', ( #692, #822 ) ) ;
#1232 = SURFACE_SIDE_STYLE ('',( #233 ) ) ;
#1233 = DIRECTION ( 'NONE',  ( -0.6560590289905076089, 0.0000000000000000000, -0.7547095802227716810 ) ) ;
#1234 = VERTEX_POINT ( 'NONE', #1273 ) ;
#1235 = DIRECTION ( 'NONE',  ( -1.000000000000000000, 0.0000000000000000000, 0.0000000000000000000 ) ) ;
#1236 = UNCERTAINTY_MEASURE_WITH_UNIT (LENGTH_MEASURE( 1.000000000000000082E-05 ), #248, 'distance_accuracy_value', 'NONE');
#1237 = DIRECTION ( 'NONE',  ( -0.0000000000000000000, -0.0000000000000000000, 1.000000000000000000 ) ) ;
#1238 = ORIENTED_EDGE ( 'NONE', *, *, #173, .T. ) ;
#1239 = ADVANCED_FACE ( 'NONE', ( #1375 ), #41, .T. ) ;
#1240 = ADVANCED_FACE ( 'NONE', ( #1169 ), #722, .F. ) ;
#1241 = DIRECTION ( 'NONE',  ( -0.0000000000000000000, -0.0000000000000000000, 1.000000000000000000 ) ) ;
#1242 = ORIENTED_EDGE ( 'NONE', *, *, #470, .T. ) ;
#1243 = CARTESIAN_POINT ( 'NONE',  ( 2.753697675210334656E-16, -0.7500000000000001110, -0.1830708699212595381 ) ) ;
#1244 = ORIENTED_EDGE ( 'NONE', *, *, #461, .T. ) ;
#1245 = FACE_OUTER_BOUND ( 'NONE', #731, .T. ) ;
#1246 = EDGE_LOOP ( 'NONE', ( #259, #764, #1199, #1349 ) ) ;
#1247 = CARTESIAN_POINT ( 'NONE',  ( -0.7500000000000001110, 9.184850993605150903E-17, 0.0000000000000000000 ) ) ;
#1248 = VECTOR ( 'NONE', #1319, 39.37007874015748143 ) ;
#1249 = VECTOR ( 'NONE', #42, 39.37007874015748143 ) ;
#1250 = CARTESIAN_POINT ( 'NONE',  ( 0.06165193484430458309, -0.7474635148662507333, -0.09720457053329775721 ) ) ;
#1251 = AXIS2_PLACEMENT_3D ( 'NONE', #681, #905, #1131 ) ;
#1252 = AXIS2_PLACEMENT_3D ( 'NONE', #680, #924, #1 ) ;
#1253 = VECTOR ( 'NONE', #419, 39.37007874015748143 ) ;
#1254 = FACE_OUTER_BOUND ( 'NONE', #922, .T. ) ;
#1255 = VERTEX_POINT ( 'NONE', #47 ) ;
#1256 = ORIENTED_EDGE ( 'NONE', *, *, #587, .T. ) ;
#1257 = CARTESIAN_POINT ( 'NONE',  ( -0.6795584303533338533, 0.3173331683510466350, -0.1138159743248905592 ) ) ;
#1258 = CARTESIAN_POINT ( 'NONE',  ( 0.008547973136517058451, -0.7499628502187160040, -0.05357462497329633366 ) ) ;
#1259 = ORIENTED_EDGE ( 'NONE', *, *, #461, .F. ) ;
#1260 = CARTESIAN_POINT ( 'NONE',  ( 0.0000000000000000000, 0.0000000000000000000, -0.2362204699999999880 ) ) ;
#1261 = ORIENTED_EDGE ( 'NONE', *, *, #801, .F. ) ;
#1262 = CARTESIAN_POINT ( 'NONE',  ( -0.6388227768766366887, 0.3929643131314819460, -0.05645831137148180773 ) ) ;
#1263 = DIRECTION ( 'NONE',  ( -0.0000000000000000000, -0.0000000000000000000, 1.000000000000000000 ) ) ;
#1264 = CARTESIAN_POINT ( 'NONE',  ( 0.0000000000000000000, 1.377999999999999892, -0.2755905499999999897 ) ) ;
#1265 = DIRECTION ( 'NONE',  ( -0.0000000000000000000, -0.0000000000000000000, 1.000000000000000000 ) ) ;
#1266 = LINE ( 'NONE', #719, #1249 ) ;
#1267 = CARTESIAN_POINT ( 'NONE',  ( 0.6325931166237019898, 0.4029728551063560538, -0.06133904529888313528 ) ) ;
#1268 = STYLED_ITEM ( 'NONE', ( #1125 ), #737 ) ;
#1269 = DIRECTION ( 'NONE',  ( 0.0000000000000000000, 0.0000000000000000000, 1.000000000000000000 ) ) ;
#1270 = PRODUCT_DEFINITION_FORMATION_WITH_SPECIFIED_SOURCE ( 'ANY', '', #343, .NOT_KNOWN. ) ;
#1271 = AXIS2_PLACEMENT_3D ( 'NONE', #808, #669, #128 ) ;
#1272 = ORIENTED_EDGE ( 'NONE', *, *, #1027, .F. ) ;
#1273 = CARTESIAN_POINT ( 'NONE',  ( 1.398240816454911162, -0.5320603553164835464, 0.0000000000000000000 ) ) ;
#1274 = UNCERTAINTY_MEASURE_WITH_UNIT (LENGTH_MEASURE( 1.000000000000000082E-05 ), #222, 'distance_accuracy_value', 'NONE');
#1275 = DIRECTION ( 'NONE',  ( 1.000000000000000000, 0.0000000000000000000, 0.0000000000000000000 ) ) ;
#1276 = CARTESIAN_POINT ( 'NONE',  ( 0.0000000000000000000, 0.0000000000000000000, -0.2362204699999999880 ) ) ;
#1277 = CARTESIAN_POINT ( 'NONE',  ( 0.6634364679856143976, 0.3498107268195864705, -0.05971411188497161016 ) ) ;
#1278 = CARTESIAN_POINT ( 'NONE',  ( 0.6155958942129365896, 0.4284300447918817922, -0.1352273929013633746 ) ) ;
#1279 = ADVANCED_FACE ( 'NONE', ( #589 ), #10, .F. ) ;
#1280 = CARTESIAN_POINT ( 'NONE',  ( -1.305883006414952918, -0.6890000000000058300, -0.2755905499999999897 ) ) ;
#1281 = LINE ( 'NONE', #846, #276 ) ;
#1282 = DIRECTION ( 'NONE',  ( -0.0000000000000000000, -0.0000000000000000000, 1.000000000000000000 ) ) ;
#1283 = CARTESIAN_POINT ( 'NONE',  ( 0.6577963027848879873, 0.3603071833702732873, -0.1809866831274708765 ) ) ;
#1284 = EDGE_LOOP ( 'NONE', ( #1369, #1130 ) ) ;
#1285 = DIRECTION ( 'NONE',  ( 0.0000000000000000000, 0.0000000000000000000, -1.000000000000000000 ) ) ;
#1286 = EDGE_CURVE ( 'NONE', #999, #91, #1400, .T. ) ;
#1287 = VERTEX_POINT ( 'NONE', #622 ) ;
#1288 = CARTESIAN_POINT ( 'NONE',  ( -1.255883006414952874, -0.6890000000000058300, -0.05751842036105049571 ) ) ;
#1289 = CARTESIAN_POINT ( 'NONE',  ( -0.6326242958426273599, 0.4028634783274746001, -0.1744714558009962113 ) ) ;
#1290 = CARTESIAN_POINT ( 'NONE',  ( 0.6786699832309688318, 0.3192299317385211554, -0.1012341160485485669 ) ) ;
#1291 = CARTESIAN_POINT ( 'NONE',  ( 0.7858114053552218703, 0.5286985007576548989, -0.1181102400000000052 ) ) ;
#1292 = MECHANICAL_DESIGN_GEOMETRIC_PRESENTATION_REPRESENTATION (  '', ( #1268 ), #771 ) ;
#1293 = CIRCLE ( 'NONE', #1200, 0.1124999999999999611 ) ;
#1294 = AXIS2_PLACEMENT_3D ( 'NONE', #1396, #967, #521 ) ;
#1295 = CIRCLE ( 'NONE', #676, 0.06249999999999995143 ) ;
#1296 = EDGE_CURVE ( 'NONE', #1224, #705, #177, .T. ) ;
#1297 = CARTESIAN_POINT ( 'NONE',  ( -1.193383006414953096, -0.6890000000000058300, -0.05751842036105049571 ) ) ;
#1298 = DIRECTION ( 'NONE',  ( -0.0000000000000000000, -0.0000000000000000000, 1.000000000000000000 ) ) ;
#1299 = CARTESIAN_POINT ( 'NONE',  ( -0.6409333253571150024, 0.3895147170420630856, -0.1809866831274708487 ) ) ;
#1300 = DIRECTION ( 'NONE',  ( 1.000000000000000000, 0.0000000000000000000, 0.0000000000000000000 ) ) ;
#1301 = CARTESIAN_POINT ( 'NONE',  ( 1.255883006414953318, -0.6890000000000054969, -0.2180721296389495356 ) ) ;
#1302 = EDGE_CURVE ( 'NONE', #598, #1214, #185, .T. ) ;
#1303 = DIRECTION ( 'NONE',  ( -0.0000000000000000000, -0.0000000000000000000, 1.000000000000000000 ) ) ;
#1304 = LINE ( 'NONE', #868, #1253 ) ;
#1305 = EDGE_CURVE ( 'NONE', #1367, #1163, #850, .T. ) ;
#1306 =( CONVERSION_BASED_UNIT ( 'INCH', #408 ) LENGTH_UNIT ( ) NAMED_UNIT ( #996 ) );
#1307 = DIRECTION ( 'NONE',  ( -0.0000000000000000000, -0.0000000000000000000, 1.000000000000000000 ) ) ;
#1308 = EDGE_LOOP ( 'NONE', ( #1174, #891, #167, #552 ) ) ;
#1309 = FACE_OUTER_BOUND ( 'NONE', #1246, .T. ) ;
#1310 = CARTESIAN_POINT ( 'NONE',  ( 0.8182917203158519559, 0.4724409450000047750, -0.1181102400000000052 ) ) ;
#1311 =( CONVERSION_BASED_UNIT ( 'INCH', #316 ) LENGTH_UNIT ( ) NAMED_UNIT ( #653 ) );
#1312 = EDGE_CURVE ( 'NONE', #221, #443, #961, .T. ) ;
#1313 = CARTESIAN_POINT ( 'NONE',  ( -0.03274158000158169934, -0.7493257549697492914, -0.1748503797743813926 ) ) ;
#1314 = VECTOR ( 'NONE', #614, 39.37007874015748854 ) ;
#1315 = AXIS2_PLACEMENT_3D ( 'NONE', #769, #1186, #1321 ) ;
#1316 = CIRCLE ( 'NONE', #716, 0.1124999999999999334 ) ;
#1317 = VERTEX_POINT ( 'NONE', #234 ) ;
#1318 = VECTOR ( 'NONE', #76, 39.37007874015748854 ) ;
#1319 = DIRECTION ( 'NONE',  ( -0.0000000000000000000, -0.0000000000000000000, 1.000000000000000000 ) ) ;
#1320 = VECTOR ( 'NONE', #933, 39.37007874015748143 ) ;
#1321 = DIRECTION ( 'NONE',  ( 1.000000000000000000, 0.0000000000000000000, 0.0000000000000000000 ) ) ;
#1322 = DIRECTION ( 'NONE',  ( 0.0000000000000000000, 0.0000000000000000000, 1.000000000000000000 ) ) ;
#1323 = ORIENTED_EDGE ( 'NONE', *, *, #983, .F. ) ;
#1324 = CARTESIAN_POINT ( 'NONE',  ( -0.06162264341735363554, -0.7474659397255518645, -0.09711891818207296634 ) ) ;
#1325 = EDGE_CURVE ( 'NONE', #71, #1115, #1182, .T. ) ;
#1326 = ORIENTED_EDGE ( 'NONE', *, *, #983, .T. ) ;
#1327 = ORIENTED_EDGE ( 'NONE', *, *, #1205, .F. ) ;
#1328 = LENGTH_MEASURE_WITH_UNIT ( LENGTH_MEASURE( 0.02539999999999999897 ), #84 );
#1329 = ORIENTED_EDGE ( 'NONE', *, *, #40, .T. ) ;
#1330 = CYLINDRICAL_SURFACE ( 'NONE', #1271, 0.06249999999999997224 ) ;
#1331 = CARTESIAN_POINT ( 'NONE',  ( 0.0000000000000000000, 1.377999999999999892, 0.0000000000000000000 ) ) ;
#1332 = EDGE_LOOP ( 'NONE', ( #723, #1359 ) ) ;
#1333 = EDGE_CURVE ( 'Edge5', #725, #1224, #602, .T. ) ;
#1334 = DIRECTION ( 'NONE',  ( -0.0000000000000000000, -0.0000000000000000000, 1.000000000000000000 ) ) ;
#1335 = DIRECTION ( 'NONE',  ( 1.000000000000000000, 0.0000000000000000000, -0.0000000000000000000 ) ) ;
#1336 = CARTESIAN_POINT ( 'NONE',  ( -0.8507720352764822636, 0.4161833892423536518, -0.1181102400000000052 ) ) ;
#1337 = AXIS2_PLACEMENT_3D ( 'NONE', #24, #599, #578 ) ;
#1338 = EDGE_CURVE ( 'Edge7', #863, #675, #1226, .T. ) ;
#1339 = VECTOR ( 'NONE', #27, 39.37007874015748143 ) ;
#1340 = AXIS2_PLACEMENT_3D ( 'NONE', #1091, #635, #187 ) ;
#1341 = CARTESIAN_POINT ( 'NONE',  ( 0.1124999999999999611, 1.377999999999999892, 6.829619984160658046E-17 ) ) ;
#1342 = DIRECTION ( 'NONE',  ( -0.0000000000000000000, -0.0000000000000000000, -1.000000000000000000 ) ) ;
#1343 = VERTEX_POINT ( 'NONE', #1380 ) ;
#1344 = DIRECTION ( 'NONE',  ( -0.0000000000000000000, -0.0000000000000000000, 1.000000000000000000 ) ) ;
#1345 = DIRECTION ( 'NONE',  ( 0.0000000000000000000, 0.0000000000000000000, 1.000000000000000000 ) ) ;
#1346 = EDGE_LOOP ( 'NONE', ( #811, #1071 ) ) ;
#1347 = EDGE_CURVE ( 'Edge21', #214, #251, #156, .T. ) ;
#1348 = DIRECTION ( 'NONE',  ( 2.503857663935954485E-16, -1.000000000000000000, 0.0000000000000000000 ) ) ;
#1349 = ORIENTED_EDGE ( 'NONE', *, *, #86, .T. ) ;
#1350 =( NAMED_UNIT ( * ) PLANE_ANGLE_UNIT ( ) SI_UNIT ( $, .RADIAN. ) );
#1351 = LINE ( 'NONE', #1301, #227 ) ;
#1352 = DIRECTION ( 'NONE',  ( -0.0000000000000000000, -0.0000000000000000000, 1.000000000000000000 ) ) ;
#1353 = EDGE_CURVE ( 'NONE', #91, #466, #752, .T. ) ;
#1354 = PLANE ( 'NONE',  #626 ) ;
#1355 = DIRECTION ( 'NONE',  ( 1.000000000000000000, 0.0000000000000000000, 0.0000000000000000000 ) ) ;
#1356 = CIRCLE ( 'NONE', #58, 0.6496062999999999699 ) ;
#1357 = VECTOR ( 'NONE', #1390, 39.37007874015748854 ) ;
#1358 = FACE_BOUND ( 'NONE', #926, .T. ) ;
#1359 = ORIENTED_EDGE ( 'NONE', *, *, #361, .T. ) ;
#1360 = CIRCLE ( 'NONE', #998, 0.7500000000000001110 ) ;
#1361 = AXIS2_PLACEMENT_3D ( 'NONE', #828, #375, #738 ) ;
#1362 = FACE_OUTER_BOUND ( 'NONE', #1011, .T. ) ;
#1363 = ORIENTED_EDGE ( 'NONE', *, *, #353, .T. ) ;
#1364 = CARTESIAN_POINT ( 'NONE',  ( -0.6726016502946932096, 0.3318373528943272532, -0.07516215340656201560 ) ) ;
#1365 = LINE ( 'NONE', #485, #1320 ) ;
#1366 = FACE_OUTER_BOUND ( 'NONE', #1171, .T. ) ;
#1367 = VERTEX_POINT ( 'NONE', #783 ) ;
#1368 = DIRECTION ( 'NONE',  ( 0.0000000000000000000, 0.0000000000000000000, -1.000000000000000000 ) ) ;
#1369 = ORIENTED_EDGE ( 'NONE', *, *, #86, .F. ) ;
#1370 = LINE ( 'NONE', #937, #974 ) ;
#1371 = CARTESIAN_POINT ( 'NONE',  ( 0.6194948242505717850, 0.4227667792272976066, -0.08556378775236836431 ) ) ;
#1372 = DIRECTION ( 'NONE',  ( -0.0000000000000000000, -0.0000000000000000000, 1.000000000000000000 ) ) ;
#1373 = ORIENTED_EDGE ( 'NONE', *, *, #801, .T. ) ;
#1374 = EDGE_LOOP ( 'NONE', ( #799, #748, #238, #188 ) ) ;
#1375 = FACE_OUTER_BOUND ( 'NONE', #767, .T. ) ;
#1376 = DIRECTION ( 'NONE',  ( -0.5000000000000044409, 0.8660254037844360431, 0.0000000000000000000 ) ) ;
#1377 = VECTOR ( 'NONE', #1415, 39.37007874015748143 ) ;
#1378 = CARTESIAN_POINT ( 'NONE',  ( 0.6652007293808043231, 0.3464396036049078309, -0.06174827617248612732 ) ) ;
#1379 = LINE ( 'NONE', #949, #694 ) ;
#1380 = CARTESIAN_POINT ( 'NONE',  ( 0.2383426241767907516, 1.476942245316492430, -0.2755905499999999897 ) ) ;
#1381 = CARTESIAN_POINT ( 'NONE',  ( 2.811401817266295477E-16, -0.7500000000000001110, -0.05314961007874047239 ) ) ;
#1382 = DIRECTION ( 'NONE',  ( 1.000000000000000000, 0.0000000000000000000, 0.0000000000000000000 ) ) ;
#1383 = B_SPLINE_CURVE_WITH_KNOTS ( 'NONE', 3,
 ( #262, #1257, #823, #366, #1151, #706, #147, #932, #1364, #374, #482, #1087, #514, #630, #709, #265, #1262, #827, #152, #1156, #604, #392, #403, #1006, #936, #413, #1077, #1402, #1162, #715 ),
 .UNSPECIFIED., .F., .F.,
 ( 4, 2, 2, 2, 2, 2, 2, 2, 2, 2, 2, 2, 2, 2, 4 ),
 ( 4.336808689942017736E-19, 0.0003225667591332384630, 0.0006451335182664764923, 0.0009677002773997144675, 0.001290267036532952551, 0.001935400554799428501, 0.002580534073065904668, 0.002903100832199145137, 0.003225667591332385172, 0.003548234350465625641, 0.003870801109598865676, 0.004193367868732107012, 0.004515934627865345746, 0.004838501386998586215, 0.005161068146131826684 ),
 .UNSPECIFIED. ) ;
#1384 = EDGE_CURVE ( 'NONE', #941, #742, #455, .T. ) ;
#1385 = EDGE_CURVE ( 'Edge11', #1343, #576, #1043, .T. ) ;
#1386 = CARTESIAN_POINT ( 'NONE',  ( -1.255883006414952874, -0.6890000000000058300, -0.2180721296389495356 ) ) ;
#1387 = CARTESIAN_POINT ( 'NONE',  ( 0.6474002491279265969, 0.3786704563728229278, -0.1830742221169648631 ) ) ;
#1388 = CARTESIAN_POINT ( 'NONE',  ( -1.193383006414953096, -0.6890000000000058300, -0.2180721296389495356 ) ) ;
#1389 = ORIENTED_EDGE ( 'NONE', *, *, #877, .F. ) ;
#1390 = DIRECTION ( 'NONE',  ( -0.8660254037844364872, 0.5000000000000037748, -0.0000000000000000000 ) ) ;
#1391 = LINE ( 'NONE', #266, #368 ) ;
#1392 = ORIENTED_EDGE ( 'NONE', *, *, #341, .F. ) ;
#1393 = CYLINDRICAL_SURFACE ( 'NONE', #976, 0.06496062992125957447 ) ;
#1394 = CARTESIAN_POINT ( 'NONE',  ( 0.6795584303533331871, 0.3173331683510473011, -0.1181102400000000052 ) ) ;
#1395 = FILL_AREA_STYLE_COLOUR ( '', #648 ) ;
#1396 = CARTESIAN_POINT ( 'NONE',  ( 0.0000000000000000000, 0.0000000000000000000, -0.2362204699999999880 ) ) ;
#1397 = CARTESIAN_POINT ( 'NONE',  ( -0.6651664584755513365, 0.3465055151372790077, -0.1745158119823380649 ) ) ;
#1398 =( NAMED_UNIT ( * ) PLANE_ANGLE_UNIT ( ) SI_UNIT ( $, .RADIAN. ) );
#1399 = CYLINDRICAL_SURFACE ( 'NONE', #718, 0.06249999999999995143 ) ;
#1400 = CIRCLE ( 'NONE', #1198, 0.06249999999999995143 ) ;
#1401 = AXIS2_PLACEMENT_3D ( 'NONE', #448, #1010, #1433 ) ;
#1402 = CARTESIAN_POINT ( 'NONE',  ( -0.6148426065428915788, 0.4294988528925863247, -0.1095622643246105254 ) ) ;
#1403 = ORIENTED_EDGE ( 'NONE', *, *, #644, .F. ) ;
#1404 = CARTESIAN_POINT ( 'NONE',  ( -0.6795584303533335202, 0.3173331683510465795, -0.1181102399999999913 ) ) ;
#1405 = ORIENTED_EDGE ( 'NONE', *, *, #877, .T. ) ;
#1406 = DIRECTION ( 'NONE',  ( -0.0000000000000000000, -1.000000000000000000, -0.0000000000000000000 ) ) ;
#1407 = LINE ( 'NONE', #980, #1002 ) ;
#1408 = DIRECTION ( 'NONE',  ( 1.000000000000000000, 0.0000000000000000000, 0.0000000000000000000 ) ) ;
#1409 = CARTESIAN_POINT ( 'NONE',  ( -0.6145978004320737931, 0.4298482798663469939, -0.1265895645436179162 ) ) ;
#1410 = EDGE_LOOP ( 'NONE', ( #1323, #255, #703, #479 ) ) ;
#1411 = EDGE_CURVE ( 'NONE', #466, #1255, #862, .T. ) ;
#1412 = PRESENTATION_STYLE_ASSIGNMENT (( #424 ) ) ;
#1413 =( NAMED_UNIT ( * ) PLANE_ANGLE_UNIT ( ) SI_UNIT ( $, .RADIAN. ) );
#1414 = DIRECTION ( 'NONE',  ( 0.8660254037844360431, 0.5000000000000044409, -0.0000000000000000000 ) ) ;
#1415 = DIRECTION ( 'NONE',  ( -0.0000000000000000000, -1.000000000000000000, -0.0000000000000000000 ) ) ;
#1416 = ORIENTED_EDGE ( 'NONE', *, *, #981, .F. ) ;
#1417 = SURFACE_STYLE_USAGE ( .BOTH. , #429 ) ;
#1418 = SURFACE_STYLE_FILL_AREA ( #430 ) ;
#1419 = AXIS2_PLACEMENT_3D ( 'NONE', #652, #1105, #1192 ) ;
#1420 = CARTESIAN_POINT ( 'NONE',  ( -0.06495723666967478938, -0.7471817432296538053, -0.1137699717645617031 ) ) ;
#1421 = VECTOR ( 'NONE', #1233, 39.37007874015748143 ) ;
#1422 = ORIENTED_EDGE ( 'NONE', *, *, #377, .F. ) ;
#1423 = CONICAL_SURFACE ( 'NONE', #854, 0.06249999999999995143, 0.7155849933176755551 ) ;
#1424 = FACE_OUTER_BOUND ( 'NONE', #1144, .T. ) ;
#1425 = DIRECTION ( 'NONE',  ( 1.000000000000000000, 0.0000000000000000000, 0.0000000000000000000 ) ) ;
#1426 = CARTESIAN_POINT ( 'NONE',  ( 0.0000000000000000000, 0.0000000000000000000, 0.0000000000000000000 ) ) ;
#1427 = LENGTH_MEASURE_WITH_UNIT ( LENGTH_MEASURE( 0.02539999999999999897 ), #745 );
#1428 = DIRECTION ( 'NONE',  ( 0.0000000000000000000, 0.0000000000000000000, 1.000000000000000000 ) ) ;
#1429 = ADVANCED_BREP_SHAPE_REPRESENTATION ( 'C60-FW', ( #1099, #153 ), #365 ) ;
#1430 = FACE_BOUND ( 'NONE', #679, .T. ) ;
#1431 = VERTEX_POINT ( 'NONE', #1280 ) ;
#1432 = B_SPLINE_CURVE_WITH_KNOTS ( 'NONE', 3,
 ( #1005, #558, #108, #1119, #661, #219, #1212, #779, #325, #1324, #889, #432, #1420, #991, #549, #99, #1112, #656, #209, #1204, #773, #318, #1313, #1058, #654, #136 ),
 .UNSPECIFIED., .F., .F.,
 ( 4, 2, 2, 2, 2, 2, 2, 2, 2, 2, 2, 2, 4 ),
 ( 0.005161068727708483309, 0.005806052435326248921, 0.006451036142944015402, 0.006773527996752898642, 0.007096019850561781882, 0.007418511704370665122, 0.007741003558179548362, 0.008063495411988431602, 0.008385987265797313975, 0.008708479119606198082, 0.009030970973415080455, 0.009675954681032846935, 0.01032093838865061342 ),
 .UNSPECIFIED. ) ;
#1433 = DIRECTION ( 'NONE',  ( -0.5000000000000042188, 0.8660254037844361541, 0.0000000000000000000 ) ) ;
ENDSEC;
END-ISO-10303-21;
