ISO-10303-21;
HEADER;
/* Generated by software containing ST-Developer
 * from STEP Tools, Inc. (www.steptools.com) 
 */

FILE_DESCRIPTION(
/* description */ (''),
/* implementation_level */ '2;1');

FILE_NAME(
/* name */ 'Atlair_Powell_SPIM_ASLM_CTASLM_Baseplate_V2.stp',
/* time_stamp */ '2025-04-24T13:41:46-05:00',
/* author */ ('monolithic'),
/* organization */ (''),
/* preprocessor_version */ 'ST-DEVELOPER v20',
/* originating_system */ 'Autodesk Inventor 2025',
/* authorisation */ '');

FILE_SCHEMA (('AUTOMOTIVE_DESIGN { 1 0 10303 214 3 1 1 }'));
ENDSEC;

DATA;
#10=MECHANICAL_DESIGN_GEOMETRIC_PRESENTATION_REPRESENTATION('',(#16),#4662);
#11=GEOMETRICALLY_BOUNDED_WIREFRAME_SHAPE_REPRESENTATION('',(#12),#4661);
#12=GEOMETRIC_CURVE_SET('Sketch8',(#4658));
#13=SHAPE_REPRESENTATION_RELATIONSHIP('SRR','None',#4673,#15);
#14=SHAPE_REPRESENTATION_RELATIONSHIP('SRR','None',#4673,#11);
#15=ADVANCED_BREP_SHAPE_REPRESENTATION('',(#17),#4661);
#16=STYLED_ITEM('',(#4682),#17);
#17=MANIFOLD_SOLID_BREP('Solid1',#2649);
#18=FACE_BOUND('',#409,.T.);
#19=FACE_BOUND('',#412,.T.);
#20=FACE_BOUND('',#415,.T.);
#21=FACE_BOUND('',#418,.T.);
#22=FACE_BOUND('',#421,.T.);
#23=FACE_BOUND('',#424,.T.);
#24=FACE_BOUND('',#427,.T.);
#25=FACE_BOUND('',#430,.T.);
#26=FACE_BOUND('',#433,.T.);
#27=FACE_BOUND('',#436,.T.);
#28=FACE_BOUND('',#439,.T.);
#29=FACE_BOUND('',#442,.T.);
#30=FACE_BOUND('',#445,.T.);
#31=FACE_BOUND('',#448,.T.);
#32=FACE_BOUND('',#451,.T.);
#33=FACE_BOUND('',#454,.T.);
#34=FACE_BOUND('',#457,.T.);
#35=FACE_BOUND('',#460,.T.);
#36=FACE_BOUND('',#463,.T.);
#37=FACE_BOUND('',#466,.T.);
#38=FACE_BOUND('',#479,.T.);
#39=FACE_BOUND('',#482,.T.);
#40=FACE_BOUND('',#485,.T.);
#41=FACE_BOUND('',#488,.T.);
#42=FACE_BOUND('',#491,.T.);
#43=FACE_BOUND('',#494,.T.);
#44=FACE_BOUND('',#497,.T.);
#45=FACE_BOUND('',#500,.T.);
#46=FACE_BOUND('',#613,.T.);
#47=FACE_BOUND('',#614,.T.);
#48=FACE_BOUND('',#615,.T.);
#49=FACE_BOUND('',#616,.T.);
#50=FACE_BOUND('',#617,.T.);
#51=FACE_BOUND('',#618,.T.);
#52=FACE_BOUND('',#619,.T.);
#53=FACE_BOUND('',#620,.T.);
#54=FACE_BOUND('',#621,.T.);
#55=FACE_BOUND('',#622,.T.);
#56=FACE_BOUND('',#623,.T.);
#57=FACE_BOUND('',#624,.T.);
#58=FACE_BOUND('',#625,.T.);
#59=FACE_BOUND('',#626,.T.);
#60=FACE_BOUND('',#627,.T.);
#61=FACE_BOUND('',#628,.T.);
#62=FACE_BOUND('',#629,.T.);
#63=FACE_BOUND('',#630,.T.);
#64=FACE_BOUND('',#631,.T.);
#65=FACE_BOUND('',#632,.T.);
#66=FACE_BOUND('',#633,.T.);
#67=FACE_BOUND('',#634,.T.);
#68=FACE_BOUND('',#635,.T.);
#69=FACE_BOUND('',#636,.T.);
#70=FACE_BOUND('',#637,.T.);
#71=FACE_BOUND('',#638,.T.);
#72=FACE_BOUND('',#639,.T.);
#73=FACE_BOUND('',#640,.T.);
#74=FACE_BOUND('',#641,.T.);
#75=FACE_BOUND('',#642,.T.);
#76=FACE_BOUND('',#643,.T.);
#77=FACE_BOUND('',#644,.T.);
#78=FACE_BOUND('',#645,.T.);
#79=FACE_BOUND('',#646,.T.);
#80=FACE_BOUND('',#647,.T.);
#81=FACE_BOUND('',#648,.T.);
#82=FACE_BOUND('',#649,.T.);
#83=FACE_BOUND('',#650,.T.);
#84=FACE_BOUND('',#651,.T.);
#85=FACE_BOUND('',#652,.T.);
#86=FACE_BOUND('',#653,.T.);
#87=FACE_BOUND('',#654,.T.);
#88=FACE_BOUND('',#655,.T.);
#89=FACE_BOUND('',#656,.T.);
#90=FACE_BOUND('',#657,.T.);
#91=FACE_BOUND('',#658,.T.);
#92=FACE_BOUND('',#659,.T.);
#93=FACE_BOUND('',#660,.T.);
#94=FACE_BOUND('',#661,.T.);
#95=FACE_BOUND('',#662,.T.);
#96=FACE_BOUND('',#663,.T.);
#97=FACE_BOUND('',#664,.T.);
#98=FACE_BOUND('',#665,.T.);
#99=FACE_BOUND('',#666,.T.);
#100=FACE_BOUND('',#667,.T.);
#101=FACE_BOUND('',#668,.T.);
#102=FACE_BOUND('',#669,.T.);
#103=FACE_BOUND('',#670,.T.);
#104=FACE_BOUND('',#671,.T.);
#105=FACE_BOUND('',#672,.T.);
#106=FACE_BOUND('',#673,.T.);
#107=FACE_BOUND('',#674,.T.);
#108=FACE_BOUND('',#675,.T.);
#109=FACE_BOUND('',#676,.T.);
#110=FACE_BOUND('',#677,.T.);
#111=FACE_BOUND('',#678,.T.);
#112=FACE_BOUND('',#679,.T.);
#113=FACE_BOUND('',#680,.T.);
#114=FACE_BOUND('',#681,.T.);
#115=FACE_BOUND('',#682,.T.);
#116=FACE_BOUND('',#683,.T.);
#117=FACE_BOUND('',#685,.T.);
#118=FACE_BOUND('',#686,.T.);
#119=FACE_BOUND('',#687,.T.);
#120=FACE_BOUND('',#688,.T.);
#121=FACE_BOUND('',#689,.T.);
#122=FACE_BOUND('',#690,.T.);
#123=FACE_BOUND('',#691,.T.);
#124=FACE_BOUND('',#692,.T.);
#125=FACE_BOUND('',#693,.T.);
#126=FACE_BOUND('',#694,.T.);
#127=FACE_BOUND('',#695,.T.);
#128=FACE_BOUND('',#696,.T.);
#129=FACE_BOUND('',#697,.T.);
#130=FACE_BOUND('',#698,.T.);
#131=FACE_BOUND('',#699,.T.);
#132=FACE_BOUND('',#700,.T.);
#133=FACE_BOUND('',#701,.T.);
#134=FACE_BOUND('',#702,.T.);
#135=FACE_BOUND('',#703,.T.);
#136=FACE_BOUND('',#704,.T.);
#137=FACE_BOUND('',#705,.T.);
#138=FACE_BOUND('',#706,.T.);
#139=FACE_BOUND('',#707,.T.);
#140=FACE_BOUND('',#708,.T.);
#141=FACE_BOUND('',#709,.T.);
#142=FACE_BOUND('',#710,.T.);
#143=FACE_BOUND('',#711,.T.);
#144=FACE_BOUND('',#712,.T.);
#145=FACE_BOUND('',#713,.T.);
#146=FACE_BOUND('',#714,.T.);
#147=FACE_BOUND('',#715,.T.);
#148=PLANE('',#2674);
#149=PLANE('',#2679);
#150=PLANE('',#2684);
#151=PLANE('',#2689);
#152=PLANE('',#2694);
#153=PLANE('',#2699);
#154=PLANE('',#2704);
#155=PLANE('',#2709);
#156=PLANE('',#2714);
#157=PLANE('',#2719);
#158=PLANE('',#2724);
#159=PLANE('',#2729);
#160=PLANE('',#2734);
#161=PLANE('',#2739);
#162=PLANE('',#2744);
#163=PLANE('',#2749);
#164=PLANE('',#2754);
#165=PLANE('',#2759);
#166=PLANE('',#2764);
#167=PLANE('',#2769);
#168=PLANE('',#2774);
#169=PLANE('',#2778);
#170=PLANE('',#2782);
#171=PLANE('',#2786);
#172=PLANE('',#2794);
#173=PLANE('',#2799);
#174=PLANE('',#2804);
#175=PLANE('',#2809);
#176=PLANE('',#2814);
#177=PLANE('',#2819);
#178=PLANE('',#2824);
#179=PLANE('',#2829);
#180=PLANE('',#2856);
#181=PLANE('',#2860);
#182=PLANE('',#2864);
#183=PLANE('',#2868);
#184=PLANE('',#2872);
#185=PLANE('',#2876);
#186=PLANE('',#2880);
#187=PLANE('',#2884);
#188=PLANE('',#2888);
#189=PLANE('',#2892);
#190=PLANE('',#2896);
#191=PLANE('',#2900);
#192=PLANE('',#2904);
#193=PLANE('',#2908);
#194=PLANE('',#2912);
#195=PLANE('',#2916);
#196=PLANE('',#2920);
#197=PLANE('',#2924);
#198=PLANE('',#2928);
#199=PLANE('',#2932);
#200=PLANE('',#2936);
#201=PLANE('',#2940);
#202=PLANE('',#2944);
#203=PLANE('',#2948);
#204=PLANE('',#2952);
#205=PLANE('',#2956);
#206=PLANE('',#2960);
#207=PLANE('',#2964);
#208=PLANE('',#2968);
#209=PLANE('',#2972);
#210=PLANE('',#2976);
#211=PLANE('',#2980);
#212=PLANE('',#2984);
#213=PLANE('',#2988);
#214=PLANE('',#2992);
#215=PLANE('',#2996);
#216=PLANE('',#3000);
#217=PLANE('',#3037);
#218=PLANE('',#3038);
#219=PLANE('',#3039);
#220=PLANE('',#3040);
#221=PLANE('',#3041);
#222=PLANE('',#3042);
#223=PLANE('',#3043);
#224=PLANE('',#3044);
#225=PLANE('',#3045);
#226=PLANE('',#3046);
#227=PLANE('',#3047);
#228=FACE_OUTER_BOUND('',#407,.T.);
#229=FACE_OUTER_BOUND('',#408,.T.);
#230=FACE_OUTER_BOUND('',#410,.T.);
#231=FACE_OUTER_BOUND('',#411,.T.);
#232=FACE_OUTER_BOUND('',#413,.T.);
#233=FACE_OUTER_BOUND('',#414,.T.);
#234=FACE_OUTER_BOUND('',#416,.T.);
#235=FACE_OUTER_BOUND('',#417,.T.);
#236=FACE_OUTER_BOUND('',#419,.T.);
#237=FACE_OUTER_BOUND('',#420,.T.);
#238=FACE_OUTER_BOUND('',#422,.T.);
#239=FACE_OUTER_BOUND('',#423,.T.);
#240=FACE_OUTER_BOUND('',#425,.T.);
#241=FACE_OUTER_BOUND('',#426,.T.);
#242=FACE_OUTER_BOUND('',#428,.T.);
#243=FACE_OUTER_BOUND('',#429,.T.);
#244=FACE_OUTER_BOUND('',#431,.T.);
#245=FACE_OUTER_BOUND('',#432,.T.);
#246=FACE_OUTER_BOUND('',#434,.T.);
#247=FACE_OUTER_BOUND('',#435,.T.);
#248=FACE_OUTER_BOUND('',#437,.T.);
#249=FACE_OUTER_BOUND('',#438,.T.);
#250=FACE_OUTER_BOUND('',#440,.T.);
#251=FACE_OUTER_BOUND('',#441,.T.);
#252=FACE_OUTER_BOUND('',#443,.T.);
#253=FACE_OUTER_BOUND('',#444,.T.);
#254=FACE_OUTER_BOUND('',#446,.T.);
#255=FACE_OUTER_BOUND('',#447,.T.);
#256=FACE_OUTER_BOUND('',#449,.T.);
#257=FACE_OUTER_BOUND('',#450,.T.);
#258=FACE_OUTER_BOUND('',#452,.T.);
#259=FACE_OUTER_BOUND('',#453,.T.);
#260=FACE_OUTER_BOUND('',#455,.T.);
#261=FACE_OUTER_BOUND('',#456,.T.);
#262=FACE_OUTER_BOUND('',#458,.T.);
#263=FACE_OUTER_BOUND('',#459,.T.);
#264=FACE_OUTER_BOUND('',#461,.T.);
#265=FACE_OUTER_BOUND('',#462,.T.);
#266=FACE_OUTER_BOUND('',#464,.T.);
#267=FACE_OUTER_BOUND('',#465,.T.);
#268=FACE_OUTER_BOUND('',#467,.T.);
#269=FACE_OUTER_BOUND('',#468,.T.);
#270=FACE_OUTER_BOUND('',#469,.T.);
#271=FACE_OUTER_BOUND('',#470,.T.);
#272=FACE_OUTER_BOUND('',#471,.T.);
#273=FACE_OUTER_BOUND('',#472,.T.);
#274=FACE_OUTER_BOUND('',#473,.T.);
#275=FACE_OUTER_BOUND('',#474,.T.);
#276=FACE_OUTER_BOUND('',#475,.T.);
#277=FACE_OUTER_BOUND('',#476,.T.);
#278=FACE_OUTER_BOUND('',#477,.T.);
#279=FACE_OUTER_BOUND('',#478,.T.);
#280=FACE_OUTER_BOUND('',#480,.T.);
#281=FACE_OUTER_BOUND('',#481,.T.);
#282=FACE_OUTER_BOUND('',#483,.T.);
#283=FACE_OUTER_BOUND('',#484,.T.);
#284=FACE_OUTER_BOUND('',#486,.T.);
#285=FACE_OUTER_BOUND('',#487,.T.);
#286=FACE_OUTER_BOUND('',#489,.T.);
#287=FACE_OUTER_BOUND('',#490,.T.);
#288=FACE_OUTER_BOUND('',#492,.T.);
#289=FACE_OUTER_BOUND('',#493,.T.);
#290=FACE_OUTER_BOUND('',#495,.T.);
#291=FACE_OUTER_BOUND('',#496,.T.);
#292=FACE_OUTER_BOUND('',#498,.T.);
#293=FACE_OUTER_BOUND('',#499,.T.);
#294=FACE_OUTER_BOUND('',#501,.T.);
#295=FACE_OUTER_BOUND('',#502,.T.);
#296=FACE_OUTER_BOUND('',#503,.T.);
#297=FACE_OUTER_BOUND('',#504,.T.);
#298=FACE_OUTER_BOUND('',#505,.T.);
#299=FACE_OUTER_BOUND('',#506,.T.);
#300=FACE_OUTER_BOUND('',#507,.T.);
#301=FACE_OUTER_BOUND('',#508,.T.);
#302=FACE_OUTER_BOUND('',#509,.T.);
#303=FACE_OUTER_BOUND('',#510,.T.);
#304=FACE_OUTER_BOUND('',#511,.T.);
#305=FACE_OUTER_BOUND('',#512,.T.);
#306=FACE_OUTER_BOUND('',#513,.T.);
#307=FACE_OUTER_BOUND('',#514,.T.);
#308=FACE_OUTER_BOUND('',#515,.T.);
#309=FACE_OUTER_BOUND('',#516,.T.);
#310=FACE_OUTER_BOUND('',#517,.T.);
#311=FACE_OUTER_BOUND('',#518,.T.);
#312=FACE_OUTER_BOUND('',#519,.T.);
#313=FACE_OUTER_BOUND('',#520,.T.);
#314=FACE_OUTER_BOUND('',#521,.T.);
#315=FACE_OUTER_BOUND('',#522,.T.);
#316=FACE_OUTER_BOUND('',#523,.T.);
#317=FACE_OUTER_BOUND('',#524,.T.);
#318=FACE_OUTER_BOUND('',#525,.T.);
#319=FACE_OUTER_BOUND('',#526,.T.);
#320=FACE_OUTER_BOUND('',#527,.T.);
#321=FACE_OUTER_BOUND('',#528,.T.);
#322=FACE_OUTER_BOUND('',#529,.T.);
#323=FACE_OUTER_BOUND('',#530,.T.);
#324=FACE_OUTER_BOUND('',#531,.T.);
#325=FACE_OUTER_BOUND('',#532,.T.);
#326=FACE_OUTER_BOUND('',#533,.T.);
#327=FACE_OUTER_BOUND('',#534,.T.);
#328=FACE_OUTER_BOUND('',#535,.T.);
#329=FACE_OUTER_BOUND('',#536,.T.);
#330=FACE_OUTER_BOUND('',#537,.T.);
#331=FACE_OUTER_BOUND('',#538,.T.);
#332=FACE_OUTER_BOUND('',#539,.T.);
#333=FACE_OUTER_BOUND('',#540,.T.);
#334=FACE_OUTER_BOUND('',#541,.T.);
#335=FACE_OUTER_BOUND('',#542,.T.);
#336=FACE_OUTER_BOUND('',#543,.T.);
#337=FACE_OUTER_BOUND('',#544,.T.);
#338=FACE_OUTER_BOUND('',#545,.T.);
#339=FACE_OUTER_BOUND('',#546,.T.);
#340=FACE_OUTER_BOUND('',#547,.T.);
#341=FACE_OUTER_BOUND('',#548,.T.);
#342=FACE_OUTER_BOUND('',#549,.T.);
#343=FACE_OUTER_BOUND('',#550,.T.);
#344=FACE_OUTER_BOUND('',#551,.T.);
#345=FACE_OUTER_BOUND('',#552,.T.);
#346=FACE_OUTER_BOUND('',#553,.T.);
#347=FACE_OUTER_BOUND('',#554,.T.);
#348=FACE_OUTER_BOUND('',#555,.T.);
#349=FACE_OUTER_BOUND('',#556,.T.);
#350=FACE_OUTER_BOUND('',#557,.T.);
#351=FACE_OUTER_BOUND('',#558,.T.);
#352=FACE_OUTER_BOUND('',#559,.T.);
#353=FACE_OUTER_BOUND('',#560,.T.);
#354=FACE_OUTER_BOUND('',#561,.T.);
#355=FACE_OUTER_BOUND('',#562,.T.);
#356=FACE_OUTER_BOUND('',#563,.T.);
#357=FACE_OUTER_BOUND('',#564,.T.);
#358=FACE_OUTER_BOUND('',#565,.T.);
#359=FACE_OUTER_BOUND('',#566,.T.);
#360=FACE_OUTER_BOUND('',#567,.T.);
#361=FACE_OUTER_BOUND('',#568,.T.);
#362=FACE_OUTER_BOUND('',#569,.T.);
#363=FACE_OUTER_BOUND('',#570,.T.);
#364=FACE_OUTER_BOUND('',#571,.T.);
#365=FACE_OUTER_BOUND('',#572,.T.);
#366=FACE_OUTER_BOUND('',#573,.T.);
#367=FACE_OUTER_BOUND('',#574,.T.);
#368=FACE_OUTER_BOUND('',#575,.T.);
#369=FACE_OUTER_BOUND('',#576,.T.);
#370=FACE_OUTER_BOUND('',#577,.T.);
#371=FACE_OUTER_BOUND('',#578,.T.);
#372=FACE_OUTER_BOUND('',#579,.T.);
#373=FACE_OUTER_BOUND('',#580,.T.);
#374=FACE_OUTER_BOUND('',#581,.T.);
#375=FACE_OUTER_BOUND('',#582,.T.);
#376=FACE_OUTER_BOUND('',#583,.T.);
#377=FACE_OUTER_BOUND('',#584,.T.);
#378=FACE_OUTER_BOUND('',#585,.T.);
#379=FACE_OUTER_BOUND('',#586,.T.);
#380=FACE_OUTER_BOUND('',#587,.T.);
#381=FACE_OUTER_BOUND('',#588,.T.);
#382=FACE_OUTER_BOUND('',#589,.T.);
#383=FACE_OUTER_BOUND('',#590,.T.);
#384=FACE_OUTER_BOUND('',#591,.T.);
#385=FACE_OUTER_BOUND('',#592,.T.);
#386=FACE_OUTER_BOUND('',#593,.T.);
#387=FACE_OUTER_BOUND('',#594,.T.);
#388=FACE_OUTER_BOUND('',#595,.T.);
#389=FACE_OUTER_BOUND('',#596,.T.);
#390=FACE_OUTER_BOUND('',#597,.T.);
#391=FACE_OUTER_BOUND('',#598,.T.);
#392=FACE_OUTER_BOUND('',#599,.T.);
#393=FACE_OUTER_BOUND('',#600,.T.);
#394=FACE_OUTER_BOUND('',#601,.T.);
#395=FACE_OUTER_BOUND('',#602,.T.);
#396=FACE_OUTER_BOUND('',#603,.T.);
#397=FACE_OUTER_BOUND('',#604,.T.);
#398=FACE_OUTER_BOUND('',#605,.T.);
#399=FACE_OUTER_BOUND('',#606,.T.);
#400=FACE_OUTER_BOUND('',#607,.T.);
#401=FACE_OUTER_BOUND('',#608,.T.);
#402=FACE_OUTER_BOUND('',#609,.T.);
#403=FACE_OUTER_BOUND('',#610,.T.);
#404=FACE_OUTER_BOUND('',#611,.T.);
#405=FACE_OUTER_BOUND('',#612,.T.);
#406=FACE_OUTER_BOUND('',#684,.T.);
#407=EDGE_LOOP('',(#1717,#1718,#1719,#1720));
#408=EDGE_LOOP('',(#1721));
#409=EDGE_LOOP('',(#1722));
#410=EDGE_LOOP('',(#1723,#1724,#1725,#1726));
#411=EDGE_LOOP('',(#1727));
#412=EDGE_LOOP('',(#1728));
#413=EDGE_LOOP('',(#1729,#1730,#1731,#1732));
#414=EDGE_LOOP('',(#1733));
#415=EDGE_LOOP('',(#1734));
#416=EDGE_LOOP('',(#1735,#1736,#1737,#1738));
#417=EDGE_LOOP('',(#1739));
#418=EDGE_LOOP('',(#1740));
#419=EDGE_LOOP('',(#1741,#1742,#1743,#1744));
#420=EDGE_LOOP('',(#1745));
#421=EDGE_LOOP('',(#1746));
#422=EDGE_LOOP('',(#1747,#1748,#1749,#1750));
#423=EDGE_LOOP('',(#1751));
#424=EDGE_LOOP('',(#1752));
#425=EDGE_LOOP('',(#1753,#1754,#1755,#1756));
#426=EDGE_LOOP('',(#1757));
#427=EDGE_LOOP('',(#1758));
#428=EDGE_LOOP('',(#1759,#1760,#1761,#1762));
#429=EDGE_LOOP('',(#1763));
#430=EDGE_LOOP('',(#1764));
#431=EDGE_LOOP('',(#1765,#1766,#1767,#1768));
#432=EDGE_LOOP('',(#1769));
#433=EDGE_LOOP('',(#1770));
#434=EDGE_LOOP('',(#1771,#1772,#1773,#1774));
#435=EDGE_LOOP('',(#1775));
#436=EDGE_LOOP('',(#1776));
#437=EDGE_LOOP('',(#1777,#1778,#1779,#1780));
#438=EDGE_LOOP('',(#1781));
#439=EDGE_LOOP('',(#1782));
#440=EDGE_LOOP('',(#1783,#1784,#1785,#1786));
#441=EDGE_LOOP('',(#1787));
#442=EDGE_LOOP('',(#1788));
#443=EDGE_LOOP('',(#1789,#1790,#1791,#1792));
#444=EDGE_LOOP('',(#1793));
#445=EDGE_LOOP('',(#1794));
#446=EDGE_LOOP('',(#1795,#1796,#1797,#1798));
#447=EDGE_LOOP('',(#1799));
#448=EDGE_LOOP('',(#1800));
#449=EDGE_LOOP('',(#1801,#1802,#1803,#1804));
#450=EDGE_LOOP('',(#1805));
#451=EDGE_LOOP('',(#1806));
#452=EDGE_LOOP('',(#1807,#1808,#1809,#1810));
#453=EDGE_LOOP('',(#1811));
#454=EDGE_LOOP('',(#1812));
#455=EDGE_LOOP('',(#1813,#1814,#1815,#1816));
#456=EDGE_LOOP('',(#1817));
#457=EDGE_LOOP('',(#1818));
#458=EDGE_LOOP('',(#1819,#1820,#1821,#1822));
#459=EDGE_LOOP('',(#1823));
#460=EDGE_LOOP('',(#1824));
#461=EDGE_LOOP('',(#1825,#1826,#1827,#1828));
#462=EDGE_LOOP('',(#1829));
#463=EDGE_LOOP('',(#1830));
#464=EDGE_LOOP('',(#1831,#1832,#1833,#1834));
#465=EDGE_LOOP('',(#1835));
#466=EDGE_LOOP('',(#1836));
#467=EDGE_LOOP('',(#1837,#1838,#1839,#1840));
#468=EDGE_LOOP('',(#1841));
#469=EDGE_LOOP('',(#1842,#1843,#1844,#1845));
#470=EDGE_LOOP('',(#1846));
#471=EDGE_LOOP('',(#1847,#1848,#1849,#1850));
#472=EDGE_LOOP('',(#1851));
#473=EDGE_LOOP('',(#1852,#1853,#1854,#1855));
#474=EDGE_LOOP('',(#1856));
#475=EDGE_LOOP('',(#1857,#1858,#1859,#1860));
#476=EDGE_LOOP('',(#1861,#1862,#1863,#1864));
#477=EDGE_LOOP('',(#1865,#1866,#1867,#1868));
#478=EDGE_LOOP('',(#1869));
#479=EDGE_LOOP('',(#1870));
#480=EDGE_LOOP('',(#1871,#1872,#1873,#1874));
#481=EDGE_LOOP('',(#1875));
#482=EDGE_LOOP('',(#1876));
#483=EDGE_LOOP('',(#1877,#1878,#1879,#1880));
#484=EDGE_LOOP('',(#1881));
#485=EDGE_LOOP('',(#1882));
#486=EDGE_LOOP('',(#1883,#1884,#1885,#1886));
#487=EDGE_LOOP('',(#1887));
#488=EDGE_LOOP('',(#1888));
#489=EDGE_LOOP('',(#1889,#1890,#1891,#1892));
#490=EDGE_LOOP('',(#1893));
#491=EDGE_LOOP('',(#1894));
#492=EDGE_LOOP('',(#1895,#1896,#1897,#1898));
#493=EDGE_LOOP('',(#1899));
#494=EDGE_LOOP('',(#1900));
#495=EDGE_LOOP('',(#1901,#1902,#1903,#1904));
#496=EDGE_LOOP('',(#1905));
#497=EDGE_LOOP('',(#1906));
#498=EDGE_LOOP('',(#1907,#1908,#1909,#1910));
#499=EDGE_LOOP('',(#1911));
#500=EDGE_LOOP('',(#1912));
#501=EDGE_LOOP('',(#1913,#1914,#1915,#1916));
#502=EDGE_LOOP('',(#1917,#1918,#1919,#1920));
#503=EDGE_LOOP('',(#1921,#1922,#1923,#1924));
#504=EDGE_LOOP('',(#1925,#1926,#1927,#1928));
#505=EDGE_LOOP('',(#1929,#1930,#1931,#1932));
#506=EDGE_LOOP('',(#1933,#1934,#1935,#1936));
#507=EDGE_LOOP('',(#1937,#1938,#1939,#1940));
#508=EDGE_LOOP('',(#1941,#1942,#1943,#1944));
#509=EDGE_LOOP('',(#1945,#1946,#1947,#1948));
#510=EDGE_LOOP('',(#1949,#1950,#1951,#1952));
#511=EDGE_LOOP('',(#1953,#1954,#1955,#1956));
#512=EDGE_LOOP('',(#1957,#1958,#1959,#1960));
#513=EDGE_LOOP('',(#1961,#1962,#1963,#1964));
#514=EDGE_LOOP('',(#1965));
#515=EDGE_LOOP('',(#1966,#1967,#1968,#1969));
#516=EDGE_LOOP('',(#1970));
#517=EDGE_LOOP('',(#1971,#1972,#1973,#1974));
#518=EDGE_LOOP('',(#1975));
#519=EDGE_LOOP('',(#1976,#1977,#1978,#1979));
#520=EDGE_LOOP('',(#1980));
#521=EDGE_LOOP('',(#1981,#1982,#1983,#1984));
#522=EDGE_LOOP('',(#1985));
#523=EDGE_LOOP('',(#1986,#1987,#1988,#1989));
#524=EDGE_LOOP('',(#1990));
#525=EDGE_LOOP('',(#1991,#1992,#1993,#1994));
#526=EDGE_LOOP('',(#1995));
#527=EDGE_LOOP('',(#1996,#1997,#1998,#1999));
#528=EDGE_LOOP('',(#2000));
#529=EDGE_LOOP('',(#2001,#2002,#2003,#2004));
#530=EDGE_LOOP('',(#2005));
#531=EDGE_LOOP('',(#2006,#2007,#2008,#2009));
#532=EDGE_LOOP('',(#2010));
#533=EDGE_LOOP('',(#2011,#2012,#2013,#2014));
#534=EDGE_LOOP('',(#2015));
#535=EDGE_LOOP('',(#2016,#2017,#2018,#2019));
#536=EDGE_LOOP('',(#2020));
#537=EDGE_LOOP('',(#2021,#2022,#2023,#2024));
#538=EDGE_LOOP('',(#2025));
#539=EDGE_LOOP('',(#2026,#2027,#2028,#2029));
#540=EDGE_LOOP('',(#2030));
#541=EDGE_LOOP('',(#2031,#2032,#2033,#2034));
#542=EDGE_LOOP('',(#2035));
#543=EDGE_LOOP('',(#2036,#2037,#2038,#2039));
#544=EDGE_LOOP('',(#2040));
#545=EDGE_LOOP('',(#2041,#2042,#2043,#2044));
#546=EDGE_LOOP('',(#2045));
#547=EDGE_LOOP('',(#2046,#2047,#2048,#2049));
#548=EDGE_LOOP('',(#2050));
#549=EDGE_LOOP('',(#2051,#2052,#2053,#2054));
#550=EDGE_LOOP('',(#2055));
#551=EDGE_LOOP('',(#2056,#2057,#2058,#2059));
#552=EDGE_LOOP('',(#2060));
#553=EDGE_LOOP('',(#2061,#2062,#2063,#2064));
#554=EDGE_LOOP('',(#2065));
#555=EDGE_LOOP('',(#2066,#2067,#2068,#2069));
#556=EDGE_LOOP('',(#2070));
#557=EDGE_LOOP('',(#2071,#2072,#2073,#2074));
#558=EDGE_LOOP('',(#2075));
#559=EDGE_LOOP('',(#2076,#2077,#2078,#2079));
#560=EDGE_LOOP('',(#2080));
#561=EDGE_LOOP('',(#2081,#2082,#2083,#2084));
#562=EDGE_LOOP('',(#2085));
#563=EDGE_LOOP('',(#2086,#2087,#2088,#2089));
#564=EDGE_LOOP('',(#2090));
#565=EDGE_LOOP('',(#2091,#2092,#2093,#2094));
#566=EDGE_LOOP('',(#2095));
#567=EDGE_LOOP('',(#2096,#2097,#2098,#2099));
#568=EDGE_LOOP('',(#2100));
#569=EDGE_LOOP('',(#2101,#2102,#2103,#2104));
#570=EDGE_LOOP('',(#2105));
#571=EDGE_LOOP('',(#2106,#2107,#2108,#2109));
#572=EDGE_LOOP('',(#2110));
#573=EDGE_LOOP('',(#2111,#2112,#2113,#2114));
#574=EDGE_LOOP('',(#2115));
#575=EDGE_LOOP('',(#2116,#2117,#2118,#2119));
#576=EDGE_LOOP('',(#2120));
#577=EDGE_LOOP('',(#2121,#2122,#2123,#2124));
#578=EDGE_LOOP('',(#2125));
#579=EDGE_LOOP('',(#2126,#2127,#2128,#2129));
#580=EDGE_LOOP('',(#2130));
#581=EDGE_LOOP('',(#2131,#2132,#2133,#2134));
#582=EDGE_LOOP('',(#2135));
#583=EDGE_LOOP('',(#2136,#2137,#2138,#2139));
#584=EDGE_LOOP('',(#2140));
#585=EDGE_LOOP('',(#2141,#2142,#2143,#2144));
#586=EDGE_LOOP('',(#2145,#2146,#2147,#2148));
#587=EDGE_LOOP('',(#2149,#2150,#2151,#2152));
#588=EDGE_LOOP('',(#2153,#2154,#2155,#2156));
#589=EDGE_LOOP('',(#2157,#2158,#2159,#2160));
#590=EDGE_LOOP('',(#2161,#2162,#2163,#2164));
#591=EDGE_LOOP('',(#2165,#2166,#2167,#2168));
#592=EDGE_LOOP('',(#2169,#2170,#2171,#2172));
#593=EDGE_LOOP('',(#2173,#2174,#2175,#2176));
#594=EDGE_LOOP('',(#2177,#2178,#2179,#2180));
#595=EDGE_LOOP('',(#2181,#2182,#2183,#2184));
#596=EDGE_LOOP('',(#2185,#2186,#2187,#2188));
#597=EDGE_LOOP('',(#2189,#2190,#2191,#2192));
#598=EDGE_LOOP('',(#2193,#2194,#2195,#2196));
#599=EDGE_LOOP('',(#2197,#2198,#2199,#2200));
#600=EDGE_LOOP('',(#2201,#2202,#2203,#2204));
#601=EDGE_LOOP('',(#2205,#2206,#2207,#2208));
#602=EDGE_LOOP('',(#2209,#2210,#2211,#2212));
#603=EDGE_LOOP('',(#2213,#2214,#2215,#2216));
#604=EDGE_LOOP('',(#2217,#2218,#2219,#2220));
#605=EDGE_LOOP('',(#2221,#2222,#2223,#2224));
#606=EDGE_LOOP('',(#2225,#2226,#2227,#2228));
#607=EDGE_LOOP('',(#2229,#2230,#2231,#2232));
#608=EDGE_LOOP('',(#2233,#2234,#2235,#2236));
#609=EDGE_LOOP('',(#2237,#2238,#2239,#2240));
#610=EDGE_LOOP('',(#2241,#2242,#2243,#2244));
#611=EDGE_LOOP('',(#2245,#2246,#2247,#2248));
#612=EDGE_LOOP('',(#2249,#2250,#2251,#2252,#2253,#2254,#2255,#2256,#2257,
#2258));
#613=EDGE_LOOP('',(#2259));
#614=EDGE_LOOP('',(#2260));
#615=EDGE_LOOP('',(#2261));
#616=EDGE_LOOP('',(#2262));
#617=EDGE_LOOP('',(#2263));
#618=EDGE_LOOP('',(#2264));
#619=EDGE_LOOP('',(#2265));
#620=EDGE_LOOP('',(#2266));
#621=EDGE_LOOP('',(#2267));
#622=EDGE_LOOP('',(#2268));
#623=EDGE_LOOP('',(#2269));
#624=EDGE_LOOP('',(#2270));
#625=EDGE_LOOP('',(#2271));
#626=EDGE_LOOP('',(#2272));
#627=EDGE_LOOP('',(#2273));
#628=EDGE_LOOP('',(#2274));
#629=EDGE_LOOP('',(#2275));
#630=EDGE_LOOP('',(#2276));
#631=EDGE_LOOP('',(#2277));
#632=EDGE_LOOP('',(#2278));
#633=EDGE_LOOP('',(#2279));
#634=EDGE_LOOP('',(#2280));
#635=EDGE_LOOP('',(#2281));
#636=EDGE_LOOP('',(#2282));
#637=EDGE_LOOP('',(#2283));
#638=EDGE_LOOP('',(#2284));
#639=EDGE_LOOP('',(#2285));
#640=EDGE_LOOP('',(#2286));
#641=EDGE_LOOP('',(#2287));
#642=EDGE_LOOP('',(#2288));
#643=EDGE_LOOP('',(#2289));
#644=EDGE_LOOP('',(#2290));
#645=EDGE_LOOP('',(#2291));
#646=EDGE_LOOP('',(#2292));
#647=EDGE_LOOP('',(#2293));
#648=EDGE_LOOP('',(#2294));
#649=EDGE_LOOP('',(#2295));
#650=EDGE_LOOP('',(#2296));
#651=EDGE_LOOP('',(#2297));
#652=EDGE_LOOP('',(#2298));
#653=EDGE_LOOP('',(#2299));
#654=EDGE_LOOP('',(#2300));
#655=EDGE_LOOP('',(#2301));
#656=EDGE_LOOP('',(#2302));
#657=EDGE_LOOP('',(#2303));
#658=EDGE_LOOP('',(#2304));
#659=EDGE_LOOP('',(#2305));
#660=EDGE_LOOP('',(#2306));
#661=EDGE_LOOP('',(#2307));
#662=EDGE_LOOP('',(#2308));
#663=EDGE_LOOP('',(#2309));
#664=EDGE_LOOP('',(#2310));
#665=EDGE_LOOP('',(#2311));
#666=EDGE_LOOP('',(#2312));
#667=EDGE_LOOP('',(#2313));
#668=EDGE_LOOP('',(#2314));
#669=EDGE_LOOP('',(#2315));
#670=EDGE_LOOP('',(#2316));
#671=EDGE_LOOP('',(#2317));
#672=EDGE_LOOP('',(#2318));
#673=EDGE_LOOP('',(#2319));
#674=EDGE_LOOP('',(#2320));
#675=EDGE_LOOP('',(#2321));
#676=EDGE_LOOP('',(#2322));
#677=EDGE_LOOP('',(#2323));
#678=EDGE_LOOP('',(#2324));
#679=EDGE_LOOP('',(#2325));
#680=EDGE_LOOP('',(#2326));
#681=EDGE_LOOP('',(#2327));
#682=EDGE_LOOP('',(#2328));
#683=EDGE_LOOP('',(#2329));
#684=EDGE_LOOP('',(#2330,#2331,#2332,#2333,#2334,#2335,#2336,#2337,#2338,
#2339));
#685=EDGE_LOOP('',(#2340));
#686=EDGE_LOOP('',(#2341));
#687=EDGE_LOOP('',(#2342));
#688=EDGE_LOOP('',(#2343));
#689=EDGE_LOOP('',(#2344));
#690=EDGE_LOOP('',(#2345));
#691=EDGE_LOOP('',(#2346));
#692=EDGE_LOOP('',(#2347));
#693=EDGE_LOOP('',(#2348));
#694=EDGE_LOOP('',(#2349));
#695=EDGE_LOOP('',(#2350));
#696=EDGE_LOOP('',(#2351));
#697=EDGE_LOOP('',(#2352));
#698=EDGE_LOOP('',(#2353));
#699=EDGE_LOOP('',(#2354));
#700=EDGE_LOOP('',(#2355));
#701=EDGE_LOOP('',(#2356));
#702=EDGE_LOOP('',(#2357));
#703=EDGE_LOOP('',(#2358));
#704=EDGE_LOOP('',(#2359));
#705=EDGE_LOOP('',(#2360));
#706=EDGE_LOOP('',(#2361));
#707=EDGE_LOOP('',(#2362));
#708=EDGE_LOOP('',(#2363));
#709=EDGE_LOOP('',(#2364));
#710=EDGE_LOOP('',(#2365));
#711=EDGE_LOOP('',(#2366));
#712=EDGE_LOOP('',(#2367));
#713=EDGE_LOOP('',(#2368));
#714=EDGE_LOOP('',(#2369));
#715=EDGE_LOOP('',(#2370));
#716=LINE('',#3938,#845);
#717=LINE('',#3947,#846);
#718=LINE('',#3956,#847);
#719=LINE('',#3965,#848);
#720=LINE('',#3974,#849);
#721=LINE('',#3983,#850);
#722=LINE('',#3992,#851);
#723=LINE('',#4001,#852);
#724=LINE('',#4010,#853);
#725=LINE('',#4019,#854);
#726=LINE('',#4028,#855);
#727=LINE('',#4037,#856);
#728=LINE('',#4046,#857);
#729=LINE('',#4055,#858);
#730=LINE('',#4064,#859);
#731=LINE('',#4073,#860);
#732=LINE('',#4082,#861);
#733=LINE('',#4091,#862);
#734=LINE('',#4100,#863);
#735=LINE('',#4109,#864);
#736=LINE('',#4118,#865);
#737=LINE('',#4125,#866);
#738=LINE('',#4132,#867);
#739=LINE('',#4139,#868);
#740=LINE('',#4145,#869);
#741=LINE('',#4149,#870);
#742=LINE('',#4154,#871);
#743=LINE('',#4163,#872);
#744=LINE('',#4172,#873);
#745=LINE('',#4181,#874);
#746=LINE('',#4190,#875);
#747=LINE('',#4199,#876);
#748=LINE('',#4208,#877);
#749=LINE('',#4217,#878);
#750=LINE('',#4224,#879);
#751=LINE('',#4228,#880);
#752=LINE('',#4232,#881);
#753=LINE('',#4236,#882);
#754=LINE('',#4240,#883);
#755=LINE('',#4244,#884);
#756=LINE('',#4248,#885);
#757=LINE('',#4252,#886);
#758=LINE('',#4258,#887);
#759=LINE('',#4264,#888);
#760=LINE('',#4270,#889);
#761=LINE('',#4275,#890);
#762=LINE('',#4277,#891);
#763=LINE('',#4279,#892);
#764=LINE('',#4280,#893);
#765=LINE('',#4285,#894);
#766=LINE('',#4292,#895);
#767=LINE('',#4299,#896);
#768=LINE('',#4306,#897);
#769=LINE('',#4313,#898);
#770=LINE('',#4320,#899);
#771=LINE('',#4327,#900);
#772=LINE('',#4334,#901);
#773=LINE('',#4341,#902);
#774=LINE('',#4348,#903);
#775=LINE('',#4355,#904);
#776=LINE('',#4362,#905);
#777=LINE('',#4369,#906);
#778=LINE('',#4376,#907);
#779=LINE('',#4383,#908);
#780=LINE('',#4390,#909);
#781=LINE('',#4397,#910);
#782=LINE('',#4404,#911);
#783=LINE('',#4411,#912);
#784=LINE('',#4418,#913);
#785=LINE('',#4425,#914);
#786=LINE('',#4432,#915);
#787=LINE('',#4439,#916);
#788=LINE('',#4446,#917);
#789=LINE('',#4453,#918);
#790=LINE('',#4460,#919);
#791=LINE('',#4467,#920);
#792=LINE('',#4474,#921);
#793=LINE('',#4481,#922);
#794=LINE('',#4488,#923);
#795=LINE('',#4495,#924);
#796=LINE('',#4502,#925);
#797=LINE('',#4509,#926);
#798=LINE('',#4516,#927);
#799=LINE('',#4523,#928);
#800=LINE('',#4530,#929);
#801=LINE('',#4535,#930);
#802=LINE('',#4539,#931);
#803=LINE('',#4543,#932);
#804=LINE('',#4547,#933);
#805=LINE('',#4551,#934);
#806=LINE('',#4555,#935);
#807=LINE('',#4559,#936);
#808=LINE('',#4563,#937);
#809=LINE('',#4567,#938);
#810=LINE('',#4571,#939);
#811=LINE('',#4575,#940);
#812=LINE('',#4579,#941);
#813=LINE('',#4583,#942);
#814=LINE('',#4587,#943);
#815=LINE('',#4591,#944);
#816=LINE('',#4595,#945);
#817=LINE('',#4599,#946);
#818=LINE('',#4603,#947);
#819=LINE('',#4608,#948);
#820=LINE('',#4610,#949);
#821=LINE('',#4612,#950);
#822=LINE('',#4613,#951);
#823=LINE('',#4615,#952);
#824=LINE('',#4616,#953);
#825=LINE('',#4619,#954);
#826=LINE('',#4621,#955);
#827=LINE('',#4622,#956);
#828=LINE('',#4625,#957);
#829=LINE('',#4627,#958);
#830=LINE('',#4628,#959);
#831=LINE('',#4631,#960);
#832=LINE('',#4633,#961);
#833=LINE('',#4634,#962);
#834=LINE('',#4637,#963);
#835=LINE('',#4639,#964);
#836=LINE('',#4640,#965);
#837=LINE('',#4643,#966);
#838=LINE('',#4645,#967);
#839=LINE('',#4646,#968);
#840=LINE('',#4649,#969);
#841=LINE('',#4651,#970);
#842=LINE('',#4652,#971);
#843=LINE('',#4654,#972);
#844=LINE('',#4655,#973);
#845=VECTOR('',#3054,0.2);
#846=VECTOR('',#3065,0.200000000000001);
#847=VECTOR('',#3076,0.2);
#848=VECTOR('',#3087,0.2);
#849=VECTOR('',#3098,0.2);
#850=VECTOR('',#3109,0.2);
#851=VECTOR('',#3120,0.2);
#852=VECTOR('',#3131,0.2);
#853=VECTOR('',#3142,0.2);
#854=VECTOR('',#3153,0.2);
#855=VECTOR('',#3164,0.2);
#856=VECTOR('',#3175,0.2);
#857=VECTOR('',#3186,0.2);
#858=VECTOR('',#3197,0.2);
#859=VECTOR('',#3208,0.2);
#860=VECTOR('',#3219,0.2);
#861=VECTOR('',#3230,0.2);
#862=VECTOR('',#3241,0.2);
#863=VECTOR('',#3252,0.2);
#864=VECTOR('',#3263,0.2);
#865=VECTOR('',#3274,0.0400000000000002);
#866=VECTOR('',#3283,0.0400000000000002);
#867=VECTOR('',#3292,0.0399999999999995);
#868=VECTOR('',#3301,0.0399999999999995);
#869=VECTOR('',#3310,0.124999999999999);
#870=VECTOR('',#3315,0.124999999999999);
#871=VECTOR('',#3320,0.2);
#872=VECTOR('',#3331,0.2);
#873=VECTOR('',#3342,0.2);
#874=VECTOR('',#3353,0.2);
#875=VECTOR('',#3364,0.2);
#876=VECTOR('',#3375,0.2);
#877=VECTOR('',#3386,0.2);
#878=VECTOR('',#3397,0.2);
#879=VECTOR('',#3406,0.125);
#880=VECTOR('',#3411,0.125);
#881=VECTOR('',#3416,0.125);
#882=VECTOR('',#3421,0.125);
#883=VECTOR('',#3426,0.125);
#884=VECTOR('',#3431,0.125);
#885=VECTOR('',#3436,0.125);
#886=VECTOR('',#3441,0.125);
#887=VECTOR('',#3448,0.098);
#888=VECTOR('',#3455,0.098);
#889=VECTOR('',#3462,0.098);
#890=VECTOR('',#3467,0.393700787401575);
#891=VECTOR('',#3468,0.393700787401575);
#892=VECTOR('',#3469,0.393700787401575);
#893=VECTOR('',#3470,0.393700787401575);
#894=VECTOR('',#3475,0.0400000000000001);
#895=VECTOR('',#3484,0.04);
#896=VECTOR('',#3493,0.04);
#897=VECTOR('',#3502,0.04);
#898=VECTOR('',#3511,0.0400000000000001);
#899=VECTOR('',#3520,0.0400000000000001);
#900=VECTOR('',#3529,0.0400000000000001);
#901=VECTOR('',#3538,0.0400000000000001);
#902=VECTOR('',#3547,0.0400000000000001);
#903=VECTOR('',#3556,0.04);
#904=VECTOR('',#3565,0.0400000000000001);
#905=VECTOR('',#3574,0.0400000000000001);
#906=VECTOR('',#3583,0.04);
#907=VECTOR('',#3592,0.04);
#908=VECTOR('',#3601,0.04);
#909=VECTOR('',#3610,0.04);
#910=VECTOR('',#3619,0.04);
#911=VECTOR('',#3628,0.0400000000000003);
#912=VECTOR('',#3637,0.04);
#913=VECTOR('',#3646,0.04);
#914=VECTOR('',#3655,0.0400000000000003);
#915=VECTOR('',#3664,0.04);
#916=VECTOR('',#3673,0.0400000000000003);
#917=VECTOR('',#3682,0.04);
#918=VECTOR('',#3691,0.0400000000000001);
#919=VECTOR('',#3700,0.04);
#920=VECTOR('',#3709,0.04);
#921=VECTOR('',#3718,0.0400000000000001);
#922=VECTOR('',#3727,0.0400000000000001);
#923=VECTOR('',#3736,0.0400000000000001);
#924=VECTOR('',#3745,0.0400000000000001);
#925=VECTOR('',#3754,0.0400000000000001);
#926=VECTOR('',#3763,0.0400000000000001);
#927=VECTOR('',#3772,0.0400000000000001);
#928=VECTOR('',#3781,0.0400000000000001);
#929=VECTOR('',#3790,0.0400000000000001);
#930=VECTOR('',#3797,0.125);
#931=VECTOR('',#3802,0.125);
#932=VECTOR('',#3807,0.125);
#933=VECTOR('',#3812,0.125);
#934=VECTOR('',#3817,0.125);
#935=VECTOR('',#3822,0.125);
#936=VECTOR('',#3827,0.125);
#937=VECTOR('',#3832,0.125);
#938=VECTOR('',#3837,0.125);
#939=VECTOR('',#3842,0.125);
#940=VECTOR('',#3847,0.125);
#941=VECTOR('',#3852,0.125);
#942=VECTOR('',#3857,0.125);
#943=VECTOR('',#3862,0.125);
#944=VECTOR('',#3867,0.125);
#945=VECTOR('',#3872,0.125);
#946=VECTOR('',#3877,0.125);
#947=VECTOR('',#3882,0.125);
#948=VECTOR('',#3887,0.393700787401575);
#949=VECTOR('',#3888,0.393700787401575);
#950=VECTOR('',#3889,0.393700787401575);
#951=VECTOR('',#3890,0.393700787401575);
#952=VECTOR('',#3893,0.393700787401575);
#953=VECTOR('',#3894,0.393700787401575);
#954=VECTOR('',#3897,0.393700787401575);
#955=VECTOR('',#3898,0.393700787401575);
#956=VECTOR('',#3899,0.393700787401575);
#957=VECTOR('',#3902,0.393700787401575);
#958=VECTOR('',#3903,0.393700787401575);
#959=VECTOR('',#3904,0.393700787401575);
#960=VECTOR('',#3907,0.393700787401575);
#961=VECTOR('',#3908,0.393700787401575);
#962=VECTOR('',#3909,0.393700787401575);
#963=VECTOR('',#3912,0.393700787401575);
#964=VECTOR('',#3913,0.393700787401575);
#965=VECTOR('',#3914,0.393700787401575);
#966=VECTOR('',#3917,0.393700787401575);
#967=VECTOR('',#3918,0.393700787401575);
#968=VECTOR('',#3919,0.393700787401575);
#969=VECTOR('',#3922,0.393700787401575);
#970=VECTOR('',#3923,0.393700787401575);
#971=VECTOR('',#3924,0.393700787401575);
#972=VECTOR('',#3927,0.393700787401575);
#973=VECTOR('',#3928,0.393700787401575);
#974=CIRCLE('',#2672,0.2);
#975=CIRCLE('',#2673,0.2);
#976=CIRCLE('',#2675,0.125);
#977=CIRCLE('',#2677,0.200000000000001);
#978=CIRCLE('',#2678,0.200000000000001);
#979=CIRCLE('',#2680,0.125);
#980=CIRCLE('',#2682,0.2);
#981=CIRCLE('',#2683,0.2);
#982=CIRCLE('',#2685,0.125);
#983=CIRCLE('',#2687,0.2);
#984=CIRCLE('',#2688,0.2);
#985=CIRCLE('',#2690,0.125);
#986=CIRCLE('',#2692,0.2);
#987=CIRCLE('',#2693,0.2);
#988=CIRCLE('',#2695,0.125);
#989=CIRCLE('',#2697,0.2);
#990=CIRCLE('',#2698,0.2);
#991=CIRCLE('',#2700,0.125);
#992=CIRCLE('',#2702,0.2);
#993=CIRCLE('',#2703,0.2);
#994=CIRCLE('',#2705,0.125);
#995=CIRCLE('',#2707,0.2);
#996=CIRCLE('',#2708,0.2);
#997=CIRCLE('',#2710,0.125);
#998=CIRCLE('',#2712,0.2);
#999=CIRCLE('',#2713,0.2);
#1000=CIRCLE('',#2715,0.125);
#1001=CIRCLE('',#2717,0.2);
#1002=CIRCLE('',#2718,0.2);
#1003=CIRCLE('',#2720,0.124999999999999);
#1004=CIRCLE('',#2722,0.2);
#1005=CIRCLE('',#2723,0.2);
#1006=CIRCLE('',#2725,0.124999999999999);
#1007=CIRCLE('',#2727,0.2);
#1008=CIRCLE('',#2728,0.2);
#1009=CIRCLE('',#2730,0.125);
#1010=CIRCLE('',#2732,0.2);
#1011=CIRCLE('',#2733,0.2);
#1012=CIRCLE('',#2735,0.125);
#1013=CIRCLE('',#2737,0.2);
#1014=CIRCLE('',#2738,0.2);
#1015=CIRCLE('',#2740,0.125);
#1016=CIRCLE('',#2742,0.2);
#1017=CIRCLE('',#2743,0.2);
#1018=CIRCLE('',#2745,0.125);
#1019=CIRCLE('',#2747,0.2);
#1020=CIRCLE('',#2748,0.2);
#1021=CIRCLE('',#2750,0.125);
#1022=CIRCLE('',#2752,0.2);
#1023=CIRCLE('',#2753,0.2);
#1024=CIRCLE('',#2755,0.125);
#1025=CIRCLE('',#2757,0.2);
#1026=CIRCLE('',#2758,0.2);
#1027=CIRCLE('',#2760,0.125);
#1028=CIRCLE('',#2762,0.2);
#1029=CIRCLE('',#2763,0.2);
#1030=CIRCLE('',#2765,0.125);
#1031=CIRCLE('',#2767,0.2);
#1032=CIRCLE('',#2768,0.2);
#1033=CIRCLE('',#2770,0.125);
#1034=CIRCLE('',#2772,0.0400000000000002);
#1035=CIRCLE('',#2773,0.0400000000000002);
#1036=CIRCLE('',#2776,0.0400000000000002);
#1037=CIRCLE('',#2777,0.0400000000000002);
#1038=CIRCLE('',#2780,0.0399999999999995);
#1039=CIRCLE('',#2781,0.0399999999999995);
#1040=CIRCLE('',#2784,0.0399999999999995);
#1041=CIRCLE('',#2785,0.0399999999999995);
#1042=CIRCLE('',#2788,0.124999999999999);
#1043=CIRCLE('',#2790,0.124999999999999);
#1044=CIRCLE('',#2792,0.2);
#1045=CIRCLE('',#2793,0.2);
#1046=CIRCLE('',#2795,0.125);
#1047=CIRCLE('',#2797,0.2);
#1048=CIRCLE('',#2798,0.2);
#1049=CIRCLE('',#2800,0.125);
#1050=CIRCLE('',#2802,0.2);
#1051=CIRCLE('',#2803,0.2);
#1052=CIRCLE('',#2805,0.125);
#1053=CIRCLE('',#2807,0.2);
#1054=CIRCLE('',#2808,0.2);
#1055=CIRCLE('',#2810,0.125);
#1056=CIRCLE('',#2812,0.2);
#1057=CIRCLE('',#2813,0.2);
#1058=CIRCLE('',#2815,0.125);
#1059=CIRCLE('',#2817,0.2);
#1060=CIRCLE('',#2818,0.2);
#1061=CIRCLE('',#2820,0.125);
#1062=CIRCLE('',#2822,0.2);
#1063=CIRCLE('',#2823,0.2);
#1064=CIRCLE('',#2825,0.125);
#1065=CIRCLE('',#2827,0.2);
#1066=CIRCLE('',#2828,0.2);
#1067=CIRCLE('',#2830,0.125);
#1068=CIRCLE('',#2832,0.125);
#1069=CIRCLE('',#2834,0.125);
#1070=CIRCLE('',#2836,0.125);
#1071=CIRCLE('',#2838,0.125);
#1072=CIRCLE('',#2840,0.125);
#1073=CIRCLE('',#2842,0.125);
#1074=CIRCLE('',#2844,0.125);
#1075=CIRCLE('',#2846,0.125);
#1076=CIRCLE('',#2848,0.098);
#1077=CIRCLE('',#2849,0.098);
#1078=CIRCLE('',#2851,0.098);
#1079=CIRCLE('',#2852,0.098);
#1080=CIRCLE('',#2854,0.098);
#1081=CIRCLE('',#2855,0.098);
#1082=CIRCLE('',#2858,0.0400000000000001);
#1083=CIRCLE('',#2859,0.0400000000000001);
#1084=CIRCLE('',#2862,0.04);
#1085=CIRCLE('',#2863,0.04);
#1086=CIRCLE('',#2866,0.04);
#1087=CIRCLE('',#2867,0.04);
#1088=CIRCLE('',#2870,0.04);
#1089=CIRCLE('',#2871,0.04);
#1090=CIRCLE('',#2874,0.0400000000000001);
#1091=CIRCLE('',#2875,0.0400000000000001);
#1092=CIRCLE('',#2878,0.0400000000000001);
#1093=CIRCLE('',#2879,0.0400000000000001);
#1094=CIRCLE('',#2882,0.0400000000000001);
#1095=CIRCLE('',#2883,0.0400000000000001);
#1096=CIRCLE('',#2886,0.0400000000000001);
#1097=CIRCLE('',#2887,0.0400000000000001);
#1098=CIRCLE('',#2890,0.0400000000000001);
#1099=CIRCLE('',#2891,0.0400000000000001);
#1100=CIRCLE('',#2894,0.04);
#1101=CIRCLE('',#2895,0.04);
#1102=CIRCLE('',#2898,0.0400000000000001);
#1103=CIRCLE('',#2899,0.0400000000000001);
#1104=CIRCLE('',#2902,0.0400000000000001);
#1105=CIRCLE('',#2903,0.0400000000000001);
#1106=CIRCLE('',#2906,0.04);
#1107=CIRCLE('',#2907,0.04);
#1108=CIRCLE('',#2910,0.04);
#1109=CIRCLE('',#2911,0.04);
#1110=CIRCLE('',#2914,0.04);
#1111=CIRCLE('',#2915,0.04);
#1112=CIRCLE('',#2918,0.04);
#1113=CIRCLE('',#2919,0.04);
#1114=CIRCLE('',#2922,0.04);
#1115=CIRCLE('',#2923,0.04);
#1116=CIRCLE('',#2926,0.0400000000000003);
#1117=CIRCLE('',#2927,0.0400000000000003);
#1118=CIRCLE('',#2930,0.04);
#1119=CIRCLE('',#2931,0.04);
#1120=CIRCLE('',#2934,0.04);
#1121=CIRCLE('',#2935,0.04);
#1122=CIRCLE('',#2938,0.0400000000000003);
#1123=CIRCLE('',#2939,0.0400000000000003);
#1124=CIRCLE('',#2942,0.04);
#1125=CIRCLE('',#2943,0.04);
#1126=CIRCLE('',#2946,0.0400000000000003);
#1127=CIRCLE('',#2947,0.0400000000000003);
#1128=CIRCLE('',#2950,0.04);
#1129=CIRCLE('',#2951,0.04);
#1130=CIRCLE('',#2954,0.0400000000000001);
#1131=CIRCLE('',#2955,0.0400000000000001);
#1132=CIRCLE('',#2958,0.04);
#1133=CIRCLE('',#2959,0.04);
#1134=CIRCLE('',#2962,0.04);
#1135=CIRCLE('',#2963,0.04);
#1136=CIRCLE('',#2966,0.0400000000000001);
#1137=CIRCLE('',#2967,0.0400000000000001);
#1138=CIRCLE('',#2970,0.0400000000000001);
#1139=CIRCLE('',#2971,0.0400000000000001);
#1140=CIRCLE('',#2974,0.0400000000000001);
#1141=CIRCLE('',#2975,0.0400000000000001);
#1142=CIRCLE('',#2978,0.0400000000000001);
#1143=CIRCLE('',#2979,0.0400000000000001);
#1144=CIRCLE('',#2982,0.0400000000000001);
#1145=CIRCLE('',#2983,0.0400000000000001);
#1146=CIRCLE('',#2986,0.0400000000000001);
#1147=CIRCLE('',#2987,0.0400000000000001);
#1148=CIRCLE('',#2990,0.0400000000000001);
#1149=CIRCLE('',#2991,0.0400000000000001);
#1150=CIRCLE('',#2994,0.0400000000000001);
#1151=CIRCLE('',#2995,0.0400000000000001);
#1152=CIRCLE('',#2998,0.0400000000000001);
#1153=CIRCLE('',#2999,0.0400000000000001);
#1154=CIRCLE('',#3002,0.125);
#1155=CIRCLE('',#3004,0.125);
#1156=CIRCLE('',#3006,0.125);
#1157=CIRCLE('',#3008,0.125);
#1158=CIRCLE('',#3010,0.125);
#1159=CIRCLE('',#3012,0.125);
#1160=CIRCLE('',#3014,0.125);
#1161=CIRCLE('',#3016,0.125);
#1162=CIRCLE('',#3018,0.125);
#1163=CIRCLE('',#3020,0.125);
#1164=CIRCLE('',#3022,0.125);
#1165=CIRCLE('',#3024,0.125);
#1166=CIRCLE('',#3026,0.125);
#1167=CIRCLE('',#3028,0.125);
#1168=CIRCLE('',#3030,0.125);
#1169=CIRCLE('',#3032,0.125);
#1170=CIRCLE('',#3034,0.125);
#1171=CIRCLE('',#3036,0.125);
#1172=VERTEX_POINT('',#3935);
#1173=VERTEX_POINT('',#3937);
#1174=VERTEX_POINT('',#3941);
#1175=VERTEX_POINT('',#3944);
#1176=VERTEX_POINT('',#3946);
#1177=VERTEX_POINT('',#3950);
#1178=VERTEX_POINT('',#3953);
#1179=VERTEX_POINT('',#3955);
#1180=VERTEX_POINT('',#3959);
#1181=VERTEX_POINT('',#3962);
#1182=VERTEX_POINT('',#3964);
#1183=VERTEX_POINT('',#3968);
#1184=VERTEX_POINT('',#3971);
#1185=VERTEX_POINT('',#3973);
#1186=VERTEX_POINT('',#3977);
#1187=VERTEX_POINT('',#3980);
#1188=VERTEX_POINT('',#3982);
#1189=VERTEX_POINT('',#3986);
#1190=VERTEX_POINT('',#3989);
#1191=VERTEX_POINT('',#3991);
#1192=VERTEX_POINT('',#3995);
#1193=VERTEX_POINT('',#3998);
#1194=VERTEX_POINT('',#4000);
#1195=VERTEX_POINT('',#4004);
#1196=VERTEX_POINT('',#4007);
#1197=VERTEX_POINT('',#4009);
#1198=VERTEX_POINT('',#4013);
#1199=VERTEX_POINT('',#4016);
#1200=VERTEX_POINT('',#4018);
#1201=VERTEX_POINT('',#4022);
#1202=VERTEX_POINT('',#4025);
#1203=VERTEX_POINT('',#4027);
#1204=VERTEX_POINT('',#4031);
#1205=VERTEX_POINT('',#4034);
#1206=VERTEX_POINT('',#4036);
#1207=VERTEX_POINT('',#4040);
#1208=VERTEX_POINT('',#4043);
#1209=VERTEX_POINT('',#4045);
#1210=VERTEX_POINT('',#4049);
#1211=VERTEX_POINT('',#4052);
#1212=VERTEX_POINT('',#4054);
#1213=VERTEX_POINT('',#4058);
#1214=VERTEX_POINT('',#4061);
#1215=VERTEX_POINT('',#4063);
#1216=VERTEX_POINT('',#4067);
#1217=VERTEX_POINT('',#4070);
#1218=VERTEX_POINT('',#4072);
#1219=VERTEX_POINT('',#4076);
#1220=VERTEX_POINT('',#4079);
#1221=VERTEX_POINT('',#4081);
#1222=VERTEX_POINT('',#4085);
#1223=VERTEX_POINT('',#4088);
#1224=VERTEX_POINT('',#4090);
#1225=VERTEX_POINT('',#4094);
#1226=VERTEX_POINT('',#4097);
#1227=VERTEX_POINT('',#4099);
#1228=VERTEX_POINT('',#4103);
#1229=VERTEX_POINT('',#4106);
#1230=VERTEX_POINT('',#4108);
#1231=VERTEX_POINT('',#4112);
#1232=VERTEX_POINT('',#4115);
#1233=VERTEX_POINT('',#4117);
#1234=VERTEX_POINT('',#4122);
#1235=VERTEX_POINT('',#4124);
#1236=VERTEX_POINT('',#4129);
#1237=VERTEX_POINT('',#4131);
#1238=VERTEX_POINT('',#4136);
#1239=VERTEX_POINT('',#4138);
#1240=VERTEX_POINT('',#4143);
#1241=VERTEX_POINT('',#4147);
#1242=VERTEX_POINT('',#4151);
#1243=VERTEX_POINT('',#4153);
#1244=VERTEX_POINT('',#4157);
#1245=VERTEX_POINT('',#4160);
#1246=VERTEX_POINT('',#4162);
#1247=VERTEX_POINT('',#4166);
#1248=VERTEX_POINT('',#4169);
#1249=VERTEX_POINT('',#4171);
#1250=VERTEX_POINT('',#4175);
#1251=VERTEX_POINT('',#4178);
#1252=VERTEX_POINT('',#4180);
#1253=VERTEX_POINT('',#4184);
#1254=VERTEX_POINT('',#4187);
#1255=VERTEX_POINT('',#4189);
#1256=VERTEX_POINT('',#4193);
#1257=VERTEX_POINT('',#4196);
#1258=VERTEX_POINT('',#4198);
#1259=VERTEX_POINT('',#4202);
#1260=VERTEX_POINT('',#4205);
#1261=VERTEX_POINT('',#4207);
#1262=VERTEX_POINT('',#4211);
#1263=VERTEX_POINT('',#4214);
#1264=VERTEX_POINT('',#4216);
#1265=VERTEX_POINT('',#4220);
#1266=VERTEX_POINT('',#4223);
#1267=VERTEX_POINT('',#4227);
#1268=VERTEX_POINT('',#4231);
#1269=VERTEX_POINT('',#4235);
#1270=VERTEX_POINT('',#4239);
#1271=VERTEX_POINT('',#4243);
#1272=VERTEX_POINT('',#4247);
#1273=VERTEX_POINT('',#4251);
#1274=VERTEX_POINT('',#4255);
#1275=VERTEX_POINT('',#4257);
#1276=VERTEX_POINT('',#4261);
#1277=VERTEX_POINT('',#4263);
#1278=VERTEX_POINT('',#4267);
#1279=VERTEX_POINT('',#4269);
#1280=VERTEX_POINT('',#4273);
#1281=VERTEX_POINT('',#4274);
#1282=VERTEX_POINT('',#4276);
#1283=VERTEX_POINT('',#4278);
#1284=VERTEX_POINT('',#4282);
#1285=VERTEX_POINT('',#4284);
#1286=VERTEX_POINT('',#4289);
#1287=VERTEX_POINT('',#4291);
#1288=VERTEX_POINT('',#4296);
#1289=VERTEX_POINT('',#4298);
#1290=VERTEX_POINT('',#4303);
#1291=VERTEX_POINT('',#4305);
#1292=VERTEX_POINT('',#4310);
#1293=VERTEX_POINT('',#4312);
#1294=VERTEX_POINT('',#4317);
#1295=VERTEX_POINT('',#4319);
#1296=VERTEX_POINT('',#4324);
#1297=VERTEX_POINT('',#4326);
#1298=VERTEX_POINT('',#4331);
#1299=VERTEX_POINT('',#4333);
#1300=VERTEX_POINT('',#4338);
#1301=VERTEX_POINT('',#4340);
#1302=VERTEX_POINT('',#4345);
#1303=VERTEX_POINT('',#4347);
#1304=VERTEX_POINT('',#4352);
#1305=VERTEX_POINT('',#4354);
#1306=VERTEX_POINT('',#4359);
#1307=VERTEX_POINT('',#4361);
#1308=VERTEX_POINT('',#4366);
#1309=VERTEX_POINT('',#4368);
#1310=VERTEX_POINT('',#4373);
#1311=VERTEX_POINT('',#4375);
#1312=VERTEX_POINT('',#4380);
#1313=VERTEX_POINT('',#4382);
#1314=VERTEX_POINT('',#4387);
#1315=VERTEX_POINT('',#4389);
#1316=VERTEX_POINT('',#4394);
#1317=VERTEX_POINT('',#4396);
#1318=VERTEX_POINT('',#4401);
#1319=VERTEX_POINT('',#4403);
#1320=VERTEX_POINT('',#4408);
#1321=VERTEX_POINT('',#4410);
#1322=VERTEX_POINT('',#4415);
#1323=VERTEX_POINT('',#4417);
#1324=VERTEX_POINT('',#4422);
#1325=VERTEX_POINT('',#4424);
#1326=VERTEX_POINT('',#4429);
#1327=VERTEX_POINT('',#4431);
#1328=VERTEX_POINT('',#4436);
#1329=VERTEX_POINT('',#4438);
#1330=VERTEX_POINT('',#4443);
#1331=VERTEX_POINT('',#4445);
#1332=VERTEX_POINT('',#4450);
#1333=VERTEX_POINT('',#4452);
#1334=VERTEX_POINT('',#4457);
#1335=VERTEX_POINT('',#4459);
#1336=VERTEX_POINT('',#4464);
#1337=VERTEX_POINT('',#4466);
#1338=VERTEX_POINT('',#4471);
#1339=VERTEX_POINT('',#4473);
#1340=VERTEX_POINT('',#4478);
#1341=VERTEX_POINT('',#4480);
#1342=VERTEX_POINT('',#4485);
#1343=VERTEX_POINT('',#4487);
#1344=VERTEX_POINT('',#4492);
#1345=VERTEX_POINT('',#4494);
#1346=VERTEX_POINT('',#4499);
#1347=VERTEX_POINT('',#4501);
#1348=VERTEX_POINT('',#4506);
#1349=VERTEX_POINT('',#4508);
#1350=VERTEX_POINT('',#4513);
#1351=VERTEX_POINT('',#4515);
#1352=VERTEX_POINT('',#4520);
#1353=VERTEX_POINT('',#4522);
#1354=VERTEX_POINT('',#4527);
#1355=VERTEX_POINT('',#4529);
#1356=VERTEX_POINT('',#4534);
#1357=VERTEX_POINT('',#4538);
#1358=VERTEX_POINT('',#4542);
#1359=VERTEX_POINT('',#4546);
#1360=VERTEX_POINT('',#4550);
#1361=VERTEX_POINT('',#4554);
#1362=VERTEX_POINT('',#4558);
#1363=VERTEX_POINT('',#4562);
#1364=VERTEX_POINT('',#4566);
#1365=VERTEX_POINT('',#4570);
#1366=VERTEX_POINT('',#4574);
#1367=VERTEX_POINT('',#4578);
#1368=VERTEX_POINT('',#4582);
#1369=VERTEX_POINT('',#4586);
#1370=VERTEX_POINT('',#4590);
#1371=VERTEX_POINT('',#4594);
#1372=VERTEX_POINT('',#4598);
#1373=VERTEX_POINT('',#4602);
#1374=VERTEX_POINT('',#4606);
#1375=VERTEX_POINT('',#4607);
#1376=VERTEX_POINT('',#4609);
#1377=VERTEX_POINT('',#4611);
#1378=VERTEX_POINT('',#4618);
#1379=VERTEX_POINT('',#4620);
#1380=VERTEX_POINT('',#4624);
#1381=VERTEX_POINT('',#4626);
#1382=VERTEX_POINT('',#4630);
#1383=VERTEX_POINT('',#4632);
#1384=VERTEX_POINT('',#4636);
#1385=VERTEX_POINT('',#4638);
#1386=VERTEX_POINT('',#4642);
#1387=VERTEX_POINT('',#4644);
#1388=VERTEX_POINT('',#4648);
#1389=VERTEX_POINT('',#4650);
#1390=EDGE_CURVE('',#1172,#1172,#974,.T.);
#1391=EDGE_CURVE('',#1172,#1173,#716,.T.);
#1392=EDGE_CURVE('',#1173,#1173,#975,.T.);
#1393=EDGE_CURVE('',#1174,#1174,#976,.T.);
#1394=EDGE_CURVE('',#1175,#1175,#977,.T.);
#1395=EDGE_CURVE('',#1175,#1176,#717,.T.);
#1396=EDGE_CURVE('',#1176,#1176,#978,.T.);
#1397=EDGE_CURVE('',#1177,#1177,#979,.T.);
#1398=EDGE_CURVE('',#1178,#1178,#980,.T.);
#1399=EDGE_CURVE('',#1178,#1179,#718,.T.);
#1400=EDGE_CURVE('',#1179,#1179,#981,.T.);
#1401=EDGE_CURVE('',#1180,#1180,#982,.T.);
#1402=EDGE_CURVE('',#1181,#1181,#983,.T.);
#1403=EDGE_CURVE('',#1181,#1182,#719,.T.);
#1404=EDGE_CURVE('',#1182,#1182,#984,.T.);
#1405=EDGE_CURVE('',#1183,#1183,#985,.T.);
#1406=EDGE_CURVE('',#1184,#1184,#986,.T.);
#1407=EDGE_CURVE('',#1184,#1185,#720,.T.);
#1408=EDGE_CURVE('',#1185,#1185,#987,.T.);
#1409=EDGE_CURVE('',#1186,#1186,#988,.T.);
#1410=EDGE_CURVE('',#1187,#1187,#989,.T.);
#1411=EDGE_CURVE('',#1187,#1188,#721,.T.);
#1412=EDGE_CURVE('',#1188,#1188,#990,.T.);
#1413=EDGE_CURVE('',#1189,#1189,#991,.T.);
#1414=EDGE_CURVE('',#1190,#1190,#992,.T.);
#1415=EDGE_CURVE('',#1190,#1191,#722,.T.);
#1416=EDGE_CURVE('',#1191,#1191,#993,.T.);
#1417=EDGE_CURVE('',#1192,#1192,#994,.T.);
#1418=EDGE_CURVE('',#1193,#1193,#995,.T.);
#1419=EDGE_CURVE('',#1193,#1194,#723,.T.);
#1420=EDGE_CURVE('',#1194,#1194,#996,.T.);
#1421=EDGE_CURVE('',#1195,#1195,#997,.T.);
#1422=EDGE_CURVE('',#1196,#1196,#998,.T.);
#1423=EDGE_CURVE('',#1196,#1197,#724,.T.);
#1424=EDGE_CURVE('',#1197,#1197,#999,.T.);
#1425=EDGE_CURVE('',#1198,#1198,#1000,.T.);
#1426=EDGE_CURVE('',#1199,#1199,#1001,.T.);
#1427=EDGE_CURVE('',#1199,#1200,#725,.T.);
#1428=EDGE_CURVE('',#1200,#1200,#1002,.T.);
#1429=EDGE_CURVE('',#1201,#1201,#1003,.T.);
#1430=EDGE_CURVE('',#1202,#1202,#1004,.T.);
#1431=EDGE_CURVE('',#1202,#1203,#726,.T.);
#1432=EDGE_CURVE('',#1203,#1203,#1005,.T.);
#1433=EDGE_CURVE('',#1204,#1204,#1006,.T.);
#1434=EDGE_CURVE('',#1205,#1205,#1007,.T.);
#1435=EDGE_CURVE('',#1205,#1206,#727,.T.);
#1436=EDGE_CURVE('',#1206,#1206,#1008,.T.);
#1437=EDGE_CURVE('',#1207,#1207,#1009,.T.);
#1438=EDGE_CURVE('',#1208,#1208,#1010,.T.);
#1439=EDGE_CURVE('',#1208,#1209,#728,.T.);
#1440=EDGE_CURVE('',#1209,#1209,#1011,.T.);
#1441=EDGE_CURVE('',#1210,#1210,#1012,.T.);
#1442=EDGE_CURVE('',#1211,#1211,#1013,.T.);
#1443=EDGE_CURVE('',#1211,#1212,#729,.T.);
#1444=EDGE_CURVE('',#1212,#1212,#1014,.T.);
#1445=EDGE_CURVE('',#1213,#1213,#1015,.T.);
#1446=EDGE_CURVE('',#1214,#1214,#1016,.T.);
#1447=EDGE_CURVE('',#1214,#1215,#730,.T.);
#1448=EDGE_CURVE('',#1215,#1215,#1017,.T.);
#1449=EDGE_CURVE('',#1216,#1216,#1018,.T.);
#1450=EDGE_CURVE('',#1217,#1217,#1019,.T.);
#1451=EDGE_CURVE('',#1217,#1218,#731,.T.);
#1452=EDGE_CURVE('',#1218,#1218,#1020,.T.);
#1453=EDGE_CURVE('',#1219,#1219,#1021,.T.);
#1454=EDGE_CURVE('',#1220,#1220,#1022,.T.);
#1455=EDGE_CURVE('',#1220,#1221,#732,.T.);
#1456=EDGE_CURVE('',#1221,#1221,#1023,.T.);
#1457=EDGE_CURVE('',#1222,#1222,#1024,.T.);
#1458=EDGE_CURVE('',#1223,#1223,#1025,.T.);
#1459=EDGE_CURVE('',#1223,#1224,#733,.T.);
#1460=EDGE_CURVE('',#1224,#1224,#1026,.T.);
#1461=EDGE_CURVE('',#1225,#1225,#1027,.T.);
#1462=EDGE_CURVE('',#1226,#1226,#1028,.T.);
#1463=EDGE_CURVE('',#1226,#1227,#734,.T.);
#1464=EDGE_CURVE('',#1227,#1227,#1029,.T.);
#1465=EDGE_CURVE('',#1228,#1228,#1030,.T.);
#1466=EDGE_CURVE('',#1229,#1229,#1031,.T.);
#1467=EDGE_CURVE('',#1229,#1230,#735,.T.);
#1468=EDGE_CURVE('',#1230,#1230,#1032,.T.);
#1469=EDGE_CURVE('',#1231,#1231,#1033,.T.);
#1470=EDGE_CURVE('',#1232,#1232,#1034,.T.);
#1471=EDGE_CURVE('',#1232,#1233,#736,.T.);
#1472=EDGE_CURVE('',#1233,#1233,#1035,.T.);
#1473=EDGE_CURVE('',#1234,#1234,#1036,.T.);
#1474=EDGE_CURVE('',#1234,#1235,#737,.T.);
#1475=EDGE_CURVE('',#1235,#1235,#1037,.T.);
#1476=EDGE_CURVE('',#1236,#1236,#1038,.T.);
#1477=EDGE_CURVE('',#1236,#1237,#738,.T.);
#1478=EDGE_CURVE('',#1237,#1237,#1039,.T.);
#1479=EDGE_CURVE('',#1238,#1238,#1040,.T.);
#1480=EDGE_CURVE('',#1238,#1239,#739,.T.);
#1481=EDGE_CURVE('',#1239,#1239,#1041,.T.);
#1482=EDGE_CURVE('',#1240,#1240,#1042,.T.);
#1483=EDGE_CURVE('',#1240,#1204,#740,.T.);
#1484=EDGE_CURVE('',#1241,#1241,#1043,.T.);
#1485=EDGE_CURVE('',#1241,#1201,#741,.T.);
#1486=EDGE_CURVE('',#1242,#1242,#1044,.T.);
#1487=EDGE_CURVE('',#1242,#1243,#742,.T.);
#1488=EDGE_CURVE('',#1243,#1243,#1045,.T.);
#1489=EDGE_CURVE('',#1244,#1244,#1046,.T.);
#1490=EDGE_CURVE('',#1245,#1245,#1047,.T.);
#1491=EDGE_CURVE('',#1245,#1246,#743,.T.);
#1492=EDGE_CURVE('',#1246,#1246,#1048,.T.);
#1493=EDGE_CURVE('',#1247,#1247,#1049,.T.);
#1494=EDGE_CURVE('',#1248,#1248,#1050,.T.);
#1495=EDGE_CURVE('',#1248,#1249,#744,.T.);
#1496=EDGE_CURVE('',#1249,#1249,#1051,.T.);
#1497=EDGE_CURVE('',#1250,#1250,#1052,.T.);
#1498=EDGE_CURVE('',#1251,#1251,#1053,.T.);
#1499=EDGE_CURVE('',#1251,#1252,#745,.T.);
#1500=EDGE_CURVE('',#1252,#1252,#1054,.T.);
#1501=EDGE_CURVE('',#1253,#1253,#1055,.T.);
#1502=EDGE_CURVE('',#1254,#1254,#1056,.T.);
#1503=EDGE_CURVE('',#1254,#1255,#746,.T.);
#1504=EDGE_CURVE('',#1255,#1255,#1057,.T.);
#1505=EDGE_CURVE('',#1256,#1256,#1058,.T.);
#1506=EDGE_CURVE('',#1257,#1257,#1059,.T.);
#1507=EDGE_CURVE('',#1257,#1258,#747,.T.);
#1508=EDGE_CURVE('',#1258,#1258,#1060,.T.);
#1509=EDGE_CURVE('',#1259,#1259,#1061,.T.);
#1510=EDGE_CURVE('',#1260,#1260,#1062,.T.);
#1511=EDGE_CURVE('',#1260,#1261,#748,.T.);
#1512=EDGE_CURVE('',#1261,#1261,#1063,.T.);
#1513=EDGE_CURVE('',#1262,#1262,#1064,.T.);
#1514=EDGE_CURVE('',#1263,#1263,#1065,.T.);
#1515=EDGE_CURVE('',#1263,#1264,#749,.T.);
#1516=EDGE_CURVE('',#1264,#1264,#1066,.T.);
#1517=EDGE_CURVE('',#1265,#1265,#1067,.T.);
#1518=EDGE_CURVE('',#1262,#1266,#750,.T.);
#1519=EDGE_CURVE('',#1266,#1266,#1068,.T.);
#1520=EDGE_CURVE('',#1256,#1267,#751,.T.);
#1521=EDGE_CURVE('',#1267,#1267,#1069,.T.);
#1522=EDGE_CURVE('',#1244,#1268,#752,.T.);
#1523=EDGE_CURVE('',#1268,#1268,#1070,.T.);
#1524=EDGE_CURVE('',#1250,#1269,#753,.T.);
#1525=EDGE_CURVE('',#1269,#1269,#1071,.T.);
#1526=EDGE_CURVE('',#1265,#1270,#754,.T.);
#1527=EDGE_CURVE('',#1270,#1270,#1072,.T.);
#1528=EDGE_CURVE('',#1253,#1271,#755,.T.);
#1529=EDGE_CURVE('',#1271,#1271,#1073,.T.);
#1530=EDGE_CURVE('',#1259,#1272,#756,.T.);
#1531=EDGE_CURVE('',#1272,#1272,#1074,.T.);
#1532=EDGE_CURVE('',#1247,#1273,#757,.T.);
#1533=EDGE_CURVE('',#1273,#1273,#1075,.T.);
#1534=EDGE_CURVE('',#1274,#1274,#1076,.T.);
#1535=EDGE_CURVE('',#1274,#1275,#758,.T.);
#1536=EDGE_CURVE('',#1275,#1275,#1077,.T.);
#1537=EDGE_CURVE('',#1276,#1276,#1078,.T.);
#1538=EDGE_CURVE('',#1276,#1277,#759,.T.);
#1539=EDGE_CURVE('',#1277,#1277,#1079,.T.);
#1540=EDGE_CURVE('',#1278,#1278,#1080,.T.);
#1541=EDGE_CURVE('',#1278,#1279,#760,.T.);
#1542=EDGE_CURVE('',#1279,#1279,#1081,.T.);
#1543=EDGE_CURVE('',#1280,#1281,#761,.T.);
#1544=EDGE_CURVE('',#1280,#1282,#762,.T.);
#1545=EDGE_CURVE('',#1283,#1282,#763,.T.);
#1546=EDGE_CURVE('',#1281,#1283,#764,.T.);
#1547=EDGE_CURVE('',#1284,#1284,#1082,.T.);
#1548=EDGE_CURVE('',#1284,#1285,#765,.T.);
#1549=EDGE_CURVE('',#1285,#1285,#1083,.T.);
#1550=EDGE_CURVE('',#1286,#1286,#1084,.T.);
#1551=EDGE_CURVE('',#1286,#1287,#766,.T.);
#1552=EDGE_CURVE('',#1287,#1287,#1085,.T.);
#1553=EDGE_CURVE('',#1288,#1288,#1086,.T.);
#1554=EDGE_CURVE('',#1288,#1289,#767,.T.);
#1555=EDGE_CURVE('',#1289,#1289,#1087,.T.);
#1556=EDGE_CURVE('',#1290,#1290,#1088,.T.);
#1557=EDGE_CURVE('',#1290,#1291,#768,.T.);
#1558=EDGE_CURVE('',#1291,#1291,#1089,.T.);
#1559=EDGE_CURVE('',#1292,#1292,#1090,.T.);
#1560=EDGE_CURVE('',#1292,#1293,#769,.T.);
#1561=EDGE_CURVE('',#1293,#1293,#1091,.T.);
#1562=EDGE_CURVE('',#1294,#1294,#1092,.T.);
#1563=EDGE_CURVE('',#1294,#1295,#770,.T.);
#1564=EDGE_CURVE('',#1295,#1295,#1093,.T.);
#1565=EDGE_CURVE('',#1296,#1296,#1094,.T.);
#1566=EDGE_CURVE('',#1296,#1297,#771,.T.);
#1567=EDGE_CURVE('',#1297,#1297,#1095,.T.);
#1568=EDGE_CURVE('',#1298,#1298,#1096,.T.);
#1569=EDGE_CURVE('',#1298,#1299,#772,.T.);
#1570=EDGE_CURVE('',#1299,#1299,#1097,.T.);
#1571=EDGE_CURVE('',#1300,#1300,#1098,.T.);
#1572=EDGE_CURVE('',#1300,#1301,#773,.T.);
#1573=EDGE_CURVE('',#1301,#1301,#1099,.T.);
#1574=EDGE_CURVE('',#1302,#1302,#1100,.T.);
#1575=EDGE_CURVE('',#1302,#1303,#774,.T.);
#1576=EDGE_CURVE('',#1303,#1303,#1101,.T.);
#1577=EDGE_CURVE('',#1304,#1304,#1102,.T.);
#1578=EDGE_CURVE('',#1304,#1305,#775,.T.);
#1579=EDGE_CURVE('',#1305,#1305,#1103,.T.);
#1580=EDGE_CURVE('',#1306,#1306,#1104,.T.);
#1581=EDGE_CURVE('',#1306,#1307,#776,.T.);
#1582=EDGE_CURVE('',#1307,#1307,#1105,.T.);
#1583=EDGE_CURVE('',#1308,#1308,#1106,.T.);
#1584=EDGE_CURVE('',#1308,#1309,#777,.T.);
#1585=EDGE_CURVE('',#1309,#1309,#1107,.T.);
#1586=EDGE_CURVE('',#1310,#1310,#1108,.T.);
#1587=EDGE_CURVE('',#1310,#1311,#778,.T.);
#1588=EDGE_CURVE('',#1311,#1311,#1109,.T.);
#1589=EDGE_CURVE('',#1312,#1312,#1110,.T.);
#1590=EDGE_CURVE('',#1312,#1313,#779,.T.);
#1591=EDGE_CURVE('',#1313,#1313,#1111,.T.);
#1592=EDGE_CURVE('',#1314,#1314,#1112,.T.);
#1593=EDGE_CURVE('',#1314,#1315,#780,.T.);
#1594=EDGE_CURVE('',#1315,#1315,#1113,.T.);
#1595=EDGE_CURVE('',#1316,#1316,#1114,.T.);
#1596=EDGE_CURVE('',#1316,#1317,#781,.T.);
#1597=EDGE_CURVE('',#1317,#1317,#1115,.T.);
#1598=EDGE_CURVE('',#1318,#1318,#1116,.T.);
#1599=EDGE_CURVE('',#1318,#1319,#782,.T.);
#1600=EDGE_CURVE('',#1319,#1319,#1117,.T.);
#1601=EDGE_CURVE('',#1320,#1320,#1118,.T.);
#1602=EDGE_CURVE('',#1320,#1321,#783,.T.);
#1603=EDGE_CURVE('',#1321,#1321,#1119,.T.);
#1604=EDGE_CURVE('',#1322,#1322,#1120,.T.);
#1605=EDGE_CURVE('',#1322,#1323,#784,.T.);
#1606=EDGE_CURVE('',#1323,#1323,#1121,.T.);
#1607=EDGE_CURVE('',#1324,#1324,#1122,.T.);
#1608=EDGE_CURVE('',#1324,#1325,#785,.T.);
#1609=EDGE_CURVE('',#1325,#1325,#1123,.T.);
#1610=EDGE_CURVE('',#1326,#1326,#1124,.T.);
#1611=EDGE_CURVE('',#1326,#1327,#786,.T.);
#1612=EDGE_CURVE('',#1327,#1327,#1125,.T.);
#1613=EDGE_CURVE('',#1328,#1328,#1126,.T.);
#1614=EDGE_CURVE('',#1328,#1329,#787,.T.);
#1615=EDGE_CURVE('',#1329,#1329,#1127,.T.);
#1616=EDGE_CURVE('',#1330,#1330,#1128,.T.);
#1617=EDGE_CURVE('',#1330,#1331,#788,.T.);
#1618=EDGE_CURVE('',#1331,#1331,#1129,.T.);
#1619=EDGE_CURVE('',#1332,#1332,#1130,.T.);
#1620=EDGE_CURVE('',#1332,#1333,#789,.T.);
#1621=EDGE_CURVE('',#1333,#1333,#1131,.T.);
#1622=EDGE_CURVE('',#1334,#1334,#1132,.T.);
#1623=EDGE_CURVE('',#1334,#1335,#790,.T.);
#1624=EDGE_CURVE('',#1335,#1335,#1133,.T.);
#1625=EDGE_CURVE('',#1336,#1336,#1134,.T.);
#1626=EDGE_CURVE('',#1336,#1337,#791,.T.);
#1627=EDGE_CURVE('',#1337,#1337,#1135,.T.);
#1628=EDGE_CURVE('',#1338,#1338,#1136,.T.);
#1629=EDGE_CURVE('',#1338,#1339,#792,.T.);
#1630=EDGE_CURVE('',#1339,#1339,#1137,.T.);
#1631=EDGE_CURVE('',#1340,#1340,#1138,.T.);
#1632=EDGE_CURVE('',#1340,#1341,#793,.T.);
#1633=EDGE_CURVE('',#1341,#1341,#1139,.T.);
#1634=EDGE_CURVE('',#1342,#1342,#1140,.T.);
#1635=EDGE_CURVE('',#1342,#1343,#794,.T.);
#1636=EDGE_CURVE('',#1343,#1343,#1141,.T.);
#1637=EDGE_CURVE('',#1344,#1344,#1142,.T.);
#1638=EDGE_CURVE('',#1344,#1345,#795,.T.);
#1639=EDGE_CURVE('',#1345,#1345,#1143,.T.);
#1640=EDGE_CURVE('',#1346,#1346,#1144,.T.);
#1641=EDGE_CURVE('',#1346,#1347,#796,.T.);
#1642=EDGE_CURVE('',#1347,#1347,#1145,.T.);
#1643=EDGE_CURVE('',#1348,#1348,#1146,.T.);
#1644=EDGE_CURVE('',#1348,#1349,#797,.T.);
#1645=EDGE_CURVE('',#1349,#1349,#1147,.T.);
#1646=EDGE_CURVE('',#1350,#1350,#1148,.T.);
#1647=EDGE_CURVE('',#1350,#1351,#798,.T.);
#1648=EDGE_CURVE('',#1351,#1351,#1149,.T.);
#1649=EDGE_CURVE('',#1352,#1352,#1150,.T.);
#1650=EDGE_CURVE('',#1352,#1353,#799,.T.);
#1651=EDGE_CURVE('',#1353,#1353,#1151,.T.);
#1652=EDGE_CURVE('',#1354,#1354,#1152,.T.);
#1653=EDGE_CURVE('',#1354,#1355,#800,.T.);
#1654=EDGE_CURVE('',#1355,#1355,#1153,.T.);
#1655=EDGE_CURVE('',#1231,#1356,#801,.T.);
#1656=EDGE_CURVE('',#1356,#1356,#1154,.T.);
#1657=EDGE_CURVE('',#1174,#1357,#802,.T.);
#1658=EDGE_CURVE('',#1357,#1357,#1155,.T.);
#1659=EDGE_CURVE('',#1228,#1358,#803,.T.);
#1660=EDGE_CURVE('',#1358,#1358,#1156,.T.);
#1661=EDGE_CURVE('',#1219,#1359,#804,.T.);
#1662=EDGE_CURVE('',#1359,#1359,#1157,.T.);
#1663=EDGE_CURVE('',#1213,#1360,#805,.T.);
#1664=EDGE_CURVE('',#1360,#1360,#1158,.T.);
#1665=EDGE_CURVE('',#1177,#1361,#806,.T.);
#1666=EDGE_CURVE('',#1361,#1361,#1159,.T.);
#1667=EDGE_CURVE('',#1207,#1362,#807,.T.);
#1668=EDGE_CURVE('',#1362,#1362,#1160,.T.);
#1669=EDGE_CURVE('',#1225,#1363,#808,.T.);
#1670=EDGE_CURVE('',#1363,#1363,#1161,.T.);
#1671=EDGE_CURVE('',#1180,#1364,#809,.T.);
#1672=EDGE_CURVE('',#1364,#1364,#1162,.T.);
#1673=EDGE_CURVE('',#1195,#1365,#810,.T.);
#1674=EDGE_CURVE('',#1365,#1365,#1163,.T.);
#1675=EDGE_CURVE('',#1210,#1366,#811,.T.);
#1676=EDGE_CURVE('',#1366,#1366,#1164,.T.);
#1677=EDGE_CURVE('',#1183,#1367,#812,.T.);
#1678=EDGE_CURVE('',#1367,#1367,#1165,.T.);
#1679=EDGE_CURVE('',#1192,#1368,#813,.T.);
#1680=EDGE_CURVE('',#1368,#1368,#1166,.T.);
#1681=EDGE_CURVE('',#1222,#1369,#814,.T.);
#1682=EDGE_CURVE('',#1369,#1369,#1167,.T.);
#1683=EDGE_CURVE('',#1198,#1370,#815,.T.);
#1684=EDGE_CURVE('',#1370,#1370,#1168,.T.);
#1685=EDGE_CURVE('',#1186,#1371,#816,.T.);
#1686=EDGE_CURVE('',#1371,#1371,#1169,.T.);
#1687=EDGE_CURVE('',#1189,#1372,#817,.T.);
#1688=EDGE_CURVE('',#1372,#1372,#1170,.T.);
#1689=EDGE_CURVE('',#1216,#1373,#818,.T.);
#1690=EDGE_CURVE('',#1373,#1373,#1171,.T.);
#1691=EDGE_CURVE('',#1374,#1375,#819,.T.);
#1692=EDGE_CURVE('',#1374,#1376,#820,.T.);
#1693=EDGE_CURVE('',#1377,#1376,#821,.T.);
#1694=EDGE_CURVE('',#1375,#1377,#822,.T.);
#1695=EDGE_CURVE('',#1375,#1280,#823,.T.);
#1696=EDGE_CURVE('',#1282,#1377,#824,.T.);
#1697=EDGE_CURVE('',#1281,#1378,#825,.T.);
#1698=EDGE_CURVE('',#1379,#1283,#826,.T.);
#1699=EDGE_CURVE('',#1378,#1379,#827,.T.);
#1700=EDGE_CURVE('',#1378,#1380,#828,.T.);
#1701=EDGE_CURVE('',#1381,#1379,#829,.T.);
#1702=EDGE_CURVE('',#1380,#1381,#830,.T.);
#1703=EDGE_CURVE('',#1380,#1382,#831,.T.);
#1704=EDGE_CURVE('',#1383,#1381,#832,.T.);
#1705=EDGE_CURVE('',#1382,#1383,#833,.T.);
#1706=EDGE_CURVE('',#1382,#1384,#834,.T.);
#1707=EDGE_CURVE('',#1385,#1383,#835,.T.);
#1708=EDGE_CURVE('',#1384,#1385,#836,.T.);
#1709=EDGE_CURVE('',#1384,#1386,#837,.T.);
#1710=EDGE_CURVE('',#1387,#1385,#838,.T.);
#1711=EDGE_CURVE('',#1386,#1387,#839,.T.);
#1712=EDGE_CURVE('',#1386,#1388,#840,.T.);
#1713=EDGE_CURVE('',#1389,#1387,#841,.T.);
#1714=EDGE_CURVE('',#1388,#1389,#842,.T.);
#1715=EDGE_CURVE('',#1388,#1374,#843,.T.);
#1716=EDGE_CURVE('',#1376,#1389,#844,.T.);
#1717=ORIENTED_EDGE('',*,*,#1390,.F.);
#1718=ORIENTED_EDGE('',*,*,#1391,.T.);
#1719=ORIENTED_EDGE('',*,*,#1392,.T.);
#1720=ORIENTED_EDGE('',*,*,#1391,.F.);
#1721=ORIENTED_EDGE('',*,*,#1392,.F.);
#1722=ORIENTED_EDGE('',*,*,#1393,.F.);
#1723=ORIENTED_EDGE('',*,*,#1394,.F.);
#1724=ORIENTED_EDGE('',*,*,#1395,.T.);
#1725=ORIENTED_EDGE('',*,*,#1396,.T.);
#1726=ORIENTED_EDGE('',*,*,#1395,.F.);
#1727=ORIENTED_EDGE('',*,*,#1396,.F.);
#1728=ORIENTED_EDGE('',*,*,#1397,.F.);
#1729=ORIENTED_EDGE('',*,*,#1398,.F.);
#1730=ORIENTED_EDGE('',*,*,#1399,.T.);
#1731=ORIENTED_EDGE('',*,*,#1400,.T.);
#1732=ORIENTED_EDGE('',*,*,#1399,.F.);
#1733=ORIENTED_EDGE('',*,*,#1400,.F.);
#1734=ORIENTED_EDGE('',*,*,#1401,.F.);
#1735=ORIENTED_EDGE('',*,*,#1402,.F.);
#1736=ORIENTED_EDGE('',*,*,#1403,.T.);
#1737=ORIENTED_EDGE('',*,*,#1404,.T.);
#1738=ORIENTED_EDGE('',*,*,#1403,.F.);
#1739=ORIENTED_EDGE('',*,*,#1404,.F.);
#1740=ORIENTED_EDGE('',*,*,#1405,.F.);
#1741=ORIENTED_EDGE('',*,*,#1406,.F.);
#1742=ORIENTED_EDGE('',*,*,#1407,.T.);
#1743=ORIENTED_EDGE('',*,*,#1408,.T.);
#1744=ORIENTED_EDGE('',*,*,#1407,.F.);
#1745=ORIENTED_EDGE('',*,*,#1408,.F.);
#1746=ORIENTED_EDGE('',*,*,#1409,.F.);
#1747=ORIENTED_EDGE('',*,*,#1410,.F.);
#1748=ORIENTED_EDGE('',*,*,#1411,.T.);
#1749=ORIENTED_EDGE('',*,*,#1412,.T.);
#1750=ORIENTED_EDGE('',*,*,#1411,.F.);
#1751=ORIENTED_EDGE('',*,*,#1412,.F.);
#1752=ORIENTED_EDGE('',*,*,#1413,.F.);
#1753=ORIENTED_EDGE('',*,*,#1414,.F.);
#1754=ORIENTED_EDGE('',*,*,#1415,.T.);
#1755=ORIENTED_EDGE('',*,*,#1416,.T.);
#1756=ORIENTED_EDGE('',*,*,#1415,.F.);
#1757=ORIENTED_EDGE('',*,*,#1416,.F.);
#1758=ORIENTED_EDGE('',*,*,#1417,.F.);
#1759=ORIENTED_EDGE('',*,*,#1418,.F.);
#1760=ORIENTED_EDGE('',*,*,#1419,.T.);
#1761=ORIENTED_EDGE('',*,*,#1420,.T.);
#1762=ORIENTED_EDGE('',*,*,#1419,.F.);
#1763=ORIENTED_EDGE('',*,*,#1420,.F.);
#1764=ORIENTED_EDGE('',*,*,#1421,.F.);
#1765=ORIENTED_EDGE('',*,*,#1422,.F.);
#1766=ORIENTED_EDGE('',*,*,#1423,.T.);
#1767=ORIENTED_EDGE('',*,*,#1424,.T.);
#1768=ORIENTED_EDGE('',*,*,#1423,.F.);
#1769=ORIENTED_EDGE('',*,*,#1424,.F.);
#1770=ORIENTED_EDGE('',*,*,#1425,.F.);
#1771=ORIENTED_EDGE('',*,*,#1426,.F.);
#1772=ORIENTED_EDGE('',*,*,#1427,.T.);
#1773=ORIENTED_EDGE('',*,*,#1428,.T.);
#1774=ORIENTED_EDGE('',*,*,#1427,.F.);
#1775=ORIENTED_EDGE('',*,*,#1428,.F.);
#1776=ORIENTED_EDGE('',*,*,#1429,.F.);
#1777=ORIENTED_EDGE('',*,*,#1430,.F.);
#1778=ORIENTED_EDGE('',*,*,#1431,.T.);
#1779=ORIENTED_EDGE('',*,*,#1432,.T.);
#1780=ORIENTED_EDGE('',*,*,#1431,.F.);
#1781=ORIENTED_EDGE('',*,*,#1432,.F.);
#1782=ORIENTED_EDGE('',*,*,#1433,.F.);
#1783=ORIENTED_EDGE('',*,*,#1434,.F.);
#1784=ORIENTED_EDGE('',*,*,#1435,.T.);
#1785=ORIENTED_EDGE('',*,*,#1436,.T.);
#1786=ORIENTED_EDGE('',*,*,#1435,.F.);
#1787=ORIENTED_EDGE('',*,*,#1436,.F.);
#1788=ORIENTED_EDGE('',*,*,#1437,.F.);
#1789=ORIENTED_EDGE('',*,*,#1438,.F.);
#1790=ORIENTED_EDGE('',*,*,#1439,.T.);
#1791=ORIENTED_EDGE('',*,*,#1440,.T.);
#1792=ORIENTED_EDGE('',*,*,#1439,.F.);
#1793=ORIENTED_EDGE('',*,*,#1440,.F.);
#1794=ORIENTED_EDGE('',*,*,#1441,.F.);
#1795=ORIENTED_EDGE('',*,*,#1442,.F.);
#1796=ORIENTED_EDGE('',*,*,#1443,.T.);
#1797=ORIENTED_EDGE('',*,*,#1444,.T.);
#1798=ORIENTED_EDGE('',*,*,#1443,.F.);
#1799=ORIENTED_EDGE('',*,*,#1444,.F.);
#1800=ORIENTED_EDGE('',*,*,#1445,.F.);
#1801=ORIENTED_EDGE('',*,*,#1446,.F.);
#1802=ORIENTED_EDGE('',*,*,#1447,.T.);
#1803=ORIENTED_EDGE('',*,*,#1448,.T.);
#1804=ORIENTED_EDGE('',*,*,#1447,.F.);
#1805=ORIENTED_EDGE('',*,*,#1448,.F.);
#1806=ORIENTED_EDGE('',*,*,#1449,.F.);
#1807=ORIENTED_EDGE('',*,*,#1450,.F.);
#1808=ORIENTED_EDGE('',*,*,#1451,.T.);
#1809=ORIENTED_EDGE('',*,*,#1452,.T.);
#1810=ORIENTED_EDGE('',*,*,#1451,.F.);
#1811=ORIENTED_EDGE('',*,*,#1452,.F.);
#1812=ORIENTED_EDGE('',*,*,#1453,.F.);
#1813=ORIENTED_EDGE('',*,*,#1454,.F.);
#1814=ORIENTED_EDGE('',*,*,#1455,.T.);
#1815=ORIENTED_EDGE('',*,*,#1456,.T.);
#1816=ORIENTED_EDGE('',*,*,#1455,.F.);
#1817=ORIENTED_EDGE('',*,*,#1456,.F.);
#1818=ORIENTED_EDGE('',*,*,#1457,.F.);
#1819=ORIENTED_EDGE('',*,*,#1458,.F.);
#1820=ORIENTED_EDGE('',*,*,#1459,.T.);
#1821=ORIENTED_EDGE('',*,*,#1460,.T.);
#1822=ORIENTED_EDGE('',*,*,#1459,.F.);
#1823=ORIENTED_EDGE('',*,*,#1460,.F.);
#1824=ORIENTED_EDGE('',*,*,#1461,.F.);
#1825=ORIENTED_EDGE('',*,*,#1462,.F.);
#1826=ORIENTED_EDGE('',*,*,#1463,.T.);
#1827=ORIENTED_EDGE('',*,*,#1464,.T.);
#1828=ORIENTED_EDGE('',*,*,#1463,.F.);
#1829=ORIENTED_EDGE('',*,*,#1464,.F.);
#1830=ORIENTED_EDGE('',*,*,#1465,.F.);
#1831=ORIENTED_EDGE('',*,*,#1466,.F.);
#1832=ORIENTED_EDGE('',*,*,#1467,.T.);
#1833=ORIENTED_EDGE('',*,*,#1468,.T.);
#1834=ORIENTED_EDGE('',*,*,#1467,.F.);
#1835=ORIENTED_EDGE('',*,*,#1468,.F.);
#1836=ORIENTED_EDGE('',*,*,#1469,.F.);
#1837=ORIENTED_EDGE('',*,*,#1470,.F.);
#1838=ORIENTED_EDGE('',*,*,#1471,.T.);
#1839=ORIENTED_EDGE('',*,*,#1472,.T.);
#1840=ORIENTED_EDGE('',*,*,#1471,.F.);
#1841=ORIENTED_EDGE('',*,*,#1472,.F.);
#1842=ORIENTED_EDGE('',*,*,#1473,.F.);
#1843=ORIENTED_EDGE('',*,*,#1474,.T.);
#1844=ORIENTED_EDGE('',*,*,#1475,.T.);
#1845=ORIENTED_EDGE('',*,*,#1474,.F.);
#1846=ORIENTED_EDGE('',*,*,#1475,.F.);
#1847=ORIENTED_EDGE('',*,*,#1476,.F.);
#1848=ORIENTED_EDGE('',*,*,#1477,.T.);
#1849=ORIENTED_EDGE('',*,*,#1478,.T.);
#1850=ORIENTED_EDGE('',*,*,#1477,.F.);
#1851=ORIENTED_EDGE('',*,*,#1478,.F.);
#1852=ORIENTED_EDGE('',*,*,#1479,.F.);
#1853=ORIENTED_EDGE('',*,*,#1480,.T.);
#1854=ORIENTED_EDGE('',*,*,#1481,.T.);
#1855=ORIENTED_EDGE('',*,*,#1480,.F.);
#1856=ORIENTED_EDGE('',*,*,#1481,.F.);
#1857=ORIENTED_EDGE('',*,*,#1482,.F.);
#1858=ORIENTED_EDGE('',*,*,#1483,.T.);
#1859=ORIENTED_EDGE('',*,*,#1433,.T.);
#1860=ORIENTED_EDGE('',*,*,#1483,.F.);
#1861=ORIENTED_EDGE('',*,*,#1484,.F.);
#1862=ORIENTED_EDGE('',*,*,#1485,.T.);
#1863=ORIENTED_EDGE('',*,*,#1429,.T.);
#1864=ORIENTED_EDGE('',*,*,#1485,.F.);
#1865=ORIENTED_EDGE('',*,*,#1486,.F.);
#1866=ORIENTED_EDGE('',*,*,#1487,.T.);
#1867=ORIENTED_EDGE('',*,*,#1488,.T.);
#1868=ORIENTED_EDGE('',*,*,#1487,.F.);
#1869=ORIENTED_EDGE('',*,*,#1488,.F.);
#1870=ORIENTED_EDGE('',*,*,#1489,.F.);
#1871=ORIENTED_EDGE('',*,*,#1490,.F.);
#1872=ORIENTED_EDGE('',*,*,#1491,.T.);
#1873=ORIENTED_EDGE('',*,*,#1492,.T.);
#1874=ORIENTED_EDGE('',*,*,#1491,.F.);
#1875=ORIENTED_EDGE('',*,*,#1492,.F.);
#1876=ORIENTED_EDGE('',*,*,#1493,.F.);
#1877=ORIENTED_EDGE('',*,*,#1494,.F.);
#1878=ORIENTED_EDGE('',*,*,#1495,.T.);
#1879=ORIENTED_EDGE('',*,*,#1496,.T.);
#1880=ORIENTED_EDGE('',*,*,#1495,.F.);
#1881=ORIENTED_EDGE('',*,*,#1496,.F.);
#1882=ORIENTED_EDGE('',*,*,#1497,.F.);
#1883=ORIENTED_EDGE('',*,*,#1498,.F.);
#1884=ORIENTED_EDGE('',*,*,#1499,.T.);
#1885=ORIENTED_EDGE('',*,*,#1500,.T.);
#1886=ORIENTED_EDGE('',*,*,#1499,.F.);
#1887=ORIENTED_EDGE('',*,*,#1500,.F.);
#1888=ORIENTED_EDGE('',*,*,#1501,.F.);
#1889=ORIENTED_EDGE('',*,*,#1502,.F.);
#1890=ORIENTED_EDGE('',*,*,#1503,.T.);
#1891=ORIENTED_EDGE('',*,*,#1504,.T.);
#1892=ORIENTED_EDGE('',*,*,#1503,.F.);
#1893=ORIENTED_EDGE('',*,*,#1504,.F.);
#1894=ORIENTED_EDGE('',*,*,#1505,.F.);
#1895=ORIENTED_EDGE('',*,*,#1506,.F.);
#1896=ORIENTED_EDGE('',*,*,#1507,.T.);
#1897=ORIENTED_EDGE('',*,*,#1508,.T.);
#1898=ORIENTED_EDGE('',*,*,#1507,.F.);
#1899=ORIENTED_EDGE('',*,*,#1508,.F.);
#1900=ORIENTED_EDGE('',*,*,#1509,.F.);
#1901=ORIENTED_EDGE('',*,*,#1510,.F.);
#1902=ORIENTED_EDGE('',*,*,#1511,.T.);
#1903=ORIENTED_EDGE('',*,*,#1512,.T.);
#1904=ORIENTED_EDGE('',*,*,#1511,.F.);
#1905=ORIENTED_EDGE('',*,*,#1512,.F.);
#1906=ORIENTED_EDGE('',*,*,#1513,.F.);
#1907=ORIENTED_EDGE('',*,*,#1514,.F.);
#1908=ORIENTED_EDGE('',*,*,#1515,.T.);
#1909=ORIENTED_EDGE('',*,*,#1516,.T.);
#1910=ORIENTED_EDGE('',*,*,#1515,.F.);
#1911=ORIENTED_EDGE('',*,*,#1516,.F.);
#1912=ORIENTED_EDGE('',*,*,#1517,.F.);
#1913=ORIENTED_EDGE('',*,*,#1513,.T.);
#1914=ORIENTED_EDGE('',*,*,#1518,.T.);
#1915=ORIENTED_EDGE('',*,*,#1519,.F.);
#1916=ORIENTED_EDGE('',*,*,#1518,.F.);
#1917=ORIENTED_EDGE('',*,*,#1505,.T.);
#1918=ORIENTED_EDGE('',*,*,#1520,.T.);
#1919=ORIENTED_EDGE('',*,*,#1521,.F.);
#1920=ORIENTED_EDGE('',*,*,#1520,.F.);
#1921=ORIENTED_EDGE('',*,*,#1489,.T.);
#1922=ORIENTED_EDGE('',*,*,#1522,.T.);
#1923=ORIENTED_EDGE('',*,*,#1523,.F.);
#1924=ORIENTED_EDGE('',*,*,#1522,.F.);
#1925=ORIENTED_EDGE('',*,*,#1497,.T.);
#1926=ORIENTED_EDGE('',*,*,#1524,.T.);
#1927=ORIENTED_EDGE('',*,*,#1525,.F.);
#1928=ORIENTED_EDGE('',*,*,#1524,.F.);
#1929=ORIENTED_EDGE('',*,*,#1517,.T.);
#1930=ORIENTED_EDGE('',*,*,#1526,.T.);
#1931=ORIENTED_EDGE('',*,*,#1527,.F.);
#1932=ORIENTED_EDGE('',*,*,#1526,.F.);
#1933=ORIENTED_EDGE('',*,*,#1501,.T.);
#1934=ORIENTED_EDGE('',*,*,#1528,.T.);
#1935=ORIENTED_EDGE('',*,*,#1529,.F.);
#1936=ORIENTED_EDGE('',*,*,#1528,.F.);
#1937=ORIENTED_EDGE('',*,*,#1509,.T.);
#1938=ORIENTED_EDGE('',*,*,#1530,.T.);
#1939=ORIENTED_EDGE('',*,*,#1531,.F.);
#1940=ORIENTED_EDGE('',*,*,#1530,.F.);
#1941=ORIENTED_EDGE('',*,*,#1493,.T.);
#1942=ORIENTED_EDGE('',*,*,#1532,.T.);
#1943=ORIENTED_EDGE('',*,*,#1533,.F.);
#1944=ORIENTED_EDGE('',*,*,#1532,.F.);
#1945=ORIENTED_EDGE('',*,*,#1534,.F.);
#1946=ORIENTED_EDGE('',*,*,#1535,.T.);
#1947=ORIENTED_EDGE('',*,*,#1536,.F.);
#1948=ORIENTED_EDGE('',*,*,#1535,.F.);
#1949=ORIENTED_EDGE('',*,*,#1537,.F.);
#1950=ORIENTED_EDGE('',*,*,#1538,.T.);
#1951=ORIENTED_EDGE('',*,*,#1539,.F.);
#1952=ORIENTED_EDGE('',*,*,#1538,.F.);
#1953=ORIENTED_EDGE('',*,*,#1540,.F.);
#1954=ORIENTED_EDGE('',*,*,#1541,.T.);
#1955=ORIENTED_EDGE('',*,*,#1542,.F.);
#1956=ORIENTED_EDGE('',*,*,#1541,.F.);
#1957=ORIENTED_EDGE('',*,*,#1543,.F.);
#1958=ORIENTED_EDGE('',*,*,#1544,.T.);
#1959=ORIENTED_EDGE('',*,*,#1545,.F.);
#1960=ORIENTED_EDGE('',*,*,#1546,.F.);
#1961=ORIENTED_EDGE('',*,*,#1547,.F.);
#1962=ORIENTED_EDGE('',*,*,#1548,.T.);
#1963=ORIENTED_EDGE('',*,*,#1549,.T.);
#1964=ORIENTED_EDGE('',*,*,#1548,.F.);
#1965=ORIENTED_EDGE('',*,*,#1549,.F.);
#1966=ORIENTED_EDGE('',*,*,#1550,.F.);
#1967=ORIENTED_EDGE('',*,*,#1551,.T.);
#1968=ORIENTED_EDGE('',*,*,#1552,.T.);
#1969=ORIENTED_EDGE('',*,*,#1551,.F.);
#1970=ORIENTED_EDGE('',*,*,#1552,.F.);
#1971=ORIENTED_EDGE('',*,*,#1553,.F.);
#1972=ORIENTED_EDGE('',*,*,#1554,.T.);
#1973=ORIENTED_EDGE('',*,*,#1555,.T.);
#1974=ORIENTED_EDGE('',*,*,#1554,.F.);
#1975=ORIENTED_EDGE('',*,*,#1555,.F.);
#1976=ORIENTED_EDGE('',*,*,#1556,.F.);
#1977=ORIENTED_EDGE('',*,*,#1557,.T.);
#1978=ORIENTED_EDGE('',*,*,#1558,.T.);
#1979=ORIENTED_EDGE('',*,*,#1557,.F.);
#1980=ORIENTED_EDGE('',*,*,#1558,.F.);
#1981=ORIENTED_EDGE('',*,*,#1559,.F.);
#1982=ORIENTED_EDGE('',*,*,#1560,.T.);
#1983=ORIENTED_EDGE('',*,*,#1561,.T.);
#1984=ORIENTED_EDGE('',*,*,#1560,.F.);
#1985=ORIENTED_EDGE('',*,*,#1561,.F.);
#1986=ORIENTED_EDGE('',*,*,#1562,.F.);
#1987=ORIENTED_EDGE('',*,*,#1563,.T.);
#1988=ORIENTED_EDGE('',*,*,#1564,.T.);
#1989=ORIENTED_EDGE('',*,*,#1563,.F.);
#1990=ORIENTED_EDGE('',*,*,#1564,.F.);
#1991=ORIENTED_EDGE('',*,*,#1565,.F.);
#1992=ORIENTED_EDGE('',*,*,#1566,.T.);
#1993=ORIENTED_EDGE('',*,*,#1567,.T.);
#1994=ORIENTED_EDGE('',*,*,#1566,.F.);
#1995=ORIENTED_EDGE('',*,*,#1567,.F.);
#1996=ORIENTED_EDGE('',*,*,#1568,.F.);
#1997=ORIENTED_EDGE('',*,*,#1569,.T.);
#1998=ORIENTED_EDGE('',*,*,#1570,.T.);
#1999=ORIENTED_EDGE('',*,*,#1569,.F.);
#2000=ORIENTED_EDGE('',*,*,#1570,.F.);
#2001=ORIENTED_EDGE('',*,*,#1571,.F.);
#2002=ORIENTED_EDGE('',*,*,#1572,.T.);
#2003=ORIENTED_EDGE('',*,*,#1573,.T.);
#2004=ORIENTED_EDGE('',*,*,#1572,.F.);
#2005=ORIENTED_EDGE('',*,*,#1573,.F.);
#2006=ORIENTED_EDGE('',*,*,#1574,.F.);
#2007=ORIENTED_EDGE('',*,*,#1575,.T.);
#2008=ORIENTED_EDGE('',*,*,#1576,.T.);
#2009=ORIENTED_EDGE('',*,*,#1575,.F.);
#2010=ORIENTED_EDGE('',*,*,#1576,.F.);
#2011=ORIENTED_EDGE('',*,*,#1577,.F.);
#2012=ORIENTED_EDGE('',*,*,#1578,.T.);
#2013=ORIENTED_EDGE('',*,*,#1579,.T.);
#2014=ORIENTED_EDGE('',*,*,#1578,.F.);
#2015=ORIENTED_EDGE('',*,*,#1579,.F.);
#2016=ORIENTED_EDGE('',*,*,#1580,.F.);
#2017=ORIENTED_EDGE('',*,*,#1581,.T.);
#2018=ORIENTED_EDGE('',*,*,#1582,.T.);
#2019=ORIENTED_EDGE('',*,*,#1581,.F.);
#2020=ORIENTED_EDGE('',*,*,#1582,.F.);
#2021=ORIENTED_EDGE('',*,*,#1583,.F.);
#2022=ORIENTED_EDGE('',*,*,#1584,.T.);
#2023=ORIENTED_EDGE('',*,*,#1585,.T.);
#2024=ORIENTED_EDGE('',*,*,#1584,.F.);
#2025=ORIENTED_EDGE('',*,*,#1585,.F.);
#2026=ORIENTED_EDGE('',*,*,#1586,.F.);
#2027=ORIENTED_EDGE('',*,*,#1587,.T.);
#2028=ORIENTED_EDGE('',*,*,#1588,.T.);
#2029=ORIENTED_EDGE('',*,*,#1587,.F.);
#2030=ORIENTED_EDGE('',*,*,#1588,.F.);
#2031=ORIENTED_EDGE('',*,*,#1589,.F.);
#2032=ORIENTED_EDGE('',*,*,#1590,.T.);
#2033=ORIENTED_EDGE('',*,*,#1591,.T.);
#2034=ORIENTED_EDGE('',*,*,#1590,.F.);
#2035=ORIENTED_EDGE('',*,*,#1591,.F.);
#2036=ORIENTED_EDGE('',*,*,#1592,.F.);
#2037=ORIENTED_EDGE('',*,*,#1593,.T.);
#2038=ORIENTED_EDGE('',*,*,#1594,.T.);
#2039=ORIENTED_EDGE('',*,*,#1593,.F.);
#2040=ORIENTED_EDGE('',*,*,#1594,.F.);
#2041=ORIENTED_EDGE('',*,*,#1595,.F.);
#2042=ORIENTED_EDGE('',*,*,#1596,.T.);
#2043=ORIENTED_EDGE('',*,*,#1597,.T.);
#2044=ORIENTED_EDGE('',*,*,#1596,.F.);
#2045=ORIENTED_EDGE('',*,*,#1597,.F.);
#2046=ORIENTED_EDGE('',*,*,#1598,.F.);
#2047=ORIENTED_EDGE('',*,*,#1599,.T.);
#2048=ORIENTED_EDGE('',*,*,#1600,.T.);
#2049=ORIENTED_EDGE('',*,*,#1599,.F.);
#2050=ORIENTED_EDGE('',*,*,#1600,.F.);
#2051=ORIENTED_EDGE('',*,*,#1601,.F.);
#2052=ORIENTED_EDGE('',*,*,#1602,.T.);
#2053=ORIENTED_EDGE('',*,*,#1603,.T.);
#2054=ORIENTED_EDGE('',*,*,#1602,.F.);
#2055=ORIENTED_EDGE('',*,*,#1603,.F.);
#2056=ORIENTED_EDGE('',*,*,#1604,.F.);
#2057=ORIENTED_EDGE('',*,*,#1605,.T.);
#2058=ORIENTED_EDGE('',*,*,#1606,.T.);
#2059=ORIENTED_EDGE('',*,*,#1605,.F.);
#2060=ORIENTED_EDGE('',*,*,#1606,.F.);
#2061=ORIENTED_EDGE('',*,*,#1607,.F.);
#2062=ORIENTED_EDGE('',*,*,#1608,.T.);
#2063=ORIENTED_EDGE('',*,*,#1609,.T.);
#2064=ORIENTED_EDGE('',*,*,#1608,.F.);
#2065=ORIENTED_EDGE('',*,*,#1609,.F.);
#2066=ORIENTED_EDGE('',*,*,#1610,.F.);
#2067=ORIENTED_EDGE('',*,*,#1611,.T.);
#2068=ORIENTED_EDGE('',*,*,#1612,.T.);
#2069=ORIENTED_EDGE('',*,*,#1611,.F.);
#2070=ORIENTED_EDGE('',*,*,#1612,.F.);
#2071=ORIENTED_EDGE('',*,*,#1613,.F.);
#2072=ORIENTED_EDGE('',*,*,#1614,.T.);
#2073=ORIENTED_EDGE('',*,*,#1615,.T.);
#2074=ORIENTED_EDGE('',*,*,#1614,.F.);
#2075=ORIENTED_EDGE('',*,*,#1615,.F.);
#2076=ORIENTED_EDGE('',*,*,#1616,.F.);
#2077=ORIENTED_EDGE('',*,*,#1617,.T.);
#2078=ORIENTED_EDGE('',*,*,#1618,.T.);
#2079=ORIENTED_EDGE('',*,*,#1617,.F.);
#2080=ORIENTED_EDGE('',*,*,#1618,.F.);
#2081=ORIENTED_EDGE('',*,*,#1619,.F.);
#2082=ORIENTED_EDGE('',*,*,#1620,.T.);
#2083=ORIENTED_EDGE('',*,*,#1621,.T.);
#2084=ORIENTED_EDGE('',*,*,#1620,.F.);
#2085=ORIENTED_EDGE('',*,*,#1621,.F.);
#2086=ORIENTED_EDGE('',*,*,#1622,.F.);
#2087=ORIENTED_EDGE('',*,*,#1623,.T.);
#2088=ORIENTED_EDGE('',*,*,#1624,.T.);
#2089=ORIENTED_EDGE('',*,*,#1623,.F.);
#2090=ORIENTED_EDGE('',*,*,#1624,.F.);
#2091=ORIENTED_EDGE('',*,*,#1625,.F.);
#2092=ORIENTED_EDGE('',*,*,#1626,.T.);
#2093=ORIENTED_EDGE('',*,*,#1627,.T.);
#2094=ORIENTED_EDGE('',*,*,#1626,.F.);
#2095=ORIENTED_EDGE('',*,*,#1627,.F.);
#2096=ORIENTED_EDGE('',*,*,#1628,.F.);
#2097=ORIENTED_EDGE('',*,*,#1629,.T.);
#2098=ORIENTED_EDGE('',*,*,#1630,.T.);
#2099=ORIENTED_EDGE('',*,*,#1629,.F.);
#2100=ORIENTED_EDGE('',*,*,#1630,.F.);
#2101=ORIENTED_EDGE('',*,*,#1631,.F.);
#2102=ORIENTED_EDGE('',*,*,#1632,.T.);
#2103=ORIENTED_EDGE('',*,*,#1633,.T.);
#2104=ORIENTED_EDGE('',*,*,#1632,.F.);
#2105=ORIENTED_EDGE('',*,*,#1633,.F.);
#2106=ORIENTED_EDGE('',*,*,#1634,.F.);
#2107=ORIENTED_EDGE('',*,*,#1635,.T.);
#2108=ORIENTED_EDGE('',*,*,#1636,.T.);
#2109=ORIENTED_EDGE('',*,*,#1635,.F.);
#2110=ORIENTED_EDGE('',*,*,#1636,.F.);
#2111=ORIENTED_EDGE('',*,*,#1637,.F.);
#2112=ORIENTED_EDGE('',*,*,#1638,.T.);
#2113=ORIENTED_EDGE('',*,*,#1639,.T.);
#2114=ORIENTED_EDGE('',*,*,#1638,.F.);
#2115=ORIENTED_EDGE('',*,*,#1639,.F.);
#2116=ORIENTED_EDGE('',*,*,#1640,.F.);
#2117=ORIENTED_EDGE('',*,*,#1641,.T.);
#2118=ORIENTED_EDGE('',*,*,#1642,.T.);
#2119=ORIENTED_EDGE('',*,*,#1641,.F.);
#2120=ORIENTED_EDGE('',*,*,#1642,.F.);
#2121=ORIENTED_EDGE('',*,*,#1643,.F.);
#2122=ORIENTED_EDGE('',*,*,#1644,.T.);
#2123=ORIENTED_EDGE('',*,*,#1645,.T.);
#2124=ORIENTED_EDGE('',*,*,#1644,.F.);
#2125=ORIENTED_EDGE('',*,*,#1645,.F.);
#2126=ORIENTED_EDGE('',*,*,#1646,.F.);
#2127=ORIENTED_EDGE('',*,*,#1647,.T.);
#2128=ORIENTED_EDGE('',*,*,#1648,.T.);
#2129=ORIENTED_EDGE('',*,*,#1647,.F.);
#2130=ORIENTED_EDGE('',*,*,#1648,.F.);
#2131=ORIENTED_EDGE('',*,*,#1649,.F.);
#2132=ORIENTED_EDGE('',*,*,#1650,.T.);
#2133=ORIENTED_EDGE('',*,*,#1651,.T.);
#2134=ORIENTED_EDGE('',*,*,#1650,.F.);
#2135=ORIENTED_EDGE('',*,*,#1651,.F.);
#2136=ORIENTED_EDGE('',*,*,#1652,.F.);
#2137=ORIENTED_EDGE('',*,*,#1653,.T.);
#2138=ORIENTED_EDGE('',*,*,#1654,.T.);
#2139=ORIENTED_EDGE('',*,*,#1653,.F.);
#2140=ORIENTED_EDGE('',*,*,#1654,.F.);
#2141=ORIENTED_EDGE('',*,*,#1469,.T.);
#2142=ORIENTED_EDGE('',*,*,#1655,.T.);
#2143=ORIENTED_EDGE('',*,*,#1656,.F.);
#2144=ORIENTED_EDGE('',*,*,#1655,.F.);
#2145=ORIENTED_EDGE('',*,*,#1393,.T.);
#2146=ORIENTED_EDGE('',*,*,#1657,.T.);
#2147=ORIENTED_EDGE('',*,*,#1658,.F.);
#2148=ORIENTED_EDGE('',*,*,#1657,.F.);
#2149=ORIENTED_EDGE('',*,*,#1465,.T.);
#2150=ORIENTED_EDGE('',*,*,#1659,.T.);
#2151=ORIENTED_EDGE('',*,*,#1660,.F.);
#2152=ORIENTED_EDGE('',*,*,#1659,.F.);
#2153=ORIENTED_EDGE('',*,*,#1453,.T.);
#2154=ORIENTED_EDGE('',*,*,#1661,.T.);
#2155=ORIENTED_EDGE('',*,*,#1662,.F.);
#2156=ORIENTED_EDGE('',*,*,#1661,.F.);
#2157=ORIENTED_EDGE('',*,*,#1445,.T.);
#2158=ORIENTED_EDGE('',*,*,#1663,.T.);
#2159=ORIENTED_EDGE('',*,*,#1664,.F.);
#2160=ORIENTED_EDGE('',*,*,#1663,.F.);
#2161=ORIENTED_EDGE('',*,*,#1397,.T.);
#2162=ORIENTED_EDGE('',*,*,#1665,.T.);
#2163=ORIENTED_EDGE('',*,*,#1666,.F.);
#2164=ORIENTED_EDGE('',*,*,#1665,.F.);
#2165=ORIENTED_EDGE('',*,*,#1437,.T.);
#2166=ORIENTED_EDGE('',*,*,#1667,.T.);
#2167=ORIENTED_EDGE('',*,*,#1668,.F.);
#2168=ORIENTED_EDGE('',*,*,#1667,.F.);
#2169=ORIENTED_EDGE('',*,*,#1461,.T.);
#2170=ORIENTED_EDGE('',*,*,#1669,.T.);
#2171=ORIENTED_EDGE('',*,*,#1670,.F.);
#2172=ORIENTED_EDGE('',*,*,#1669,.F.);
#2173=ORIENTED_EDGE('',*,*,#1401,.T.);
#2174=ORIENTED_EDGE('',*,*,#1671,.T.);
#2175=ORIENTED_EDGE('',*,*,#1672,.F.);
#2176=ORIENTED_EDGE('',*,*,#1671,.F.);
#2177=ORIENTED_EDGE('',*,*,#1421,.T.);
#2178=ORIENTED_EDGE('',*,*,#1673,.T.);
#2179=ORIENTED_EDGE('',*,*,#1674,.F.);
#2180=ORIENTED_EDGE('',*,*,#1673,.F.);
#2181=ORIENTED_EDGE('',*,*,#1441,.T.);
#2182=ORIENTED_EDGE('',*,*,#1675,.T.);
#2183=ORIENTED_EDGE('',*,*,#1676,.F.);
#2184=ORIENTED_EDGE('',*,*,#1675,.F.);
#2185=ORIENTED_EDGE('',*,*,#1405,.T.);
#2186=ORIENTED_EDGE('',*,*,#1677,.T.);
#2187=ORIENTED_EDGE('',*,*,#1678,.F.);
#2188=ORIENTED_EDGE('',*,*,#1677,.F.);
#2189=ORIENTED_EDGE('',*,*,#1417,.T.);
#2190=ORIENTED_EDGE('',*,*,#1679,.T.);
#2191=ORIENTED_EDGE('',*,*,#1680,.F.);
#2192=ORIENTED_EDGE('',*,*,#1679,.F.);
#2193=ORIENTED_EDGE('',*,*,#1457,.T.);
#2194=ORIENTED_EDGE('',*,*,#1681,.T.);
#2195=ORIENTED_EDGE('',*,*,#1682,.F.);
#2196=ORIENTED_EDGE('',*,*,#1681,.F.);
#2197=ORIENTED_EDGE('',*,*,#1425,.T.);
#2198=ORIENTED_EDGE('',*,*,#1683,.T.);
#2199=ORIENTED_EDGE('',*,*,#1684,.F.);
#2200=ORIENTED_EDGE('',*,*,#1683,.F.);
#2201=ORIENTED_EDGE('',*,*,#1409,.T.);
#2202=ORIENTED_EDGE('',*,*,#1685,.T.);
#2203=ORIENTED_EDGE('',*,*,#1686,.F.);
#2204=ORIENTED_EDGE('',*,*,#1685,.F.);
#2205=ORIENTED_EDGE('',*,*,#1413,.T.);
#2206=ORIENTED_EDGE('',*,*,#1687,.T.);
#2207=ORIENTED_EDGE('',*,*,#1688,.F.);
#2208=ORIENTED_EDGE('',*,*,#1687,.F.);
#2209=ORIENTED_EDGE('',*,*,#1449,.T.);
#2210=ORIENTED_EDGE('',*,*,#1689,.T.);
#2211=ORIENTED_EDGE('',*,*,#1690,.F.);
#2212=ORIENTED_EDGE('',*,*,#1689,.F.);
#2213=ORIENTED_EDGE('',*,*,#1691,.F.);
#2214=ORIENTED_EDGE('',*,*,#1692,.T.);
#2215=ORIENTED_EDGE('',*,*,#1693,.F.);
#2216=ORIENTED_EDGE('',*,*,#1694,.F.);
#2217=ORIENTED_EDGE('',*,*,#1695,.F.);
#2218=ORIENTED_EDGE('',*,*,#1694,.T.);
#2219=ORIENTED_EDGE('',*,*,#1696,.F.);
#2220=ORIENTED_EDGE('',*,*,#1544,.F.);
#2221=ORIENTED_EDGE('',*,*,#1697,.F.);
#2222=ORIENTED_EDGE('',*,*,#1546,.T.);
#2223=ORIENTED_EDGE('',*,*,#1698,.F.);
#2224=ORIENTED_EDGE('',*,*,#1699,.F.);
#2225=ORIENTED_EDGE('',*,*,#1700,.F.);
#2226=ORIENTED_EDGE('',*,*,#1699,.T.);
#2227=ORIENTED_EDGE('',*,*,#1701,.F.);
#2228=ORIENTED_EDGE('',*,*,#1702,.F.);
#2229=ORIENTED_EDGE('',*,*,#1703,.F.);
#2230=ORIENTED_EDGE('',*,*,#1702,.T.);
#2231=ORIENTED_EDGE('',*,*,#1704,.F.);
#2232=ORIENTED_EDGE('',*,*,#1705,.F.);
#2233=ORIENTED_EDGE('',*,*,#1706,.F.);
#2234=ORIENTED_EDGE('',*,*,#1705,.T.);
#2235=ORIENTED_EDGE('',*,*,#1707,.F.);
#2236=ORIENTED_EDGE('',*,*,#1708,.F.);
#2237=ORIENTED_EDGE('',*,*,#1709,.F.);
#2238=ORIENTED_EDGE('',*,*,#1708,.T.);
#2239=ORIENTED_EDGE('',*,*,#1710,.F.);
#2240=ORIENTED_EDGE('',*,*,#1711,.F.);
#2241=ORIENTED_EDGE('',*,*,#1712,.F.);
#2242=ORIENTED_EDGE('',*,*,#1711,.T.);
#2243=ORIENTED_EDGE('',*,*,#1713,.F.);
#2244=ORIENTED_EDGE('',*,*,#1714,.F.);
#2245=ORIENTED_EDGE('',*,*,#1715,.F.);
#2246=ORIENTED_EDGE('',*,*,#1714,.T.);
#2247=ORIENTED_EDGE('',*,*,#1716,.F.);
#2248=ORIENTED_EDGE('',*,*,#1692,.F.);
#2249=ORIENTED_EDGE('',*,*,#1715,.T.);
#2250=ORIENTED_EDGE('',*,*,#1691,.T.);
#2251=ORIENTED_EDGE('',*,*,#1695,.T.);
#2252=ORIENTED_EDGE('',*,*,#1543,.T.);
#2253=ORIENTED_EDGE('',*,*,#1697,.T.);
#2254=ORIENTED_EDGE('',*,*,#1700,.T.);
#2255=ORIENTED_EDGE('',*,*,#1703,.T.);
#2256=ORIENTED_EDGE('',*,*,#1706,.T.);
#2257=ORIENTED_EDGE('',*,*,#1709,.T.);
#2258=ORIENTED_EDGE('',*,*,#1712,.T.);
#2259=ORIENTED_EDGE('',*,*,#1470,.T.);
#2260=ORIENTED_EDGE('',*,*,#1473,.T.);
#2261=ORIENTED_EDGE('',*,*,#1476,.T.);
#2262=ORIENTED_EDGE('',*,*,#1479,.T.);
#2263=ORIENTED_EDGE('',*,*,#1482,.T.);
#2264=ORIENTED_EDGE('',*,*,#1484,.T.);
#2265=ORIENTED_EDGE('',*,*,#1486,.T.);
#2266=ORIENTED_EDGE('',*,*,#1490,.T.);
#2267=ORIENTED_EDGE('',*,*,#1494,.T.);
#2268=ORIENTED_EDGE('',*,*,#1498,.T.);
#2269=ORIENTED_EDGE('',*,*,#1502,.T.);
#2270=ORIENTED_EDGE('',*,*,#1506,.T.);
#2271=ORIENTED_EDGE('',*,*,#1510,.T.);
#2272=ORIENTED_EDGE('',*,*,#1514,.T.);
#2273=ORIENTED_EDGE('',*,*,#1534,.T.);
#2274=ORIENTED_EDGE('',*,*,#1537,.T.);
#2275=ORIENTED_EDGE('',*,*,#1540,.T.);
#2276=ORIENTED_EDGE('',*,*,#1547,.T.);
#2277=ORIENTED_EDGE('',*,*,#1550,.T.);
#2278=ORIENTED_EDGE('',*,*,#1553,.T.);
#2279=ORIENTED_EDGE('',*,*,#1556,.T.);
#2280=ORIENTED_EDGE('',*,*,#1559,.T.);
#2281=ORIENTED_EDGE('',*,*,#1562,.T.);
#2282=ORIENTED_EDGE('',*,*,#1565,.T.);
#2283=ORIENTED_EDGE('',*,*,#1568,.T.);
#2284=ORIENTED_EDGE('',*,*,#1571,.T.);
#2285=ORIENTED_EDGE('',*,*,#1574,.T.);
#2286=ORIENTED_EDGE('',*,*,#1577,.T.);
#2287=ORIENTED_EDGE('',*,*,#1580,.T.);
#2288=ORIENTED_EDGE('',*,*,#1583,.T.);
#2289=ORIENTED_EDGE('',*,*,#1586,.T.);
#2290=ORIENTED_EDGE('',*,*,#1589,.T.);
#2291=ORIENTED_EDGE('',*,*,#1592,.T.);
#2292=ORIENTED_EDGE('',*,*,#1595,.T.);
#2293=ORIENTED_EDGE('',*,*,#1598,.T.);
#2294=ORIENTED_EDGE('',*,*,#1601,.T.);
#2295=ORIENTED_EDGE('',*,*,#1604,.T.);
#2296=ORIENTED_EDGE('',*,*,#1607,.T.);
#2297=ORIENTED_EDGE('',*,*,#1610,.T.);
#2298=ORIENTED_EDGE('',*,*,#1613,.T.);
#2299=ORIENTED_EDGE('',*,*,#1616,.T.);
#2300=ORIENTED_EDGE('',*,*,#1619,.T.);
#2301=ORIENTED_EDGE('',*,*,#1622,.T.);
#2302=ORIENTED_EDGE('',*,*,#1625,.T.);
#2303=ORIENTED_EDGE('',*,*,#1628,.T.);
#2304=ORIENTED_EDGE('',*,*,#1631,.T.);
#2305=ORIENTED_EDGE('',*,*,#1634,.T.);
#2306=ORIENTED_EDGE('',*,*,#1637,.T.);
#2307=ORIENTED_EDGE('',*,*,#1640,.T.);
#2308=ORIENTED_EDGE('',*,*,#1643,.T.);
#2309=ORIENTED_EDGE('',*,*,#1646,.T.);
#2310=ORIENTED_EDGE('',*,*,#1649,.T.);
#2311=ORIENTED_EDGE('',*,*,#1652,.T.);
#2312=ORIENTED_EDGE('',*,*,#1690,.T.);
#2313=ORIENTED_EDGE('',*,*,#1688,.T.);
#2314=ORIENTED_EDGE('',*,*,#1686,.T.);
#2315=ORIENTED_EDGE('',*,*,#1684,.T.);
#2316=ORIENTED_EDGE('',*,*,#1682,.T.);
#2317=ORIENTED_EDGE('',*,*,#1680,.T.);
#2318=ORIENTED_EDGE('',*,*,#1678,.T.);
#2319=ORIENTED_EDGE('',*,*,#1676,.T.);
#2320=ORIENTED_EDGE('',*,*,#1674,.T.);
#2321=ORIENTED_EDGE('',*,*,#1672,.T.);
#2322=ORIENTED_EDGE('',*,*,#1670,.T.);
#2323=ORIENTED_EDGE('',*,*,#1668,.T.);
#2324=ORIENTED_EDGE('',*,*,#1666,.T.);
#2325=ORIENTED_EDGE('',*,*,#1664,.T.);
#2326=ORIENTED_EDGE('',*,*,#1662,.T.);
#2327=ORIENTED_EDGE('',*,*,#1660,.T.);
#2328=ORIENTED_EDGE('',*,*,#1658,.T.);
#2329=ORIENTED_EDGE('',*,*,#1656,.T.);
#2330=ORIENTED_EDGE('',*,*,#1716,.T.);
#2331=ORIENTED_EDGE('',*,*,#1713,.T.);
#2332=ORIENTED_EDGE('',*,*,#1710,.T.);
#2333=ORIENTED_EDGE('',*,*,#1707,.T.);
#2334=ORIENTED_EDGE('',*,*,#1704,.T.);
#2335=ORIENTED_EDGE('',*,*,#1701,.T.);
#2336=ORIENTED_EDGE('',*,*,#1698,.T.);
#2337=ORIENTED_EDGE('',*,*,#1545,.T.);
#2338=ORIENTED_EDGE('',*,*,#1696,.T.);
#2339=ORIENTED_EDGE('',*,*,#1693,.T.);
#2340=ORIENTED_EDGE('',*,*,#1390,.T.);
#2341=ORIENTED_EDGE('',*,*,#1394,.T.);
#2342=ORIENTED_EDGE('',*,*,#1398,.T.);
#2343=ORIENTED_EDGE('',*,*,#1402,.T.);
#2344=ORIENTED_EDGE('',*,*,#1406,.T.);
#2345=ORIENTED_EDGE('',*,*,#1410,.T.);
#2346=ORIENTED_EDGE('',*,*,#1414,.T.);
#2347=ORIENTED_EDGE('',*,*,#1418,.T.);
#2348=ORIENTED_EDGE('',*,*,#1422,.T.);
#2349=ORIENTED_EDGE('',*,*,#1426,.T.);
#2350=ORIENTED_EDGE('',*,*,#1430,.T.);
#2351=ORIENTED_EDGE('',*,*,#1434,.T.);
#2352=ORIENTED_EDGE('',*,*,#1438,.T.);
#2353=ORIENTED_EDGE('',*,*,#1442,.T.);
#2354=ORIENTED_EDGE('',*,*,#1446,.T.);
#2355=ORIENTED_EDGE('',*,*,#1450,.T.);
#2356=ORIENTED_EDGE('',*,*,#1454,.T.);
#2357=ORIENTED_EDGE('',*,*,#1458,.T.);
#2358=ORIENTED_EDGE('',*,*,#1462,.T.);
#2359=ORIENTED_EDGE('',*,*,#1466,.T.);
#2360=ORIENTED_EDGE('',*,*,#1519,.T.);
#2361=ORIENTED_EDGE('',*,*,#1521,.T.);
#2362=ORIENTED_EDGE('',*,*,#1523,.T.);
#2363=ORIENTED_EDGE('',*,*,#1525,.T.);
#2364=ORIENTED_EDGE('',*,*,#1527,.T.);
#2365=ORIENTED_EDGE('',*,*,#1529,.T.);
#2366=ORIENTED_EDGE('',*,*,#1531,.T.);
#2367=ORIENTED_EDGE('',*,*,#1533,.T.);
#2368=ORIENTED_EDGE('',*,*,#1536,.T.);
#2369=ORIENTED_EDGE('',*,*,#1539,.T.);
#2370=ORIENTED_EDGE('',*,*,#1542,.T.);
#2371=CYLINDRICAL_SURFACE('',#2671,0.2);
#2372=CYLINDRICAL_SURFACE('',#2676,0.200000000000001);
#2373=CYLINDRICAL_SURFACE('',#2681,0.2);
#2374=CYLINDRICAL_SURFACE('',#2686,0.2);
#2375=CYLINDRICAL_SURFACE('',#2691,0.2);
#2376=CYLINDRICAL_SURFACE('',#2696,0.2);
#2377=CYLINDRICAL_SURFACE('',#2701,0.2);
#2378=CYLINDRICAL_SURFACE('',#2706,0.2);
#2379=CYLINDRICAL_SURFACE('',#2711,0.2);
#2380=CYLINDRICAL_SURFACE('',#2716,0.2);
#2381=CYLINDRICAL_SURFACE('',#2721,0.2);
#2382=CYLINDRICAL_SURFACE('',#2726,0.2);
#2383=CYLINDRICAL_SURFACE('',#2731,0.2);
#2384=CYLINDRICAL_SURFACE('',#2736,0.2);
#2385=CYLINDRICAL_SURFACE('',#2741,0.2);
#2386=CYLINDRICAL_SURFACE('',#2746,0.2);
#2387=CYLINDRICAL_SURFACE('',#2751,0.2);
#2388=CYLINDRICAL_SURFACE('',#2756,0.2);
#2389=CYLINDRICAL_SURFACE('',#2761,0.2);
#2390=CYLINDRICAL_SURFACE('',#2766,0.2);
#2391=CYLINDRICAL_SURFACE('',#2771,0.0400000000000002);
#2392=CYLINDRICAL_SURFACE('',#2775,0.0400000000000002);
#2393=CYLINDRICAL_SURFACE('',#2779,0.0399999999999995);
#2394=CYLINDRICAL_SURFACE('',#2783,0.0399999999999995);
#2395=CYLINDRICAL_SURFACE('',#2787,0.124999999999999);
#2396=CYLINDRICAL_SURFACE('',#2789,0.124999999999999);
#2397=CYLINDRICAL_SURFACE('',#2791,0.2);
#2398=CYLINDRICAL_SURFACE('',#2796,0.2);
#2399=CYLINDRICAL_SURFACE('',#2801,0.2);
#2400=CYLINDRICAL_SURFACE('',#2806,0.2);
#2401=CYLINDRICAL_SURFACE('',#2811,0.2);
#2402=CYLINDRICAL_SURFACE('',#2816,0.2);
#2403=CYLINDRICAL_SURFACE('',#2821,0.2);
#2404=CYLINDRICAL_SURFACE('',#2826,0.2);
#2405=CYLINDRICAL_SURFACE('',#2831,0.125);
#2406=CYLINDRICAL_SURFACE('',#2833,0.125);
#2407=CYLINDRICAL_SURFACE('',#2835,0.125);
#2408=CYLINDRICAL_SURFACE('',#2837,0.125);
#2409=CYLINDRICAL_SURFACE('',#2839,0.125);
#2410=CYLINDRICAL_SURFACE('',#2841,0.125);
#2411=CYLINDRICAL_SURFACE('',#2843,0.125);
#2412=CYLINDRICAL_SURFACE('',#2845,0.125);
#2413=CYLINDRICAL_SURFACE('',#2847,0.098);
#2414=CYLINDRICAL_SURFACE('',#2850,0.098);
#2415=CYLINDRICAL_SURFACE('',#2853,0.098);
#2416=CYLINDRICAL_SURFACE('',#2857,0.0400000000000001);
#2417=CYLINDRICAL_SURFACE('',#2861,0.04);
#2418=CYLINDRICAL_SURFACE('',#2865,0.04);
#2419=CYLINDRICAL_SURFACE('',#2869,0.04);
#2420=CYLINDRICAL_SURFACE('',#2873,0.0400000000000001);
#2421=CYLINDRICAL_SURFACE('',#2877,0.0400000000000001);
#2422=CYLINDRICAL_SURFACE('',#2881,0.0400000000000001);
#2423=CYLINDRICAL_SURFACE('',#2885,0.0400000000000001);
#2424=CYLINDRICAL_SURFACE('',#2889,0.0400000000000001);
#2425=CYLINDRICAL_SURFACE('',#2893,0.04);
#2426=CYLINDRICAL_SURFACE('',#2897,0.0400000000000001);
#2427=CYLINDRICAL_SURFACE('',#2901,0.0400000000000001);
#2428=CYLINDRICAL_SURFACE('',#2905,0.04);
#2429=CYLINDRICAL_SURFACE('',#2909,0.04);
#2430=CYLINDRICAL_SURFACE('',#2913,0.04);
#2431=CYLINDRICAL_SURFACE('',#2917,0.04);
#2432=CYLINDRICAL_SURFACE('',#2921,0.04);
#2433=CYLINDRICAL_SURFACE('',#2925,0.0400000000000003);
#2434=CYLINDRICAL_SURFACE('',#2929,0.04);
#2435=CYLINDRICAL_SURFACE('',#2933,0.04);
#2436=CYLINDRICAL_SURFACE('',#2937,0.0400000000000003);
#2437=CYLINDRICAL_SURFACE('',#2941,0.04);
#2438=CYLINDRICAL_SURFACE('',#2945,0.0400000000000003);
#2439=CYLINDRICAL_SURFACE('',#2949,0.04);
#2440=CYLINDRICAL_SURFACE('',#2953,0.0400000000000001);
#2441=CYLINDRICAL_SURFACE('',#2957,0.04);
#2442=CYLINDRICAL_SURFACE('',#2961,0.04);
#2443=CYLINDRICAL_SURFACE('',#2965,0.0400000000000001);
#2444=CYLINDRICAL_SURFACE('',#2969,0.0400000000000001);
#2445=CYLINDRICAL_SURFACE('',#2973,0.0400000000000001);
#2446=CYLINDRICAL_SURFACE('',#2977,0.0400000000000001);
#2447=CYLINDRICAL_SURFACE('',#2981,0.0400000000000001);
#2448=CYLINDRICAL_SURFACE('',#2985,0.0400000000000001);
#2449=CYLINDRICAL_SURFACE('',#2989,0.0400000000000001);
#2450=CYLINDRICAL_SURFACE('',#2993,0.0400000000000001);
#2451=CYLINDRICAL_SURFACE('',#2997,0.0400000000000001);
#2452=CYLINDRICAL_SURFACE('',#3001,0.125);
#2453=CYLINDRICAL_SURFACE('',#3003,0.125);
#2454=CYLINDRICAL_SURFACE('',#3005,0.125);
#2455=CYLINDRICAL_SURFACE('',#3007,0.125);
#2456=CYLINDRICAL_SURFACE('',#3009,0.125);
#2457=CYLINDRICAL_SURFACE('',#3011,0.125);
#2458=CYLINDRICAL_SURFACE('',#3013,0.125);
#2459=CYLINDRICAL_SURFACE('',#3015,0.125);
#2460=CYLINDRICAL_SURFACE('',#3017,0.125);
#2461=CYLINDRICAL_SURFACE('',#3019,0.125);
#2462=CYLINDRICAL_SURFACE('',#3021,0.125);
#2463=CYLINDRICAL_SURFACE('',#3023,0.125);
#2464=CYLINDRICAL_SURFACE('',#3025,0.125);
#2465=CYLINDRICAL_SURFACE('',#3027,0.125);
#2466=CYLINDRICAL_SURFACE('',#3029,0.125);
#2467=CYLINDRICAL_SURFACE('',#3031,0.125);
#2468=CYLINDRICAL_SURFACE('',#3033,0.125);
#2469=CYLINDRICAL_SURFACE('',#3035,0.125);
#2470=ADVANCED_FACE('',(#228),#2371,.F.);
#2471=ADVANCED_FACE('',(#229,#18),#148,.T.);
#2472=ADVANCED_FACE('',(#230),#2372,.F.);
#2473=ADVANCED_FACE('',(#231,#19),#149,.T.);
#2474=ADVANCED_FACE('',(#232),#2373,.F.);
#2475=ADVANCED_FACE('',(#233,#20),#150,.T.);
#2476=ADVANCED_FACE('',(#234),#2374,.F.);
#2477=ADVANCED_FACE('',(#235,#21),#151,.T.);
#2478=ADVANCED_FACE('',(#236),#2375,.F.);
#2479=ADVANCED_FACE('',(#237,#22),#152,.T.);
#2480=ADVANCED_FACE('',(#238),#2376,.F.);
#2481=ADVANCED_FACE('',(#239,#23),#153,.T.);
#2482=ADVANCED_FACE('',(#240),#2377,.F.);
#2483=ADVANCED_FACE('',(#241,#24),#154,.T.);
#2484=ADVANCED_FACE('',(#242),#2378,.F.);
#2485=ADVANCED_FACE('',(#243,#25),#155,.T.);
#2486=ADVANCED_FACE('',(#244),#2379,.F.);
#2487=ADVANCED_FACE('',(#245,#26),#156,.T.);
#2488=ADVANCED_FACE('',(#246),#2380,.F.);
#2489=ADVANCED_FACE('',(#247,#27),#157,.T.);
#2490=ADVANCED_FACE('',(#248),#2381,.F.);
#2491=ADVANCED_FACE('',(#249,#28),#158,.T.);
#2492=ADVANCED_FACE('',(#250),#2382,.F.);
#2493=ADVANCED_FACE('',(#251,#29),#159,.T.);
#2494=ADVANCED_FACE('',(#252),#2383,.F.);
#2495=ADVANCED_FACE('',(#253,#30),#160,.T.);
#2496=ADVANCED_FACE('',(#254),#2384,.F.);
#2497=ADVANCED_FACE('',(#255,#31),#161,.T.);
#2498=ADVANCED_FACE('',(#256),#2385,.F.);
#2499=ADVANCED_FACE('',(#257,#32),#162,.T.);
#2500=ADVANCED_FACE('',(#258),#2386,.F.);
#2501=ADVANCED_FACE('',(#259,#33),#163,.T.);
#2502=ADVANCED_FACE('',(#260),#2387,.F.);
#2503=ADVANCED_FACE('',(#261,#34),#164,.T.);
#2504=ADVANCED_FACE('',(#262),#2388,.F.);
#2505=ADVANCED_FACE('',(#263,#35),#165,.T.);
#2506=ADVANCED_FACE('',(#264),#2389,.F.);
#2507=ADVANCED_FACE('',(#265,#36),#166,.T.);
#2508=ADVANCED_FACE('',(#266),#2390,.F.);
#2509=ADVANCED_FACE('',(#267,#37),#167,.T.);
#2510=ADVANCED_FACE('',(#268),#2391,.F.);
#2511=ADVANCED_FACE('',(#269),#168,.T.);
#2512=ADVANCED_FACE('',(#270),#2392,.F.);
#2513=ADVANCED_FACE('',(#271),#169,.T.);
#2514=ADVANCED_FACE('',(#272),#2393,.F.);
#2515=ADVANCED_FACE('',(#273),#170,.T.);
#2516=ADVANCED_FACE('',(#274),#2394,.F.);
#2517=ADVANCED_FACE('',(#275),#171,.T.);
#2518=ADVANCED_FACE('',(#276),#2395,.F.);
#2519=ADVANCED_FACE('',(#277),#2396,.F.);
#2520=ADVANCED_FACE('',(#278),#2397,.F.);
#2521=ADVANCED_FACE('',(#279,#38),#172,.T.);
#2522=ADVANCED_FACE('',(#280),#2398,.F.);
#2523=ADVANCED_FACE('',(#281,#39),#173,.T.);
#2524=ADVANCED_FACE('',(#282),#2399,.F.);
#2525=ADVANCED_FACE('',(#283,#40),#174,.T.);
#2526=ADVANCED_FACE('',(#284),#2400,.F.);
#2527=ADVANCED_FACE('',(#285,#41),#175,.T.);
#2528=ADVANCED_FACE('',(#286),#2401,.F.);
#2529=ADVANCED_FACE('',(#287,#42),#176,.T.);
#2530=ADVANCED_FACE('',(#288),#2402,.F.);
#2531=ADVANCED_FACE('',(#289,#43),#177,.T.);
#2532=ADVANCED_FACE('',(#290),#2403,.F.);
#2533=ADVANCED_FACE('',(#291,#44),#178,.T.);
#2534=ADVANCED_FACE('',(#292),#2404,.F.);
#2535=ADVANCED_FACE('',(#293,#45),#179,.T.);
#2536=ADVANCED_FACE('',(#294),#2405,.F.);
#2537=ADVANCED_FACE('',(#295),#2406,.F.);
#2538=ADVANCED_FACE('',(#296),#2407,.F.);
#2539=ADVANCED_FACE('',(#297),#2408,.F.);
#2540=ADVANCED_FACE('',(#298),#2409,.F.);
#2541=ADVANCED_FACE('',(#299),#2410,.F.);
#2542=ADVANCED_FACE('',(#300),#2411,.F.);
#2543=ADVANCED_FACE('',(#301),#2412,.F.);
#2544=ADVANCED_FACE('',(#302),#2413,.F.);
#2545=ADVANCED_FACE('',(#303),#2414,.F.);
#2546=ADVANCED_FACE('',(#304),#2415,.F.);
#2547=ADVANCED_FACE('',(#305),#180,.T.);
#2548=ADVANCED_FACE('',(#306),#2416,.F.);
#2549=ADVANCED_FACE('',(#307),#181,.T.);
#2550=ADVANCED_FACE('',(#308),#2417,.F.);
#2551=ADVANCED_FACE('',(#309),#182,.T.);
#2552=ADVANCED_FACE('',(#310),#2418,.F.);
#2553=ADVANCED_FACE('',(#311),#183,.T.);
#2554=ADVANCED_FACE('',(#312),#2419,.F.);
#2555=ADVANCED_FACE('',(#313),#184,.T.);
#2556=ADVANCED_FACE('',(#314),#2420,.F.);
#2557=ADVANCED_FACE('',(#315),#185,.T.);
#2558=ADVANCED_FACE('',(#316),#2421,.F.);
#2559=ADVANCED_FACE('',(#317),#186,.T.);
#2560=ADVANCED_FACE('',(#318),#2422,.F.);
#2561=ADVANCED_FACE('',(#319),#187,.T.);
#2562=ADVANCED_FACE('',(#320),#2423,.F.);
#2563=ADVANCED_FACE('',(#321),#188,.T.);
#2564=ADVANCED_FACE('',(#322),#2424,.F.);
#2565=ADVANCED_FACE('',(#323),#189,.T.);
#2566=ADVANCED_FACE('',(#324),#2425,.F.);
#2567=ADVANCED_FACE('',(#325),#190,.T.);
#2568=ADVANCED_FACE('',(#326),#2426,.F.);
#2569=ADVANCED_FACE('',(#327),#191,.T.);
#2570=ADVANCED_FACE('',(#328),#2427,.F.);
#2571=ADVANCED_FACE('',(#329),#192,.T.);
#2572=ADVANCED_FACE('',(#330),#2428,.F.);
#2573=ADVANCED_FACE('',(#331),#193,.T.);
#2574=ADVANCED_FACE('',(#332),#2429,.F.);
#2575=ADVANCED_FACE('',(#333),#194,.T.);
#2576=ADVANCED_FACE('',(#334),#2430,.F.);
#2577=ADVANCED_FACE('',(#335),#195,.T.);
#2578=ADVANCED_FACE('',(#336),#2431,.F.);
#2579=ADVANCED_FACE('',(#337),#196,.T.);
#2580=ADVANCED_FACE('',(#338),#2432,.F.);
#2581=ADVANCED_FACE('',(#339),#197,.T.);
#2582=ADVANCED_FACE('',(#340),#2433,.F.);
#2583=ADVANCED_FACE('',(#341),#198,.T.);
#2584=ADVANCED_FACE('',(#342),#2434,.F.);
#2585=ADVANCED_FACE('',(#343),#199,.T.);
#2586=ADVANCED_FACE('',(#344),#2435,.F.);
#2587=ADVANCED_FACE('',(#345),#200,.T.);
#2588=ADVANCED_FACE('',(#346),#2436,.F.);
#2589=ADVANCED_FACE('',(#347),#201,.T.);
#2590=ADVANCED_FACE('',(#348),#2437,.F.);
#2591=ADVANCED_FACE('',(#349),#202,.T.);
#2592=ADVANCED_FACE('',(#350),#2438,.F.);
#2593=ADVANCED_FACE('',(#351),#203,.T.);
#2594=ADVANCED_FACE('',(#352),#2439,.F.);
#2595=ADVANCED_FACE('',(#353),#204,.T.);
#2596=ADVANCED_FACE('',(#354),#2440,.F.);
#2597=ADVANCED_FACE('',(#355),#205,.T.);
#2598=ADVANCED_FACE('',(#356),#2441,.F.);
#2599=ADVANCED_FACE('',(#357),#206,.T.);
#2600=ADVANCED_FACE('',(#358),#2442,.F.);
#2601=ADVANCED_FACE('',(#359),#207,.T.);
#2602=ADVANCED_FACE('',(#360),#2443,.F.);
#2603=ADVANCED_FACE('',(#361),#208,.T.);
#2604=ADVANCED_FACE('',(#362),#2444,.F.);
#2605=ADVANCED_FACE('',(#363),#209,.T.);
#2606=ADVANCED_FACE('',(#364),#2445,.F.);
#2607=ADVANCED_FACE('',(#365),#210,.T.);
#2608=ADVANCED_FACE('',(#366),#2446,.F.);
#2609=ADVANCED_FACE('',(#367),#211,.T.);
#2610=ADVANCED_FACE('',(#368),#2447,.F.);
#2611=ADVANCED_FACE('',(#369),#212,.T.);
#2612=ADVANCED_FACE('',(#370),#2448,.F.);
#2613=ADVANCED_FACE('',(#371),#213,.T.);
#2614=ADVANCED_FACE('',(#372),#2449,.F.);
#2615=ADVANCED_FACE('',(#373),#214,.T.);
#2616=ADVANCED_FACE('',(#374),#2450,.F.);
#2617=ADVANCED_FACE('',(#375),#215,.T.);
#2618=ADVANCED_FACE('',(#376),#2451,.F.);
#2619=ADVANCED_FACE('',(#377),#216,.T.);
#2620=ADVANCED_FACE('',(#378),#2452,.F.);
#2621=ADVANCED_FACE('',(#379),#2453,.F.);
#2622=ADVANCED_FACE('',(#380),#2454,.F.);
#2623=ADVANCED_FACE('',(#381),#2455,.F.);
#2624=ADVANCED_FACE('',(#382),#2456,.F.);
#2625=ADVANCED_FACE('',(#383),#2457,.F.);
#2626=ADVANCED_FACE('',(#384),#2458,.F.);
#2627=ADVANCED_FACE('',(#385),#2459,.F.);
#2628=ADVANCED_FACE('',(#386),#2460,.F.);
#2629=ADVANCED_FACE('',(#387),#2461,.F.);
#2630=ADVANCED_FACE('',(#388),#2462,.F.);
#2631=ADVANCED_FACE('',(#389),#2463,.F.);
#2632=ADVANCED_FACE('',(#390),#2464,.F.);
#2633=ADVANCED_FACE('',(#391),#2465,.F.);
#2634=ADVANCED_FACE('',(#392),#2466,.F.);
#2635=ADVANCED_FACE('',(#393),#2467,.F.);
#2636=ADVANCED_FACE('',(#394),#2468,.F.);
#2637=ADVANCED_FACE('',(#395),#2469,.F.);
#2638=ADVANCED_FACE('',(#396),#217,.T.);
#2639=ADVANCED_FACE('',(#397),#218,.T.);
#2640=ADVANCED_FACE('',(#398),#219,.T.);
#2641=ADVANCED_FACE('',(#399),#220,.T.);
#2642=ADVANCED_FACE('',(#400),#221,.T.);
#2643=ADVANCED_FACE('',(#401),#222,.T.);
#2644=ADVANCED_FACE('',(#402),#223,.T.);
#2645=ADVANCED_FACE('',(#403),#224,.T.);
#2646=ADVANCED_FACE('',(#404),#225,.T.);
#2647=ADVANCED_FACE('',(#405,#46,#47,#48,#49,#50,#51,#52,#53,#54,#55,#56,
#57,#58,#59,#60,#61,#62,#63,#64,#65,#66,#67,#68,#69,#70,#71,#72,#73,#74,
#75,#76,#77,#78,#79,#80,#81,#82,#83,#84,#85,#86,#87,#88,#89,#90,#91,#92,
#93,#94,#95,#96,#97,#98,#99,#100,#101,#102,#103,#104,#105,#106,#107,#108,
#109,#110,#111,#112,#113,#114,#115,#116),#226,.T.);
#2648=ADVANCED_FACE('',(#406,#117,#118,#119,#120,#121,#122,#123,#124,#125,
#126,#127,#128,#129,#130,#131,#132,#133,#134,#135,#136,#137,#138,#139,#140,
#141,#142,#143,#144,#145,#146,#147),#227,.F.);
#2649=CLOSED_SHELL('',(#2470,#2471,#2472,#2473,#2474,#2475,#2476,#2477,
#2478,#2479,#2480,#2481,#2482,#2483,#2484,#2485,#2486,#2487,#2488,#2489,
#2490,#2491,#2492,#2493,#2494,#2495,#2496,#2497,#2498,#2499,#2500,#2501,
#2502,#2503,#2504,#2505,#2506,#2507,#2508,#2509,#2510,#2511,#2512,#2513,
#2514,#2515,#2516,#2517,#2518,#2519,#2520,#2521,#2522,#2523,#2524,#2525,
#2526,#2527,#2528,#2529,#2530,#2531,#2532,#2533,#2534,#2535,#2536,#2537,
#2538,#2539,#2540,#2541,#2542,#2543,#2544,#2545,#2546,#2547,#2548,#2549,
#2550,#2551,#2552,#2553,#2554,#2555,#2556,#2557,#2558,#2559,#2560,#2561,
#2562,#2563,#2564,#2565,#2566,#2567,#2568,#2569,#2570,#2571,#2572,#2573,
#2574,#2575,#2576,#2577,#2578,#2579,#2580,#2581,#2582,#2583,#2584,#2585,
#2586,#2587,#2588,#2589,#2590,#2591,#2592,#2593,#2594,#2595,#2596,#2597,
#2598,#2599,#2600,#2601,#2602,#2603,#2604,#2605,#2606,#2607,#2608,#2609,
#2610,#2611,#2612,#2613,#2614,#2615,#2616,#2617,#2618,#2619,#2620,#2621,
#2622,#2623,#2624,#2625,#2626,#2627,#2628,#2629,#2630,#2631,#2632,#2633,
#2634,#2635,#2636,#2637,#2638,#2639,#2640,#2641,#2642,#2643,#2644,#2645,
#2646,#2647,#2648));
#2650=DERIVED_UNIT_ELEMENT(#2652,1.);
#2651=DERIVED_UNIT_ELEMENT(#4667,-3.);
#2652=(
CONVERSION_BASED_UNIT('gram',#2654)
MASS_UNIT()
NAMED_UNIT(#4664)
);
#2653=(
MASS_UNIT()
NAMED_UNIT(*)
SI_UNIT(.KILO.,.GRAM.)
);
#2654=MASS_MEASURE_WITH_UNIT(MASS_MEASURE(0.001),#2653);
#2655=DERIVED_UNIT((#2650,#2651));
#2656=MEASURE_REPRESENTATION_ITEM('density measure',
POSITIVE_RATIO_MEASURE(1.),#2655);
#2657=PROPERTY_DEFINITION_REPRESENTATION(#2662,#2659);
#2658=PROPERTY_DEFINITION_REPRESENTATION(#2663,#2660);
#2659=REPRESENTATION('material name',(#2661),#4661);
#2660=REPRESENTATION('density',(#2656),#4661);
#2661=DESCRIPTIVE_REPRESENTATION_ITEM('Generic','Generic');
#2662=PROPERTY_DEFINITION('material property','material name',#4675);
#2663=PROPERTY_DEFINITION('material property','density of part',#4675);
#2664=DATE_TIME_ROLE('creation_date');
#2665=APPLIED_DATE_AND_TIME_ASSIGNMENT(#2666,#2664,(#4675));
#2666=DATE_AND_TIME(#2667,#2668);
#2667=CALENDAR_DATE(2025,3,4);
#2668=LOCAL_TIME(0,0,0.,#2669);
#2669=COORDINATED_UNIVERSAL_TIME_OFFSET(0,0,.BEHIND.);
#2670=AXIS2_PLACEMENT_3D('',#3933,#3048,#3049);
#2671=AXIS2_PLACEMENT_3D('',#3934,#3050,#3051);
#2672=AXIS2_PLACEMENT_3D('',#3936,#3052,#3053);
#2673=AXIS2_PLACEMENT_3D('',#3939,#3055,#3056);
#2674=AXIS2_PLACEMENT_3D('',#3940,#3057,#3058);
#2675=AXIS2_PLACEMENT_3D('',#3942,#3059,#3060);
#2676=AXIS2_PLACEMENT_3D('',#3943,#3061,#3062);
#2677=AXIS2_PLACEMENT_3D('',#3945,#3063,#3064);
#2678=AXIS2_PLACEMENT_3D('',#3948,#3066,#3067);
#2679=AXIS2_PLACEMENT_3D('',#3949,#3068,#3069);
#2680=AXIS2_PLACEMENT_3D('',#3951,#3070,#3071);
#2681=AXIS2_PLACEMENT_3D('',#3952,#3072,#3073);
#2682=AXIS2_PLACEMENT_3D('',#3954,#3074,#3075);
#2683=AXIS2_PLACEMENT_3D('',#3957,#3077,#3078);
#2684=AXIS2_PLACEMENT_3D('',#3958,#3079,#3080);
#2685=AXIS2_PLACEMENT_3D('',#3960,#3081,#3082);
#2686=AXIS2_PLACEMENT_3D('',#3961,#3083,#3084);
#2687=AXIS2_PLACEMENT_3D('',#3963,#3085,#3086);
#2688=AXIS2_PLACEMENT_3D('',#3966,#3088,#3089);
#2689=AXIS2_PLACEMENT_3D('',#3967,#3090,#3091);
#2690=AXIS2_PLACEMENT_3D('',#3969,#3092,#3093);
#2691=AXIS2_PLACEMENT_3D('',#3970,#3094,#3095);
#2692=AXIS2_PLACEMENT_3D('',#3972,#3096,#3097);
#2693=AXIS2_PLACEMENT_3D('',#3975,#3099,#3100);
#2694=AXIS2_PLACEMENT_3D('',#3976,#3101,#3102);
#2695=AXIS2_PLACEMENT_3D('',#3978,#3103,#3104);
#2696=AXIS2_PLACEMENT_3D('',#3979,#3105,#3106);
#2697=AXIS2_PLACEMENT_3D('',#3981,#3107,#3108);
#2698=AXIS2_PLACEMENT_3D('',#3984,#3110,#3111);
#2699=AXIS2_PLACEMENT_3D('',#3985,#3112,#3113);
#2700=AXIS2_PLACEMENT_3D('',#3987,#3114,#3115);
#2701=AXIS2_PLACEMENT_3D('',#3988,#3116,#3117);
#2702=AXIS2_PLACEMENT_3D('',#3990,#3118,#3119);
#2703=AXIS2_PLACEMENT_3D('',#3993,#3121,#3122);
#2704=AXIS2_PLACEMENT_3D('',#3994,#3123,#3124);
#2705=AXIS2_PLACEMENT_3D('',#3996,#3125,#3126);
#2706=AXIS2_PLACEMENT_3D('',#3997,#3127,#3128);
#2707=AXIS2_PLACEMENT_3D('',#3999,#3129,#3130);
#2708=AXIS2_PLACEMENT_3D('',#4002,#3132,#3133);
#2709=AXIS2_PLACEMENT_3D('',#4003,#3134,#3135);
#2710=AXIS2_PLACEMENT_3D('',#4005,#3136,#3137);
#2711=AXIS2_PLACEMENT_3D('',#4006,#3138,#3139);
#2712=AXIS2_PLACEMENT_3D('',#4008,#3140,#3141);
#2713=AXIS2_PLACEMENT_3D('',#4011,#3143,#3144);
#2714=AXIS2_PLACEMENT_3D('',#4012,#3145,#3146);
#2715=AXIS2_PLACEMENT_3D('',#4014,#3147,#3148);
#2716=AXIS2_PLACEMENT_3D('',#4015,#3149,#3150);
#2717=AXIS2_PLACEMENT_3D('',#4017,#3151,#3152);
#2718=AXIS2_PLACEMENT_3D('',#4020,#3154,#3155);
#2719=AXIS2_PLACEMENT_3D('',#4021,#3156,#3157);
#2720=AXIS2_PLACEMENT_3D('',#4023,#3158,#3159);
#2721=AXIS2_PLACEMENT_3D('',#4024,#3160,#3161);
#2722=AXIS2_PLACEMENT_3D('',#4026,#3162,#3163);
#2723=AXIS2_PLACEMENT_3D('',#4029,#3165,#3166);
#2724=AXIS2_PLACEMENT_3D('',#4030,#3167,#3168);
#2725=AXIS2_PLACEMENT_3D('',#4032,#3169,#3170);
#2726=AXIS2_PLACEMENT_3D('',#4033,#3171,#3172);
#2727=AXIS2_PLACEMENT_3D('',#4035,#3173,#3174);
#2728=AXIS2_PLACEMENT_3D('',#4038,#3176,#3177);
#2729=AXIS2_PLACEMENT_3D('',#4039,#3178,#3179);
#2730=AXIS2_PLACEMENT_3D('',#4041,#3180,#3181);
#2731=AXIS2_PLACEMENT_3D('',#4042,#3182,#3183);
#2732=AXIS2_PLACEMENT_3D('',#4044,#3184,#3185);
#2733=AXIS2_PLACEMENT_3D('',#4047,#3187,#3188);
#2734=AXIS2_PLACEMENT_3D('',#4048,#3189,#3190);
#2735=AXIS2_PLACEMENT_3D('',#4050,#3191,#3192);
#2736=AXIS2_PLACEMENT_3D('',#4051,#3193,#3194);
#2737=AXIS2_PLACEMENT_3D('',#4053,#3195,#3196);
#2738=AXIS2_PLACEMENT_3D('',#4056,#3198,#3199);
#2739=AXIS2_PLACEMENT_3D('',#4057,#3200,#3201);
#2740=AXIS2_PLACEMENT_3D('',#4059,#3202,#3203);
#2741=AXIS2_PLACEMENT_3D('',#4060,#3204,#3205);
#2742=AXIS2_PLACEMENT_3D('',#4062,#3206,#3207);
#2743=AXIS2_PLACEMENT_3D('',#4065,#3209,#3210);
#2744=AXIS2_PLACEMENT_3D('',#4066,#3211,#3212);
#2745=AXIS2_PLACEMENT_3D('',#4068,#3213,#3214);
#2746=AXIS2_PLACEMENT_3D('',#4069,#3215,#3216);
#2747=AXIS2_PLACEMENT_3D('',#4071,#3217,#3218);
#2748=AXIS2_PLACEMENT_3D('',#4074,#3220,#3221);
#2749=AXIS2_PLACEMENT_3D('',#4075,#3222,#3223);
#2750=AXIS2_PLACEMENT_3D('',#4077,#3224,#3225);
#2751=AXIS2_PLACEMENT_3D('',#4078,#3226,#3227);
#2752=AXIS2_PLACEMENT_3D('',#4080,#3228,#3229);
#2753=AXIS2_PLACEMENT_3D('',#4083,#3231,#3232);
#2754=AXIS2_PLACEMENT_3D('',#4084,#3233,#3234);
#2755=AXIS2_PLACEMENT_3D('',#4086,#3235,#3236);
#2756=AXIS2_PLACEMENT_3D('',#4087,#3237,#3238);
#2757=AXIS2_PLACEMENT_3D('',#4089,#3239,#3240);
#2758=AXIS2_PLACEMENT_3D('',#4092,#3242,#3243);
#2759=AXIS2_PLACEMENT_3D('',#4093,#3244,#3245);
#2760=AXIS2_PLACEMENT_3D('',#4095,#3246,#3247);
#2761=AXIS2_PLACEMENT_3D('',#4096,#3248,#3249);
#2762=AXIS2_PLACEMENT_3D('',#4098,#3250,#3251);
#2763=AXIS2_PLACEMENT_3D('',#4101,#3253,#3254);
#2764=AXIS2_PLACEMENT_3D('',#4102,#3255,#3256);
#2765=AXIS2_PLACEMENT_3D('',#4104,#3257,#3258);
#2766=AXIS2_PLACEMENT_3D('',#4105,#3259,#3260);
#2767=AXIS2_PLACEMENT_3D('',#4107,#3261,#3262);
#2768=AXIS2_PLACEMENT_3D('',#4110,#3264,#3265);
#2769=AXIS2_PLACEMENT_3D('',#4111,#3266,#3267);
#2770=AXIS2_PLACEMENT_3D('',#4113,#3268,#3269);
#2771=AXIS2_PLACEMENT_3D('',#4114,#3270,#3271);
#2772=AXIS2_PLACEMENT_3D('',#4116,#3272,#3273);
#2773=AXIS2_PLACEMENT_3D('',#4119,#3275,#3276);
#2774=AXIS2_PLACEMENT_3D('',#4120,#3277,#3278);
#2775=AXIS2_PLACEMENT_3D('',#4121,#3279,#3280);
#2776=AXIS2_PLACEMENT_3D('',#4123,#3281,#3282);
#2777=AXIS2_PLACEMENT_3D('',#4126,#3284,#3285);
#2778=AXIS2_PLACEMENT_3D('',#4127,#3286,#3287);
#2779=AXIS2_PLACEMENT_3D('',#4128,#3288,#3289);
#2780=AXIS2_PLACEMENT_3D('',#4130,#3290,#3291);
#2781=AXIS2_PLACEMENT_3D('',#4133,#3293,#3294);
#2782=AXIS2_PLACEMENT_3D('',#4134,#3295,#3296);
#2783=AXIS2_PLACEMENT_3D('',#4135,#3297,#3298);
#2784=AXIS2_PLACEMENT_3D('',#4137,#3299,#3300);
#2785=AXIS2_PLACEMENT_3D('',#4140,#3302,#3303);
#2786=AXIS2_PLACEMENT_3D('',#4141,#3304,#3305);
#2787=AXIS2_PLACEMENT_3D('',#4142,#3306,#3307);
#2788=AXIS2_PLACEMENT_3D('',#4144,#3308,#3309);
#2789=AXIS2_PLACEMENT_3D('',#4146,#3311,#3312);
#2790=AXIS2_PLACEMENT_3D('',#4148,#3313,#3314);
#2791=AXIS2_PLACEMENT_3D('',#4150,#3316,#3317);
#2792=AXIS2_PLACEMENT_3D('',#4152,#3318,#3319);
#2793=AXIS2_PLACEMENT_3D('',#4155,#3321,#3322);
#2794=AXIS2_PLACEMENT_3D('',#4156,#3323,#3324);
#2795=AXIS2_PLACEMENT_3D('',#4158,#3325,#3326);
#2796=AXIS2_PLACEMENT_3D('',#4159,#3327,#3328);
#2797=AXIS2_PLACEMENT_3D('',#4161,#3329,#3330);
#2798=AXIS2_PLACEMENT_3D('',#4164,#3332,#3333);
#2799=AXIS2_PLACEMENT_3D('',#4165,#3334,#3335);
#2800=AXIS2_PLACEMENT_3D('',#4167,#3336,#3337);
#2801=AXIS2_PLACEMENT_3D('',#4168,#3338,#3339);
#2802=AXIS2_PLACEMENT_3D('',#4170,#3340,#3341);
#2803=AXIS2_PLACEMENT_3D('',#4173,#3343,#3344);
#2804=AXIS2_PLACEMENT_3D('',#4174,#3345,#3346);
#2805=AXIS2_PLACEMENT_3D('',#4176,#3347,#3348);
#2806=AXIS2_PLACEMENT_3D('',#4177,#3349,#3350);
#2807=AXIS2_PLACEMENT_3D('',#4179,#3351,#3352);
#2808=AXIS2_PLACEMENT_3D('',#4182,#3354,#3355);
#2809=AXIS2_PLACEMENT_3D('',#4183,#3356,#3357);
#2810=AXIS2_PLACEMENT_3D('',#4185,#3358,#3359);
#2811=AXIS2_PLACEMENT_3D('',#4186,#3360,#3361);
#2812=AXIS2_PLACEMENT_3D('',#4188,#3362,#3363);
#2813=AXIS2_PLACEMENT_3D('',#4191,#3365,#3366);
#2814=AXIS2_PLACEMENT_3D('',#4192,#3367,#3368);
#2815=AXIS2_PLACEMENT_3D('',#4194,#3369,#3370);
#2816=AXIS2_PLACEMENT_3D('',#4195,#3371,#3372);
#2817=AXIS2_PLACEMENT_3D('',#4197,#3373,#3374);
#2818=AXIS2_PLACEMENT_3D('',#4200,#3376,#3377);
#2819=AXIS2_PLACEMENT_3D('',#4201,#3378,#3379);
#2820=AXIS2_PLACEMENT_3D('',#4203,#3380,#3381);
#2821=AXIS2_PLACEMENT_3D('',#4204,#3382,#3383);
#2822=AXIS2_PLACEMENT_3D('',#4206,#3384,#3385);
#2823=AXIS2_PLACEMENT_3D('',#4209,#3387,#3388);
#2824=AXIS2_PLACEMENT_3D('',#4210,#3389,#3390);
#2825=AXIS2_PLACEMENT_3D('',#4212,#3391,#3392);
#2826=AXIS2_PLACEMENT_3D('',#4213,#3393,#3394);
#2827=AXIS2_PLACEMENT_3D('',#4215,#3395,#3396);
#2828=AXIS2_PLACEMENT_3D('',#4218,#3398,#3399);
#2829=AXIS2_PLACEMENT_3D('',#4219,#3400,#3401);
#2830=AXIS2_PLACEMENT_3D('',#4221,#3402,#3403);
#2831=AXIS2_PLACEMENT_3D('',#4222,#3404,#3405);
#2832=AXIS2_PLACEMENT_3D('',#4225,#3407,#3408);
#2833=AXIS2_PLACEMENT_3D('',#4226,#3409,#3410);
#2834=AXIS2_PLACEMENT_3D('',#4229,#3412,#3413);
#2835=AXIS2_PLACEMENT_3D('',#4230,#3414,#3415);
#2836=AXIS2_PLACEMENT_3D('',#4233,#3417,#3418);
#2837=AXIS2_PLACEMENT_3D('',#4234,#3419,#3420);
#2838=AXIS2_PLACEMENT_3D('',#4237,#3422,#3423);
#2839=AXIS2_PLACEMENT_3D('',#4238,#3424,#3425);
#2840=AXIS2_PLACEMENT_3D('',#4241,#3427,#3428);
#2841=AXIS2_PLACEMENT_3D('',#4242,#3429,#3430);
#2842=AXIS2_PLACEMENT_3D('',#4245,#3432,#3433);
#2843=AXIS2_PLACEMENT_3D('',#4246,#3434,#3435);
#2844=AXIS2_PLACEMENT_3D('',#4249,#3437,#3438);
#2845=AXIS2_PLACEMENT_3D('',#4250,#3439,#3440);
#2846=AXIS2_PLACEMENT_3D('',#4253,#3442,#3443);
#2847=AXIS2_PLACEMENT_3D('',#4254,#3444,#3445);
#2848=AXIS2_PLACEMENT_3D('',#4256,#3446,#3447);
#2849=AXIS2_PLACEMENT_3D('',#4259,#3449,#3450);
#2850=AXIS2_PLACEMENT_3D('',#4260,#3451,#3452);
#2851=AXIS2_PLACEMENT_3D('',#4262,#3453,#3454);
#2852=AXIS2_PLACEMENT_3D('',#4265,#3456,#3457);
#2853=AXIS2_PLACEMENT_3D('',#4266,#3458,#3459);
#2854=AXIS2_PLACEMENT_3D('',#4268,#3460,#3461);
#2855=AXIS2_PLACEMENT_3D('',#4271,#3463,#3464);
#2856=AXIS2_PLACEMENT_3D('',#4272,#3465,#3466);
#2857=AXIS2_PLACEMENT_3D('',#4281,#3471,#3472);
#2858=AXIS2_PLACEMENT_3D('',#4283,#3473,#3474);
#2859=AXIS2_PLACEMENT_3D('',#4286,#3476,#3477);
#2860=AXIS2_PLACEMENT_3D('',#4287,#3478,#3479);
#2861=AXIS2_PLACEMENT_3D('',#4288,#3480,#3481);
#2862=AXIS2_PLACEMENT_3D('',#4290,#3482,#3483);
#2863=AXIS2_PLACEMENT_3D('',#4293,#3485,#3486);
#2864=AXIS2_PLACEMENT_3D('',#4294,#3487,#3488);
#2865=AXIS2_PLACEMENT_3D('',#4295,#3489,#3490);
#2866=AXIS2_PLACEMENT_3D('',#4297,#3491,#3492);
#2867=AXIS2_PLACEMENT_3D('',#4300,#3494,#3495);
#2868=AXIS2_PLACEMENT_3D('',#4301,#3496,#3497);
#2869=AXIS2_PLACEMENT_3D('',#4302,#3498,#3499);
#2870=AXIS2_PLACEMENT_3D('',#4304,#3500,#3501);
#2871=AXIS2_PLACEMENT_3D('',#4307,#3503,#3504);
#2872=AXIS2_PLACEMENT_3D('',#4308,#3505,#3506);
#2873=AXIS2_PLACEMENT_3D('',#4309,#3507,#3508);
#2874=AXIS2_PLACEMENT_3D('',#4311,#3509,#3510);
#2875=AXIS2_PLACEMENT_3D('',#4314,#3512,#3513);
#2876=AXIS2_PLACEMENT_3D('',#4315,#3514,#3515);
#2877=AXIS2_PLACEMENT_3D('',#4316,#3516,#3517);
#2878=AXIS2_PLACEMENT_3D('',#4318,#3518,#3519);
#2879=AXIS2_PLACEMENT_3D('',#4321,#3521,#3522);
#2880=AXIS2_PLACEMENT_3D('',#4322,#3523,#3524);
#2881=AXIS2_PLACEMENT_3D('',#4323,#3525,#3526);
#2882=AXIS2_PLACEMENT_3D('',#4325,#3527,#3528);
#2883=AXIS2_PLACEMENT_3D('',#4328,#3530,#3531);
#2884=AXIS2_PLACEMENT_3D('',#4329,#3532,#3533);
#2885=AXIS2_PLACEMENT_3D('',#4330,#3534,#3535);
#2886=AXIS2_PLACEMENT_3D('',#4332,#3536,#3537);
#2887=AXIS2_PLACEMENT_3D('',#4335,#3539,#3540);
#2888=AXIS2_PLACEMENT_3D('',#4336,#3541,#3542);
#2889=AXIS2_PLACEMENT_3D('',#4337,#3543,#3544);
#2890=AXIS2_PLACEMENT_3D('',#4339,#3545,#3546);
#2891=AXIS2_PLACEMENT_3D('',#4342,#3548,#3549);
#2892=AXIS2_PLACEMENT_3D('',#4343,#3550,#3551);
#2893=AXIS2_PLACEMENT_3D('',#4344,#3552,#3553);
#2894=AXIS2_PLACEMENT_3D('',#4346,#3554,#3555);
#2895=AXIS2_PLACEMENT_3D('',#4349,#3557,#3558);
#2896=AXIS2_PLACEMENT_3D('',#4350,#3559,#3560);
#2897=AXIS2_PLACEMENT_3D('',#4351,#3561,#3562);
#2898=AXIS2_PLACEMENT_3D('',#4353,#3563,#3564);
#2899=AXIS2_PLACEMENT_3D('',#4356,#3566,#3567);
#2900=AXIS2_PLACEMENT_3D('',#4357,#3568,#3569);
#2901=AXIS2_PLACEMENT_3D('',#4358,#3570,#3571);
#2902=AXIS2_PLACEMENT_3D('',#4360,#3572,#3573);
#2903=AXIS2_PLACEMENT_3D('',#4363,#3575,#3576);
#2904=AXIS2_PLACEMENT_3D('',#4364,#3577,#3578);
#2905=AXIS2_PLACEMENT_3D('',#4365,#3579,#3580);
#2906=AXIS2_PLACEMENT_3D('',#4367,#3581,#3582);
#2907=AXIS2_PLACEMENT_3D('',#4370,#3584,#3585);
#2908=AXIS2_PLACEMENT_3D('',#4371,#3586,#3587);
#2909=AXIS2_PLACEMENT_3D('',#4372,#3588,#3589);
#2910=AXIS2_PLACEMENT_3D('',#4374,#3590,#3591);
#2911=AXIS2_PLACEMENT_3D('',#4377,#3593,#3594);
#2912=AXIS2_PLACEMENT_3D('',#4378,#3595,#3596);
#2913=AXIS2_PLACEMENT_3D('',#4379,#3597,#3598);
#2914=AXIS2_PLACEMENT_3D('',#4381,#3599,#3600);
#2915=AXIS2_PLACEMENT_3D('',#4384,#3602,#3603);
#2916=AXIS2_PLACEMENT_3D('',#4385,#3604,#3605);
#2917=AXIS2_PLACEMENT_3D('',#4386,#3606,#3607);
#2918=AXIS2_PLACEMENT_3D('',#4388,#3608,#3609);
#2919=AXIS2_PLACEMENT_3D('',#4391,#3611,#3612);
#2920=AXIS2_PLACEMENT_3D('',#4392,#3613,#3614);
#2921=AXIS2_PLACEMENT_3D('',#4393,#3615,#3616);
#2922=AXIS2_PLACEMENT_3D('',#4395,#3617,#3618);
#2923=AXIS2_PLACEMENT_3D('',#4398,#3620,#3621);
#2924=AXIS2_PLACEMENT_3D('',#4399,#3622,#3623);
#2925=AXIS2_PLACEMENT_3D('',#4400,#3624,#3625);
#2926=AXIS2_PLACEMENT_3D('',#4402,#3626,#3627);
#2927=AXIS2_PLACEMENT_3D('',#4405,#3629,#3630);
#2928=AXIS2_PLACEMENT_3D('',#4406,#3631,#3632);
#2929=AXIS2_PLACEMENT_3D('',#4407,#3633,#3634);
#2930=AXIS2_PLACEMENT_3D('',#4409,#3635,#3636);
#2931=AXIS2_PLACEMENT_3D('',#4412,#3638,#3639);
#2932=AXIS2_PLACEMENT_3D('',#4413,#3640,#3641);
#2933=AXIS2_PLACEMENT_3D('',#4414,#3642,#3643);
#2934=AXIS2_PLACEMENT_3D('',#4416,#3644,#3645);
#2935=AXIS2_PLACEMENT_3D('',#4419,#3647,#3648);
#2936=AXIS2_PLACEMENT_3D('',#4420,#3649,#3650);
#2937=AXIS2_PLACEMENT_3D('',#4421,#3651,#3652);
#2938=AXIS2_PLACEMENT_3D('',#4423,#3653,#3654);
#2939=AXIS2_PLACEMENT_3D('',#4426,#3656,#3657);
#2940=AXIS2_PLACEMENT_3D('',#4427,#3658,#3659);
#2941=AXIS2_PLACEMENT_3D('',#4428,#3660,#3661);
#2942=AXIS2_PLACEMENT_3D('',#4430,#3662,#3663);
#2943=AXIS2_PLACEMENT_3D('',#4433,#3665,#3666);
#2944=AXIS2_PLACEMENT_3D('',#4434,#3667,#3668);
#2945=AXIS2_PLACEMENT_3D('',#4435,#3669,#3670);
#2946=AXIS2_PLACEMENT_3D('',#4437,#3671,#3672);
#2947=AXIS2_PLACEMENT_3D('',#4440,#3674,#3675);
#2948=AXIS2_PLACEMENT_3D('',#4441,#3676,#3677);
#2949=AXIS2_PLACEMENT_3D('',#4442,#3678,#3679);
#2950=AXIS2_PLACEMENT_3D('',#4444,#3680,#3681);
#2951=AXIS2_PLACEMENT_3D('',#4447,#3683,#3684);
#2952=AXIS2_PLACEMENT_3D('',#4448,#3685,#3686);
#2953=AXIS2_PLACEMENT_3D('',#4449,#3687,#3688);
#2954=AXIS2_PLACEMENT_3D('',#4451,#3689,#3690);
#2955=AXIS2_PLACEMENT_3D('',#4454,#3692,#3693);
#2956=AXIS2_PLACEMENT_3D('',#4455,#3694,#3695);
#2957=AXIS2_PLACEMENT_3D('',#4456,#3696,#3697);
#2958=AXIS2_PLACEMENT_3D('',#4458,#3698,#3699);
#2959=AXIS2_PLACEMENT_3D('',#4461,#3701,#3702);
#2960=AXIS2_PLACEMENT_3D('',#4462,#3703,#3704);
#2961=AXIS2_PLACEMENT_3D('',#4463,#3705,#3706);
#2962=AXIS2_PLACEMENT_3D('',#4465,#3707,#3708);
#2963=AXIS2_PLACEMENT_3D('',#4468,#3710,#3711);
#2964=AXIS2_PLACEMENT_3D('',#4469,#3712,#3713);
#2965=AXIS2_PLACEMENT_3D('',#4470,#3714,#3715);
#2966=AXIS2_PLACEMENT_3D('',#4472,#3716,#3717);
#2967=AXIS2_PLACEMENT_3D('',#4475,#3719,#3720);
#2968=AXIS2_PLACEMENT_3D('',#4476,#3721,#3722);
#2969=AXIS2_PLACEMENT_3D('',#4477,#3723,#3724);
#2970=AXIS2_PLACEMENT_3D('',#4479,#3725,#3726);
#2971=AXIS2_PLACEMENT_3D('',#4482,#3728,#3729);
#2972=AXIS2_PLACEMENT_3D('',#4483,#3730,#3731);
#2973=AXIS2_PLACEMENT_3D('',#4484,#3732,#3733);
#2974=AXIS2_PLACEMENT_3D('',#4486,#3734,#3735);
#2975=AXIS2_PLACEMENT_3D('',#4489,#3737,#3738);
#2976=AXIS2_PLACEMENT_3D('',#4490,#3739,#3740);
#2977=AXIS2_PLACEMENT_3D('',#4491,#3741,#3742);
#2978=AXIS2_PLACEMENT_3D('',#4493,#3743,#3744);
#2979=AXIS2_PLACEMENT_3D('',#4496,#3746,#3747);
#2980=AXIS2_PLACEMENT_3D('',#4497,#3748,#3749);
#2981=AXIS2_PLACEMENT_3D('',#4498,#3750,#3751);
#2982=AXIS2_PLACEMENT_3D('',#4500,#3752,#3753);
#2983=AXIS2_PLACEMENT_3D('',#4503,#3755,#3756);
#2984=AXIS2_PLACEMENT_3D('',#4504,#3757,#3758);
#2985=AXIS2_PLACEMENT_3D('',#4505,#3759,#3760);
#2986=AXIS2_PLACEMENT_3D('',#4507,#3761,#3762);
#2987=AXIS2_PLACEMENT_3D('',#4510,#3764,#3765);
#2988=AXIS2_PLACEMENT_3D('',#4511,#3766,#3767);
#2989=AXIS2_PLACEMENT_3D('',#4512,#3768,#3769);
#2990=AXIS2_PLACEMENT_3D('',#4514,#3770,#3771);
#2991=AXIS2_PLACEMENT_3D('',#4517,#3773,#3774);
#2992=AXIS2_PLACEMENT_3D('',#4518,#3775,#3776);
#2993=AXIS2_PLACEMENT_3D('',#4519,#3777,#3778);
#2994=AXIS2_PLACEMENT_3D('',#4521,#3779,#3780);
#2995=AXIS2_PLACEMENT_3D('',#4524,#3782,#3783);
#2996=AXIS2_PLACEMENT_3D('',#4525,#3784,#3785);
#2997=AXIS2_PLACEMENT_3D('',#4526,#3786,#3787);
#2998=AXIS2_PLACEMENT_3D('',#4528,#3788,#3789);
#2999=AXIS2_PLACEMENT_3D('',#4531,#3791,#3792);
#3000=AXIS2_PLACEMENT_3D('',#4532,#3793,#3794);
#3001=AXIS2_PLACEMENT_3D('',#4533,#3795,#3796);
#3002=AXIS2_PLACEMENT_3D('',#4536,#3798,#3799);
#3003=AXIS2_PLACEMENT_3D('',#4537,#3800,#3801);
#3004=AXIS2_PLACEMENT_3D('',#4540,#3803,#3804);
#3005=AXIS2_PLACEMENT_3D('',#4541,#3805,#3806);
#3006=AXIS2_PLACEMENT_3D('',#4544,#3808,#3809);
#3007=AXIS2_PLACEMENT_3D('',#4545,#3810,#3811);
#3008=AXIS2_PLACEMENT_3D('',#4548,#3813,#3814);
#3009=AXIS2_PLACEMENT_3D('',#4549,#3815,#3816);
#3010=AXIS2_PLACEMENT_3D('',#4552,#3818,#3819);
#3011=AXIS2_PLACEMENT_3D('',#4553,#3820,#3821);
#3012=AXIS2_PLACEMENT_3D('',#4556,#3823,#3824);
#3013=AXIS2_PLACEMENT_3D('',#4557,#3825,#3826);
#3014=AXIS2_PLACEMENT_3D('',#4560,#3828,#3829);
#3015=AXIS2_PLACEMENT_3D('',#4561,#3830,#3831);
#3016=AXIS2_PLACEMENT_3D('',#4564,#3833,#3834);
#3017=AXIS2_PLACEMENT_3D('',#4565,#3835,#3836);
#3018=AXIS2_PLACEMENT_3D('',#4568,#3838,#3839);
#3019=AXIS2_PLACEMENT_3D('',#4569,#3840,#3841);
#3020=AXIS2_PLACEMENT_3D('',#4572,#3843,#3844);
#3021=AXIS2_PLACEMENT_3D('',#4573,#3845,#3846);
#3022=AXIS2_PLACEMENT_3D('',#4576,#3848,#3849);
#3023=AXIS2_PLACEMENT_3D('',#4577,#3850,#3851);
#3024=AXIS2_PLACEMENT_3D('',#4580,#3853,#3854);
#3025=AXIS2_PLACEMENT_3D('',#4581,#3855,#3856);
#3026=AXIS2_PLACEMENT_3D('',#4584,#3858,#3859);
#3027=AXIS2_PLACEMENT_3D('',#4585,#3860,#3861);
#3028=AXIS2_PLACEMENT_3D('',#4588,#3863,#3864);
#3029=AXIS2_PLACEMENT_3D('',#4589,#3865,#3866);
#3030=AXIS2_PLACEMENT_3D('',#4592,#3868,#3869);
#3031=AXIS2_PLACEMENT_3D('',#4593,#3870,#3871);
#3032=AXIS2_PLACEMENT_3D('',#4596,#3873,#3874);
#3033=AXIS2_PLACEMENT_3D('',#4597,#3875,#3876);
#3034=AXIS2_PLACEMENT_3D('',#4600,#3878,#3879);
#3035=AXIS2_PLACEMENT_3D('',#4601,#3880,#3881);
#3036=AXIS2_PLACEMENT_3D('',#4604,#3883,#3884);
#3037=AXIS2_PLACEMENT_3D('',#4605,#3885,#3886);
#3038=AXIS2_PLACEMENT_3D('',#4614,#3891,#3892);
#3039=AXIS2_PLACEMENT_3D('',#4617,#3895,#3896);
#3040=AXIS2_PLACEMENT_3D('',#4623,#3900,#3901);
#3041=AXIS2_PLACEMENT_3D('',#4629,#3905,#3906);
#3042=AXIS2_PLACEMENT_3D('',#4635,#3910,#3911);
#3043=AXIS2_PLACEMENT_3D('',#4641,#3915,#3916);
#3044=AXIS2_PLACEMENT_3D('',#4647,#3920,#3921);
#3045=AXIS2_PLACEMENT_3D('',#4653,#3925,#3926);
#3046=AXIS2_PLACEMENT_3D('',#4656,#3929,#3930);
#3047=AXIS2_PLACEMENT_3D('',#4657,#3931,#3932);
#3048=DIRECTION('axis',(0.,0.,1.));
#3049=DIRECTION('refdir',(1.,0.,0.));
#3050=DIRECTION('center_axis',(0.,1.,0.));
#3051=DIRECTION('ref_axis',(1.,0.,0.));
#3052=DIRECTION('center_axis',(0.,1.,0.));
#3053=DIRECTION('ref_axis',(1.,0.,0.));
#3054=DIRECTION('',(0.,1.,0.));
#3055=DIRECTION('center_axis',(0.,1.,0.));
#3056=DIRECTION('ref_axis',(1.,0.,0.));
#3057=DIRECTION('center_axis',(0.,-1.,0.));
#3058=DIRECTION('ref_axis',(0.,0.,-1.));
#3059=DIRECTION('center_axis',(0.,-1.,0.));
#3060=DIRECTION('ref_axis',(-1.,0.,0.));
#3061=DIRECTION('center_axis',(0.,1.,0.));
#3062=DIRECTION('ref_axis',(1.,0.,0.));
#3063=DIRECTION('center_axis',(0.,1.,0.));
#3064=DIRECTION('ref_axis',(1.,0.,0.));
#3065=DIRECTION('',(0.,1.,0.));
#3066=DIRECTION('center_axis',(0.,1.,0.));
#3067=DIRECTION('ref_axis',(1.,0.,0.));
#3068=DIRECTION('center_axis',(0.,-1.,0.));
#3069=DIRECTION('ref_axis',(0.,0.,-1.));
#3070=DIRECTION('center_axis',(0.,-1.,0.));
#3071=DIRECTION('ref_axis',(-1.,0.,0.));
#3072=DIRECTION('center_axis',(0.,1.,0.));
#3073=DIRECTION('ref_axis',(1.,0.,0.));
#3074=DIRECTION('center_axis',(0.,1.,0.));
#3075=DIRECTION('ref_axis',(1.,0.,0.));
#3076=DIRECTION('',(0.,1.,0.));
#3077=DIRECTION('center_axis',(0.,1.,0.));
#3078=DIRECTION('ref_axis',(1.,0.,0.));
#3079=DIRECTION('center_axis',(0.,-1.,0.));
#3080=DIRECTION('ref_axis',(0.,0.,-1.));
#3081=DIRECTION('center_axis',(0.,-1.,0.));
#3082=DIRECTION('ref_axis',(-1.,0.,0.));
#3083=DIRECTION('center_axis',(0.,1.,0.));
#3084=DIRECTION('ref_axis',(1.,0.,0.));
#3085=DIRECTION('center_axis',(0.,1.,0.));
#3086=DIRECTION('ref_axis',(1.,0.,0.));
#3087=DIRECTION('',(0.,1.,0.));
#3088=DIRECTION('center_axis',(0.,1.,0.));
#3089=DIRECTION('ref_axis',(1.,0.,0.));
#3090=DIRECTION('center_axis',(0.,-1.,0.));
#3091=DIRECTION('ref_axis',(0.,0.,-1.));
#3092=DIRECTION('center_axis',(0.,-1.,0.));
#3093=DIRECTION('ref_axis',(-1.,0.,0.));
#3094=DIRECTION('center_axis',(0.,1.,0.));
#3095=DIRECTION('ref_axis',(1.,0.,0.));
#3096=DIRECTION('center_axis',(0.,1.,0.));
#3097=DIRECTION('ref_axis',(1.,0.,0.));
#3098=DIRECTION('',(0.,1.,0.));
#3099=DIRECTION('center_axis',(0.,1.,0.));
#3100=DIRECTION('ref_axis',(1.,0.,0.));
#3101=DIRECTION('center_axis',(0.,-1.,0.));
#3102=DIRECTION('ref_axis',(0.,0.,-1.));
#3103=DIRECTION('center_axis',(0.,-1.,0.));
#3104=DIRECTION('ref_axis',(-1.,0.,0.));
#3105=DIRECTION('center_axis',(0.,1.,0.));
#3106=DIRECTION('ref_axis',(1.,0.,0.));
#3107=DIRECTION('center_axis',(0.,1.,0.));
#3108=DIRECTION('ref_axis',(1.,0.,0.));
#3109=DIRECTION('',(0.,1.,0.));
#3110=DIRECTION('center_axis',(0.,1.,0.));
#3111=DIRECTION('ref_axis',(1.,0.,0.));
#3112=DIRECTION('center_axis',(0.,-1.,0.));
#3113=DIRECTION('ref_axis',(0.,0.,-1.));
#3114=DIRECTION('center_axis',(0.,-1.,0.));
#3115=DIRECTION('ref_axis',(-1.,0.,0.));
#3116=DIRECTION('center_axis',(0.,1.,0.));
#3117=DIRECTION('ref_axis',(1.,0.,0.));
#3118=DIRECTION('center_axis',(0.,1.,0.));
#3119=DIRECTION('ref_axis',(1.,0.,0.));
#3120=DIRECTION('',(0.,1.,0.));
#3121=DIRECTION('center_axis',(0.,1.,0.));
#3122=DIRECTION('ref_axis',(1.,0.,0.));
#3123=DIRECTION('center_axis',(0.,-1.,0.));
#3124=DIRECTION('ref_axis',(0.,0.,-1.));
#3125=DIRECTION('center_axis',(0.,-1.,0.));
#3126=DIRECTION('ref_axis',(-1.,0.,0.));
#3127=DIRECTION('center_axis',(0.,1.,0.));
#3128=DIRECTION('ref_axis',(1.,0.,0.));
#3129=DIRECTION('center_axis',(0.,1.,0.));
#3130=DIRECTION('ref_axis',(1.,0.,0.));
#3131=DIRECTION('',(0.,1.,0.));
#3132=DIRECTION('center_axis',(0.,1.,0.));
#3133=DIRECTION('ref_axis',(1.,0.,0.));
#3134=DIRECTION('center_axis',(0.,-1.,0.));
#3135=DIRECTION('ref_axis',(0.,0.,-1.));
#3136=DIRECTION('center_axis',(0.,-1.,0.));
#3137=DIRECTION('ref_axis',(-1.,0.,0.));
#3138=DIRECTION('center_axis',(0.,1.,0.));
#3139=DIRECTION('ref_axis',(1.,0.,0.));
#3140=DIRECTION('center_axis',(0.,1.,0.));
#3141=DIRECTION('ref_axis',(1.,0.,0.));
#3142=DIRECTION('',(0.,1.,0.));
#3143=DIRECTION('center_axis',(0.,1.,0.));
#3144=DIRECTION('ref_axis',(1.,0.,0.));
#3145=DIRECTION('center_axis',(0.,-1.,0.));
#3146=DIRECTION('ref_axis',(0.,0.,-1.));
#3147=DIRECTION('center_axis',(0.,-1.,0.));
#3148=DIRECTION('ref_axis',(-1.,0.,0.));
#3149=DIRECTION('center_axis',(0.,1.,0.));
#3150=DIRECTION('ref_axis',(1.,0.,0.));
#3151=DIRECTION('center_axis',(0.,1.,0.));
#3152=DIRECTION('ref_axis',(1.,0.,0.));
#3153=DIRECTION('',(0.,1.,0.));
#3154=DIRECTION('center_axis',(0.,1.,0.));
#3155=DIRECTION('ref_axis',(1.,0.,0.));
#3156=DIRECTION('center_axis',(0.,-1.,0.));
#3157=DIRECTION('ref_axis',(0.,0.,-1.));
#3158=DIRECTION('center_axis',(0.,-1.,0.));
#3159=DIRECTION('ref_axis',(1.,0.,0.));
#3160=DIRECTION('center_axis',(0.,1.,0.));
#3161=DIRECTION('ref_axis',(1.,0.,0.));
#3162=DIRECTION('center_axis',(0.,1.,0.));
#3163=DIRECTION('ref_axis',(1.,0.,0.));
#3164=DIRECTION('',(0.,1.,0.));
#3165=DIRECTION('center_axis',(0.,1.,0.));
#3166=DIRECTION('ref_axis',(1.,0.,0.));
#3167=DIRECTION('center_axis',(0.,-1.,0.));
#3168=DIRECTION('ref_axis',(0.,0.,-1.));
#3169=DIRECTION('center_axis',(0.,-1.,0.));
#3170=DIRECTION('ref_axis',(1.,0.,0.));
#3171=DIRECTION('center_axis',(0.,1.,0.));
#3172=DIRECTION('ref_axis',(1.,0.,0.));
#3173=DIRECTION('center_axis',(0.,1.,0.));
#3174=DIRECTION('ref_axis',(1.,0.,0.));
#3175=DIRECTION('',(0.,1.,0.));
#3176=DIRECTION('center_axis',(0.,1.,0.));
#3177=DIRECTION('ref_axis',(1.,0.,0.));
#3178=DIRECTION('center_axis',(0.,-1.,0.));
#3179=DIRECTION('ref_axis',(0.,0.,-1.));
#3180=DIRECTION('center_axis',(0.,-1.,0.));
#3181=DIRECTION('ref_axis',(-1.,0.,0.));
#3182=DIRECTION('center_axis',(0.,1.,0.));
#3183=DIRECTION('ref_axis',(1.,0.,0.));
#3184=DIRECTION('center_axis',(0.,1.,0.));
#3185=DIRECTION('ref_axis',(1.,0.,0.));
#3186=DIRECTION('',(0.,1.,0.));
#3187=DIRECTION('center_axis',(0.,1.,0.));
#3188=DIRECTION('ref_axis',(1.,0.,0.));
#3189=DIRECTION('center_axis',(0.,-1.,0.));
#3190=DIRECTION('ref_axis',(0.,0.,-1.));
#3191=DIRECTION('center_axis',(0.,-1.,0.));
#3192=DIRECTION('ref_axis',(-1.,0.,0.));
#3193=DIRECTION('center_axis',(0.,1.,0.));
#3194=DIRECTION('ref_axis',(1.,0.,0.));
#3195=DIRECTION('center_axis',(0.,1.,0.));
#3196=DIRECTION('ref_axis',(1.,0.,0.));
#3197=DIRECTION('',(0.,1.,0.));
#3198=DIRECTION('center_axis',(0.,1.,0.));
#3199=DIRECTION('ref_axis',(1.,0.,0.));
#3200=DIRECTION('center_axis',(0.,-1.,0.));
#3201=DIRECTION('ref_axis',(0.,0.,-1.));
#3202=DIRECTION('center_axis',(0.,-1.,0.));
#3203=DIRECTION('ref_axis',(-1.,0.,0.));
#3204=DIRECTION('center_axis',(0.,1.,0.));
#3205=DIRECTION('ref_axis',(1.,0.,0.));
#3206=DIRECTION('center_axis',(0.,1.,0.));
#3207=DIRECTION('ref_axis',(1.,0.,0.));
#3208=DIRECTION('',(0.,1.,0.));
#3209=DIRECTION('center_axis',(0.,1.,0.));
#3210=DIRECTION('ref_axis',(1.,0.,0.));
#3211=DIRECTION('center_axis',(0.,-1.,0.));
#3212=DIRECTION('ref_axis',(0.,0.,-1.));
#3213=DIRECTION('center_axis',(0.,-1.,0.));
#3214=DIRECTION('ref_axis',(-1.,0.,0.));
#3215=DIRECTION('center_axis',(0.,1.,0.));
#3216=DIRECTION('ref_axis',(1.,0.,0.));
#3217=DIRECTION('center_axis',(0.,1.,0.));
#3218=DIRECTION('ref_axis',(1.,0.,0.));
#3219=DIRECTION('',(0.,1.,0.));
#3220=DIRECTION('center_axis',(0.,1.,0.));
#3221=DIRECTION('ref_axis',(1.,0.,0.));
#3222=DIRECTION('center_axis',(0.,-1.,0.));
#3223=DIRECTION('ref_axis',(0.,0.,-1.));
#3224=DIRECTION('center_axis',(0.,-1.,0.));
#3225=DIRECTION('ref_axis',(-1.,0.,0.));
#3226=DIRECTION('center_axis',(0.,1.,0.));
#3227=DIRECTION('ref_axis',(1.,0.,0.));
#3228=DIRECTION('center_axis',(0.,1.,0.));
#3229=DIRECTION('ref_axis',(1.,0.,0.));
#3230=DIRECTION('',(0.,1.,0.));
#3231=DIRECTION('center_axis',(0.,1.,0.));
#3232=DIRECTION('ref_axis',(1.,0.,0.));
#3233=DIRECTION('center_axis',(0.,-1.,0.));
#3234=DIRECTION('ref_axis',(0.,0.,-1.));
#3235=DIRECTION('center_axis',(0.,-1.,0.));
#3236=DIRECTION('ref_axis',(-1.,0.,0.));
#3237=DIRECTION('center_axis',(0.,1.,0.));
#3238=DIRECTION('ref_axis',(1.,0.,0.));
#3239=DIRECTION('center_axis',(0.,1.,0.));
#3240=DIRECTION('ref_axis',(1.,0.,0.));
#3241=DIRECTION('',(0.,1.,0.));
#3242=DIRECTION('center_axis',(0.,1.,0.));
#3243=DIRECTION('ref_axis',(1.,0.,0.));
#3244=DIRECTION('center_axis',(0.,-1.,0.));
#3245=DIRECTION('ref_axis',(0.,0.,-1.));
#3246=DIRECTION('center_axis',(0.,-1.,0.));
#3247=DIRECTION('ref_axis',(-1.,0.,0.));
#3248=DIRECTION('center_axis',(0.,1.,0.));
#3249=DIRECTION('ref_axis',(1.,0.,0.));
#3250=DIRECTION('center_axis',(0.,1.,0.));
#3251=DIRECTION('ref_axis',(1.,0.,0.));
#3252=DIRECTION('',(0.,1.,0.));
#3253=DIRECTION('center_axis',(0.,1.,0.));
#3254=DIRECTION('ref_axis',(1.,0.,0.));
#3255=DIRECTION('center_axis',(0.,-1.,0.));
#3256=DIRECTION('ref_axis',(0.,0.,-1.));
#3257=DIRECTION('center_axis',(0.,-1.,0.));
#3258=DIRECTION('ref_axis',(-1.,0.,0.));
#3259=DIRECTION('center_axis',(0.,1.,0.));
#3260=DIRECTION('ref_axis',(1.,0.,0.));
#3261=DIRECTION('center_axis',(0.,1.,0.));
#3262=DIRECTION('ref_axis',(1.,0.,0.));
#3263=DIRECTION('',(0.,1.,0.));
#3264=DIRECTION('center_axis',(0.,1.,0.));
#3265=DIRECTION('ref_axis',(1.,0.,0.));
#3266=DIRECTION('center_axis',(0.,-1.,0.));
#3267=DIRECTION('ref_axis',(0.,0.,-1.));
#3268=DIRECTION('center_axis',(0.,-1.,0.));
#3269=DIRECTION('ref_axis',(-1.,0.,0.));
#3270=DIRECTION('center_axis',(0.,-1.,0.));
#3271=DIRECTION('ref_axis',(1.,0.,0.));
#3272=DIRECTION('center_axis',(0.,-1.,0.));
#3273=DIRECTION('ref_axis',(1.,0.,0.));
#3274=DIRECTION('',(0.,-1.,0.));
#3275=DIRECTION('center_axis',(0.,-1.,0.));
#3276=DIRECTION('ref_axis',(1.,0.,0.));
#3277=DIRECTION('center_axis',(0.,1.,0.));
#3278=DIRECTION('ref_axis',(0.,0.,1.));
#3279=DIRECTION('center_axis',(0.,-1.,0.));
#3280=DIRECTION('ref_axis',(1.,0.,0.));
#3281=DIRECTION('center_axis',(0.,-1.,0.));
#3282=DIRECTION('ref_axis',(1.,0.,0.));
#3283=DIRECTION('',(0.,-1.,0.));
#3284=DIRECTION('center_axis',(0.,-1.,0.));
#3285=DIRECTION('ref_axis',(1.,0.,0.));
#3286=DIRECTION('center_axis',(0.,1.,0.));
#3287=DIRECTION('ref_axis',(0.,0.,1.));
#3288=DIRECTION('center_axis',(0.,-1.,0.));
#3289=DIRECTION('ref_axis',(1.,0.,0.));
#3290=DIRECTION('center_axis',(0.,-1.,0.));
#3291=DIRECTION('ref_axis',(1.,0.,0.));
#3292=DIRECTION('',(0.,-1.,0.));
#3293=DIRECTION('center_axis',(0.,-1.,0.));
#3294=DIRECTION('ref_axis',(1.,0.,0.));
#3295=DIRECTION('center_axis',(0.,1.,0.));
#3296=DIRECTION('ref_axis',(0.,0.,1.));
#3297=DIRECTION('center_axis',(0.,-1.,0.));
#3298=DIRECTION('ref_axis',(1.,0.,0.));
#3299=DIRECTION('center_axis',(0.,-1.,0.));
#3300=DIRECTION('ref_axis',(1.,0.,0.));
#3301=DIRECTION('',(0.,-1.,0.));
#3302=DIRECTION('center_axis',(0.,-1.,0.));
#3303=DIRECTION('ref_axis',(1.,0.,0.));
#3304=DIRECTION('center_axis',(0.,1.,0.));
#3305=DIRECTION('ref_axis',(0.,0.,1.));
#3306=DIRECTION('center_axis',(0.,-1.,0.));
#3307=DIRECTION('ref_axis',(1.,0.,0.));
#3308=DIRECTION('center_axis',(0.,-1.,0.));
#3309=DIRECTION('ref_axis',(1.,0.,0.));
#3310=DIRECTION('',(0.,-1.,0.));
#3311=DIRECTION('center_axis',(0.,-1.,0.));
#3312=DIRECTION('ref_axis',(1.,0.,0.));
#3313=DIRECTION('center_axis',(0.,-1.,0.));
#3314=DIRECTION('ref_axis',(1.,0.,0.));
#3315=DIRECTION('',(0.,-1.,0.));
#3316=DIRECTION('center_axis',(0.,-1.,0.));
#3317=DIRECTION('ref_axis',(1.,0.,0.));
#3318=DIRECTION('center_axis',(0.,-1.,0.));
#3319=DIRECTION('ref_axis',(1.,0.,0.));
#3320=DIRECTION('',(0.,-1.,0.));
#3321=DIRECTION('center_axis',(0.,-1.,0.));
#3322=DIRECTION('ref_axis',(1.,0.,0.));
#3323=DIRECTION('center_axis',(0.,1.,0.));
#3324=DIRECTION('ref_axis',(0.,0.,1.));
#3325=DIRECTION('center_axis',(0.,1.,0.));
#3326=DIRECTION('ref_axis',(1.,0.,0.));
#3327=DIRECTION('center_axis',(0.,-1.,0.));
#3328=DIRECTION('ref_axis',(1.,0.,0.));
#3329=DIRECTION('center_axis',(0.,-1.,0.));
#3330=DIRECTION('ref_axis',(1.,0.,0.));
#3331=DIRECTION('',(0.,-1.,0.));
#3332=DIRECTION('center_axis',(0.,-1.,0.));
#3333=DIRECTION('ref_axis',(1.,0.,0.));
#3334=DIRECTION('center_axis',(0.,1.,0.));
#3335=DIRECTION('ref_axis',(0.,0.,1.));
#3336=DIRECTION('center_axis',(0.,1.,0.));
#3337=DIRECTION('ref_axis',(1.,0.,0.));
#3338=DIRECTION('center_axis',(0.,-1.,0.));
#3339=DIRECTION('ref_axis',(1.,0.,0.));
#3340=DIRECTION('center_axis',(0.,-1.,0.));
#3341=DIRECTION('ref_axis',(1.,0.,0.));
#3342=DIRECTION('',(0.,-1.,0.));
#3343=DIRECTION('center_axis',(0.,-1.,0.));
#3344=DIRECTION('ref_axis',(1.,0.,0.));
#3345=DIRECTION('center_axis',(0.,1.,0.));
#3346=DIRECTION('ref_axis',(0.,0.,1.));
#3347=DIRECTION('center_axis',(0.,1.,0.));
#3348=DIRECTION('ref_axis',(1.,0.,0.));
#3349=DIRECTION('center_axis',(0.,-1.,0.));
#3350=DIRECTION('ref_axis',(1.,0.,0.));
#3351=DIRECTION('center_axis',(0.,-1.,0.));
#3352=DIRECTION('ref_axis',(1.,0.,0.));
#3353=DIRECTION('',(0.,-1.,0.));
#3354=DIRECTION('center_axis',(0.,-1.,0.));
#3355=DIRECTION('ref_axis',(1.,0.,0.));
#3356=DIRECTION('center_axis',(0.,1.,0.));
#3357=DIRECTION('ref_axis',(0.,0.,1.));
#3358=DIRECTION('center_axis',(0.,1.,0.));
#3359=DIRECTION('ref_axis',(1.,0.,0.));
#3360=DIRECTION('center_axis',(0.,-1.,0.));
#3361=DIRECTION('ref_axis',(1.,0.,0.));
#3362=DIRECTION('center_axis',(0.,-1.,0.));
#3363=DIRECTION('ref_axis',(1.,0.,0.));
#3364=DIRECTION('',(0.,-1.,0.));
#3365=DIRECTION('center_axis',(0.,-1.,0.));
#3366=DIRECTION('ref_axis',(1.,0.,0.));
#3367=DIRECTION('center_axis',(0.,1.,0.));
#3368=DIRECTION('ref_axis',(0.,0.,1.));
#3369=DIRECTION('center_axis',(0.,1.,0.));
#3370=DIRECTION('ref_axis',(1.,0.,0.));
#3371=DIRECTION('center_axis',(0.,-1.,0.));
#3372=DIRECTION('ref_axis',(1.,0.,0.));
#3373=DIRECTION('center_axis',(0.,-1.,0.));
#3374=DIRECTION('ref_axis',(1.,0.,0.));
#3375=DIRECTION('',(0.,-1.,0.));
#3376=DIRECTION('center_axis',(0.,-1.,0.));
#3377=DIRECTION('ref_axis',(1.,0.,0.));
#3378=DIRECTION('center_axis',(0.,1.,0.));
#3379=DIRECTION('ref_axis',(0.,0.,1.));
#3380=DIRECTION('center_axis',(0.,1.,0.));
#3381=DIRECTION('ref_axis',(1.,0.,0.));
#3382=DIRECTION('center_axis',(0.,-1.,0.));
#3383=DIRECTION('ref_axis',(1.,0.,0.));
#3384=DIRECTION('center_axis',(0.,-1.,0.));
#3385=DIRECTION('ref_axis',(1.,0.,0.));
#3386=DIRECTION('',(0.,-1.,0.));
#3387=DIRECTION('center_axis',(0.,-1.,0.));
#3388=DIRECTION('ref_axis',(1.,0.,0.));
#3389=DIRECTION('center_axis',(0.,1.,0.));
#3390=DIRECTION('ref_axis',(0.,0.,1.));
#3391=DIRECTION('center_axis',(0.,1.,0.));
#3392=DIRECTION('ref_axis',(1.,0.,0.));
#3393=DIRECTION('center_axis',(0.,-1.,0.));
#3394=DIRECTION('ref_axis',(1.,0.,0.));
#3395=DIRECTION('center_axis',(0.,-1.,0.));
#3396=DIRECTION('ref_axis',(1.,0.,0.));
#3397=DIRECTION('',(0.,-1.,0.));
#3398=DIRECTION('center_axis',(0.,-1.,0.));
#3399=DIRECTION('ref_axis',(1.,0.,0.));
#3400=DIRECTION('center_axis',(0.,1.,0.));
#3401=DIRECTION('ref_axis',(0.,0.,1.));
#3402=DIRECTION('center_axis',(0.,1.,0.));
#3403=DIRECTION('ref_axis',(1.,0.,0.));
#3404=DIRECTION('center_axis',(0.,-1.,0.));
#3405=DIRECTION('ref_axis',(1.,0.,0.));
#3406=DIRECTION('',(0.,-1.,0.));
#3407=DIRECTION('center_axis',(0.,1.,0.));
#3408=DIRECTION('ref_axis',(1.,0.,0.));
#3409=DIRECTION('center_axis',(0.,-1.,0.));
#3410=DIRECTION('ref_axis',(1.,0.,0.));
#3411=DIRECTION('',(0.,-1.,0.));
#3412=DIRECTION('center_axis',(0.,1.,0.));
#3413=DIRECTION('ref_axis',(1.,0.,0.));
#3414=DIRECTION('center_axis',(0.,-1.,0.));
#3415=DIRECTION('ref_axis',(1.,0.,0.));
#3416=DIRECTION('',(0.,-1.,0.));
#3417=DIRECTION('center_axis',(0.,1.,0.));
#3418=DIRECTION('ref_axis',(1.,0.,0.));
#3419=DIRECTION('center_axis',(0.,-1.,0.));
#3420=DIRECTION('ref_axis',(1.,0.,0.));
#3421=DIRECTION('',(0.,-1.,0.));
#3422=DIRECTION('center_axis',(0.,1.,0.));
#3423=DIRECTION('ref_axis',(1.,0.,0.));
#3424=DIRECTION('center_axis',(0.,-1.,0.));
#3425=DIRECTION('ref_axis',(1.,0.,0.));
#3426=DIRECTION('',(0.,-1.,0.));
#3427=DIRECTION('center_axis',(0.,1.,0.));
#3428=DIRECTION('ref_axis',(1.,0.,0.));
#3429=DIRECTION('center_axis',(0.,-1.,0.));
#3430=DIRECTION('ref_axis',(1.,0.,0.));
#3431=DIRECTION('',(0.,-1.,0.));
#3432=DIRECTION('center_axis',(0.,1.,0.));
#3433=DIRECTION('ref_axis',(1.,0.,0.));
#3434=DIRECTION('center_axis',(0.,-1.,0.));
#3435=DIRECTION('ref_axis',(1.,0.,0.));
#3436=DIRECTION('',(0.,-1.,0.));
#3437=DIRECTION('center_axis',(0.,1.,0.));
#3438=DIRECTION('ref_axis',(1.,0.,0.));
#3439=DIRECTION('center_axis',(0.,-1.,0.));
#3440=DIRECTION('ref_axis',(1.,0.,0.));
#3441=DIRECTION('',(0.,-1.,0.));
#3442=DIRECTION('center_axis',(0.,1.,0.));
#3443=DIRECTION('ref_axis',(1.,0.,0.));
#3444=DIRECTION('center_axis',(0.,1.,0.));
#3445=DIRECTION('ref_axis',(1.,0.,0.));
#3446=DIRECTION('center_axis',(0.,-1.,0.));
#3447=DIRECTION('ref_axis',(1.,0.,0.));
#3448=DIRECTION('',(0.,-1.,0.));
#3449=DIRECTION('center_axis',(0.,1.,0.));
#3450=DIRECTION('ref_axis',(1.,0.,0.));
#3451=DIRECTION('center_axis',(0.,1.,0.));
#3452=DIRECTION('ref_axis',(1.,0.,0.));
#3453=DIRECTION('center_axis',(0.,-1.,0.));
#3454=DIRECTION('ref_axis',(1.,0.,0.));
#3455=DIRECTION('',(0.,-1.,0.));
#3456=DIRECTION('center_axis',(0.,1.,0.));
#3457=DIRECTION('ref_axis',(1.,0.,0.));
#3458=DIRECTION('center_axis',(0.,1.,0.));
#3459=DIRECTION('ref_axis',(1.,0.,0.));
#3460=DIRECTION('center_axis',(0.,-1.,0.));
#3461=DIRECTION('ref_axis',(1.,0.,0.));
#3462=DIRECTION('',(0.,-1.,0.));
#3463=DIRECTION('center_axis',(0.,1.,0.));
#3464=DIRECTION('ref_axis',(1.,0.,0.));
#3465=DIRECTION('center_axis',(-1.,0.,0.));
#3466=DIRECTION('ref_axis',(0.,0.,-1.));
#3467=DIRECTION('',(0.,0.,1.));
#3468=DIRECTION('',(0.,-1.,0.));
#3469=DIRECTION('',(0.,0.,-1.));
#3470=DIRECTION('',(0.,-1.,0.));
#3471=DIRECTION('center_axis',(0.,-1.,0.));
#3472=DIRECTION('ref_axis',(1.,0.,0.));
#3473=DIRECTION('center_axis',(0.,-1.,0.));
#3474=DIRECTION('ref_axis',(1.,0.,0.));
#3475=DIRECTION('',(0.,-1.,0.));
#3476=DIRECTION('center_axis',(0.,-1.,0.));
#3477=DIRECTION('ref_axis',(1.,0.,0.));
#3478=DIRECTION('center_axis',(0.,1.,0.));
#3479=DIRECTION('ref_axis',(0.,0.,1.));
#3480=DIRECTION('center_axis',(0.,-1.,0.));
#3481=DIRECTION('ref_axis',(1.,0.,0.));
#3482=DIRECTION('center_axis',(0.,-1.,0.));
#3483=DIRECTION('ref_axis',(1.,0.,0.));
#3484=DIRECTION('',(0.,-1.,0.));
#3485=DIRECTION('center_axis',(0.,-1.,0.));
#3486=DIRECTION('ref_axis',(1.,0.,0.));
#3487=DIRECTION('center_axis',(0.,1.,0.));
#3488=DIRECTION('ref_axis',(0.,0.,1.));
#3489=DIRECTION('center_axis',(0.,-1.,0.));
#3490=DIRECTION('ref_axis',(1.,0.,0.));
#3491=DIRECTION('center_axis',(0.,-1.,0.));
#3492=DIRECTION('ref_axis',(1.,0.,0.));
#3493=DIRECTION('',(0.,-1.,0.));
#3494=DIRECTION('center_axis',(0.,-1.,0.));
#3495=DIRECTION('ref_axis',(1.,0.,0.));
#3496=DIRECTION('center_axis',(0.,1.,0.));
#3497=DIRECTION('ref_axis',(0.,0.,1.));
#3498=DIRECTION('center_axis',(0.,-1.,0.));
#3499=DIRECTION('ref_axis',(1.,0.,0.));
#3500=DIRECTION('center_axis',(0.,-1.,0.));
#3501=DIRECTION('ref_axis',(1.,0.,0.));
#3502=DIRECTION('',(0.,-1.,0.));
#3503=DIRECTION('center_axis',(0.,-1.,0.));
#3504=DIRECTION('ref_axis',(1.,0.,0.));
#3505=DIRECTION('center_axis',(0.,1.,0.));
#3506=DIRECTION('ref_axis',(0.,0.,1.));
#3507=DIRECTION('center_axis',(0.,-1.,0.));
#3508=DIRECTION('ref_axis',(1.,0.,0.));
#3509=DIRECTION('center_axis',(0.,-1.,0.));
#3510=DIRECTION('ref_axis',(1.,0.,0.));
#3511=DIRECTION('',(0.,-1.,0.));
#3512=DIRECTION('center_axis',(0.,-1.,0.));
#3513=DIRECTION('ref_axis',(1.,0.,0.));
#3514=DIRECTION('center_axis',(0.,1.,0.));
#3515=DIRECTION('ref_axis',(0.,0.,1.));
#3516=DIRECTION('center_axis',(0.,-1.,0.));
#3517=DIRECTION('ref_axis',(1.,0.,0.));
#3518=DIRECTION('center_axis',(0.,-1.,0.));
#3519=DIRECTION('ref_axis',(1.,0.,0.));
#3520=DIRECTION('',(0.,-1.,0.));
#3521=DIRECTION('center_axis',(0.,-1.,0.));
#3522=DIRECTION('ref_axis',(1.,0.,0.));
#3523=DIRECTION('center_axis',(0.,1.,0.));
#3524=DIRECTION('ref_axis',(0.,0.,1.));
#3525=DIRECTION('center_axis',(0.,-1.,0.));
#3526=DIRECTION('ref_axis',(1.,0.,0.));
#3527=DIRECTION('center_axis',(0.,-1.,0.));
#3528=DIRECTION('ref_axis',(1.,0.,0.));
#3529=DIRECTION('',(0.,-1.,0.));
#3530=DIRECTION('center_axis',(0.,-1.,0.));
#3531=DIRECTION('ref_axis',(1.,0.,0.));
#3532=DIRECTION('center_axis',(0.,1.,0.));
#3533=DIRECTION('ref_axis',(0.,0.,1.));
#3534=DIRECTION('center_axis',(0.,-1.,0.));
#3535=DIRECTION('ref_axis',(1.,0.,0.));
#3536=DIRECTION('center_axis',(0.,-1.,0.));
#3537=DIRECTION('ref_axis',(1.,0.,0.));
#3538=DIRECTION('',(0.,-1.,0.));
#3539=DIRECTION('center_axis',(0.,-1.,0.));
#3540=DIRECTION('ref_axis',(1.,0.,0.));
#3541=DIRECTION('center_axis',(0.,1.,0.));
#3542=DIRECTION('ref_axis',(0.,0.,1.));
#3543=DIRECTION('center_axis',(0.,-1.,0.));
#3544=DIRECTION('ref_axis',(1.,0.,0.));
#3545=DIRECTION('center_axis',(0.,-1.,0.));
#3546=DIRECTION('ref_axis',(1.,0.,0.));
#3547=DIRECTION('',(0.,-1.,0.));
#3548=DIRECTION('center_axis',(0.,-1.,0.));
#3549=DIRECTION('ref_axis',(1.,0.,0.));
#3550=DIRECTION('center_axis',(0.,1.,0.));
#3551=DIRECTION('ref_axis',(0.,0.,1.));
#3552=DIRECTION('center_axis',(0.,-1.,0.));
#3553=DIRECTION('ref_axis',(1.,0.,0.));
#3554=DIRECTION('center_axis',(0.,-1.,0.));
#3555=DIRECTION('ref_axis',(1.,0.,0.));
#3556=DIRECTION('',(0.,-1.,0.));
#3557=DIRECTION('center_axis',(0.,-1.,0.));
#3558=DIRECTION('ref_axis',(1.,0.,0.));
#3559=DIRECTION('center_axis',(0.,1.,0.));
#3560=DIRECTION('ref_axis',(0.,0.,1.));
#3561=DIRECTION('center_axis',(0.,-1.,0.));
#3562=DIRECTION('ref_axis',(1.,0.,0.));
#3563=DIRECTION('center_axis',(0.,-1.,0.));
#3564=DIRECTION('ref_axis',(1.,0.,0.));
#3565=DIRECTION('',(0.,-1.,0.));
#3566=DIRECTION('center_axis',(0.,-1.,0.));
#3567=DIRECTION('ref_axis',(1.,0.,0.));
#3568=DIRECTION('center_axis',(0.,1.,0.));
#3569=DIRECTION('ref_axis',(0.,0.,1.));
#3570=DIRECTION('center_axis',(0.,-1.,0.));
#3571=DIRECTION('ref_axis',(1.,0.,0.));
#3572=DIRECTION('center_axis',(0.,-1.,0.));
#3573=DIRECTION('ref_axis',(1.,0.,0.));
#3574=DIRECTION('',(0.,-1.,0.));
#3575=DIRECTION('center_axis',(0.,-1.,0.));
#3576=DIRECTION('ref_axis',(1.,0.,0.));
#3577=DIRECTION('center_axis',(0.,1.,0.));
#3578=DIRECTION('ref_axis',(0.,0.,1.));
#3579=DIRECTION('center_axis',(0.,-1.,0.));
#3580=DIRECTION('ref_axis',(1.,0.,0.));
#3581=DIRECTION('center_axis',(0.,-1.,0.));
#3582=DIRECTION('ref_axis',(1.,0.,0.));
#3583=DIRECTION('',(0.,-1.,0.));
#3584=DIRECTION('center_axis',(0.,-1.,0.));
#3585=DIRECTION('ref_axis',(1.,0.,0.));
#3586=DIRECTION('center_axis',(0.,1.,0.));
#3587=DIRECTION('ref_axis',(0.,0.,1.));
#3588=DIRECTION('center_axis',(0.,-1.,0.));
#3589=DIRECTION('ref_axis',(1.,0.,0.));
#3590=DIRECTION('center_axis',(0.,-1.,0.));
#3591=DIRECTION('ref_axis',(1.,0.,0.));
#3592=DIRECTION('',(0.,-1.,0.));
#3593=DIRECTION('center_axis',(0.,-1.,0.));
#3594=DIRECTION('ref_axis',(1.,0.,0.));
#3595=DIRECTION('center_axis',(0.,1.,0.));
#3596=DIRECTION('ref_axis',(0.,0.,1.));
#3597=DIRECTION('center_axis',(0.,-1.,0.));
#3598=DIRECTION('ref_axis',(1.,0.,0.));
#3599=DIRECTION('center_axis',(0.,-1.,0.));
#3600=DIRECTION('ref_axis',(1.,0.,0.));
#3601=DIRECTION('',(0.,-1.,0.));
#3602=DIRECTION('center_axis',(0.,-1.,0.));
#3603=DIRECTION('ref_axis',(1.,0.,0.));
#3604=DIRECTION('center_axis',(0.,1.,0.));
#3605=DIRECTION('ref_axis',(0.,0.,1.));
#3606=DIRECTION('center_axis',(0.,-1.,0.));
#3607=DIRECTION('ref_axis',(1.,0.,0.));
#3608=DIRECTION('center_axis',(0.,-1.,0.));
#3609=DIRECTION('ref_axis',(1.,0.,0.));
#3610=DIRECTION('',(0.,-1.,0.));
#3611=DIRECTION('center_axis',(0.,-1.,0.));
#3612=DIRECTION('ref_axis',(1.,0.,0.));
#3613=DIRECTION('center_axis',(0.,1.,0.));
#3614=DIRECTION('ref_axis',(0.,0.,1.));
#3615=DIRECTION('center_axis',(0.,-1.,0.));
#3616=DIRECTION('ref_axis',(1.,0.,0.));
#3617=DIRECTION('center_axis',(0.,-1.,0.));
#3618=DIRECTION('ref_axis',(1.,0.,0.));
#3619=DIRECTION('',(0.,-1.,0.));
#3620=DIRECTION('center_axis',(0.,-1.,0.));
#3621=DIRECTION('ref_axis',(1.,0.,0.));
#3622=DIRECTION('center_axis',(0.,1.,0.));
#3623=DIRECTION('ref_axis',(0.,0.,1.));
#3624=DIRECTION('center_axis',(0.,-1.,0.));
#3625=DIRECTION('ref_axis',(1.,0.,0.));
#3626=DIRECTION('center_axis',(0.,-1.,0.));
#3627=DIRECTION('ref_axis',(1.,0.,0.));
#3628=DIRECTION('',(0.,-1.,0.));
#3629=DIRECTION('center_axis',(0.,-1.,0.));
#3630=DIRECTION('ref_axis',(1.,0.,0.));
#3631=DIRECTION('center_axis',(0.,1.,0.));
#3632=DIRECTION('ref_axis',(0.,0.,1.));
#3633=DIRECTION('center_axis',(0.,-1.,0.));
#3634=DIRECTION('ref_axis',(1.,0.,0.));
#3635=DIRECTION('center_axis',(0.,-1.,0.));
#3636=DIRECTION('ref_axis',(1.,0.,0.));
#3637=DIRECTION('',(0.,-1.,0.));
#3638=DIRECTION('center_axis',(0.,-1.,0.));
#3639=DIRECTION('ref_axis',(1.,0.,0.));
#3640=DIRECTION('center_axis',(0.,1.,0.));
#3641=DIRECTION('ref_axis',(0.,0.,1.));
#3642=DIRECTION('center_axis',(0.,-1.,0.));
#3643=DIRECTION('ref_axis',(1.,0.,0.));
#3644=DIRECTION('center_axis',(0.,-1.,0.));
#3645=DIRECTION('ref_axis',(1.,0.,0.));
#3646=DIRECTION('',(0.,-1.,0.));
#3647=DIRECTION('center_axis',(0.,-1.,0.));
#3648=DIRECTION('ref_axis',(1.,0.,0.));
#3649=DIRECTION('center_axis',(0.,1.,0.));
#3650=DIRECTION('ref_axis',(0.,0.,1.));
#3651=DIRECTION('center_axis',(0.,-1.,0.));
#3652=DIRECTION('ref_axis',(1.,0.,0.));
#3653=DIRECTION('center_axis',(0.,-1.,0.));
#3654=DIRECTION('ref_axis',(1.,0.,0.));
#3655=DIRECTION('',(0.,-1.,0.));
#3656=DIRECTION('center_axis',(0.,-1.,0.));
#3657=DIRECTION('ref_axis',(1.,0.,0.));
#3658=DIRECTION('center_axis',(0.,1.,0.));
#3659=DIRECTION('ref_axis',(0.,0.,1.));
#3660=DIRECTION('center_axis',(0.,-1.,0.));
#3661=DIRECTION('ref_axis',(1.,0.,0.));
#3662=DIRECTION('center_axis',(0.,-1.,0.));
#3663=DIRECTION('ref_axis',(1.,0.,0.));
#3664=DIRECTION('',(0.,-1.,0.));
#3665=DIRECTION('center_axis',(0.,-1.,0.));
#3666=DIRECTION('ref_axis',(1.,0.,0.));
#3667=DIRECTION('center_axis',(0.,1.,0.));
#3668=DIRECTION('ref_axis',(0.,0.,1.));
#3669=DIRECTION('center_axis',(0.,-1.,0.));
#3670=DIRECTION('ref_axis',(1.,0.,0.));
#3671=DIRECTION('center_axis',(0.,-1.,0.));
#3672=DIRECTION('ref_axis',(1.,0.,0.));
#3673=DIRECTION('',(0.,-1.,0.));
#3674=DIRECTION('center_axis',(0.,-1.,0.));
#3675=DIRECTION('ref_axis',(1.,0.,0.));
#3676=DIRECTION('center_axis',(0.,1.,0.));
#3677=DIRECTION('ref_axis',(0.,0.,1.));
#3678=DIRECTION('center_axis',(0.,-1.,0.));
#3679=DIRECTION('ref_axis',(1.,0.,0.));
#3680=DIRECTION('center_axis',(0.,-1.,0.));
#3681=DIRECTION('ref_axis',(1.,0.,0.));
#3682=DIRECTION('',(0.,-1.,0.));
#3683=DIRECTION('center_axis',(0.,-1.,0.));
#3684=DIRECTION('ref_axis',(1.,0.,0.));
#3685=DIRECTION('center_axis',(0.,1.,0.));
#3686=DIRECTION('ref_axis',(0.,0.,1.));
#3687=DIRECTION('center_axis',(0.,-1.,0.));
#3688=DIRECTION('ref_axis',(1.,0.,0.));
#3689=DIRECTION('center_axis',(0.,-1.,0.));
#3690=DIRECTION('ref_axis',(1.,0.,0.));
#3691=DIRECTION('',(0.,-1.,0.));
#3692=DIRECTION('center_axis',(0.,-1.,0.));
#3693=DIRECTION('ref_axis',(1.,0.,0.));
#3694=DIRECTION('center_axis',(0.,1.,0.));
#3695=DIRECTION('ref_axis',(0.,0.,1.));
#3696=DIRECTION('center_axis',(0.,-1.,0.));
#3697=DIRECTION('ref_axis',(1.,0.,0.));
#3698=DIRECTION('center_axis',(0.,-1.,0.));
#3699=DIRECTION('ref_axis',(1.,0.,0.));
#3700=DIRECTION('',(0.,-1.,0.));
#3701=DIRECTION('center_axis',(0.,-1.,0.));
#3702=DIRECTION('ref_axis',(1.,0.,0.));
#3703=DIRECTION('center_axis',(0.,1.,0.));
#3704=DIRECTION('ref_axis',(0.,0.,1.));
#3705=DIRECTION('center_axis',(0.,-1.,0.));
#3706=DIRECTION('ref_axis',(1.,0.,0.));
#3707=DIRECTION('center_axis',(0.,-1.,0.));
#3708=DIRECTION('ref_axis',(1.,0.,0.));
#3709=DIRECTION('',(0.,-1.,0.));
#3710=DIRECTION('center_axis',(0.,-1.,0.));
#3711=DIRECTION('ref_axis',(1.,0.,0.));
#3712=DIRECTION('center_axis',(0.,1.,0.));
#3713=DIRECTION('ref_axis',(0.,0.,1.));
#3714=DIRECTION('center_axis',(0.,-1.,0.));
#3715=DIRECTION('ref_axis',(1.,0.,0.));
#3716=DIRECTION('center_axis',(0.,-1.,0.));
#3717=DIRECTION('ref_axis',(1.,0.,0.));
#3718=DIRECTION('',(0.,-1.,0.));
#3719=DIRECTION('center_axis',(0.,-1.,0.));
#3720=DIRECTION('ref_axis',(1.,0.,0.));
#3721=DIRECTION('center_axis',(0.,1.,0.));
#3722=DIRECTION('ref_axis',(0.,0.,1.));
#3723=DIRECTION('center_axis',(0.,-1.,0.));
#3724=DIRECTION('ref_axis',(1.,0.,0.));
#3725=DIRECTION('center_axis',(0.,-1.,0.));
#3726=DIRECTION('ref_axis',(1.,0.,0.));
#3727=DIRECTION('',(0.,-1.,0.));
#3728=DIRECTION('center_axis',(0.,-1.,0.));
#3729=DIRECTION('ref_axis',(1.,0.,0.));
#3730=DIRECTION('center_axis',(0.,1.,0.));
#3731=DIRECTION('ref_axis',(0.,0.,1.));
#3732=DIRECTION('center_axis',(0.,-1.,0.));
#3733=DIRECTION('ref_axis',(1.,0.,0.));
#3734=DIRECTION('center_axis',(0.,-1.,0.));
#3735=DIRECTION('ref_axis',(1.,0.,0.));
#3736=DIRECTION('',(0.,-1.,0.));
#3737=DIRECTION('center_axis',(0.,-1.,0.));
#3738=DIRECTION('ref_axis',(1.,0.,0.));
#3739=DIRECTION('center_axis',(0.,1.,0.));
#3740=DIRECTION('ref_axis',(0.,0.,1.));
#3741=DIRECTION('center_axis',(0.,-1.,0.));
#3742=DIRECTION('ref_axis',(1.,0.,0.));
#3743=DIRECTION('center_axis',(0.,-1.,0.));
#3744=DIRECTION('ref_axis',(1.,0.,0.));
#3745=DIRECTION('',(0.,-1.,0.));
#3746=DIRECTION('center_axis',(0.,-1.,0.));
#3747=DIRECTION('ref_axis',(1.,0.,0.));
#3748=DIRECTION('center_axis',(0.,1.,0.));
#3749=DIRECTION('ref_axis',(0.,0.,1.));
#3750=DIRECTION('center_axis',(0.,-1.,0.));
#3751=DIRECTION('ref_axis',(1.,0.,0.));
#3752=DIRECTION('center_axis',(0.,-1.,0.));
#3753=DIRECTION('ref_axis',(1.,0.,0.));
#3754=DIRECTION('',(0.,-1.,0.));
#3755=DIRECTION('center_axis',(0.,-1.,0.));
#3756=DIRECTION('ref_axis',(1.,0.,0.));
#3757=DIRECTION('center_axis',(0.,1.,0.));
#3758=DIRECTION('ref_axis',(0.,0.,1.));
#3759=DIRECTION('center_axis',(0.,-1.,0.));
#3760=DIRECTION('ref_axis',(1.,0.,0.));
#3761=DIRECTION('center_axis',(0.,-1.,0.));
#3762=DIRECTION('ref_axis',(1.,0.,0.));
#3763=DIRECTION('',(0.,-1.,0.));
#3764=DIRECTION('center_axis',(0.,-1.,0.));
#3765=DIRECTION('ref_axis',(1.,0.,0.));
#3766=DIRECTION('center_axis',(0.,1.,0.));
#3767=DIRECTION('ref_axis',(0.,0.,1.));
#3768=DIRECTION('center_axis',(0.,-1.,0.));
#3769=DIRECTION('ref_axis',(1.,0.,0.));
#3770=DIRECTION('center_axis',(0.,-1.,0.));
#3771=DIRECTION('ref_axis',(1.,0.,0.));
#3772=DIRECTION('',(0.,-1.,0.));
#3773=DIRECTION('center_axis',(0.,-1.,0.));
#3774=DIRECTION('ref_axis',(1.,0.,0.));
#3775=DIRECTION('center_axis',(0.,1.,0.));
#3776=DIRECTION('ref_axis',(0.,0.,1.));
#3777=DIRECTION('center_axis',(0.,-1.,0.));
#3778=DIRECTION('ref_axis',(1.,0.,0.));
#3779=DIRECTION('center_axis',(0.,-1.,0.));
#3780=DIRECTION('ref_axis',(1.,0.,0.));
#3781=DIRECTION('',(0.,-1.,0.));
#3782=DIRECTION('center_axis',(0.,-1.,0.));
#3783=DIRECTION('ref_axis',(1.,0.,0.));
#3784=DIRECTION('center_axis',(0.,1.,0.));
#3785=DIRECTION('ref_axis',(0.,0.,1.));
#3786=DIRECTION('center_axis',(0.,-1.,0.));
#3787=DIRECTION('ref_axis',(1.,0.,0.));
#3788=DIRECTION('center_axis',(0.,-1.,0.));
#3789=DIRECTION('ref_axis',(1.,0.,0.));
#3790=DIRECTION('',(0.,-1.,0.));
#3791=DIRECTION('center_axis',(0.,-1.,0.));
#3792=DIRECTION('ref_axis',(1.,0.,0.));
#3793=DIRECTION('center_axis',(0.,1.,0.));
#3794=DIRECTION('ref_axis',(0.,0.,1.));
#3795=DIRECTION('center_axis',(0.,-1.,0.));
#3796=DIRECTION('ref_axis',(-1.,0.,0.));
#3797=DIRECTION('',(0.,1.,0.));
#3798=DIRECTION('center_axis',(0.,-1.,0.));
#3799=DIRECTION('ref_axis',(-1.,0.,0.));
#3800=DIRECTION('center_axis',(0.,-1.,0.));
#3801=DIRECTION('ref_axis',(-1.,0.,0.));
#3802=DIRECTION('',(0.,1.,0.));
#3803=DIRECTION('center_axis',(0.,-1.,0.));
#3804=DIRECTION('ref_axis',(-1.,0.,0.));
#3805=DIRECTION('center_axis',(0.,-1.,0.));
#3806=DIRECTION('ref_axis',(-1.,0.,0.));
#3807=DIRECTION('',(0.,1.,0.));
#3808=DIRECTION('center_axis',(0.,-1.,0.));
#3809=DIRECTION('ref_axis',(-1.,0.,0.));
#3810=DIRECTION('center_axis',(0.,-1.,0.));
#3811=DIRECTION('ref_axis',(-1.,0.,0.));
#3812=DIRECTION('',(0.,1.,0.));
#3813=DIRECTION('center_axis',(0.,-1.,0.));
#3814=DIRECTION('ref_axis',(-1.,0.,0.));
#3815=DIRECTION('center_axis',(0.,-1.,0.));
#3816=DIRECTION('ref_axis',(-1.,0.,0.));
#3817=DIRECTION('',(0.,1.,0.));
#3818=DIRECTION('center_axis',(0.,-1.,0.));
#3819=DIRECTION('ref_axis',(-1.,0.,0.));
#3820=DIRECTION('center_axis',(0.,-1.,0.));
#3821=DIRECTION('ref_axis',(-1.,0.,0.));
#3822=DIRECTION('',(0.,1.,0.));
#3823=DIRECTION('center_axis',(0.,-1.,0.));
#3824=DIRECTION('ref_axis',(-1.,0.,0.));
#3825=DIRECTION('center_axis',(0.,-1.,0.));
#3826=DIRECTION('ref_axis',(-1.,0.,0.));
#3827=DIRECTION('',(0.,1.,0.));
#3828=DIRECTION('center_axis',(0.,-1.,0.));
#3829=DIRECTION('ref_axis',(-1.,0.,0.));
#3830=DIRECTION('center_axis',(0.,-1.,0.));
#3831=DIRECTION('ref_axis',(-1.,0.,0.));
#3832=DIRECTION('',(0.,1.,0.));
#3833=DIRECTION('center_axis',(0.,-1.,0.));
#3834=DIRECTION('ref_axis',(-1.,0.,0.));
#3835=DIRECTION('center_axis',(0.,-1.,0.));
#3836=DIRECTION('ref_axis',(-1.,0.,0.));
#3837=DIRECTION('',(0.,1.,0.));
#3838=DIRECTION('center_axis',(0.,-1.,0.));
#3839=DIRECTION('ref_axis',(-1.,0.,0.));
#3840=DIRECTION('center_axis',(0.,-1.,0.));
#3841=DIRECTION('ref_axis',(-1.,0.,0.));
#3842=DIRECTION('',(0.,1.,0.));
#3843=DIRECTION('center_axis',(0.,-1.,0.));
#3844=DIRECTION('ref_axis',(-1.,0.,0.));
#3845=DIRECTION('center_axis',(0.,-1.,0.));
#3846=DIRECTION('ref_axis',(-1.,0.,0.));
#3847=DIRECTION('',(0.,1.,0.));
#3848=DIRECTION('center_axis',(0.,-1.,0.));
#3849=DIRECTION('ref_axis',(-1.,0.,0.));
#3850=DIRECTION('center_axis',(0.,-1.,0.));
#3851=DIRECTION('ref_axis',(-1.,0.,0.));
#3852=DIRECTION('',(0.,1.,0.));
#3853=DIRECTION('center_axis',(0.,-1.,0.));
#3854=DIRECTION('ref_axis',(-1.,0.,0.));
#3855=DIRECTION('center_axis',(0.,-1.,0.));
#3856=DIRECTION('ref_axis',(-1.,0.,0.));
#3857=DIRECTION('',(0.,1.,0.));
#3858=DIRECTION('center_axis',(0.,-1.,0.));
#3859=DIRECTION('ref_axis',(-1.,0.,0.));
#3860=DIRECTION('center_axis',(0.,-1.,0.));
#3861=DIRECTION('ref_axis',(-1.,0.,0.));
#3862=DIRECTION('',(0.,1.,0.));
#3863=DIRECTION('center_axis',(0.,-1.,0.));
#3864=DIRECTION('ref_axis',(-1.,0.,0.));
#3865=DIRECTION('center_axis',(0.,-1.,0.));
#3866=DIRECTION('ref_axis',(-1.,0.,0.));
#3867=DIRECTION('',(0.,1.,0.));
#3868=DIRECTION('center_axis',(0.,-1.,0.));
#3869=DIRECTION('ref_axis',(-1.,0.,0.));
#3870=DIRECTION('center_axis',(0.,-1.,0.));
#3871=DIRECTION('ref_axis',(-1.,0.,0.));
#3872=DIRECTION('',(0.,1.,0.));
#3873=DIRECTION('center_axis',(0.,-1.,0.));
#3874=DIRECTION('ref_axis',(-1.,0.,0.));
#3875=DIRECTION('center_axis',(0.,-1.,0.));
#3876=DIRECTION('ref_axis',(-1.,0.,0.));
#3877=DIRECTION('',(0.,1.,0.));
#3878=DIRECTION('center_axis',(0.,-1.,0.));
#3879=DIRECTION('ref_axis',(-1.,0.,0.));
#3880=DIRECTION('center_axis',(0.,-1.,0.));
#3881=DIRECTION('ref_axis',(-1.,0.,0.));
#3882=DIRECTION('',(0.,1.,0.));
#3883=DIRECTION('center_axis',(0.,-1.,0.));
#3884=DIRECTION('ref_axis',(-1.,0.,0.));
#3885=DIRECTION('center_axis',(1.,0.,0.));
#3886=DIRECTION('ref_axis',(0.,0.,1.));
#3887=DIRECTION('',(0.,0.,-1.));
#3888=DIRECTION('',(0.,-1.,0.));
#3889=DIRECTION('',(0.,0.,1.));
#3890=DIRECTION('',(0.,-1.,0.));
#3891=DIRECTION('center_axis',(0.,0.,-1.));
#3892=DIRECTION('ref_axis',(1.,0.,0.));
#3893=DIRECTION('',(-1.,0.,0.));
#3894=DIRECTION('',(1.,0.,0.));
#3895=DIRECTION('center_axis',(0.,0.,1.));
#3896=DIRECTION('ref_axis',(-1.,0.,0.));
#3897=DIRECTION('',(1.,0.,0.));
#3898=DIRECTION('',(-1.,0.,0.));
#3899=DIRECTION('',(0.,-1.,0.));
#3900=DIRECTION('center_axis',(-1.,0.,0.));
#3901=DIRECTION('ref_axis',(0.,0.,-1.));
#3902=DIRECTION('',(0.,0.,1.));
#3903=DIRECTION('',(0.,0.,-1.));
#3904=DIRECTION('',(0.,-1.,0.));
#3905=DIRECTION('center_axis',(0.,0.,1.));
#3906=DIRECTION('ref_axis',(-1.,0.,0.));
#3907=DIRECTION('',(1.,0.,0.));
#3908=DIRECTION('',(-1.,0.,0.));
#3909=DIRECTION('',(0.,-1.,0.));
#3910=DIRECTION('center_axis',(1.,0.,0.));
#3911=DIRECTION('ref_axis',(0.,0.,1.));
#3912=DIRECTION('',(0.,0.,-1.));
#3913=DIRECTION('',(0.,0.,1.));
#3914=DIRECTION('',(0.,-1.,0.));
#3915=DIRECTION('center_axis',(0.,0.,1.));
#3916=DIRECTION('ref_axis',(-1.,0.,0.));
#3917=DIRECTION('',(1.,0.,0.));
#3918=DIRECTION('',(-1.,0.,0.));
#3919=DIRECTION('',(0.,-1.,0.));
#3920=DIRECTION('center_axis',(-1.,0.,0.));
#3921=DIRECTION('ref_axis',(0.,0.,-1.));
#3922=DIRECTION('',(0.,0.,1.));
#3923=DIRECTION('',(0.,0.,-1.));
#3924=DIRECTION('',(0.,-1.,0.));
#3925=DIRECTION('center_axis',(0.,0.,1.));
#3926=DIRECTION('ref_axis',(-1.,0.,0.));
#3927=DIRECTION('',(1.,0.,0.));
#3928=DIRECTION('',(-1.,0.,0.));
#3929=DIRECTION('center_axis',(0.,1.,0.));
#3930=DIRECTION('ref_axis',(0.,0.,1.));
#3931=DIRECTION('center_axis',(0.,1.,0.));
#3932=DIRECTION('ref_axis',(0.,0.,1.));
#3933=CARTESIAN_POINT('',(0.,0.,0.));
#3934=CARTESIAN_POINT('Origin',(-13.729,-0.5,-5.02686614173229));
#3935=CARTESIAN_POINT('',(-13.929,-0.5,-5.02686614173229));
#3936=CARTESIAN_POINT('Origin',(-13.729,-0.5,-5.02686614173229));
#3937=CARTESIAN_POINT('',(-13.929,-0.2,-5.02686614173229));
#3938=CARTESIAN_POINT('',(-13.929,-0.5,-5.02686614173229));
#3939=CARTESIAN_POINT('Origin',(-13.729,-0.2,-5.02686614173229));
#3940=CARTESIAN_POINT('Origin',(-13.729,-0.2,-5.02686614173229));
#3941=CARTESIAN_POINT('',(-13.604,-0.2,-5.02686614173228));
#3942=CARTESIAN_POINT('Origin',(-13.729,-0.2,-5.02686614173228));
#3943=CARTESIAN_POINT('Origin',(-1.5,-0.5,-13.3433070866142));
#3944=CARTESIAN_POINT('',(-1.7,-0.5,-13.3433070866142));
#3945=CARTESIAN_POINT('Origin',(-1.5,-0.5,-13.3433070866142));
#3946=CARTESIAN_POINT('',(-1.7,-0.2,-13.3433070866142));
#3947=CARTESIAN_POINT('',(-1.7,-0.5,-13.3433070866142));
#3948=CARTESIAN_POINT('Origin',(-1.5,-0.2,-13.3433070866142));
#3949=CARTESIAN_POINT('Origin',(-1.5,-0.2,-13.3433070866142));
#3950=CARTESIAN_POINT('',(-1.375,-0.2,-13.3433070866142));
#3951=CARTESIAN_POINT('Origin',(-1.5,-0.2,-13.3433070866142));
#3952=CARTESIAN_POINT('Origin',(-1.5,-0.5,-6.175));
#3953=CARTESIAN_POINT('',(-1.7,-0.5,-6.175));
#3954=CARTESIAN_POINT('Origin',(-1.5,-0.5,-6.175));
#3955=CARTESIAN_POINT('',(-1.7,-0.2,-6.175));
#3956=CARTESIAN_POINT('',(-1.7,-0.5,-6.175));
#3957=CARTESIAN_POINT('Origin',(-1.5,-0.2,-6.175));
#3958=CARTESIAN_POINT('Origin',(-1.5,-0.2,-6.175));
#3959=CARTESIAN_POINT('',(-1.375,-0.2,-6.175));
#3960=CARTESIAN_POINT('Origin',(-1.5,-0.2,-6.175));
#3961=CARTESIAN_POINT('Origin',(-1.026238,-0.5,-21.254762));
#3962=CARTESIAN_POINT('',(-1.226238,-0.5,-21.254762));
#3963=CARTESIAN_POINT('Origin',(-1.026238,-0.5,-21.254762));
#3964=CARTESIAN_POINT('',(-1.226238,-0.2,-21.254762));
#3965=CARTESIAN_POINT('',(-1.226238,-0.5,-21.254762));
#3966=CARTESIAN_POINT('Origin',(-1.026238,-0.2,-21.254762));
#3967=CARTESIAN_POINT('Origin',(-1.026238,-0.2,-21.254762));
#3968=CARTESIAN_POINT('',(-0.901238,-0.2,-21.254762));
#3969=CARTESIAN_POINT('Origin',(-1.026238,-0.2,-21.254762));
#3970=CARTESIAN_POINT('Origin',(-16.973762,-0.5,-20.307238));
#3971=CARTESIAN_POINT('',(-17.173762,-0.5,-20.307238));
#3972=CARTESIAN_POINT('Origin',(-16.973762,-0.5,-20.307238));
#3973=CARTESIAN_POINT('',(-17.173762,-0.2,-20.307238));
#3974=CARTESIAN_POINT('',(-17.173762,-0.5,-20.307238));
#3975=CARTESIAN_POINT('Origin',(-16.973762,-0.2,-20.307238));
#3976=CARTESIAN_POINT('Origin',(-16.973762,-0.2,-20.307238));
#3977=CARTESIAN_POINT('',(-16.848762,-0.2,-20.307238));
#3978=CARTESIAN_POINT('Origin',(-16.973762,-0.2,-20.307238));
#3979=CARTESIAN_POINT('Origin',(-16.5,-0.5,-21.781));
#3980=CARTESIAN_POINT('',(-16.7,-0.5,-21.781));
#3981=CARTESIAN_POINT('Origin',(-16.5,-0.5,-21.781));
#3982=CARTESIAN_POINT('',(-16.7,-0.2,-21.781));
#3983=CARTESIAN_POINT('',(-16.7,-0.5,-21.781));
#3984=CARTESIAN_POINT('Origin',(-16.5,-0.2,-21.781));
#3985=CARTESIAN_POINT('Origin',(-16.5,-0.2,-21.781));
#3986=CARTESIAN_POINT('',(-16.375,-0.2,-21.781));
#3987=CARTESIAN_POINT('Origin',(-16.5,-0.2,-21.781));
#3988=CARTESIAN_POINT('Origin',(-1.5,-0.5,-19.13014));
#3989=CARTESIAN_POINT('',(-1.7,-0.5,-19.13014));
#3990=CARTESIAN_POINT('Origin',(-1.5,-0.5,-19.13014));
#3991=CARTESIAN_POINT('',(-1.7,-0.2,-19.13014));
#3992=CARTESIAN_POINT('',(-1.7,-0.5,-19.13014));
#3993=CARTESIAN_POINT('Origin',(-1.5,-0.2,-19.13014));
#3994=CARTESIAN_POINT('Origin',(-1.5,-0.2,-19.13014));
#3995=CARTESIAN_POINT('',(-1.375,-0.2,-19.13014));
#3996=CARTESIAN_POINT('Origin',(-1.5,-0.2,-19.13014));
#3997=CARTESIAN_POINT('Origin',(-1.5,-0.5,-6.84));
#3998=CARTESIAN_POINT('',(-1.7,-0.5,-6.84));
#3999=CARTESIAN_POINT('Origin',(-1.5,-0.5,-6.84));
#4000=CARTESIAN_POINT('',(-1.7,-0.2,-6.84));
#4001=CARTESIAN_POINT('',(-1.7,-0.5,-6.84));
#4002=CARTESIAN_POINT('Origin',(-1.5,-0.2,-6.84));
#4003=CARTESIAN_POINT('Origin',(-1.5,-0.2,-6.84));
#4004=CARTESIAN_POINT('',(-1.375,-0.2,-6.84));
#4005=CARTESIAN_POINT('Origin',(-1.5,-0.2,-6.84));
#4006=CARTESIAN_POINT('Origin',(-12.979,-0.5,-20.781));
#4007=CARTESIAN_POINT('',(-13.179,-0.5,-20.781));
#4008=CARTESIAN_POINT('Origin',(-12.979,-0.5,-20.781));
#4009=CARTESIAN_POINT('',(-13.179,-0.2,-20.781));
#4010=CARTESIAN_POINT('',(-13.179,-0.5,-20.781));
#4011=CARTESIAN_POINT('Origin',(-12.979,-0.2,-20.781));
#4012=CARTESIAN_POINT('Origin',(-12.979,-0.2,-20.781));
#4013=CARTESIAN_POINT('',(-12.854,-0.2,-20.781));
#4014=CARTESIAN_POINT('Origin',(-12.979,-0.2,-20.781));
#4015=CARTESIAN_POINT('Origin',(-13.729,-0.5,-5.74304724409449));
#4016=CARTESIAN_POINT('',(-13.929,-0.5,-5.74304724409449));
#4017=CARTESIAN_POINT('Origin',(-13.729,-0.5,-5.74304724409449));
#4018=CARTESIAN_POINT('',(-13.929,-0.2,-5.74304724409449));
#4019=CARTESIAN_POINT('',(-13.929,-0.5,-5.74304724409449));
#4020=CARTESIAN_POINT('Origin',(-13.729,-0.2,-5.74304724409449));
#4021=CARTESIAN_POINT('Origin',(-13.729,-0.2,-5.74304724409449));
#4022=CARTESIAN_POINT('',(-13.854,-0.2,-5.74304724409449));
#4023=CARTESIAN_POINT('Origin',(-13.729,-0.2,-5.74304724409449));
#4024=CARTESIAN_POINT('Origin',(-13.729,-0.5,1.33962992125984));
#4025=CARTESIAN_POINT('',(-13.929,-0.5,1.33962992125984));
#4026=CARTESIAN_POINT('Origin',(-13.729,-0.5,1.33962992125984));
#4027=CARTESIAN_POINT('',(-13.929,-0.2,1.33962992125984));
#4028=CARTESIAN_POINT('',(-13.929,-0.5,1.33962992125984));
#4029=CARTESIAN_POINT('Origin',(-13.729,-0.2,1.33962992125984));
#4030=CARTESIAN_POINT('Origin',(-13.729,-0.2,1.33962992125984));
#4031=CARTESIAN_POINT('',(-13.854,-0.2,1.33962992125984));
#4032=CARTESIAN_POINT('Origin',(-13.729,-0.2,1.33962992125984));
#4033=CARTESIAN_POINT('Origin',(-1.5,-0.5,-0.5));
#4034=CARTESIAN_POINT('',(-1.7,-0.5,-0.5));
#4035=CARTESIAN_POINT('Origin',(-1.5,-0.5,-0.5));
#4036=CARTESIAN_POINT('',(-1.7,-0.2,-0.5));
#4037=CARTESIAN_POINT('',(-1.7,-0.5,-0.5));
#4038=CARTESIAN_POINT('Origin',(-1.5,-0.2,-0.5));
#4039=CARTESIAN_POINT('Origin',(-1.5,-0.2,-0.5));
#4040=CARTESIAN_POINT('',(-1.375,-0.2,-0.5));
#4041=CARTESIAN_POINT('Origin',(-1.5,-0.2,-0.5));
#4042=CARTESIAN_POINT('Origin',(-1.5,-0.5,-9.6));
#4043=CARTESIAN_POINT('',(-1.7,-0.5,-9.6));
#4044=CARTESIAN_POINT('Origin',(-1.5,-0.5,-9.6));
#4045=CARTESIAN_POINT('',(-1.7,-0.2,-9.6));
#4046=CARTESIAN_POINT('',(-1.7,-0.5,-9.6));
#4047=CARTESIAN_POINT('Origin',(-1.5,-0.2,-9.6));
#4048=CARTESIAN_POINT('Origin',(-1.5,-0.2,-9.6));
#4049=CARTESIAN_POINT('',(-1.375,-0.2,-9.6));
#4050=CARTESIAN_POINT('Origin',(-1.5,-0.2,-9.6));
#4051=CARTESIAN_POINT('Origin',(-3.5,-0.5,-19.281));
#4052=CARTESIAN_POINT('',(-3.7,-0.5,-19.281));
#4053=CARTESIAN_POINT('Origin',(-3.5,-0.5,-19.281));
#4054=CARTESIAN_POINT('',(-3.7,-0.2,-19.281));
#4055=CARTESIAN_POINT('',(-3.7,-0.5,-19.281));
#4056=CARTESIAN_POINT('Origin',(-3.5,-0.2,-19.281));
#4057=CARTESIAN_POINT('Origin',(-3.5,-0.2,-19.281));
#4058=CARTESIAN_POINT('',(-3.375,-0.2,-19.281));
#4059=CARTESIAN_POINT('Origin',(-3.5,-0.2,-19.281));
#4060=CARTESIAN_POINT('Origin',(-19.4751,-0.5,-20.781));
#4061=CARTESIAN_POINT('',(-19.6751,-0.5,-20.781));
#4062=CARTESIAN_POINT('Origin',(-19.4751,-0.5,-20.781));
#4063=CARTESIAN_POINT('',(-19.6751,-0.2,-20.781));
#4064=CARTESIAN_POINT('',(-19.6751,-0.5,-20.781));
#4065=CARTESIAN_POINT('Origin',(-19.4751,-0.2,-20.781));
#4066=CARTESIAN_POINT('Origin',(-19.4751,-0.2,-20.781));
#4067=CARTESIAN_POINT('',(-19.3501,-0.2,-20.781));
#4068=CARTESIAN_POINT('Origin',(-19.4751,-0.2,-20.781));
#4069=CARTESIAN_POINT('Origin',(-10.479,-0.5,-20.781));
#4070=CARTESIAN_POINT('',(-10.679,-0.5,-20.781));
#4071=CARTESIAN_POINT('Origin',(-10.479,-0.5,-20.781));
#4072=CARTESIAN_POINT('',(-10.679,-0.2,-20.781));
#4073=CARTESIAN_POINT('',(-10.679,-0.5,-20.781));
#4074=CARTESIAN_POINT('Origin',(-10.479,-0.2,-20.781));
#4075=CARTESIAN_POINT('Origin',(-10.479,-0.2,-20.781));
#4076=CARTESIAN_POINT('',(-10.354,-0.2,-20.781));
#4077=CARTESIAN_POINT('Origin',(-10.479,-0.2,-20.781));
#4078=CARTESIAN_POINT('Origin',(-1.5,-0.5,-16.704));
#4079=CARTESIAN_POINT('',(-1.7,-0.5,-16.704));
#4080=CARTESIAN_POINT('Origin',(-1.5,-0.5,-16.704));
#4081=CARTESIAN_POINT('',(-1.7,-0.2,-16.704));
#4082=CARTESIAN_POINT('',(-1.7,-0.5,-16.704));
#4083=CARTESIAN_POINT('Origin',(-1.5,-0.2,-16.704));
#4084=CARTESIAN_POINT('Origin',(-1.5,-0.2,-16.704));
#4085=CARTESIAN_POINT('',(-1.375,-0.2,-16.704));
#4086=CARTESIAN_POINT('Origin',(-1.5,-0.2,-16.704));
#4087=CARTESIAN_POINT('Origin',(-1.5,-0.5,-3.));
#4088=CARTESIAN_POINT('',(-1.7,-0.5,-3.));
#4089=CARTESIAN_POINT('Origin',(-1.5,-0.5,-3.));
#4090=CARTESIAN_POINT('',(-1.7,-0.2,-3.));
#4091=CARTESIAN_POINT('',(-1.7,-0.5,-3.));
#4092=CARTESIAN_POINT('Origin',(-1.5,-0.2,-3.));
#4093=CARTESIAN_POINT('Origin',(-1.5,-0.2,-3.));
#4094=CARTESIAN_POINT('',(-1.375,-0.2,-3.));
#4095=CARTESIAN_POINT('Origin',(-1.5,-0.2,-3.));
#4096=CARTESIAN_POINT('Origin',(-13.729,-0.5,1.83140157480315));
#4097=CARTESIAN_POINT('',(-13.929,-0.5,1.83140157480315));
#4098=CARTESIAN_POINT('Origin',(-13.729,-0.5,1.83140157480315));
#4099=CARTESIAN_POINT('',(-13.929,-0.2,1.83140157480315));
#4100=CARTESIAN_POINT('',(-13.929,-0.5,1.83140157480315));
#4101=CARTESIAN_POINT('Origin',(-13.729,-0.2,1.83140157480315));
#4102=CARTESIAN_POINT('Origin',(-13.729,-0.2,1.83140157480315));
#4103=CARTESIAN_POINT('',(-13.604,-0.2,1.83140157480315));
#4104=CARTESIAN_POINT('Origin',(-13.729,-0.2,1.83140157480315));
#4105=CARTESIAN_POINT('Origin',(-13.729,-0.5,-14.9239527559055));
#4106=CARTESIAN_POINT('',(-13.929,-0.5,-14.9239527559055));
#4107=CARTESIAN_POINT('Origin',(-13.729,-0.5,-14.9239527559055));
#4108=CARTESIAN_POINT('',(-13.929,-0.2,-14.9239527559055));
#4109=CARTESIAN_POINT('',(-13.929,-0.5,-14.9239527559055));
#4110=CARTESIAN_POINT('Origin',(-13.729,-0.2,-14.9239527559055));
#4111=CARTESIAN_POINT('Origin',(-13.729,-0.2,-14.9239527559055));
#4112=CARTESIAN_POINT('',(-13.604,-0.2,-14.9239527559055));
#4113=CARTESIAN_POINT('Origin',(-13.729,-0.2,-14.9239527559055));
#4114=CARTESIAN_POINT('Origin',(-13.9260078740157,0.,1.33962992125984));
#4115=CARTESIAN_POINT('',(-13.9660078740157,0.,1.33962992125984));
#4116=CARTESIAN_POINT('Origin',(-13.9260078740157,0.,1.33962992125984));
#4117=CARTESIAN_POINT('',(-13.9660078740157,-0.175,1.33962992125984));
#4118=CARTESIAN_POINT('',(-13.9660078740157,0.,1.33962992125984));
#4119=CARTESIAN_POINT('Origin',(-13.9260078740157,-0.175,1.33962992125984));
#4120=CARTESIAN_POINT('Origin',(-13.9260078740157,-0.175,1.33962992125984));
#4121=CARTESIAN_POINT('Origin',(-13.9260078740157,0.,-5.74304724409449));
#4122=CARTESIAN_POINT('',(-13.9660078740157,0.,-5.74304724409449));
#4123=CARTESIAN_POINT('Origin',(-13.9260078740157,0.,-5.74304724409449));
#4124=CARTESIAN_POINT('',(-13.9660078740157,-0.175,-5.74304724409449));
#4125=CARTESIAN_POINT('',(-13.9660078740157,0.,-5.74304724409449));
#4126=CARTESIAN_POINT('Origin',(-13.9260078740157,-0.175,-5.74304724409449));
#4127=CARTESIAN_POINT('Origin',(-13.9260078740157,-0.175,-5.74304724409449));
#4128=CARTESIAN_POINT('Origin',(-13.5319921259843,0.,1.33962992125984));
#4129=CARTESIAN_POINT('',(-13.5719921259843,0.,1.33962992125984));
#4130=CARTESIAN_POINT('Origin',(-13.5319921259843,0.,1.33962992125984));
#4131=CARTESIAN_POINT('',(-13.5719921259843,-0.175,1.33962992125984));
#4132=CARTESIAN_POINT('',(-13.5719921259843,0.,1.33962992125984));
#4133=CARTESIAN_POINT('Origin',(-13.5319921259843,-0.175,1.33962992125984));
#4134=CARTESIAN_POINT('Origin',(-13.5319921259843,-0.175,1.33962992125984));
#4135=CARTESIAN_POINT('Origin',(-13.5319921259843,0.,-5.74304724409449));
#4136=CARTESIAN_POINT('',(-13.5719921259843,0.,-5.74304724409449));
#4137=CARTESIAN_POINT('Origin',(-13.5319921259843,0.,-5.74304724409449));
#4138=CARTESIAN_POINT('',(-13.5719921259843,-0.175,-5.74304724409449));
#4139=CARTESIAN_POINT('',(-13.5719921259843,0.,-5.74304724409449));
#4140=CARTESIAN_POINT('Origin',(-13.5319921259843,-0.175,-5.74304724409449));
#4141=CARTESIAN_POINT('Origin',(-13.5319921259843,-0.175,-5.74304724409449));
#4142=CARTESIAN_POINT('Origin',(-13.729,0.,1.33962992125984));
#4143=CARTESIAN_POINT('',(-13.854,0.,1.33962992125984));
#4144=CARTESIAN_POINT('Origin',(-13.729,0.,1.33962992125984));
#4145=CARTESIAN_POINT('',(-13.854,0.,1.33962992125984));
#4146=CARTESIAN_POINT('Origin',(-13.729,0.,-5.74304724409449));
#4147=CARTESIAN_POINT('',(-13.854,0.,-5.74304724409449));
#4148=CARTESIAN_POINT('Origin',(-13.729,0.,-5.74304724409449));
#4149=CARTESIAN_POINT('',(-13.854,0.,-5.74304724409449));
#4150=CARTESIAN_POINT('Origin',(-0.5,0.,-21.5));
#4151=CARTESIAN_POINT('',(-0.7,0.,-21.5));
#4152=CARTESIAN_POINT('Origin',(-0.5,0.,-21.5));
#4153=CARTESIAN_POINT('',(-0.7,-0.3,-21.5));
#4154=CARTESIAN_POINT('',(-0.7,0.,-21.5));
#4155=CARTESIAN_POINT('Origin',(-0.5,-0.3,-21.5));
#4156=CARTESIAN_POINT('Origin',(-0.5,-0.3,-21.5));
#4157=CARTESIAN_POINT('',(-0.625,-0.3,-21.5));
#4158=CARTESIAN_POINT('Origin',(-0.5,-0.3,-21.5));
#4159=CARTESIAN_POINT('Origin',(-13.5,0.,0.499999999999996));
#4160=CARTESIAN_POINT('',(-13.7,0.,0.499999999999996));
#4161=CARTESIAN_POINT('Origin',(-13.5,0.,0.499999999999996));
#4162=CARTESIAN_POINT('',(-13.7,-0.3,0.499999999999996));
#4163=CARTESIAN_POINT('',(-13.7,0.,0.499999999999996));
#4164=CARTESIAN_POINT('Origin',(-13.5,-0.3,0.499999999999996));
#4165=CARTESIAN_POINT('Origin',(-13.5,-0.3,0.499999999999996));
#4166=CARTESIAN_POINT('',(-13.625,-0.3,0.499999999999996));
#4167=CARTESIAN_POINT('Origin',(-13.5,-0.3,0.499999999999996));
#4168=CARTESIAN_POINT('Origin',(-27.5,0.,-19.5));
#4169=CARTESIAN_POINT('',(-27.7,0.,-19.5));
#4170=CARTESIAN_POINT('Origin',(-27.5,0.,-19.5));
#4171=CARTESIAN_POINT('',(-27.7,-0.3,-19.5));
#4172=CARTESIAN_POINT('',(-27.7,0.,-19.5));
#4173=CARTESIAN_POINT('Origin',(-27.5,-0.3,-19.5));
#4174=CARTESIAN_POINT('Origin',(-27.5,-0.3,-19.5));
#4175=CARTESIAN_POINT('',(-27.625,-0.3,-19.5));
#4176=CARTESIAN_POINT('Origin',(-27.5,-0.3,-19.5));
#4177=CARTESIAN_POINT('Origin',(-4.5,0.,-19.5));
#4178=CARTESIAN_POINT('',(-4.7,0.,-19.5));
#4179=CARTESIAN_POINT('Origin',(-4.5,0.,-19.5));
#4180=CARTESIAN_POINT('',(-4.7,-0.3,-19.5));
#4181=CARTESIAN_POINT('',(-4.7,0.,-19.5));
#4182=CARTESIAN_POINT('Origin',(-4.5,-0.3,-19.5));
#4183=CARTESIAN_POINT('Origin',(-4.5,-0.3,-19.5));
#4184=CARTESIAN_POINT('',(-4.625,-0.3,-19.5));
#4185=CARTESIAN_POINT('Origin',(-4.5,-0.3,-19.5));
#4186=CARTESIAN_POINT('Origin',(-4.5,0.,-0.5));
#4187=CARTESIAN_POINT('',(-4.7,0.,-0.5));
#4188=CARTESIAN_POINT('Origin',(-4.5,0.,-0.5));
#4189=CARTESIAN_POINT('',(-4.7,-0.3,-0.5));
#4190=CARTESIAN_POINT('',(-4.7,0.,-0.5));
#4191=CARTESIAN_POINT('Origin',(-4.5,-0.3,-0.5));
#4192=CARTESIAN_POINT('Origin',(-4.5,-0.3,-0.5));
#4193=CARTESIAN_POINT('',(-4.625,-0.3,-0.5));
#4194=CARTESIAN_POINT('Origin',(-4.5,-0.3,-0.5));
#4195=CARTESIAN_POINT('Origin',(-27.5,0.,-21.5));
#4196=CARTESIAN_POINT('',(-27.7,0.,-21.5));
#4197=CARTESIAN_POINT('Origin',(-27.5,0.,-21.5));
#4198=CARTESIAN_POINT('',(-27.7,-0.3,-21.5));
#4199=CARTESIAN_POINT('',(-27.7,0.,-21.5));
#4200=CARTESIAN_POINT('Origin',(-27.5,-0.3,-21.5));
#4201=CARTESIAN_POINT('Origin',(-27.5,-0.3,-21.5));
#4202=CARTESIAN_POINT('',(-27.625,-0.3,-21.5));
#4203=CARTESIAN_POINT('Origin',(-27.5,-0.3,-21.5));
#4204=CARTESIAN_POINT('Origin',(-13.5,0.,-19.5));
#4205=CARTESIAN_POINT('',(-13.7,0.,-19.5));
#4206=CARTESIAN_POINT('Origin',(-13.5,0.,-19.5));
#4207=CARTESIAN_POINT('',(-13.7,-0.3,-19.5));
#4208=CARTESIAN_POINT('',(-13.7,0.,-19.5));
#4209=CARTESIAN_POINT('Origin',(-13.5,-0.3,-19.5));
#4210=CARTESIAN_POINT('Origin',(-13.5,-0.3,-19.5));
#4211=CARTESIAN_POINT('',(-13.625,-0.3,-19.5));
#4212=CARTESIAN_POINT('Origin',(-13.5,-0.3,-19.5));
#4213=CARTESIAN_POINT('Origin',(-0.5,0.,-0.5));
#4214=CARTESIAN_POINT('',(-0.7,0.,-0.5));
#4215=CARTESIAN_POINT('Origin',(-0.5,0.,-0.5));
#4216=CARTESIAN_POINT('',(-0.7,-0.3,-0.5));
#4217=CARTESIAN_POINT('',(-0.7,0.,-0.5));
#4218=CARTESIAN_POINT('Origin',(-0.5,-0.3,-0.5));
#4219=CARTESIAN_POINT('Origin',(-0.5,-0.3,-0.5));
#4220=CARTESIAN_POINT('',(-0.625,-0.3,-0.5));
#4221=CARTESIAN_POINT('Origin',(-0.5,-0.3,-0.5));
#4222=CARTESIAN_POINT('Origin',(-13.5,0.,-19.5));
#4223=CARTESIAN_POINT('',(-13.625,-0.5,-19.5));
#4224=CARTESIAN_POINT('',(-13.625,0.,-19.5));
#4225=CARTESIAN_POINT('Origin',(-13.5,-0.5,-19.5));
#4226=CARTESIAN_POINT('Origin',(-4.5,0.,-0.5));
#4227=CARTESIAN_POINT('',(-4.625,-0.5,-0.5));
#4228=CARTESIAN_POINT('',(-4.625,0.,-0.5));
#4229=CARTESIAN_POINT('Origin',(-4.5,-0.5,-0.5));
#4230=CARTESIAN_POINT('Origin',(-0.5,0.,-21.5));
#4231=CARTESIAN_POINT('',(-0.625,-0.5,-21.5));
#4232=CARTESIAN_POINT('',(-0.625,0.,-21.5));
#4233=CARTESIAN_POINT('Origin',(-0.5,-0.5,-21.5));
#4234=CARTESIAN_POINT('Origin',(-27.5,0.,-19.5));
#4235=CARTESIAN_POINT('',(-27.625,-0.5,-19.5));
#4236=CARTESIAN_POINT('',(-27.625,0.,-19.5));
#4237=CARTESIAN_POINT('Origin',(-27.5,-0.5,-19.5));
#4238=CARTESIAN_POINT('Origin',(-0.5,0.,-0.5));
#4239=CARTESIAN_POINT('',(-0.625,-0.5,-0.5));
#4240=CARTESIAN_POINT('',(-0.625,0.,-0.5));
#4241=CARTESIAN_POINT('Origin',(-0.5,-0.5,-0.5));
#4242=CARTESIAN_POINT('Origin',(-4.5,0.,-19.5));
#4243=CARTESIAN_POINT('',(-4.625,-0.5,-19.5));
#4244=CARTESIAN_POINT('',(-4.625,0.,-19.5));
#4245=CARTESIAN_POINT('Origin',(-4.5,-0.5,-19.5));
#4246=CARTESIAN_POINT('Origin',(-27.5,0.,-21.5));
#4247=CARTESIAN_POINT('',(-27.625,-0.5,-21.5));
#4248=CARTESIAN_POINT('',(-27.625,0.,-21.5));
#4249=CARTESIAN_POINT('Origin',(-27.5,-0.5,-21.5));
#4250=CARTESIAN_POINT('Origin',(-13.5,0.,0.499999999999996));
#4251=CARTESIAN_POINT('',(-13.625,-0.5,0.499999999999996));
#4252=CARTESIAN_POINT('',(-13.625,0.,0.499999999999996));
#4253=CARTESIAN_POINT('Origin',(-13.5,-0.5,0.499999999999996));
#4254=CARTESIAN_POINT('Origin',(-25.1739976377953,-37.1135454526192,-21.781));
#4255=CARTESIAN_POINT('',(-25.2719976377953,0.,-21.781));
#4256=CARTESIAN_POINT('Origin',(-25.1739976377953,0.,-21.781));
#4257=CARTESIAN_POINT('',(-25.2719976377953,-0.499999999999998,-21.781));
#4258=CARTESIAN_POINT('',(-25.2719976377953,-37.1135454526192,-21.781));
#4259=CARTESIAN_POINT('Origin',(-25.1739976377953,-0.499999999999998,-21.781));
#4260=CARTESIAN_POINT('Origin',(-27.1739976377953,-37.1135454526192,-19.781));
#4261=CARTESIAN_POINT('',(-27.2719976377953,0.,-19.781));
#4262=CARTESIAN_POINT('Origin',(-27.1739976377953,0.,-19.781));
#4263=CARTESIAN_POINT('',(-27.2719976377953,-0.499999999999998,-19.781));
#4264=CARTESIAN_POINT('',(-27.2719976377953,-37.1135454526192,-19.781));
#4265=CARTESIAN_POINT('Origin',(-27.1739976377953,-0.499999999999998,-19.781));
#4266=CARTESIAN_POINT('Origin',(-25.1739976377953,-37.1135454526192,-19.781));
#4267=CARTESIAN_POINT('',(-25.2719976377953,0.,-19.781));
#4268=CARTESIAN_POINT('Origin',(-25.1739976377953,0.,-19.781));
#4269=CARTESIAN_POINT('',(-25.2719976377953,-0.499999999999998,-19.781));
#4270=CARTESIAN_POINT('',(-25.2719976377953,-37.1135454526192,-19.781));
#4271=CARTESIAN_POINT('Origin',(-25.1739976377953,-0.499999999999998,-19.781));
#4272=CARTESIAN_POINT('Origin',(-27.7739976377953,0.,-19.281));
#4273=CARTESIAN_POINT('',(-27.7739976377953,0.,-22.281));
#4274=CARTESIAN_POINT('',(-27.7739976377953,0.,-19.281));
#4275=CARTESIAN_POINT('',(-27.7739976377953,0.,-22.281));
#4276=CARTESIAN_POINT('',(-27.7739976377953,-0.5,-22.281));
#4277=CARTESIAN_POINT('',(-27.7739976377953,0.,-22.281));
#4278=CARTESIAN_POINT('',(-27.7739976377953,-0.5,-19.281));
#4279=CARTESIAN_POINT('',(-27.7739976377953,-0.5,-22.281));
#4280=CARTESIAN_POINT('',(-27.7739976377953,0.,-19.281));
#4281=CARTESIAN_POINT('Origin',(-13.9260078740157,0.,-5.02686614173228));
#4282=CARTESIAN_POINT('',(-13.9660078740157,0.,-5.02686614173228));
#4283=CARTESIAN_POINT('Origin',(-13.9260078740157,0.,-5.02686614173228));
#4284=CARTESIAN_POINT('',(-13.9660078740157,-0.175,-5.02686614173228));
#4285=CARTESIAN_POINT('',(-13.9660078740157,0.,-5.02686614173228));
#4286=CARTESIAN_POINT('Origin',(-13.9260078740157,-0.175,-5.02686614173228));
#4287=CARTESIAN_POINT('Origin',(-13.9260078740157,-0.175,-5.02686614173228));
#4288=CARTESIAN_POINT('Origin',(-13.5319921259842,0.,1.83140157480315));
#4289=CARTESIAN_POINT('',(-13.5719921259842,0.,1.83140157480315));
#4290=CARTESIAN_POINT('Origin',(-13.5319921259842,0.,1.83140157480315));
#4291=CARTESIAN_POINT('',(-13.5719921259842,-0.175,1.83140157480315));
#4292=CARTESIAN_POINT('',(-13.5719921259842,0.,1.83140157480315));
#4293=CARTESIAN_POINT('Origin',(-13.5319921259842,-0.175,1.83140157480315));
#4294=CARTESIAN_POINT('Origin',(-13.5319921259842,-0.175,1.83140157480315));
#4295=CARTESIAN_POINT('Origin',(-13.5319921259842,0.,-14.9239527559055));
#4296=CARTESIAN_POINT('',(-13.5719921259842,0.,-14.9239527559055));
#4297=CARTESIAN_POINT('Origin',(-13.5319921259842,0.,-14.9239527559055));
#4298=CARTESIAN_POINT('',(-13.5719921259842,-0.175,-14.9239527559055));
#4299=CARTESIAN_POINT('',(-13.5719921259842,0.,-14.9239527559055));
#4300=CARTESIAN_POINT('Origin',(-13.5319921259842,-0.175,-14.9239527559055));
#4301=CARTESIAN_POINT('Origin',(-13.5319921259842,-0.175,-14.9239527559055));
#4302=CARTESIAN_POINT('Origin',(-13.5319921259842,0.,-5.02686614173228));
#4303=CARTESIAN_POINT('',(-13.5719921259842,0.,-5.02686614173228));
#4304=CARTESIAN_POINT('Origin',(-13.5319921259842,0.,-5.02686614173228));
#4305=CARTESIAN_POINT('',(-13.5719921259842,-0.175,-5.02686614173228));
#4306=CARTESIAN_POINT('',(-13.5719921259842,0.,-5.02686614173228));
#4307=CARTESIAN_POINT('Origin',(-13.5319921259842,-0.175,-5.02686614173228));
#4308=CARTESIAN_POINT('Origin',(-13.5319921259842,-0.175,-5.02686614173228));
#4309=CARTESIAN_POINT('Origin',(-13.9260078740157,0.,1.83140157480315));
#4310=CARTESIAN_POINT('',(-13.9660078740157,0.,1.83140157480315));
#4311=CARTESIAN_POINT('Origin',(-13.9260078740157,0.,1.83140157480315));
#4312=CARTESIAN_POINT('',(-13.9660078740157,-0.175,1.83140157480315));
#4313=CARTESIAN_POINT('',(-13.9660078740157,0.,1.83140157480315));
#4314=CARTESIAN_POINT('Origin',(-13.9260078740157,-0.175,1.83140157480315));
#4315=CARTESIAN_POINT('Origin',(-13.9260078740157,-0.175,1.83140157480315));
#4316=CARTESIAN_POINT('Origin',(-13.9260078740157,0.,-14.9239527559055));
#4317=CARTESIAN_POINT('',(-13.9660078740157,0.,-14.9239527559055));
#4318=CARTESIAN_POINT('Origin',(-13.9260078740157,0.,-14.9239527559055));
#4319=CARTESIAN_POINT('',(-13.9660078740157,-0.175,-14.9239527559055));
#4320=CARTESIAN_POINT('',(-13.9660078740157,0.,-14.9239527559055));
#4321=CARTESIAN_POINT('Origin',(-13.9260078740157,-0.175,-14.9239527559055));
#4322=CARTESIAN_POINT('Origin',(-13.9260078740157,-0.175,-14.9239527559055));
#4323=CARTESIAN_POINT('Origin',(-1.69700787401575,0.,-13.3433070866142));
#4324=CARTESIAN_POINT('',(-1.73700787401575,0.,-13.3433070866142));
#4325=CARTESIAN_POINT('Origin',(-1.69700787401575,0.,-13.3433070866142));
#4326=CARTESIAN_POINT('',(-1.73700787401575,-0.175,-13.3433070866142));
#4327=CARTESIAN_POINT('',(-1.73700787401575,0.,-13.3433070866142));
#4328=CARTESIAN_POINT('Origin',(-1.69700787401575,-0.175,-13.3433070866142));
#4329=CARTESIAN_POINT('Origin',(-1.69700787401575,-0.175,-13.3433070866142));
#4330=CARTESIAN_POINT('Origin',(-10.479,0.,-20.5839921259843));
#4331=CARTESIAN_POINT('',(-10.519,0.,-20.5839921259843));
#4332=CARTESIAN_POINT('Origin',(-10.479,0.,-20.5839921259843));
#4333=CARTESIAN_POINT('',(-10.519,-0.175,-20.5839921259843));
#4334=CARTESIAN_POINT('',(-10.519,0.,-20.5839921259843));
#4335=CARTESIAN_POINT('Origin',(-10.479,-0.175,-20.5839921259843));
#4336=CARTESIAN_POINT('Origin',(-10.479,-0.175,-20.5839921259843));
#4337=CARTESIAN_POINT('Origin',(-16.6970078740157,0.,-21.781));
#4338=CARTESIAN_POINT('',(-16.7370078740157,0.,-21.781));
#4339=CARTESIAN_POINT('Origin',(-16.6970078740157,0.,-21.781));
#4340=CARTESIAN_POINT('',(-16.7370078740157,-0.175,-21.781));
#4341=CARTESIAN_POINT('',(-16.7370078740157,0.,-21.781));
#4342=CARTESIAN_POINT('Origin',(-16.6970078740157,-0.175,-21.781));
#4343=CARTESIAN_POINT('Origin',(-16.6970078740157,-0.175,-21.781));
#4344=CARTESIAN_POINT('Origin',(-1.30299212598425,0.,-0.5));
#4345=CARTESIAN_POINT('',(-1.34299212598425,0.,-0.5));
#4346=CARTESIAN_POINT('Origin',(-1.30299212598425,0.,-0.5));
#4347=CARTESIAN_POINT('',(-1.34299212598425,-0.175,-0.5));
#4348=CARTESIAN_POINT('',(-1.34299212598425,0.,-0.5));
#4349=CARTESIAN_POINT('Origin',(-1.30299212598425,-0.175,-0.5));
#4350=CARTESIAN_POINT('Origin',(-1.30299212598425,-0.175,-0.5));
#4351=CARTESIAN_POINT('Origin',(-1.69700787401575,0.,-6.175));
#4352=CARTESIAN_POINT('',(-1.73700787401575,0.,-6.175));
#4353=CARTESIAN_POINT('Origin',(-1.69700787401575,0.,-6.175));
#4354=CARTESIAN_POINT('',(-1.73700787401575,-0.175,-6.175));
#4355=CARTESIAN_POINT('',(-1.73700787401575,0.,-6.175));
#4356=CARTESIAN_POINT('Origin',(-1.69700787401575,-0.175,-6.175));
#4357=CARTESIAN_POINT('Origin',(-1.69700787401575,-0.175,-6.175));
#4358=CARTESIAN_POINT('Origin',(-1.69700787401575,0.,-9.6));
#4359=CARTESIAN_POINT('',(-1.73700787401575,0.,-9.6));
#4360=CARTESIAN_POINT('Origin',(-1.69700787401575,0.,-9.6));
#4361=CARTESIAN_POINT('',(-1.73700787401575,-0.175,-9.6));
#4362=CARTESIAN_POINT('',(-1.73700787401575,0.,-9.6));
#4363=CARTESIAN_POINT('Origin',(-1.69700787401575,-0.175,-9.6));
#4364=CARTESIAN_POINT('Origin',(-1.69700787401575,-0.175,-9.6));
#4365=CARTESIAN_POINT('Origin',(-1.30299212598425,0.,-19.13014));
#4366=CARTESIAN_POINT('',(-1.34299212598425,0.,-19.13014));
#4367=CARTESIAN_POINT('Origin',(-1.30299212598425,0.,-19.13014));
#4368=CARTESIAN_POINT('',(-1.34299212598425,-0.175,-19.13014));
#4369=CARTESIAN_POINT('',(-1.34299212598425,0.,-19.13014));
#4370=CARTESIAN_POINT('Origin',(-1.30299212598425,-0.175,-19.13014));
#4371=CARTESIAN_POINT('Origin',(-1.30299212598425,-0.175,-19.13014));
#4372=CARTESIAN_POINT('Origin',(-3.30299212598425,0.,-19.281));
#4373=CARTESIAN_POINT('',(-3.34299212598425,0.,-19.281));
#4374=CARTESIAN_POINT('Origin',(-3.30299212598425,0.,-19.281));
#4375=CARTESIAN_POINT('',(-3.34299212598425,-0.175,-19.281));
#4376=CARTESIAN_POINT('',(-3.34299212598425,0.,-19.281));
#4377=CARTESIAN_POINT('Origin',(-3.30299212598425,-0.175,-19.281));
#4378=CARTESIAN_POINT('Origin',(-3.30299212598425,-0.175,-19.281));
#4379=CARTESIAN_POINT('Origin',(-1.30299212598425,0.,-16.704));
#4380=CARTESIAN_POINT('',(-1.34299212598425,0.,-16.704));
#4381=CARTESIAN_POINT('Origin',(-1.30299212598425,0.,-16.704));
#4382=CARTESIAN_POINT('',(-1.34299212598425,-0.175,-16.704));
#4383=CARTESIAN_POINT('',(-1.34299212598425,0.,-16.704));
#4384=CARTESIAN_POINT('Origin',(-1.30299212598425,-0.175,-16.704));
#4385=CARTESIAN_POINT('Origin',(-1.30299212598425,-0.175,-16.704));
#4386=CARTESIAN_POINT('Origin',(-1.30299212598425,0.,-6.84));
#4387=CARTESIAN_POINT('',(-1.34299212598425,0.,-6.84));
#4388=CARTESIAN_POINT('Origin',(-1.30299212598425,0.,-6.84));
#4389=CARTESIAN_POINT('',(-1.34299212598425,-0.175,-6.84));
#4390=CARTESIAN_POINT('',(-1.34299212598425,0.,-6.84));
#4391=CARTESIAN_POINT('Origin',(-1.30299212598425,-0.175,-6.84));
#4392=CARTESIAN_POINT('Origin',(-1.30299212598425,-0.175,-6.84));
#4393=CARTESIAN_POINT('Origin',(-1.30299212598425,0.,-3.));
#4394=CARTESIAN_POINT('',(-1.34299212598425,0.,-3.));
#4395=CARTESIAN_POINT('Origin',(-1.30299212598425,0.,-3.));
#4396=CARTESIAN_POINT('',(-1.34299212598425,-0.175,-3.));
#4397=CARTESIAN_POINT('',(-1.34299212598425,0.,-3.));
#4398=CARTESIAN_POINT('Origin',(-1.30299212598425,-0.175,-3.));
#4399=CARTESIAN_POINT('Origin',(-1.30299212598425,-0.175,-3.));
#4400=CARTESIAN_POINT('Origin',(-19.4751,0.,-20.9780078740157));
#4401=CARTESIAN_POINT('',(-19.5151,0.,-20.9780078740157));
#4402=CARTESIAN_POINT('Origin',(-19.4751,0.,-20.9780078740157));
#4403=CARTESIAN_POINT('',(-19.5151,-0.175,-20.9780078740157));
#4404=CARTESIAN_POINT('',(-19.5151,0.,-20.9780078740157));
#4405=CARTESIAN_POINT('Origin',(-19.4751,-0.175,-20.9780078740157));
#4406=CARTESIAN_POINT('Origin',(-19.4751,-0.175,-20.9780078740157));
#4407=CARTESIAN_POINT('Origin',(-16.8344563963363,0.,-20.1679323963363));
#4408=CARTESIAN_POINT('',(-16.8744563963363,0.,-20.1679323963363));
#4409=CARTESIAN_POINT('Origin',(-16.8344563963363,0.,-20.1679323963363));
#4410=CARTESIAN_POINT('',(-16.8744563963363,-0.175,-20.1679323963363));
#4411=CARTESIAN_POINT('',(-16.8744563963363,0.,-20.1679323963363));
#4412=CARTESIAN_POINT('Origin',(-16.8344563963363,-0.175,-20.1679323963363));
#4413=CARTESIAN_POINT('Origin',(-16.8344563963363,-0.175,-20.1679323963363));
#4414=CARTESIAN_POINT('Origin',(-0.886932396336334,0.,-21.1154563963363));
#4415=CARTESIAN_POINT('',(-0.926932396336334,0.,-21.1154563963363));
#4416=CARTESIAN_POINT('Origin',(-0.886932396336334,0.,-21.1154563963363));
#4417=CARTESIAN_POINT('',(-0.926932396336334,-0.175,-21.1154563963363));
#4418=CARTESIAN_POINT('',(-0.926932396336334,0.,-21.1154563963363));
#4419=CARTESIAN_POINT('Origin',(-0.886932396336334,-0.175,-21.1154563963363));
#4420=CARTESIAN_POINT('Origin',(-0.886932396336334,-0.175,-21.1154563963363));
#4421=CARTESIAN_POINT('Origin',(-12.979,0.,-20.9780078740157));
#4422=CARTESIAN_POINT('',(-13.019,0.,-20.9780078740157));
#4423=CARTESIAN_POINT('Origin',(-12.979,0.,-20.9780078740157));
#4424=CARTESIAN_POINT('',(-13.019,-0.175,-20.9780078740157));
#4425=CARTESIAN_POINT('',(-13.019,0.,-20.9780078740157));
#4426=CARTESIAN_POINT('Origin',(-12.979,-0.175,-20.9780078740157));
#4427=CARTESIAN_POINT('Origin',(-12.979,-0.175,-20.9780078740157));
#4428=CARTESIAN_POINT('Origin',(-1.30299212598425,0.,-13.3433070866142));
#4429=CARTESIAN_POINT('',(-1.34299212598425,0.,-13.3433070866142));
#4430=CARTESIAN_POINT('Origin',(-1.30299212598425,0.,-13.3433070866142));
#4431=CARTESIAN_POINT('',(-1.34299212598425,-0.175,-13.3433070866142));
#4432=CARTESIAN_POINT('',(-1.34299212598425,0.,-13.3433070866142));
#4433=CARTESIAN_POINT('Origin',(-1.30299212598425,-0.175,-13.3433070866142));
#4434=CARTESIAN_POINT('Origin',(-1.30299212598425,-0.175,-13.3433070866142));
#4435=CARTESIAN_POINT('Origin',(-10.479,0.,-20.9780078740157));
#4436=CARTESIAN_POINT('',(-10.519,0.,-20.9780078740157));
#4437=CARTESIAN_POINT('Origin',(-10.479,0.,-20.9780078740157));
#4438=CARTESIAN_POINT('',(-10.519,-0.175,-20.9780078740157));
#4439=CARTESIAN_POINT('',(-10.519,0.,-20.9780078740157));
#4440=CARTESIAN_POINT('Origin',(-10.479,-0.175,-20.9780078740157));
#4441=CARTESIAN_POINT('Origin',(-10.479,-0.175,-20.9780078740157));
#4442=CARTESIAN_POINT('Origin',(-16.3029921259843,0.,-21.781));
#4443=CARTESIAN_POINT('',(-16.3429921259843,0.,-21.781));
#4444=CARTESIAN_POINT('Origin',(-16.3029921259843,0.,-21.781));
#4445=CARTESIAN_POINT('',(-16.3429921259843,-0.175,-21.781));
#4446=CARTESIAN_POINT('',(-16.3429921259843,0.,-21.781));
#4447=CARTESIAN_POINT('Origin',(-16.3029921259843,-0.175,-21.781));
#4448=CARTESIAN_POINT('Origin',(-16.3029921259843,-0.175,-21.781));
#4449=CARTESIAN_POINT('Origin',(-1.69700787401575,0.,-0.5));
#4450=CARTESIAN_POINT('',(-1.73700787401575,0.,-0.5));
#4451=CARTESIAN_POINT('Origin',(-1.69700787401575,0.,-0.5));
#4452=CARTESIAN_POINT('',(-1.73700787401575,-0.175,-0.5));
#4453=CARTESIAN_POINT('',(-1.73700787401575,0.,-0.5));
#4454=CARTESIAN_POINT('Origin',(-1.69700787401575,-0.175,-0.5));
#4455=CARTESIAN_POINT('Origin',(-1.69700787401575,-0.175,-0.5));
#4456=CARTESIAN_POINT('Origin',(-1.30299212598425,0.,-6.175));
#4457=CARTESIAN_POINT('',(-1.34299212598425,0.,-6.175));
#4458=CARTESIAN_POINT('Origin',(-1.30299212598425,0.,-6.175));
#4459=CARTESIAN_POINT('',(-1.34299212598425,-0.175,-6.175));
#4460=CARTESIAN_POINT('',(-1.34299212598425,0.,-6.175));
#4461=CARTESIAN_POINT('Origin',(-1.30299212598425,-0.175,-6.175));
#4462=CARTESIAN_POINT('Origin',(-1.30299212598425,-0.175,-6.175));
#4463=CARTESIAN_POINT('Origin',(-1.30299212598425,0.,-9.6));
#4464=CARTESIAN_POINT('',(-1.34299212598425,0.,-9.6));
#4465=CARTESIAN_POINT('Origin',(-1.30299212598425,0.,-9.6));
#4466=CARTESIAN_POINT('',(-1.34299212598425,-0.175,-9.6));
#4467=CARTESIAN_POINT('',(-1.34299212598425,0.,-9.6));
#4468=CARTESIAN_POINT('Origin',(-1.30299212598425,-0.175,-9.6));
#4469=CARTESIAN_POINT('Origin',(-1.30299212598425,-0.175,-9.6));
#4470=CARTESIAN_POINT('Origin',(-1.69700787401575,0.,-19.13014));
#4471=CARTESIAN_POINT('',(-1.73700787401575,0.,-19.13014));
#4472=CARTESIAN_POINT('Origin',(-1.69700787401575,0.,-19.13014));
#4473=CARTESIAN_POINT('',(-1.73700787401575,-0.175,-19.13014));
#4474=CARTESIAN_POINT('',(-1.73700787401575,0.,-19.13014));
#4475=CARTESIAN_POINT('Origin',(-1.69700787401575,-0.175,-19.13014));
#4476=CARTESIAN_POINT('Origin',(-1.69700787401575,-0.175,-19.13014));
#4477=CARTESIAN_POINT('Origin',(-3.69700787401575,0.,-19.281));
#4478=CARTESIAN_POINT('',(-3.73700787401575,0.,-19.281));
#4479=CARTESIAN_POINT('Origin',(-3.69700787401575,0.,-19.281));
#4480=CARTESIAN_POINT('',(-3.73700787401575,-0.175,-19.281));
#4481=CARTESIAN_POINT('',(-3.73700787401575,0.,-19.281));
#4482=CARTESIAN_POINT('Origin',(-3.69700787401575,-0.175,-19.281));
#4483=CARTESIAN_POINT('Origin',(-3.69700787401575,-0.175,-19.281));
#4484=CARTESIAN_POINT('Origin',(-1.69700787401575,0.,-16.704));
#4485=CARTESIAN_POINT('',(-1.73700787401575,0.,-16.704));
#4486=CARTESIAN_POINT('Origin',(-1.69700787401575,0.,-16.704));
#4487=CARTESIAN_POINT('',(-1.73700787401575,-0.175,-16.704));
#4488=CARTESIAN_POINT('',(-1.73700787401575,0.,-16.704));
#4489=CARTESIAN_POINT('Origin',(-1.69700787401575,-0.175,-16.704));
#4490=CARTESIAN_POINT('Origin',(-1.69700787401575,-0.175,-16.704));
#4491=CARTESIAN_POINT('Origin',(-1.69700787401575,0.,-6.84));
#4492=CARTESIAN_POINT('',(-1.73700787401575,0.,-6.84));
#4493=CARTESIAN_POINT('Origin',(-1.69700787401575,0.,-6.84));
#4494=CARTESIAN_POINT('',(-1.73700787401575,-0.175,-6.84));
#4495=CARTESIAN_POINT('',(-1.73700787401575,0.,-6.84));
#4496=CARTESIAN_POINT('Origin',(-1.69700787401575,-0.175,-6.84));
#4497=CARTESIAN_POINT('Origin',(-1.69700787401575,-0.175,-6.84));
#4498=CARTESIAN_POINT('Origin',(-1.69700787401575,0.,-3.));
#4499=CARTESIAN_POINT('',(-1.73700787401575,0.,-3.));
#4500=CARTESIAN_POINT('Origin',(-1.69700787401575,0.,-3.));
#4501=CARTESIAN_POINT('',(-1.73700787401575,-0.175,-3.));
#4502=CARTESIAN_POINT('',(-1.73700787401575,0.,-3.));
#4503=CARTESIAN_POINT('Origin',(-1.69700787401575,-0.175,-3.));
#4504=CARTESIAN_POINT('Origin',(-1.69700787401575,-0.175,-3.));
#4505=CARTESIAN_POINT('Origin',(-19.4751,0.,-20.5839921259843));
#4506=CARTESIAN_POINT('',(-19.5151,0.,-20.5839921259843));
#4507=CARTESIAN_POINT('Origin',(-19.4751,0.,-20.5839921259843));
#4508=CARTESIAN_POINT('',(-19.5151,-0.175,-20.5839921259843));
#4509=CARTESIAN_POINT('',(-19.5151,0.,-20.5839921259843));
#4510=CARTESIAN_POINT('Origin',(-19.4751,-0.175,-20.5839921259843));
#4511=CARTESIAN_POINT('Origin',(-19.4751,-0.175,-20.5839921259843));
#4512=CARTESIAN_POINT('Origin',(-17.1130676036637,0.,-20.4465436036637));
#4513=CARTESIAN_POINT('',(-17.1530676036637,0.,-20.4465436036637));
#4514=CARTESIAN_POINT('Origin',(-17.1130676036637,0.,-20.4465436036637));
#4515=CARTESIAN_POINT('',(-17.1530676036637,-0.175,-20.4465436036637));
#4516=CARTESIAN_POINT('',(-17.1530676036637,0.,-20.4465436036637));
#4517=CARTESIAN_POINT('Origin',(-17.1130676036637,-0.175,-20.4465436036637));
#4518=CARTESIAN_POINT('Origin',(-17.1130676036637,-0.175,-20.4465436036637));
#4519=CARTESIAN_POINT('Origin',(-1.16554360366366,0.,-21.3940676036637));
#4520=CARTESIAN_POINT('',(-1.20554360366366,0.,-21.3940676036637));
#4521=CARTESIAN_POINT('Origin',(-1.16554360366366,0.,-21.3940676036637));
#4522=CARTESIAN_POINT('',(-1.20554360366366,-0.175,-21.3940676036637));
#4523=CARTESIAN_POINT('',(-1.20554360366366,0.,-21.3940676036637));
#4524=CARTESIAN_POINT('Origin',(-1.16554360366366,-0.175,-21.3940676036637));
#4525=CARTESIAN_POINT('Origin',(-1.16554360366366,-0.175,-21.3940676036637));
#4526=CARTESIAN_POINT('Origin',(-12.979,0.,-20.5839921259843));
#4527=CARTESIAN_POINT('',(-13.019,0.,-20.5839921259843));
#4528=CARTESIAN_POINT('Origin',(-12.979,0.,-20.5839921259843));
#4529=CARTESIAN_POINT('',(-13.019,-0.175,-20.5839921259843));
#4530=CARTESIAN_POINT('',(-13.019,0.,-20.5839921259843));
#4531=CARTESIAN_POINT('Origin',(-12.979,-0.175,-20.5839921259843));
#4532=CARTESIAN_POINT('Origin',(-12.979,-0.175,-20.5839921259843));
#4533=CARTESIAN_POINT('Origin',(-13.729,0.,-14.9239527559055));
#4534=CARTESIAN_POINT('',(-13.604,0.,-14.9239527559055));
#4535=CARTESIAN_POINT('',(-13.604,0.,-14.9239527559055));
#4536=CARTESIAN_POINT('Origin',(-13.729,0.,-14.9239527559055));
#4537=CARTESIAN_POINT('Origin',(-13.729,0.,-5.02686614173228));
#4538=CARTESIAN_POINT('',(-13.604,0.,-5.02686614173228));
#4539=CARTESIAN_POINT('',(-13.604,0.,-5.02686614173228));
#4540=CARTESIAN_POINT('Origin',(-13.729,0.,-5.02686614173228));
#4541=CARTESIAN_POINT('Origin',(-13.729,0.,1.83140157480315));
#4542=CARTESIAN_POINT('',(-13.604,0.,1.83140157480315));
#4543=CARTESIAN_POINT('',(-13.604,0.,1.83140157480315));
#4544=CARTESIAN_POINT('Origin',(-13.729,0.,1.83140157480315));
#4545=CARTESIAN_POINT('Origin',(-10.479,0.,-20.781));
#4546=CARTESIAN_POINT('',(-10.354,0.,-20.781));
#4547=CARTESIAN_POINT('',(-10.354,0.,-20.781));
#4548=CARTESIAN_POINT('Origin',(-10.479,0.,-20.781));
#4549=CARTESIAN_POINT('Origin',(-3.5,0.,-19.281));
#4550=CARTESIAN_POINT('',(-3.375,0.,-19.281));
#4551=CARTESIAN_POINT('',(-3.375,0.,-19.281));
#4552=CARTESIAN_POINT('Origin',(-3.5,0.,-19.281));
#4553=CARTESIAN_POINT('Origin',(-1.5,0.,-13.3433070866142));
#4554=CARTESIAN_POINT('',(-1.375,0.,-13.3433070866142));
#4555=CARTESIAN_POINT('',(-1.375,0.,-13.3433070866142));
#4556=CARTESIAN_POINT('Origin',(-1.5,0.,-13.3433070866142));
#4557=CARTESIAN_POINT('Origin',(-1.5,0.,-0.5));
#4558=CARTESIAN_POINT('',(-1.375,0.,-0.5));
#4559=CARTESIAN_POINT('',(-1.375,0.,-0.5));
#4560=CARTESIAN_POINT('Origin',(-1.5,0.,-0.5));
#4561=CARTESIAN_POINT('Origin',(-1.5,0.,-3.));
#4562=CARTESIAN_POINT('',(-1.375,0.,-3.));
#4563=CARTESIAN_POINT('',(-1.375,0.,-3.));
#4564=CARTESIAN_POINT('Origin',(-1.5,0.,-3.));
#4565=CARTESIAN_POINT('Origin',(-1.5,0.,-6.175));
#4566=CARTESIAN_POINT('',(-1.375,0.,-6.175));
#4567=CARTESIAN_POINT('',(-1.375,0.,-6.175));
#4568=CARTESIAN_POINT('Origin',(-1.5,0.,-6.175));
#4569=CARTESIAN_POINT('Origin',(-1.5,0.,-6.84));
#4570=CARTESIAN_POINT('',(-1.375,0.,-6.84));
#4571=CARTESIAN_POINT('',(-1.375,0.,-6.84));
#4572=CARTESIAN_POINT('Origin',(-1.5,0.,-6.84));
#4573=CARTESIAN_POINT('Origin',(-1.5,0.,-9.6));
#4574=CARTESIAN_POINT('',(-1.375,0.,-9.6));
#4575=CARTESIAN_POINT('',(-1.375,0.,-9.6));
#4576=CARTESIAN_POINT('Origin',(-1.5,0.,-9.6));
#4577=CARTESIAN_POINT('Origin',(-1.026238,0.,-21.254762));
#4578=CARTESIAN_POINT('',(-0.901238,0.,-21.254762));
#4579=CARTESIAN_POINT('',(-0.901238,0.,-21.254762));
#4580=CARTESIAN_POINT('Origin',(-1.026238,0.,-21.254762));
#4581=CARTESIAN_POINT('Origin',(-1.5,0.,-19.13014));
#4582=CARTESIAN_POINT('',(-1.375,0.,-19.13014));
#4583=CARTESIAN_POINT('',(-1.375,0.,-19.13014));
#4584=CARTESIAN_POINT('Origin',(-1.5,0.,-19.13014));
#4585=CARTESIAN_POINT('Origin',(-1.5,0.,-16.704));
#4586=CARTESIAN_POINT('',(-1.375,0.,-16.704));
#4587=CARTESIAN_POINT('',(-1.375,0.,-16.704));
#4588=CARTESIAN_POINT('Origin',(-1.5,0.,-16.704));
#4589=CARTESIAN_POINT('Origin',(-12.979,0.,-20.781));
#4590=CARTESIAN_POINT('',(-12.854,0.,-20.781));
#4591=CARTESIAN_POINT('',(-12.854,0.,-20.781));
#4592=CARTESIAN_POINT('Origin',(-12.979,0.,-20.781));
#4593=CARTESIAN_POINT('Origin',(-16.973762,0.,-20.307238));
#4594=CARTESIAN_POINT('',(-16.848762,0.,-20.307238));
#4595=CARTESIAN_POINT('',(-16.848762,0.,-20.307238));
#4596=CARTESIAN_POINT('Origin',(-16.973762,0.,-20.307238));
#4597=CARTESIAN_POINT('Origin',(-16.5,0.,-21.781));
#4598=CARTESIAN_POINT('',(-16.375,0.,-21.781));
#4599=CARTESIAN_POINT('',(-16.375,0.,-21.781));
#4600=CARTESIAN_POINT('Origin',(-16.5,0.,-21.781));
#4601=CARTESIAN_POINT('Origin',(-19.4751,0.,-20.781));
#4602=CARTESIAN_POINT('',(-19.3501,0.,-20.781));
#4603=CARTESIAN_POINT('',(-19.3501,0.,-20.781));
#4604=CARTESIAN_POINT('Origin',(-19.4751,0.,-20.781));
#4605=CARTESIAN_POINT('Origin',(0.,0.,-22.281));
#4606=CARTESIAN_POINT('',(0.,0.,0.));
#4607=CARTESIAN_POINT('',(0.,0.,-22.281));
#4608=CARTESIAN_POINT('',(0.,0.,0.));
#4609=CARTESIAN_POINT('',(0.,-0.5,0.));
#4610=CARTESIAN_POINT('',(0.,0.,0.));
#4611=CARTESIAN_POINT('',(0.,-0.5,-22.281));
#4612=CARTESIAN_POINT('',(0.,-0.5,0.));
#4613=CARTESIAN_POINT('',(0.,0.,-22.281));
#4614=CARTESIAN_POINT('Origin',(-19.9351,0.,-22.281));
#4615=CARTESIAN_POINT('',(0.,0.,-22.281));
#4616=CARTESIAN_POINT('',(0.,-0.5,-22.281));
#4617=CARTESIAN_POINT('Origin',(-15.229,0.,-19.281));
#4618=CARTESIAN_POINT('',(-15.229,0.,-19.281));
#4619=CARTESIAN_POINT('',(-19.9351,0.,-19.281));
#4620=CARTESIAN_POINT('',(-15.229,-0.5,-19.281));
#4621=CARTESIAN_POINT('',(-19.9351,-0.5,-19.281));
#4622=CARTESIAN_POINT('',(-15.229,0.,-19.281));
#4623=CARTESIAN_POINT('Origin',(-15.229,0.,2.33140157480315));
#4624=CARTESIAN_POINT('',(-15.229,0.,2.33140157480315));
#4625=CARTESIAN_POINT('',(-15.229,0.,-19.281));
#4626=CARTESIAN_POINT('',(-15.229,-0.5,2.33140157480315));
#4627=CARTESIAN_POINT('',(-15.229,-0.5,-19.281));
#4628=CARTESIAN_POINT('',(-15.229,0.,2.33140157480315));
#4629=CARTESIAN_POINT('Origin',(-12.229,0.,2.33140157480315));
#4630=CARTESIAN_POINT('',(-12.229,0.,2.33140157480315));
#4631=CARTESIAN_POINT('',(-15.229,0.,2.33140157480315));
#4632=CARTESIAN_POINT('',(-12.229,-0.5,2.33140157480315));
#4633=CARTESIAN_POINT('',(-15.229,-0.5,2.33140157480315));
#4634=CARTESIAN_POINT('',(-12.229,0.,2.33140157480315));
#4635=CARTESIAN_POINT('Origin',(-12.229,0.,-19.281));
#4636=CARTESIAN_POINT('',(-12.229,0.,-19.281));
#4637=CARTESIAN_POINT('',(-12.229,0.,2.33140157480315));
#4638=CARTESIAN_POINT('',(-12.229,-0.5,-19.281));
#4639=CARTESIAN_POINT('',(-12.229,-0.5,2.33140157480315));
#4640=CARTESIAN_POINT('',(-12.229,0.,-19.281));
#4641=CARTESIAN_POINT('Origin',(-5.,0.,-19.281));
#4642=CARTESIAN_POINT('',(-5.,0.,-19.281));
#4643=CARTESIAN_POINT('',(-19.9351,0.,-19.281));
#4644=CARTESIAN_POINT('',(-5.,-0.5,-19.281));
#4645=CARTESIAN_POINT('',(-19.9351,-0.5,-19.281));
#4646=CARTESIAN_POINT('',(-5.,0.,-19.281));
#4647=CARTESIAN_POINT('Origin',(-5.,0.,0.));
#4648=CARTESIAN_POINT('',(-5.,0.,0.));
#4649=CARTESIAN_POINT('',(-5.,0.,-37.9562136211));
#4650=CARTESIAN_POINT('',(-5.,-0.5,0.));
#4651=CARTESIAN_POINT('',(-5.,-0.5,-37.9562136211));
#4652=CARTESIAN_POINT('',(-5.,0.,0.));
#4653=CARTESIAN_POINT('Origin',(0.,0.,0.));
#4654=CARTESIAN_POINT('',(-5.,0.,0.));
#4655=CARTESIAN_POINT('',(-5.,-0.5,0.));
#4656=CARTESIAN_POINT('Origin',(-11.979,0.,-20.781));
#4657=CARTESIAN_POINT('Origin',(-11.979,-0.5,-20.781));
#4658=CARTESIAN_POINT('',(0.,0.,0.));
#4659=UNCERTAINTY_MEASURE_WITH_UNIT(LENGTH_MEASURE(0.000393700787401575),
#4665,'DISTANCE_ACCURACY_VALUE',
'Maximum model space distance between geometric entities at asserted c
onnectivities');
#4660=UNCERTAINTY_MEASURE_WITH_UNIT(LENGTH_MEASURE(0.000393700787401575),
#4665,'DISTANCE_ACCURACY_VALUE',
'Maximum model space distance between geometric entities at asserted c
onnectivities');
#4661=(
GEOMETRIC_REPRESENTATION_CONTEXT(3)
GLOBAL_UNCERTAINTY_ASSIGNED_CONTEXT((#4659))
GLOBAL_UNIT_ASSIGNED_CONTEXT((#4665,#4669,#4670))
REPRESENTATION_CONTEXT('','3D')
);
#4662=(
GEOMETRIC_REPRESENTATION_CONTEXT(3)
GLOBAL_UNCERTAINTY_ASSIGNED_CONTEXT((#4660))
GLOBAL_UNIT_ASSIGNED_CONTEXT((#4665,#4669,#4670))
REPRESENTATION_CONTEXT('','3D')
);
#4663=DIMENSIONAL_EXPONENTS(1.,0.,0.,0.,0.,0.,0.);
#4664=DIMENSIONAL_EXPONENTS(0.,1.,0.,0.,0.,0.,0.);
#4665=(
CONVERSION_BASED_UNIT('inch',#4668)
LENGTH_UNIT()
NAMED_UNIT(#4663)
);
#4666=(
LENGTH_UNIT()
NAMED_UNIT(*)
SI_UNIT(.MILLI.,.METRE.)
);
#4667=(
LENGTH_UNIT()
NAMED_UNIT(*)
SI_UNIT(.CENTI.,.METRE.)
);
#4668=LENGTH_MEASURE_WITH_UNIT(LENGTH_MEASURE(25.4),#4666);
#4669=(
NAMED_UNIT(*)
PLANE_ANGLE_UNIT()
SI_UNIT($,.RADIAN.)
);
#4670=(
NAMED_UNIT(*)
SI_UNIT($,.STERADIAN.)
SOLID_ANGLE_UNIT()
);
#4671=SHAPE_DEFINITION_REPRESENTATION(#4672,#4673);
#4672=PRODUCT_DEFINITION_SHAPE('',$,#4675);
#4673=SHAPE_REPRESENTATION('',(#2670),#4661);
#4674=PRODUCT_DEFINITION_CONTEXT('part definition',#4679,'design');
#4675=PRODUCT_DEFINITION('Atlair_Powell_SPIM_ASLM_CTASLM_Baseplate_V2',
'Atlair_Powell_SPIM_ASLM_CTASLM_Baseplate_V2',#4676,#4674);
#4676=PRODUCT_DEFINITION_FORMATION('',$,#4681);
#4677=PRODUCT_RELATED_PRODUCT_CATEGORY(
'Atlair_Powell_SPIM_ASLM_CTASLM_Baseplate_V2',
'Atlair_Powell_SPIM_ASLM_CTASLM_Baseplate_V2',(#4681));
#4678=APPLICATION_PROTOCOL_DEFINITION('international standard',
'automotive_design',2009,#4679);
#4679=APPLICATION_CONTEXT(
'Core Data for Automotive Mechanical Design Process');
#4680=PRODUCT_CONTEXT('part definition',#4679,'mechanical');
#4681=PRODUCT('Atlair_Powell_SPIM_ASLM_CTASLM_Baseplate_V2',
'Atlair_Powell_SPIM_ASLM_CTASLM_Baseplate_V2',$,(#4680));
#4682=PRESENTATION_STYLE_ASSIGNMENT((#4684));
#4683=PRESENTATION_STYLE_ASSIGNMENT((#4685));
#4684=SURFACE_STYLE_USAGE(.BOTH.,#4688);
#4685=SURFACE_STYLE_USAGE(.BOTH.,#4689);
#4686=SURFACE_STYLE_RENDERING_WITH_PROPERTIES($,#4696,(#4687));
#4687=SURFACE_STYLE_TRANSPARENT(0.);
#4688=SURFACE_SIDE_STYLE('',(#4690,#4686));
#4689=SURFACE_SIDE_STYLE('',(#4691));
#4690=SURFACE_STYLE_FILL_AREA(#4692);
#4691=SURFACE_STYLE_FILL_AREA(#4693);
#4692=FILL_AREA_STYLE('',(#4694));
#4693=FILL_AREA_STYLE('',(#4695));
#4694=FILL_AREA_STYLE_COLOUR('',#4696);
#4695=FILL_AREA_STYLE_COLOUR('',#4697);
#4696=COLOUR_RGB('',0.749019607843137,0.749019607843137,0.749019607843137);
#4697=COLOUR_RGB('',1.,1.,0.);
ENDSEC;
END-ISO-10303-21;
